model,day,split,sq,n,abs,sq_liquid,n_liquid,sq_illiquid,n_illiquid,butterfly_pct,calendar_pct
svi,4500,ctx_5,0.48167717282611316,400,11.298781944811346,0.059117227719005024,93,0.42255994510710815,307,0.0,0.0
svi,4500,ctx_10,0.4393553325163403,400,10.182102412184435,0.0674758413689868,93,0.37187949114735347,307,0.0,0.0
svi,4500,ctx_20,0.22752202365039342,400,6.09389999844649,0.05052903369189539,93,0.176992989958498,307,0.0,0.2857142857142857
svi,4500,ctx_50,0.03336757086363922,400,1.341066270634879,0.0007210620144993419,93,0.03264650884913988,307,0.0,0.9285714285714286
svi,4500,ctx_100,0.02178250631661012,400,1.056989114685385,0.003013437698633244,93,0.018769068617976874,307,0.0,0.5714285714285714
svi,4500,extrapolation,0.0915486663744689,307,3.4017763867149937,0.0,0,0.0915486663744689,307,0.0,1.5
svi,4501,ctx_5,0.5886606604477543,400,12.386822110414503,0.07313473108482285,89,0.5155259293629315,311,0.0,0.0
svi,4501,ctx_10,0.4790747568727143,400,10.380048181818633,0.04560711858083359,89,0.4334676382918807,311,0.0,0.0
svi,4501,ctx_20,0.34382263689651904,400,7.3889238303266715,0.024222045856453614,89,0.31960059104006544,311,0.0,0.0
svi,4501,ctx_50,0.06045372224496458,400,1.945973835090754,0.006422807897849369,89,0.054030914347115204,311,0.0,2.5806451612903225
svi,4501,ctx_100,0.03339258605352138,400,1.1059839926876776,0.0047250218211946264,89,0.028667564232326748,311,0.0,0.0
svi,4501,extrapolation,0.13669504164245452,311,4.369140024810354,0.0,0,0.13669504164245452,311,0.0,1.75
svi,4502,ctx_5,0.4293442986737005,400,9.978029635548593,0.04456608109068164,76,0.3847782175830189,324,0.0,0.0
svi,4502,ctx_10,0.3874288029807189,400,9.847944821417329,0.03696982442646535,76,0.35045897855425356,324,0.0,0.0
svi,4502,ctx_20,0.11195220437086875,400,3.6375186609979946,0.012984268116267662,76,0.09896793625460108,324,0.0,0.0
svi,4502,ctx_50,0.010100459155486758,400,0.8329503189344609,0.0012624105113553349,76,0.008838048644131423,324,0.0,0.15625
svi,4502,ctx_100,0.024240201726654094,400,1.1247497826716177,0.0012286484177716959,76,0.0230115533088824,324,0.0,1.25
svi,4502,extrapolation,0.19028724157584398,324,5.457322269401545,0.0,0,0.19028724157584398,324,0.0,0.0
svi,4503,ctx_5,0.22739028496294425,400,7.3480514824390415,0.024746198140812543,86,0.2026440868221317,314,0.0,0.0
svi,4503,ctx_10,0.21543015266930532,400,7.2049304589629175,0.023199194191576317,86,0.192230958477729,314,0.0,0.0
svi,4503,ctx_20,0.06996994568141815,400,3.5114754148919407,0.004786702330847781,86,0.06518324335057035,314,0.0,0.0
svi,4503,ctx_50,0.028179307266979193,400,1.310038330141603,0.005846283387380728,86,0.022333023879598464,314,0.0,0.15625
svi,4503,ctx_100,0.024662437850697598,400,1.1575155285200411,0.0029656136874732226,86,0.02169682416322438,314,0.0,0.234375
svi,4503,extrapolation,0.07625203463268569,314,2.9528570886418986,0.0,0,0.07625203463268569,314,0.0,0.0
svi,4504,ctx_5,0.22980162492956066,400,6.88759203851223,0.027891026007045565,102,0.20191059892251512,298,0.0,0.0
svi,4504,ctx_10,0.22647102076818107,400,6.825136782228947,0.02448164426111813,102,0.20198937650706295,298,0.0,0.0
svi,4504,ctx_20,0.109172332086397,400,4.412339715979411,0.016611899130287575,102,0.09256043295610943,298,0.0,0.0
svi,4504,ctx_50,0.03957765444184981,400,1.7280648393485256,0.011483049940412679,102,0.028094604501437134,298,0.0,0.3787878787878788
svi,4504,ctx_100,0.01808954580433203,400,1.0973379209908525,0.01197567960284991,102,0.00611386620148212,298,0.0,0.30303030303030304
svi,4504,extrapolation,0.043887948889938855,298,2.347178103188118,0.0,0,0.043887948889938855,298,0.0,0.0
svi,4505,ctx_5,0.2731806674281461,400,8.338650430738927,0.0335886566307389,91,0.23959201079740722,309,0.0,0.0
svi,4505,ctx_10,0.23172734378771298,400,7.462198989077021,0.023386432573632713,91,0.20834091121408027,309,0.0,0.0
svi,4505,ctx_20,0.12429460523888179,400,4.359673838619335,0.010999869667901462,91,0.11329473557098034,309,0.0,0.0
svi,4505,ctx_50,0.05826252270352096,400,2.313902304911679,0.006504285866004463,91,0.0517582368375165,309,0.0,2.9285714285714284
svi,4505,ctx_100,0.04778087758538088,400,1.7296755530261636,0.005123998674154023,91,0.04265687891122686,309,0.0,3.5714285714285716
svi,4505,extrapolation,0.027815181107604996,309,2.199212729177763,0.0,0,0.027815181107604996,309,0.0,0.35714285714285715
svi,4506,ctx_5,0.3629132755542256,400,9.96675311625004,0.04410167205009533,83,0.3188116035041303,317,0.0,0.0
svi,4506,ctx_10,0.3348092044130189,400,9.04788266196847,0.0360410211672422,83,0.2987681832457767,317,0.0,0.0
svi,4506,ctx_20,0.0842292051717535,400,3.272679395979375,0.00209048625285079,83,0.0821387189189027,317,0.0,0.0
svi,4506,ctx_50,0.051354301862075874,400,1.8131149444213102,0.01394797581871907,83,0.037406326043356794,317,0.0,0.4411764705882353
svi,4506,ctx_100,0.049709685661474656,400,1.8172096312689148,0.012012445803853971,83,0.03769723985762068,317,0.0,0.07352941176470588
svi,4506,extrapolation,0.06540497767394715,317,2.5469607402411443,0.0,0,0.06540497767394715,317,0.0,0.0
svi,4507,ctx_5,0.4343721597764915,400,10.454431656002997,0.04020161695610605,89,0.3941705428203855,311,0.0,0.0
svi,4507,ctx_10,0.32361703999560404,400,8.761454131348088,0.028496758788313606,89,0.2951202812072905,311,0.0,0.0
svi,4507,ctx_20,0.3747746623625353,400,7.204283223616072,0.01829601821035451,89,0.3564786441521808,311,0.0,0.0
svi,4507,ctx_50,0.05941109755072102,400,2.031333517637281,0.0038897359309778717,89,0.05552136161974315,311,0.0,2.6470588235294117
svi,4507,ctx_100,0.03330317804139848,400,1.2910944505448243,0.003673550916081103,89,0.029629627125317373,311,0.0,0.8088235294117647
svi,4507,extrapolation,0.059325445739140205,311,2.8175748623124597,0.0,0,0.059325445739140205,311,0.0,0.07575757575757576
svi,4508,ctx_5,0.8235500140466911,400,13.832551122456788,0.10034066706008979,95,0.7232093469866014,305,0.0,0.0
svi,4508,ctx_10,0.6213592357026592,400,12.491208682209255,0.07261547351629291,95,0.5487437621863662,305,0.0,0.0
svi,4508,ctx_20,0.056822043303760374,400,2.8854266389800203,0.004614577652172469,95,0.052207465651587896,305,0.0,1.0606060606060606
svi,4508,ctx_50,0.129054248977799,400,2.756686321191783,0.030915828333309955,95,0.09813842064448905,305,0.0,3.3333333333333335
svi,4508,ctx_100,0.07033561579582406,400,2.078796865565476,0.016662007019528156,95,0.0536736087762959,305,0.0,2.4242424242424243
svi,4508,extrapolation,0.12754332018690412,305,4.07525342304935,0.0,0,0.12754332018690412,305,0.0,3.3333333333333335
svi,4509,ctx_5,0.5199481282995773,400,11.434077306091787,0.06216793822430255,78,0.4577801900752747,322,0.0,0.0
svi,4509,ctx_10,0.44263038615347794,400,10.549546499550344,0.045894064908035305,78,0.39673632124544256,322,0.0,0.0
svi,4509,ctx_20,0.14592781347674638,400,4.606412976617161,0.017871928037589933,78,0.12805588543915647,322,0.0,0.15625
svi,4509,ctx_50,0.03420178702850993,400,1.9275860106612295,0.010209674944880384,78,0.02399211208362954,322,0.0,1.953125
svi,4509,ctx_100,0.0444391487618742,400,2.058520809293319,0.009604323804787974,78,0.03483482495708623,322,0.0,2.5
svi,4509,extrapolation,0.09092013577340788,322,3.493976603655132,0.0,0,0.09092013577340788,322,0.0,0.78125
svi,4510,ctx_5,0.13186411960503552,400,4.828418073058128,0.018477731394340394,87,0.11338638821069516,313,0.0,0.0
svi,4510,ctx_10,0.1030088751545635,400,4.484754261374474,0.011138580076567517,87,0.09187029507799599,313,0.0,0.0
svi,4510,ctx_20,0.014851993092910486,400,1.058482997573694,0.0005136042414492718,87,0.014338388851461215,313,0.0,0.0
svi,4510,ctx_50,0.03643344063364051,400,1.8041981124814135,0.003525281653921605,87,0.03290815897971891,313,0.0,0.22058823529411764
svi,4510,ctx_100,0.015499622617639715,400,1.2085436097533615,0.004257541031698849,87,0.011242081585940865,313,0.0,0.0
svi,4510,extrapolation,0.018528391672665748,313,1.4590960685209091,0.0,0,0.018528391672665748,313,0.0,0.0
svi,4511,ctx_5,0.1642713488075189,400,6.195221254229544,0.020412401503533628,81,0.14385894730398527,319,0.0,0.0
svi,4511,ctx_10,0.10203557230194661,400,4.651582723618471,0.007712332536967987,81,0.09432323976497863,319,0.0,0.0
svi,4511,ctx_20,0.12895384392369302,400,3.9794793095375818,0.01669209157992249,81,0.11226175234377056,319,0.0,0.0
svi,4511,ctx_50,0.022070334656603064,400,1.5509091270167814,0.0030104382694955203,81,0.019059896387107544,319,0.0,0.0
svi,4511,ctx_100,0.012765953480900432,400,0.7661604256248762,0.0017664009087528922,81,0.01099955257214754,319,0.0,0.0
svi,4511,extrapolation,0.18052343876746,319,4.106009500352387,0.0,0,0.18052343876746,319,0.0,0.0
svi,4512,ctx_5,0.14646902372572246,400,5.847672152519226,0.011572832031790143,89,0.13489619169393233,311,0.0,0.0
svi,4512,ctx_10,0.15139583194221579,400,5.905124406516552,0.014170000067891132,89,0.13722583187432466,311,0.0,0.0
svi,4512,ctx_20,0.07079555205194038,400,3.307346470314443,0.00424208129038282,89,0.06655347076155756,311,0.0,0.0
svi,4512,ctx_50,0.029379238711066916,400,1.5471548334060707,0.0033288347165523545,89,0.02605040399451456,311,0.0,0.0
svi,4512,ctx_100,0.016810561713064952,400,1.0425943096731825,0.001873774139989052,89,0.014936787573075901,311,0.0,0.0
svi,4512,extrapolation,0.10487803872843157,311,3.1604278745621963,0.0,0,0.10487803872843157,311,0.0,0.0
svi,4513,ctx_5,0.12989312765190958,400,5.488584432005882,0.010121398324907672,90,0.1197717293270019,310,0.0,0.0
svi,4513,ctx_10,0.12804842957247142,400,5.43505279903865,0.010446921160214511,90,0.11760150841225689,310,0.0,0.0
svi,4513,ctx_20,0.04125640526801213,400,2.2539832592236726,0.0018264473715132133,90,0.03942995789649892,310,0.0,0.0
svi,4513,ctx_50,0.02701892448969602,400,1.7255395103209805,0.002981090629313152,90,0.02403783386038287,310,0.0,0.0
svi,4513,ctx_100,0.020379679515688583,400,1.3843647702460102,0.002943696452425982,90,0.0174359830632626,310,0.0,0.0
svi,4513,extrapolation,0.03883722574282785,310,2.3370256624355368,0.0,0,0.03883722574282785,310,0.0,0.0
svi,4514,ctx_5,0.24340543450146704,400,7.200446817278862,0.016846089583957995,86,0.22655934491750906,314,0.0,0.0
svi,4514,ctx_10,0.23041955041864354,400,7.189051689952611,0.01794729818011252,86,0.21247225223853106,314,0.0,0.0
svi,4514,ctx_20,0.11050426695065674,400,3.918743713103508,0.004087094759742681,86,0.10641717219091407,314,0.0,0.0
svi,4514,ctx_50,0.02510994867245451,400,1.4786807066901004,0.0035272956035616444,86,0.02158265306889286,314,0.0,1.2878787878787878
svi,4514,ctx_100,0.014778997494080334,400,0.9565822526850924,0.0031857811872761073,86,0.011593216306804228,314,0.0,0.5303030303030303
svi,4514,extrapolation,0.048137808627427704,314,2.682812687468952,0.0,0,0.048137808627427704,314,0.0,0.22727272727272727
svi,4515,ctx_5,0.35619612097010267,400,9.578933557868003,0.03822213433442568,101,0.317973986635677,299,0.0,0.0
svi,4515,ctx_10,0.2552164386944913,400,7.4495118451363656,0.024455208982572675,101,0.2307612297119186,299,0.0,0.0
svi,4515,ctx_20,0.05950696631871106,400,2.914084835293384,0.009042141879798484,101,0.05046482443891258,299,0.0,0.0
svi,4515,ctx_50,0.02711390656841649,400,1.3725730286139217,0.00815356485201426,101,0.018960341716402235,299,0.0,0.0
svi,4515,ctx_100,0.014192644043213366,400,0.8058753492172552,0.0006497208813704947,101,0.013542923161842873,299,0.0,0.0
svi,4515,extrapolation,0.12576168957054257,299,3.754734536367349,0.0,0,0.12576168957054257,299,0.0,0.3225806451612903
svi,4516,ctx_5,0.19655816089128564,400,6.394917309284211,0.01559933834462658,77,0.18095882254665907,323,0.0,0.0
svi,4516,ctx_10,0.19112202074083395,400,6.546480348706246,0.01795865288942358,77,0.1731633678514104,323,0.0,0.0
svi,4516,ctx_20,0.09437697636920964,400,3.702219022088248,0.008526963323971558,77,0.08585001304523805,323,0.0,0.0
svi,4516,ctx_50,0.03885864252255184,400,1.3537524998204071,0.007124332950778608,77,0.031734309571773235,323,0.0,0.6428571428571429
svi,4516,ctx_100,0.030732809680097145,400,1.0740356987958237,0.004824841997875704,77,0.025907967682221446,323,0.0,0.0
svi,4516,extrapolation,0.2751257264411786,323,4.855077383838671,0.0,0,0.2751257264411786,323,0.0,2.0714285714285716
svi,4517,ctx_5,0.15352010817490805,400,5.960046708583832,0.012470113939730635,96,0.14104999423517742,304,0.0,0.0
svi,4517,ctx_10,0.1386815755451259,400,5.43367379965951,0.012327518428708942,96,0.12635405711641695,304,0.0,0.0
svi,4517,ctx_20,0.10002923122010893,400,4.04408452553634,0.01216571225771676,96,0.08786351896239217,304,0.0,0.0
svi,4517,ctx_50,0.0167901585831138,400,0.9303424576557852,0.0018329696601127195,96,0.014957188923001078,304,0.0,0.46875
svi,4517,ctx_100,0.012063141441182144,400,0.7021641096127806,0.0014190827946916138,96,0.01064405864649053,304,0.0,0.3125
svi,4517,extrapolation,0.05594666206721434,304,2.668790850367221,0.0,0,0.05594666206721434,304,0.0,0.0
svi,4518,ctx_5,0.17767666527227757,400,6.539618837833405,0.020112311940214983,78,0.15756435333206262,322,0.0,0.0
svi,4518,ctx_10,0.15610161180009505,400,5.9221749872555645,0.014295903078970546,78,0.14180570872112452,322,0.0,0.0
svi,4518,ctx_20,0.0796719439516793,400,3.6514969731982365,0.004797281750641568,78,0.07487466220103772,322,0.0,0.0
svi,4518,ctx_50,0.023648905050080285,400,1.286396535622118,0.013089572606983457,78,0.010559332443096828,322,0.0,0.0
svi,4518,ctx_100,0.015061863363657908,400,0.947484812398193,0.009601998407134065,78,0.005459864956523842,322,0.0,0.0
svi,4518,extrapolation,0.14910626857734854,322,4.155794064050468,0.0,0,0.14910626857734854,322,0.0,0.36764705882352944
svi,4519,ctx_5,0.29720931871200273,400,8.192928403615952,0.040108973856410365,94,0.25710034485559236,306,0.0,0.0
svi,4519,ctx_10,0.274068533813536,400,8.029437579214573,0.03536685396102646,94,0.23870167985250956,306,0.0,0.0
svi,4519,ctx_20,0.18285987082305621,400,5.405337065777045,0.017984510227406346,94,0.16487536059564986,306,0.0,0.9558823529411765
svi,4519,ctx_50,0.06701956968474168,400,2.4646417259890585,0.011386306758139553,94,0.055633262926602124,306,0.0,2.7205882352941178
svi,4519,ctx_100,0.026902000624321996,400,1.4955084595398371,0.008732372983494288,94,0.018169627640827708,306,0.0,0.5882352941176471
svi,4519,extrapolation,0.04854093112181841,306,2.58908925966887,0.0,0,0.04854093112181841,306,0.0,0.0
svi,4520,ctx_5,0.2655087001596681,400,7.539260107278824,0.019207848399463812,81,0.2463008517602043,319,0.0,0.0
svi,4520,ctx_10,0.22306910686435977,400,6.743920575382517,0.01367307433828416,81,0.20939603252607564,319,0.0,0.0
svi,4520,ctx_20,0.10893649085098517,400,3.9698735641495637,0.009729229293899253,81,0.09920726155708592,319,0.0,0.0
svi,4520,ctx_50,0.0487736346511736,400,1.3692992008663807,0.011561145926408061,81,0.03721248872476553,319,0.0,0.0
svi,4520,ctx_100,0.019875872644264696,400,1.0211005588705353,0.0047871215150389005,81,0.015088751129225792,319,0.0,0.5147058823529411
svi,4520,extrapolation,0.054411932349658895,319,2.5458730494997326,0.0,0,0.054411932349658895,319,0.0,0.0
svi,4521,ctx_5,0.2976779181367024,400,8.87842388153076,0.03584133408629503,81,0.26183658405040733,319,0.0,0.0
svi,4521,ctx_10,0.2493322364970821,400,7.523928429186344,0.02293676840136079,81,0.2263954680957213,319,0.0,0.0
svi,4521,ctx_20,0.1248539025749052,400,4.630444533721113,0.007559578989388583,81,0.11729432358551661,319,0.0,0.0
svi,4521,ctx_50,0.016430059964113217,400,0.8578262655963673,0.0003171509859478867,81,0.01611290897816533,319,0.0,0.0
svi,4521,ctx_100,0.012299918749355956,400,0.6048152056918846,0.0024729601837552113,81,0.009826958565600747,319,0.0,0.0
svi,4521,extrapolation,0.045840708681697956,319,2.624361116877882,0.0,0,0.045840708681697956,319,0.0,0.0
svi,4522,ctx_5,0.4538834064126788,400,10.977669148147106,0.055080094159696315,76,0.3988033122529825,324,0.0,0.0
svi,4522,ctx_10,0.3216602441120291,400,9.046082554757595,0.021344853859064566,76,0.3003153902529645,324,0.0,0.0
svi,4522,ctx_20,0.05833019090874917,400,2.5775140764171187,0.0006900651329021677,76,0.05764012577584701,324,0.0,0.0
svi,4522,ctx_50,0.02285740680695177,400,1.1825937663942951,0.005414899946909988,76,0.017442506860041784,324,0.0,0.9558823529411765
svi,4522,ctx_100,0.012583469458929603,400,0.8136224687569636,0.0021800078066192144,76,0.010403461652310384,324,0.0,0.36764705882352944
svi,4522,extrapolation,0.07864210906895897,324,3.2147148917701838,0.0,0,0.07864210906895897,324,0.0,0.0
svi,4523,ctx_5,0.3993532740699377,400,9.831026008725166,0.04268810612937068,88,0.356665167940567,312,0.0,0.0
svi,4523,ctx_10,0.3232386488123606,400,9.037471756339073,0.03241131051040774,88,0.29082733830195284,312,0.0,0.0
svi,4523,ctx_20,0.16978789602871114,400,5.199504593372797,0.017619960365719733,88,0.15216793566299142,312,0.0,0.0
svi,4523,ctx_50,0.024623462580363832,400,1.1108452776120303,0.00234877623770732,88,0.022274686342656513,312,0.0,0.7258064516129032
svi,4523,ctx_100,0.040680501459034346,400,1.5174577741814432,0.010138002313886492,88,0.030542499145147856,312,0.0,0.7258064516129032
svi,4523,extrapolation,0.09071717050368171,312,3.2667556963075146,0.0,0,0.09071717050368171,312,0.0,0.0
svi,4524,ctx_5,0.47546735904242443,400,10.489375405013561,0.029611345861467363,79,0.44585601318095713,321,0.0,0.0
svi,4524,ctx_10,0.468576385539223,400,10.597248777747154,0.02860809401110613,79,0.43996829152811684,321,0.0,0.0
svi,4524,ctx_20,0.17420977206533267,400,5.211443536815001,0.014228124998406687,79,0.15998164706692597,321,0.0,0.0
svi,4524,ctx_50,0.10316292314161736,400,2.2617480391767364,0.01638308630643481,79,0.08677983683518253,321,0.0,0.07575757575757576
svi,4524,ctx_100,0.03443672935844265,400,0.9182080678995033,0.0001339174156188285,79,0.03430281194282382,321,0.0,0.30303030303030304
svi,4524,extrapolation,0.07566549265325563,321,3.091636350566438,0.0,0,0.07566549265325563,321,0.0,0.0
svi,4525,ctx_5,0.8167294443667944,400,14.448259046673774,0.08170800723414906,94,0.7350214371326453,306,0.0,0.0
svi,4525,ctx_10,0.6786356176614257,400,12.980691727995872,0.07244820210069891,94,0.6061874155607268,306,0.0,0.0
svi,4525,ctx_20,0.4326248823593911,400,9.030390009483156,0.06443506678215555,94,0.3681898155772356,306,0.0,5.073529411764706
svi,4525,ctx_50,0.08177435201793298,400,2.6084901445670265,0.01613123158646705,94,0.06564312043146593,306,0.25906735751295334,3.5294117647058822
svi,4525,ctx_100,0.04596273940301779,400,1.7982472652754145,0.016963819896465133,94,0.028998919506552645,306,1.0362694300518134,3.676470588235294
svi,4525,extrapolation,0.16574986437082734,306,4.9058254182308385,0.0,0,0.16574986437082734,306,0.0,5.0
svi,4526,ctx_5,0.690083472697812,400,13.644567905366422,0.10679062999001226,84,0.5832928427077997,316,0.0,0.0
svi,4526,ctx_10,0.5564375403400277,400,11.824328598380088,0.06008838958205045,84,0.49634915075797725,316,0.0,0.0
svi,4526,ctx_20,0.21005630155341443,400,5.943895329546077,0.02213943688716914,84,0.1879168646662453,316,0.0,0.0
svi,4526,ctx_50,0.030899391768851345,400,1.5839721830763935,0.00796856924990854,84,0.02293082251894281,316,0.0,1.640625
svi,4526,ctx_100,0.023503841623441622,400,1.2625104259052278,0.006855012638784125,84,0.016648828984657492,316,0.0,2.109375
svi,4526,extrapolation,0.15532028668499864,316,4.855385073863353,0.0,0,0.15532028668499864,316,0.0,0.078125
svi,4527,ctx_5,0.9519056009875497,400,15.25202098041773,0.17093944941914996,93,0.7809661515683998,307,0.0,0.0
svi,4527,ctx_10,0.8895653776458119,400,14.7008498840034,0.1187799277187206,93,0.7707854499270912,307,0.0,0.0
svi,4527,ctx_20,0.3484740880252707,400,8.669972500263059,0.06346221314627391,93,0.2850118748789968,307,1.2690355329949239,2.121212121212121
svi,4527,ctx_50,0.07361358704650325,400,2.7776845020157124,0.04191977857563211,93,0.031693808470871145,307,0.0,5.757575757575758
svi,4527,ctx_100,0.03878352634596266,400,1.7994054164676088,0.027583624513584322,93,0.011199901832378342,307,0.5076142131979695,8.030303030303031
svi,4527,extrapolation,0.2480237291136615,307,5.987443794641001,0.0,0,0.2480237291136615,307,0.0,6.693548387096774
svi,4528,ctx_5,0.8857004487856568,400,14.505258056521416,0.06726968779839444,63,0.8184307609872623,337,0.0,0.0
svi,4528,ctx_10,0.8060905315970567,400,14.447794853895903,0.07810164678133127,63,0.7279888848157254,337,0.0,0.0
svi,4528,ctx_20,0.255057858172125,400,7.130218773870824,0.019920782995147563,63,0.23513707517697746,337,0.0,0.6818181818181818
svi,4528,ctx_50,0.0327382613518631,400,1.5373192614347289,0.007856782347711764,63,0.024881479004151334,337,0.0,0.9090909090909091
svi,4528,ctx_100,0.024746971269046333,400,1.3297373367136953,0.00305494387995086,63,0.021692027389095474,337,0.0,1.1363636363636365
svi,4528,extrapolation,0.12172286066918808,337,4.422114756472612,0.0,0,0.12172286066918808,337,0.0,3.1818181818181817
svi,4529,ctx_5,0.694833605202353,400,13.379181605577468,0.09080756083531394,86,0.6040260443670391,314,0.0,0.0
svi,4529,ctx_10,0.6416588515953172,400,12.970239368081092,0.0839411060068916,86,0.5577177455884255,314,0.0,0.0
svi,4529,ctx_20,0.32376482587299277,400,7.215575889302871,0.06689325701226632,86,0.2568715688607265,314,0.0,0.0
svi,4529,ctx_50,0.1405297547866109,400,2.103504793080893,0.05701418449967951,86,0.08351557028693139,314,0.0,0.0
svi,4529,ctx_100,0.017089804263106186,400,0.8166841477437066,0.0005295860017462367,86,0.01656021826135995,314,0.0,0.0
svi,4529,extrapolation,0.3340088391915632,314,6.04847531303694,0.0,0,0.3340088391915632,314,0.0,0.16129032258064516
svi,4530,ctx_5,0.8871648591747101,400,14.98929231017828,0.09448967971958808,67,0.7926751794551221,333,0.0,0.0
svi,4530,ctx_10,0.8020247637195163,400,13.910500914603471,0.07518323765953731,67,0.726841526059979,333,0.0,0.0
svi,4530,ctx_20,0.340287505660043,400,8.23897719250321,0.042430218490766745,67,0.2978572871692763,333,0.0,0.07352941176470588
svi,4530,ctx_50,0.027632341621709487,400,1.7936820663972406,0.008138718806661309,67,0.01949362281504818,333,0.0,0.9558823529411765
svi,4530,ctx_100,0.02287149875277361,400,1.3552235438407247,0.006580696821282687,67,0.016290801931490923,333,0.0,3.161764705882353
svi,4530,extrapolation,0.17728909462621456,333,5.597596407009457,0.0,0,0.17728909462621456,333,0.0,2.121212121212121
svi,4531,ctx_5,0.3956860683725896,400,10.164358900487422,0.05489458957516496,101,0.34079147879742466,299,0.0,0.0
svi,4531,ctx_10,0.368612206535362,400,9.725216037034988,0.05556739411731151,101,0.3130448124180505,299,0.0,0.0
svi,4531,ctx_20,0.19165465653295835,400,6.057812844929501,0.02548213864252695,101,0.16617251789043141,299,0.0,0.0
svi,4531,ctx_50,0.027627423138458167,400,1.422954980826205,0.012212836501619752,101,0.015414586636838415,299,0.0,0.0
svi,4531,ctx_100,0.01915443069275039,400,1.1922218643910258,0.008217823237234398,101,0.01093660745551599,299,0.0,0.07142857142857142
svi,4531,extrapolation,0.07589058894513856,299,3.2140957241857784,0.0,0,0.07589058894513856,299,0.0,1.0294117647058822
svi,4532,ctx_5,0.4899514113079993,400,10.360397845506668,0.04524831624946408,81,0.4447030950585351,319,0.0,0.0
svi,4532,ctx_10,0.4925825440069236,400,10.736941898648602,0.04083183211255298,81,0.45175071189437066,319,0.0,0.0
svi,4532,ctx_20,0.16473263622983825,400,5.1365476769024365,0.007447053434917713,81,0.1572855827949205,319,0.0,0.0
svi,4532,ctx_50,0.011617197675374983,400,1.0024058615695537,0.00201114130140073,81,0.00960605637397425,319,0.0,0.0
svi,4532,ctx_100,0.010500839008953286,400,0.8653372925237396,0.0013779710620447875,81,0.0091228679469085,319,0.0,0.0
svi,4532,extrapolation,0.08473166392959958,319,3.551801963884202,0.0,0,0.08473166392959958,319,0.0,0.703125
svi,4533,ctx_5,0.6504443788619418,400,12.246024918556214,0.0696027302184747,90,0.5808416486434671,310,0.0,0.0
svi,4533,ctx_10,0.6776925110834893,400,12.719727262854576,0.08679406821429295,90,0.5908984428691962,310,0.0,0.0
svi,4533,ctx_20,0.22860504087959935,400,5.198139943402641,0.016949281910630467,90,0.2116557589689689,310,0.0,0.0
svi,4533,ctx_50,0.013883842044512713,400,0.9129507911972232,0.0006991054163797878,90,0.013184736628132925,310,0.0,0.5303030303030303
svi,4533,ctx_100,0.009456274318959337,400,0.7204149963427043,0.0006593882119564198,90,0.008796886107002915,310,0.0,0.0
svi,4533,extrapolation,0.13454699364623587,310,4.557763652229478,0.0,0,0.13454699364623587,310,0.0,0.45454545454545453
svi,4534,ctx_5,0.5312687073789121,400,11.246749171614649,0.06281782543964384,86,0.4684508819392683,314,0.0,0.0
svi,4534,ctx_10,0.5525454256943282,400,11.463034240901472,0.06376974037293628,86,0.4887756853213919,314,0.0,0.0
svi,4534,ctx_20,0.12358055352088851,400,3.973316618386922,0.013094998614600032,86,0.1104855549062885,314,0.0,0.0
svi,4534,ctx_50,0.08109193112797883,400,1.974978799888805,0.0009482789635991655,86,0.08014365216437967,314,0.0,1.484375
svi,4534,ctx_100,0.03946989726010818,400,1.1076963760124525,0.0010297949022234677,86,0.03844010235788472,314,0.0,0.0
svi,4534,extrapolation,0.08722356286709948,314,3.564114225446133,0.0,0,0.08722356286709948,314,0.0,0.0
svi,4535,ctx_5,0.4283183655975483,400,10.275379857420921,0.046761632042316544,87,0.38155673355523184,313,0.0,0.0
svi,4535,ctx_10,0.4060985939123488,400,9.609126878676154,0.04930562193787088,87,0.3567929719744779,313,0.0,0.0
svi,4535,ctx_20,0.15560167583883022,400,5.294021755292212,0.011536329027088765,87,0.14406534681174143,313,0.0,1.25
svi,4535,ctx_50,0.11438744693785947,400,3.2497819474776746,0.007490837803218825,87,0.10689660913464065,313,0.0,3.088235294117647
svi,4535,ctx_100,0.03155887461597722,400,1.2557514850517504,0.0030540275192032333,87,0.028504847096773988,313,0.0,0.36764705882352944
svi,4535,extrapolation,0.08027398028203017,313,3.340704004202592,0.0,0,0.08027398028203017,313,0.0,0.9558823529411765
svi,4536,ctx_5,1.1062591592943911,400,16.356438606977463,0.16726929255429435,89,0.938989866740097,311,0.0,0.0
svi,4536,ctx_10,0.9992953649373664,400,16.23654476106167,0.14343168063006886,89,0.8558636843072973,311,0.0,0.0
svi,4536,ctx_20,0.4181429231822559,400,6.958203582310033,0.045375669648165536,89,0.37276725353409035,311,0.0,1.40625
svi,4536,ctx_50,0.11035866407812334,400,2.552655102999444,0.010457830050984438,89,0.09990083402713892,311,0.0,1.875
svi,4536,ctx_100,0.02316277576623229,400,1.234056622943502,0.0008169818482009735,89,0.022345793918031317,311,0.0,0.0
svi,4536,extrapolation,0.14301881768299854,311,4.625780676368649,0.0,0,0.14301881768299854,311,0.0,0.78125
svi,4537,ctx_5,0.12314128609528674,400,5.528109717369079,0.008087356511743688,79,0.11505392958354305,321,0.0,0.0
svi,4537,ctx_10,0.11630555382419788,400,5.365991291403769,0.006273014540653414,79,0.11003253928354446,321,0.0,0.0
svi,4537,ctx_20,0.0754288259154444,400,3.6853121585438795,0.0065133460842761335,79,0.06891547983116827,321,0.0,0.0
svi,4537,ctx_50,0.018098490861884278,400,1.0666541760460395,0.0018010918522971065,79,0.01629739900958717,321,0.0,0.0
svi,4537,ctx_100,0.009060999541342072,400,0.7076290572330697,0.0013278764883249649,79,0.007733123053017109,321,0.0,0.0
svi,4537,extrapolation,0.04505692656702895,321,2.2743268698025774,0.0,0,0.04505692656702895,321,0.0,0.0
svi,4538,ctx_5,0.09953937396487286,400,4.772982665896416,0.008877761009534685,91,0.09066161295533817,309,0.0,0.0
svi,4538,ctx_10,0.10336830853888776,400,4.7531875401735295,0.008111959548148492,91,0.09525634899073926,309,0.0,0.0
svi,4538,ctx_20,0.047502758285770524,400,2.655490188429477,0.009691151309082248,91,0.03781160697668827,309,0.0,0.0
svi,4538,ctx_50,0.02558925258395632,400,1.1529107780142693,0.002538122703244592,91,0.02305112988071173,309,0.0,0.0
svi,4538,ctx_100,0.01550435996858249,400,1.0273212672819612,0.0016383774620980437,91,0.013865982506484445,309,0.0,0.0
svi,4538,extrapolation,0.0634785605685382,309,2.5661568435971223,0.0,0,0.0634785605685382,309,0.0,0.0
svi,4539,ctx_5,0.4725001656022352,400,10.95650863200426,0.07126020724708118,97,0.401239958355154,303,0.0,0.0
svi,4539,ctx_10,0.4840220434821361,400,10.846604359894991,0.0708150316147123,97,0.4132070118674238,303,0.0,0.0
svi,4539,ctx_20,0.38632222853365017,400,8.639656705315149,0.0424130373445466,97,0.3439091911891035,303,0.0,0.078125
svi,4539,ctx_50,0.05118178881598527,400,2.0777019591834467,0.007932170482966079,97,0.0432496183330192,303,0.0,0.46875
svi,4539,ctx_100,0.0344073888535651,400,1.57598978360047,0.0031451190596832697,97,0.03126226979388183,303,0.0,1.328125
svi,4539,extrapolation,0.23590999264365597,303,5.172292178031764,0.0,0,0.23590999264365597,303,0.0,0.08620689655172414
ssvi,4500,ctx_5,0.48167717282611316,400,11.298781944811346,0.059117227719005024,93,0.42255994510710815,307,0.0,0.0
ssvi,4500,ctx_10,0.06074421395825162,400,2.589414099321836,0.005223018330419335,93,0.05552119562783229,307,0.0,0.07142857142857142
ssvi,4500,ctx_20,0.06097494306534437,400,2.2717142369904324,0.0027663166828934323,93,0.05820862638245094,307,0.0,0.2857142857142857
ssvi,4500,ctx_50,0.048207108405619106,400,2.1169064444963146,0.0023513485336954746,93,0.04585575987192364,307,0.0,0.2857142857142857
ssvi,4500,ctx_100,0.04873999855756672,400,1.8195720050088027,0.0014242880074347595,93,0.047315710550131965,307,0.0,0.2857142857142857
ssvi,4500,extrapolation,0.20864067816769952,307,5.2500707087633085,0.0,0,0.20864067816769952,307,0.0,0.0
ssvi,4501,ctx_5,0.5886606604477543,400,12.386822110414503,0.07313473108482285,89,0.5155259293629315,311,0.0,0.0
ssvi,4501,ctx_10,0.04905492388692545,400,2.0209048188146705,0.003959325892749121,89,0.045095597994176326,311,0.0,0.0
ssvi,4501,ctx_20,0.047335136720166884,400,1.9871355836351081,0.003073018342889477,89,0.04426211837727741,311,0.0,0.0
ssvi,4501,ctx_50,0.04990156855798719,400,1.7207509590618435,0.0029693715490243643,89,0.046932197008962825,311,0.0,0.0
ssvi,4501,ctx_100,0.04704662568657135,400,1.6335066881751488,0.001896054449151122,89,0.04515057123742022,311,0.0,0.0
ssvi,4501,extrapolation,0.11332953013921679,311,3.6845634982598403,0.0,0,0.11332953013921679,311,0.0,0.0
ssvi,4502,ctx_5,0.4293442986737005,400,9.978029635548593,0.04456608109068164,76,0.3847782175830189,324,0.0,0.0
ssvi,4502,ctx_10,0.03027853067862544,400,1.9075771502481331,0.002978066176564406,76,0.027300464502061035,324,0.0,0.0
ssvi,4502,ctx_20,0.0204347321501225,400,1.5433972208590494,0.0023067823804871993,76,0.018127949769635297,324,0.0,0.0
ssvi,4502,ctx_50,0.01167921429336183,400,1.186173573049019,0.001083199976141468,76,0.010596014317220362,324,0.0,0.0
ssvi,4502,ctx_100,0.013923765847911464,400,1.287845662618345,0.0013136167950292003,76,0.012610149052882262,324,0.0,0.0
ssvi,4502,extrapolation,0.05653902547426606,324,3.403804993030991,0.0,0,0.05653902547426606,324,0.0,0.0
ssvi,4503,ctx_5,0.22739028496294425,400,7.3480514824390415,0.024746198140812543,86,0.2026440868221317,314,0.0,0.0
ssvi,4503,ctx_10,0.021094726172488257,400,1.5786106616848703,0.0015067775981060804,86,0.019587948574382175,314,0.0,0.0
ssvi,4503,ctx_20,0.016645593019852967,400,1.499840632766288,0.0029767845764435,86,0.013668808443409466,314,0.0,0.0
ssvi,4503,ctx_50,0.01008332368758047,400,1.0187179264317374,0.0008201870932988456,86,0.009263136594281622,314,0.0,0.0
ssvi,4503,ctx_100,0.009173250415103112,400,0.9860234710874108,0.00045787355554164526,86,0.008715376859561468,314,0.0,0.0
ssvi,4503,extrapolation,0.040465369896063155,314,2.8334159408917463,0.0,0,0.040465369896063155,314,0.0,0.0
ssvi,4504,ctx_5,0.22980162492956066,400,6.88759203851223,0.027891026007045565,102,0.20191059892251512,298,0.0,0.0
ssvi,4504,ctx_10,0.02170942790619783,400,1.7628058538239735,0.003033449363564157,102,0.01867597854263367,298,0.0,0.0
ssvi,4504,ctx_20,0.026274384394768653,400,1.391814490625996,0.0028901166089001892,102,0.023384267785868464,298,0.0,0.0
ssvi,4504,ctx_50,0.014043608717524662,400,0.9778509051883286,0.0007189607734816067,102,0.013324647944043052,298,0.0,0.0
ssvi,4504,ctx_100,0.014566143385696714,400,0.9841044654111815,0.0009116145975627784,102,0.013654528788133936,298,0.0,0.0
ssvi,4504,extrapolation,0.10551969440771802,298,4.025480283449662,0.0,0,0.10551969440771802,298,0.0,0.0
ssvi,4505,ctx_5,0.2731806674281461,400,8.338650430738927,0.0335886566307389,91,0.23959201079740722,309,0.0,0.0
ssvi,4505,ctx_10,0.02733970978789872,400,1.6323189687045427,0.0020172779645480916,91,0.02532243182335063,309,0.0,0.0
ssvi,4505,ctx_20,0.01842518259782345,400,1.6542820843591544,0.001702172693862066,91,0.016723009903961382,309,0.0,0.0
ssvi,4505,ctx_50,0.014886430452498618,400,1.3467286709959567,0.0016054820208634202,91,0.013280948431635197,309,0.0,0.0
ssvi,4505,ctx_100,0.015536688877206144,400,1.0706495525258535,0.001046369581016303,91,0.014490319296189842,309,0.0,0.0
ssvi,4505,extrapolation,0.047922063739448365,309,2.564627767050426,0.0,0,0.047922063739448365,309,0.0,0.0
ssvi,4506,ctx_5,0.3629132755542256,400,9.96675311625004,0.04410167205009533,83,0.3188116035041303,317,0.0,0.0
ssvi,4506,ctx_10,0.04822375868057126,400,1.8824380294762115,0.0011361359316365218,83,0.04708762274893473,317,0.0,0.0
ssvi,4506,ctx_20,0.07795373429168752,400,1.6634238634281393,0.0008551225675301247,83,0.07709861172415738,317,0.0,0.0
ssvi,4506,ctx_50,0.06702753445403802,400,1.5673790421772904,0.000576189109009154,83,0.06645134534502886,317,0.0,0.0
ssvi,4506,ctx_100,0.06805589166090974,400,1.6836528272139932,0.00065832163265512,83,0.06739757002825462,317,0.0,0.0
ssvi,4506,extrapolation,0.09661156072426239,317,3.1921161692372135,0.0,0,0.09661156072426239,317,0.0,0.0
ssvi,4507,ctx_5,0.4343721597764915,400,10.454431656002997,0.04020161695610605,89,0.3941705428203855,311,0.0,0.0
ssvi,4507,ctx_10,0.06518103555801831,400,2.4037451077974508,0.004277459799187671,89,0.06090357575883064,311,0.0,0.0
ssvi,4507,ctx_20,0.0343778093608687,400,1.4735555738565738,0.0010819925872792761,89,0.033295816773589414,311,0.0,0.0
ssvi,4507,ctx_50,0.04248654982361373,400,1.2817410000551899,0.00045520756764925546,89,0.04203134225596448,311,0.0,0.0
ssvi,4507,ctx_100,0.042409793633141596,400,1.2981515352139796,0.0004853155762841106,89,0.04192447805685748,311,0.0,0.0
ssvi,4507,extrapolation,0.04119433250939652,311,2.4584963894598166,0.0,0,0.04119433250939652,311,0.0,0.0
ssvi,4508,ctx_5,0.8235500140466911,400,13.832551122456788,0.10034066706008979,95,0.7232093469866014,305,0.0,0.0
ssvi,4508,ctx_10,0.044826730776923666,400,2.6482935721807164,0.00879059649880189,95,0.03603613427812177,305,0.0,0.0
ssvi,4508,ctx_20,0.053496183772913874,400,2.58150226768626,0.005258917822556732,95,0.04823726595035714,305,0.0,0.0
ssvi,4508,ctx_50,0.035380428000937575,400,2.0704298030217667,0.0057156904111758935,95,0.029664737589761684,305,0.0,0.0
ssvi,4508,ctx_100,0.030842603321786063,400,2.000598137167902,0.004417064047368009,95,0.026425539274418052,305,0.0,0.0
ssvi,4508,extrapolation,0.19465743068876834,305,5.007795276091086,0.0,0,0.19465743068876834,305,0.0,0.0
ssvi,4509,ctx_5,0.5199481282995773,400,11.434077306091787,0.06216793822430255,78,0.4577801900752747,322,0.0,0.0
ssvi,4509,ctx_10,0.06449376392401197,400,2.350677744109299,0.00392962341120127,78,0.060564140512810685,322,0.0,0.0
ssvi,4509,ctx_20,0.0377981980726599,400,1.854059365462851,0.0017635771362336972,78,0.0360346209364262,322,0.0,0.0
ssvi,4509,ctx_50,0.03789793922882863,400,1.8658315840784416,0.0025974049623004466,78,0.03530053426652818,322,0.0,0.0
ssvi,4509,ctx_100,0.034504689458395334,400,1.7719984553715482,0.0016662431214986837,78,0.03283844633689664,322,0.0,0.0
ssvi,4509,extrapolation,0.12700564990118363,322,3.8794886655403737,0.0,0,0.12700564990118363,322,0.0,0.0
ssvi,4510,ctx_5,0.13186411960503552,400,4.828418073058128,0.018477731394340394,87,0.11338638821069516,313,0.0,0.0
ssvi,4510,ctx_10,0.011563828778261759,400,0.8781046846346265,0.000422885030207814,87,0.011140943748053946,313,0.0,0.0
ssvi,4510,ctx_20,0.00920338058565752,400,0.7739599121088532,0.0003375845719353783,87,0.008865796013722142,313,0.0,0.0
ssvi,4510,ctx_50,0.009297881585586535,400,0.7780144316174059,0.00043883900844119,87,0.008859042577145343,313,0.0,0.0
ssvi,4510,ctx_100,0.009179949050646289,400,0.7726207234729219,0.0004108062484571358,87,0.008769142802189153,313,0.0,0.0
ssvi,4510,extrapolation,0.01449322697997462,313,1.4489320697628352,0.0,0,0.01449322697997462,313,0.0,0.0
ssvi,4511,ctx_5,0.1642713488075189,400,6.195221254229544,0.020412401503533628,81,0.14385894730398527,319,0.0,0.0
ssvi,4511,ctx_10,0.026245578470653987,400,1.7403302368206381,0.0035526338423942957,81,0.022692944628259683,319,0.0,0.0
ssvi,4511,ctx_20,0.0156582937362165,400,1.1478584482796057,0.0005338058916537593,81,0.01512448784456274,319,0.0,0.0
ssvi,4511,ctx_50,0.015555431798001616,400,1.1129301090961699,0.0004538971683686528,81,0.015101534629632964,319,0.0,0.0
ssvi,4511,ctx_100,0.016021127785142735,400,1.1256116637146654,0.0005146886220041244,81,0.01550643916313861,319,0.0,0.0
ssvi,4511,extrapolation,0.030510181879088966,319,2.3715938132108945,0.0,0,0.030510181879088966,319,0.0,0.0
ssvi,4512,ctx_5,0.14646902372572246,400,5.847672152519226,0.011572832031790143,89,0.13489619169393233,311,0.0,0.0
ssvi,4512,ctx_10,0.019664494889517454,400,1.4490570222893313,0.0010578957645970262,89,0.01860659912492043,311,0.0,0.0
ssvi,4512,ctx_20,0.021286504596013014,400,1.3657529589380148,0.0014339610050783961,89,0.019852543590934617,311,0.0,0.0
ssvi,4512,ctx_50,0.01896466027756826,400,1.2067613048485135,0.0007151943811244778,89,0.018249465896443783,311,0.0,0.0
ssvi,4512,ctx_100,0.019690496971131104,400,1.3072268773505504,0.0008276800301759283,89,0.018862816940955172,311,0.0,0.0
ssvi,4512,extrapolation,0.03279090913575924,311,2.418542946627473,0.0,0,0.03279090913575924,311,0.0,0.0
ssvi,4513,ctx_5,0.12989312765190958,400,5.488584432005882,0.010121398324907672,90,0.1197717293270019,310,0.0,0.0
ssvi,4513,ctx_10,0.008186702038123323,400,1.1380685987268955,0.0011699225061408286,90,0.007016779531982495,310,0.0,0.0
ssvi,4513,ctx_20,0.00830699604413692,400,1.0859722207281908,0.0007723719596917247,90,0.007534624084445197,310,0.0,0.0
ssvi,4513,ctx_50,0.0071145770146863055,400,0.9679450749997166,0.0004836741282143835,90,0.006630902886471921,310,0.0,0.0
ssvi,4513,ctx_100,0.007306935137327361,400,1.0080749050852222,0.0006413658310416681,90,0.0066655693062856935,310,0.0,0.0
ssvi,4513,extrapolation,0.020742615433116368,310,2.1315770869513977,0.0,0,0.020742615433116368,310,0.0,0.0
ssvi,4514,ctx_5,0.24340543450146704,400,7.200446817278862,0.016846089583957995,86,0.22655934491750906,314,0.0,0.0
ssvi,4514,ctx_10,0.03326085805844233,400,1.7001352020746037,0.00289581802343791,86,0.030365040035004426,314,0.0,0.0
ssvi,4514,ctx_20,0.032659336903945624,400,1.6814249806682833,0.0015294424926352893,86,0.031129894411310335,314,0.0,0.0
ssvi,4514,ctx_50,0.024937082341486408,400,1.3624556507833567,0.00098368645542717,86,0.023953395886059235,314,0.0,0.0
ssvi,4514,ctx_100,0.024704927106875784,400,1.3008016209566275,0.0008963584761069441,86,0.02380856863076884,314,0.0,0.0
ssvi,4514,extrapolation,0.1036666430391664,314,3.508913467470883,0.0,0,0.1036666430391664,314,0.0,0.0
ssvi,4515,ctx_5,0.35619612097010267,400,9.578933557868003,0.03822213433442568,101,0.317973986635677,299,0.0,0.0
ssvi,4515,ctx_10,0.018964413337945324,400,1.4006796024342687,0.002418891141471127,101,0.016545522196474198,299,0.0,0.0
ssvi,4515,ctx_20,0.01493263390805137,400,1.2514604029022545,0.002603267004242715,101,0.012329366903808658,299,0.0,0.0
ssvi,4515,ctx_50,0.015785145981629625,400,1.247217300421391,0.003436159380904839,101,0.012348986600724782,299,0.0,0.0
ssvi,4515,ctx_100,0.015020934974640555,400,1.2173590515778656,0.0030017366583134737,101,0.012019198316327084,299,0.0,0.0
ssvi,4515,extrapolation,0.13486436225403853,299,4.060415737952083,0.0,0,0.13486436225403853,299,0.0,0.0
ssvi,4516,ctx_5,0.19655816089128564,400,6.394917309284211,0.01559933834462658,77,0.18095882254665907,323,0.0,0.0
ssvi,4516,ctx_10,0.040745716685645694,400,2.129084725852551,0.006288432164450718,77,0.03445728452119497,323,0.0,0.0
ssvi,4516,ctx_20,0.03185378902009667,400,1.4889897254576259,0.0008784375787072219,77,0.030975351441389447,323,0.0,0.0
ssvi,4516,ctx_50,0.029586423229541435,400,1.3105370463091686,0.0007957241851926661,77,0.02879069904434877,323,0.0,0.0
ssvi,4516,ctx_100,0.029658802946408883,400,1.308006072473673,0.0007666197914980882,77,0.028892183154910794,323,0.0,0.0
ssvi,4516,extrapolation,0.08274034939771785,323,3.7447910301833693,0.0,0,0.08274034939771785,323,0.0,0.0
ssvi,4517,ctx_5,0.15352010817490805,400,5.960046708583832,0.012470113939730635,96,0.14104999423517742,304,0.0,0.0
ssvi,4517,ctx_10,0.021032335582098396,400,1.5841613982716058,0.0017703404953385493,96,0.019261995086759846,304,0.0,0.0
ssvi,4517,ctx_20,0.01952176667084822,400,1.2953249368132198,0.0013700847851441569,96,0.01815168188570407,304,0.0,0.0
ssvi,4517,ctx_50,0.017083118980938998,400,1.1908285337904685,0.0007617024791730563,96,0.01632141650176594,304,0.0,0.0
ssvi,4517,ctx_100,0.017452163924882785,400,1.1837849088339696,0.0006609665164562704,96,0.016791197408426512,304,0.0,0.0
ssvi,4517,extrapolation,0.041833904456733295,304,2.4308331859302377,0.0,0,0.041833904456733295,304,0.0,0.0
ssvi,4518,ctx_5,0.17767666527227757,400,6.539618837833405,0.020112311940214983,78,0.15756435333206262,322,0.0,0.0
ssvi,4518,ctx_10,0.027695073298731707,400,1.8078468397052987,0.0021046017123664456,78,0.025590471586365255,322,0.0,0.0
ssvi,4518,ctx_20,0.016382779857455565,400,1.206434468351779,0.0007009862041935122,78,0.015681793653262055,322,0.0,0.0
ssvi,4518,ctx_50,0.013236538482586546,400,1.0521134397180032,0.0008314010360249258,78,0.012405137446561621,322,0.0,0.0
ssvi,4518,ctx_100,0.011968686280384156,400,0.9589290883514245,0.0007306093198174141,78,0.01123807696056674,322,0.0,0.0
ssvi,4518,extrapolation,0.08750229677004881,322,3.9488177842485293,0.0,0,0.08750229677004881,322,0.0,0.0
ssvi,4519,ctx_5,0.29720931871200273,400,8.192928403615952,0.040108973856410365,94,0.25710034485559236,306,0.0,0.0
ssvi,4519,ctx_10,0.031139394571914458,400,1.6062339037242137,0.0022831035965481653,94,0.028856290975366298,306,0.0,0.0
ssvi,4519,ctx_20,0.02990930489076924,400,1.4487426018976544,0.0016750891707812666,94,0.02823421571998798,306,0.0,0.0
ssvi,4519,ctx_50,0.02643900700622616,400,1.65146418369296,0.0023793838055317373,94,0.02405962320069442,306,0.0,0.0
ssvi,4519,ctx_100,0.030399794109246057,400,1.6445785928713776,0.0019183701188219236,94,0.028481423990424127,306,0.0,0.0
ssvi,4519,extrapolation,0.07417223818627218,306,3.3866967509754278,0.0,0,0.07417223818627218,306,0.0,0.0
ssvi,4520,ctx_5,0.2655087001596681,400,7.539260107278824,0.019207848399463812,81,0.2463008517602043,319,0.0,0.0
ssvi,4520,ctx_10,0.07366968497259756,400,2.2791125474573466,0.0027574415549458933,81,0.07091224341765165,319,0.0,0.0
ssvi,4520,ctx_20,0.05603213044378314,400,1.5690738353808145,0.0015958833984360112,81,0.054436247045347136,319,0.0,0.0
ssvi,4520,ctx_50,0.049243541385244866,400,1.5969441629654408,0.001509199106092554,81,0.047734342279152304,319,0.0,0.0
ssvi,4520,ctx_100,0.036871300555447344,400,1.4448677402149637,0.0014174785062829368,81,0.03545382204916441,319,0.0,0.0
ssvi,4520,extrapolation,0.043254484899236015,319,2.3975183208109296,0.0,0,0.043254484899236015,319,0.0,0.0
ssvi,4521,ctx_5,0.2976779181367024,400,8.87842388153076,0.03584133408629503,81,0.26183658405040733,319,0.0,0.0
ssvi,4521,ctx_10,0.039542705463603264,400,1.661779651432191,0.002648543549202338,81,0.036894161914400925,319,0.0,0.0
ssvi,4521,ctx_20,0.030509122455733926,400,1.21135490991907,0.0010859787345224258,81,0.0294231437212115,319,0.0,0.0
ssvi,4521,ctx_50,0.02668097230452917,400,1.2325919648531438,0.0012239910959199447,81,0.025456981208609224,319,0.0,0.0
ssvi,4521,ctx_100,0.027670160094717736,400,1.2422275528214466,0.0012619223175581256,81,0.02640823777715961,319,0.0,0.0
ssvi,4521,extrapolation,0.05607934943058627,319,3.090507020006499,0.0,0,0.05607934943058627,319,0.0,0.0
ssvi,4522,ctx_5,0.4538834064126788,400,10.977669148147106,0.055080094159696315,76,0.3988033122529825,324,0.0,0.0
ssvi,4522,ctx_10,0.09389920012579939,400,3.0828275573184065,0.01953017813328268,76,0.0743690219925167,324,0.0,0.0
ssvi,4522,ctx_20,0.026022653838590964,400,1.6509438698821066,0.0011255731641392362,76,0.024897080674451733,324,0.0,0.0
ssvi,4522,ctx_50,0.03743041710317212,400,1.1723588889786738,0.0003104878834029014,76,0.03711992921976923,324,0.0,0.0
ssvi,4522,ctx_100,0.02317539355038235,400,1.3438988249425965,0.0010919860463398329,76,0.022083407504042515,324,0.0,0.0
ssvi,4522,extrapolation,0.03314765933125942,324,2.1285574080462726,0.0,0,0.03314765933125942,324,0.0,0.0
ssvi,4523,ctx_5,0.3993532740699377,400,9.831026008725166,0.04268810612937068,88,0.356665167940567,312,0.0,0.0
ssvi,4523,ctx_10,0.04348663082037663,400,1.4818749497771302,0.0008285389730276478,88,0.04265809184734898,312,0.0,0.0
ssvi,4523,ctx_20,0.02616196611752761,400,1.5460337157176165,0.0011310112601090366,88,0.02503095485741857,312,0.0,0.0
ssvi,4523,ctx_50,0.03311521086400674,400,1.5688465071393358,0.0018594196122190822,88,0.03125579125178766,312,0.0,0.0
ssvi,4523,ctx_100,0.032576960181289666,400,1.2410955505020551,0.0006156964504016307,88,0.03196126373088803,312,0.0,0.0
ssvi,4523,extrapolation,0.061671420412962516,312,3.359554729894956,0.0,0,0.061671420412962516,312,0.0,0.0
ssvi,4524,ctx_5,0.47546735904242443,400,10.489375405013561,0.029611345861467363,79,0.44585601318095713,321,0.0,0.0
ssvi,4524,ctx_10,0.06181078782596722,400,2.129516829070803,0.0023471566770670083,79,0.059463631148900215,321,0.0,0.0
ssvi,4524,ctx_20,0.07457719997419948,400,1.694859032563075,0.0015832704586847372,79,0.07299392951551477,321,0.0,0.0
ssvi,4524,ctx_50,0.08249835935804636,400,1.9167374939203956,0.002935542882665237,79,0.07956281647538115,321,0.0,0.0
ssvi,4524,ctx_100,0.07097592396981672,400,1.6420023803416963,0.00217271456343241,79,0.06880320940638433,321,0.0,0.0
ssvi,4524,extrapolation,0.06949706670303962,321,3.021448682409531,0.0,0,0.06949706670303962,321,0.0,0.0
ssvi,4525,ctx_5,0.8167294443667944,400,14.448259046673774,0.08170800723414906,94,0.7350214371326453,306,0.0,0.0
ssvi,4525,ctx_10,0.1658710355527312,400,3.92631264609408,0.015495052953029794,94,0.15037598259970136,306,0.0,0.9558823529411765
ssvi,4525,ctx_20,0.09585468989841359,400,2.7672094418487783,0.005721118027185092,94,0.09013357187122849,306,0.0,0.0
ssvi,4525,ctx_50,0.10338725254876593,400,3.2220651391435475,0.018222022953284872,94,0.08516522959548105,306,0.0,0.0
ssvi,4525,ctx_100,0.09801673701865979,400,3.005164472929072,0.011400905518283067,94,0.08661583150037673,306,0.0,0.07352941176470588
ssvi,4525,extrapolation,0.31863211566795563,306,5.097019270104958,0.0,0,0.31863211566795563,306,0.0,0.0
ssvi,4526,ctx_5,0.690083472697812,400,13.644567905366422,0.10679062999001226,84,0.5832928427077997,316,0.0,0.0
ssvi,4526,ctx_10,0.06878746691551087,400,2.2482575235451434,0.007266262906590997,84,0.06152120400891986,316,0.0,0.0
ssvi,4526,ctx_20,0.03969135101391201,400,2.026019731886933,0.006064011952302442,84,0.03362733906160957,316,0.0,0.0
ssvi,4526,ctx_50,0.04074494076732381,400,1.904972199142432,0.005337773382474189,84,0.035407167384849614,316,0.0,0.0
ssvi,4526,ctx_100,0.043270479507527077,400,1.9484829362391451,0.005888297932687639,84,0.03738218157483945,316,0.0,0.0
ssvi,4526,extrapolation,0.12766547573738166,316,4.256427059564493,0.0,0,0.12766547573738166,316,0.0,0.0
ssvi,4527,ctx_5,0.9519056009875497,400,15.25202098041773,0.17093944941914996,93,0.7809661515683998,307,0.0,0.0
ssvi,4527,ctx_10,0.06240881078431638,400,2.7196086938087403,0.003703782536694885,93,0.0587050282476215,307,0.0,3.0303030303030303
ssvi,4527,ctx_20,0.06340567415355666,400,3.1278524542448753,0.010113556841069866,93,0.0532921173124868,307,0.0,2.803030303030303
ssvi,4527,ctx_50,0.04573014071387132,400,2.4200145880860884,0.005449803166706876,93,0.04028033754716443,307,0.0,2.5757575757575757
ssvi,4527,ctx_100,0.05383674901740256,400,2.6529050944172727,0.006622381145830734,93,0.047214367871571836,307,0.0,2.121212121212121
ssvi,4527,extrapolation,0.7088464358547291,307,11.582872047105326,0.0,0,0.7088464358547291,307,0.0,3.064516129032258
ssvi,4528,ctx_5,0.8857004487856568,400,14.505258056521416,0.06726968779839444,63,0.8184307609872623,337,0.0,0.0
ssvi,4528,ctx_10,0.11401528297572719,400,2.640978959066027,0.0018352096534093344,63,0.11218007332231787,337,0.0,0.07575757575757576
ssvi,4528,ctx_20,0.1106655788471537,400,3.0741497957178545,0.003342611372384869,63,0.10732296747476885,337,0.0,0.0
ssvi,4528,ctx_50,0.07233316366436134,400,2.1525936138295823,0.0018056088895852895,63,0.07052755477477604,337,0.0,0.0
ssvi,4528,ctx_100,0.07780405795117151,400,2.1514770526580844,0.0017453510011602943,63,0.07605870695001123,337,0.0,0.07575757575757576
ssvi,4528,extrapolation,0.3728443129063369,337,7.42228974796816,0.0,0,0.3728443129063369,337,0.0,1.1363636363636365
ssvi,4529,ctx_5,0.694833605202353,400,13.379181605577468,0.09080756083531394,86,0.6040260443670391,314,0.0,0.0
ssvi,4529,ctx_10,0.02563238818317742,400,1.969317267376549,0.0038162948612666813,86,0.021816093321910736,314,0.0,0.0
ssvi,4529,ctx_20,0.0834115253255257,400,2.4038408066585024,0.015318357358086062,86,0.06809316796743964,314,0.0,0.0
ssvi,4529,ctx_50,0.03770661901985001,400,1.573295041479812,0.003594823878759596,86,0.034111795141090404,314,0.0,0.0
ssvi,4529,ctx_100,0.03738558005759726,400,1.6834489032220956,0.004347336516819488,86,0.03303824354077777,314,0.0,0.0
ssvi,4529,extrapolation,0.09334794398660039,314,3.819332087874966,0.0,0,0.09334794398660039,314,0.0,0.0
ssvi,4530,ctx_5,0.8871648591747101,400,14.98929231017828,0.09448967971958808,67,0.7926751794551221,333,0.0,0.0
ssvi,4530,ctx_10,0.13200130270064508,400,4.269631690528845,0.01618112689082515,67,0.11582017580981993,333,0.0,0.0
ssvi,4530,ctx_20,0.03371106289912697,400,2.0052072236976857,0.0025114632586476005,67,0.031199599640479365,333,0.0,0.0
ssvi,4530,ctx_50,0.0498227740852062,400,2.3517416795610844,0.0023124771905152367,67,0.047510296894690975,333,0.0,0.0
ssvi,4530,ctx_100,0.03602496950860178,400,2.062619708580059,0.0031670271151288455,67,0.032857942393472936,333,0.0,0.0
ssvi,4530,extrapolation,0.20541220780359476,333,5.383564133382838,0.0,0,0.20541220780359476,333,0.0,0.0
ssvi,4531,ctx_5,0.3956860683725896,400,10.164358900487422,0.05489458957516496,101,0.34079147879742466,299,0.0,0.0
ssvi,4531,ctx_10,0.02889312454079097,400,2.084715122594154,0.004155454291423539,101,0.024737670249367426,299,0.0,0.0
ssvi,4531,ctx_20,0.02778734400791579,400,1.4232832979004653,0.0013306109097509697,101,0.02645673309816483,299,0.0,0.0
ssvi,4531,ctx_50,0.02540662524450003,400,1.4859340949866853,0.0016560516358167271,101,0.023750573608683306,299,0.0,0.0
ssvi,4531,ctx_100,0.02716200423728613,400,1.5254709862152875,0.0018554388213850269,101,0.0253065654159011,299,0.0,0.0
ssvi,4531,extrapolation,0.19548722615188746,299,5.335081153809519,0.0,0,0.19548722615188746,299,0.0,0.0
ssvi,4532,ctx_5,0.4899514113079993,400,10.360397845506668,0.04524831624946408,81,0.4447030950585351,319,0.0,0.0
ssvi,4532,ctx_10,0.12282170039714449,400,4.066663895659807,0.007588229439970499,81,0.11523347095717398,319,0.0,0.0
ssvi,4532,ctx_20,0.03346127298117382,400,1.5113154359666916,0.001387882800355851,81,0.03207339018081797,319,0.0,0.0
ssvi,4532,ctx_50,0.026570203868195075,400,1.2886558933072925,0.0009066163650312389,81,0.02566358750316384,319,0.0,0.0
ssvi,4532,ctx_100,0.02403880076054781,400,1.2359542199905111,0.0008927976976241762,81,0.02314600306292363,319,0.0,0.0
ssvi,4532,extrapolation,0.14427001596424918,319,4.863241626602286,0.0,0,0.14427001596424918,319,0.0,0.0
ssvi,4533,ctx_5,0.6504443788619418,400,12.246024918556214,0.0696027302184747,90,0.5808416486434671,310,0.0,0.0
ssvi,4533,ctx_10,0.07065785218242956,400,2.900207933442047,0.004917896698372394,90,0.06573995548405716,310,0.0,0.0
ssvi,4533,ctx_20,0.03051518375704237,400,1.8852380017891106,0.0031005498381093772,90,0.027414633918932996,310,0.0,0.0
ssvi,4533,ctx_50,0.032077140057285444,400,1.5174224214731025,0.00122962358884921,90,0.030847516468436233,310,0.0,0.0
ssvi,4533,ctx_100,0.03670773829709725,400,1.4859911589368733,0.0011172288379577935,90,0.03559050945913946,310,0.0,0.0
ssvi,4533,extrapolation,0.06838543127540282,310,3.3307570755217277,0.0,0,0.06838543127540282,310,0.0,0.0
ssvi,4534,ctx_5,0.5312687073789121,400,11.246749171614649,0.06281782543964384,86,0.4684508819392683,314,0.0,0.0
ssvi,4534,ctx_10,0.09172483977802769,400,2.349574420913616,0.002819894037799518,86,0.08890494574022817,314,0.0,0.0
ssvi,4534,ctx_20,0.061052512377014964,400,2.0478225636006133,0.002045715195885552,86,0.05900679718112941,314,0.0,0.0
ssvi,4534,ctx_50,0.07721003803326104,400,1.994185552612309,0.002734056678185364,86,0.07447598135507569,314,0.0,0.0
ssvi,4534,ctx_100,0.07151141933806755,400,1.9845961559869243,0.001864225553045619,86,0.06964719378502193,314,0.0,0.0
ssvi,4534,extrapolation,0.06991350636669699,314,3.0492162674863104,0.0,0,0.06991350636669699,314,0.0,0.0
ssvi,4535,ctx_5,0.4283183655975483,400,10.275379857420921,0.046761632042316544,87,0.38155673355523184,313,0.0,0.0
ssvi,4535,ctx_10,0.03860736153732539,400,1.8397292871590654,0.0018187735156425199,87,0.036788588021682875,313,0.0,0.0
ssvi,4535,ctx_20,0.031180627108583322,400,1.4307702161028564,0.0014393142164238328,87,0.029741312892159488,313,0.0,0.0
ssvi,4535,ctx_50,0.02556807326635391,400,1.5246784408325065,0.0009882498203711138,87,0.0245798234459828,313,0.0,0.0
ssvi,4535,ctx_100,0.030979831301438988,400,1.326641738584744,0.0010976584230151965,87,0.029882172878423794,313,0.0,0.0
ssvi,4535,extrapolation,0.03983017010221525,313,2.559642820609157,0.0,0,0.03983017010221525,313,0.0,0.0
ssvi,4536,ctx_5,1.1062591592943911,400,16.356438606977463,0.16726929255429435,89,0.938989866740097,311,0.0,0.0
ssvi,4536,ctx_10,0.05493431667386274,400,1.9311348948777023,0.002589254407604845,89,0.0523450622662579,311,0.0,0.0
ssvi,4536,ctx_20,0.06183191685167713,400,1.6892729733015337,0.0023652292858879764,89,0.05946668756578914,311,0.0,0.0
ssvi,4536,ctx_50,0.05841869751815831,400,1.528175735316192,0.0021005501184121994,89,0.05631814739974611,311,0.0,0.0
ssvi,4536,ctx_100,0.0446102575152211,400,1.5975877508852256,0.0028485431728972007,89,0.0417617143423239,311,0.0,0.0
ssvi,4536,extrapolation,0.12882643312084233,311,4.557829858797916,0.0,0,0.12882643312084233,311,0.0,0.234375
ssvi,4537,ctx_5,0.12314128609528674,400,5.528109717369079,0.008087356511743688,79,0.11505392958354305,321,0.0,0.0
ssvi,4537,ctx_10,0.004357735316586371,400,0.7885045168414972,0.00024196455346895654,79,0.004115770763117413,321,0.0,0.0
ssvi,4537,ctx_20,0.004008564946187463,400,0.7934137169200097,0.0005038989975144531,79,0.0035046659486730096,321,0.0,0.0
ssvi,4537,ctx_50,0.00424619683333651,400,0.7623138916247535,0.00038493573311588824,79,0.0038612611002206225,321,0.0,0.0
ssvi,4537,ctx_100,0.003995515358939481,400,0.7483274475084299,0.00036513448099201025,79,0.003630380877947471,321,0.0,0.0
ssvi,4537,extrapolation,0.02299759187150644,321,2.1360000941926582,0.0,0,0.02299759187150644,321,0.0,0.0
ssvi,4538,ctx_5,0.09953937396487286,400,4.772982665896416,0.008877761009534685,91,0.09066161295533817,309,0.0,0.0
ssvi,4538,ctx_10,0.02716660252657014,400,1.2860265987056576,0.0010839143925096665,91,0.02608268813406047,309,0.0,0.0
ssvi,4538,ctx_20,0.024903835929231656,400,1.099743764812926,0.0004758999732846898,91,0.024427935955946965,309,0.0,0.0
ssvi,4538,ctx_50,0.026483554261783167,400,1.1121877080394071,0.0004911523383049002,91,0.02599240192347827,309,0.0,0.0
ssvi,4538,ctx_100,0.026248791396927013,400,1.0865776636309394,0.00045572758357948704,91,0.02579306381334752,309,0.0,0.0
ssvi,4538,extrapolation,0.03626096662985387,309,2.120434865568452,0.0,0,0.03626096662985387,309,0.0,0.0
ssvi,4539,ctx_5,0.4725001656022352,400,10.95650863200426,0.07126020724708118,97,0.401239958355154,303,0.0,0.0
ssvi,4539,ctx_10,0.0951040631938408,400,2.084991910205889,0.0025193283292296808,97,0.0925847348646111,303,0.0,0.0
ssvi,4539,ctx_20,0.08833735077989546,400,2.2322481469551025,0.0027595386599165808,97,0.08557781211997889,303,0.0,0.0
ssvi,4539,ctx_50,0.062047451537863105,400,1.988026990512993,0.002364655547798012,97,0.059682795990065096,303,0.0,0.0
ssvi,4539,ctx_100,0.06015795188381705,400,1.9298631914965274,0.002094374535514474,97,0.058063577348302566,303,0.0,0.0
ssvi,4539,extrapolation,0.11967527679657199,303,3.6525096051607298,0.0,0,0.11967527679657199,303,0.0,0.0
bspline,4500,ctx_5,0.48167717282611316,400,11.298781944811346,0.059117227719005024,93,0.42255994510710815,307,0.0,0.0
bspline,4500,ctx_10,0.5040517079071116,400,11.924090878665446,0.08182400761865861,93,0.4222277002884529,307,0.0,0.0
bspline,4500,ctx_20,0.4812903793686308,400,10.886257840963541,0.09660975250862584,93,0.384680626860005,307,0.0,0.0
bspline,4500,ctx_50,0.27038703888691096,400,6.552502899199444,0.010276284969159517,93,0.26011075391775146,307,0.0,5.142857142857143
bspline,4500,ctx_100,0.1791563784871436,400,4.033565378201227,0.00994022384134165,93,0.16921615464580197,307,0.26246719160104987,5.714285714285714
bspline,4500,extrapolation,0.3167531658597889,307,6.7826109773923715,0.0,0,0.3167531658597889,307,0.0,0.0
bspline,4501,ctx_5,0.5886606604477543,400,12.386822110414503,0.07313473108482285,89,0.5155259293629315,311,0.0,0.0
bspline,4501,ctx_10,0.6060161381466709,400,12.679654903709887,0.07048406336077762,89,0.5355320747858932,311,0.0,0.0
bspline,4501,ctx_20,0.7551886221765522,400,13.422811026009178,0.1556093507998593,89,0.5995792713766928,311,0.0,0.0
bspline,4501,ctx_50,0.4781839408433384,400,9.626941788356154,0.16309335677273304,89,0.3150905840706054,311,0.0,12.258064516129032
bspline,4501,ctx_100,0.17519132133368917,400,3.050342929495714,0.015537414014677557,89,0.15965390731901163,311,0.0,5.645161290322581
bspline,4501,extrapolation,0.3017721685481521,311,6.79478559411093,0.0,0,0.3017721685481521,311,0.9771986970684039,0.0
bspline,4502,ctx_5,0.4293442986737005,400,9.978029635548593,0.04456608109068164,76,0.3847782175830189,324,0.0,0.0
bspline,4502,ctx_10,0.396758208340716,400,9.963967741280793,0.03706717239800565,76,0.35969103594271035,324,0.0,0.0
bspline,4502,ctx_20,0.4261633086014194,400,10.06424675512668,0.03539184605534572,76,0.39077146254607364,324,0.0,0.0
bspline,4502,ctx_50,0.319309968290502,400,8.141074006991039,0.04262778589325178,76,0.2766821823972502,324,0.0,2.96875
bspline,4502,ctx_100,0.10353276790690291,400,2.9231803271986507,0.009469375348887725,76,0.09406339255801519,324,0.0,2.34375
bspline,4502,extrapolation,0.28781020721769934,324,6.909932639058405,0.0,0,0.28781020721769934,324,0.6472491909385113,0.0
bspline,4503,ctx_5,0.22739028496294425,400,7.3480514824390415,0.024746198140812543,86,0.2026440868221317,314,0.0,0.0
bspline,4503,ctx_10,0.21851976893536662,400,7.292561858147383,0.023504791063087296,86,0.19501497787227934,314,0.0,0.0
bspline,4503,ctx_20,0.24449008561442492,400,7.3837274766162455,0.04244400498008758,86,0.20204608063433732,314,0.0,0.0
bspline,4503,ctx_50,0.17814857573380793,400,5.408718692346449,0.03397174015729469,86,0.14417683557651326,314,0.0,0.703125
bspline,4503,ctx_100,0.07751588822634314,400,2.949518650519737,0.016979347512290573,86,0.06053654071405258,314,0.2597402597402597,2.5
bspline,4503,extrapolation,0.10658762956978898,314,3.7925634343630388,0.0,0,0.10658762956978898,314,0.0,0.0
bspline,4504,ctx_5,0.22980162492956066,400,6.88759203851223,0.027891026007045565,102,0.20191059892251512,298,0.0,0.0
bspline,4504,ctx_10,0.22647102076818107,400,6.825136782228947,0.02448164426111813,102,0.20198937650706295,298,0.0,0.0
bspline,4504,ctx_20,0.2260052404101321,400,7.093065710866798,0.02846705586275307,102,0.197538184547379,298,0.0,0.0
bspline,4504,ctx_50,0.3389312760946904,400,5.614840665448305,0.027491481435510546,102,0.3114397946591799,298,0.25773195876288657,3.5606060606060606
bspline,4504,ctx_100,0.14256914243443083,400,2.6780941420577093,0.0037399498405706636,102,0.13882919259386017,298,0.5154639175257731,2.272727272727273
bspline,4504,extrapolation,0.16702805085494865,298,4.401612330438027,0.0,0,0.16702805085494865,298,0.0,0.0
bspline,4505,ctx_5,0.2731806674281461,400,8.338650430738927,0.0335886566307389,91,0.23959201079740722,309,0.0,0.0
bspline,4505,ctx_10,0.24537199872896726,400,7.785548500716686,0.024785909607132776,91,0.22058608912183447,309,0.0,0.0
bspline,4505,ctx_20,0.2907093800770194,400,8.326548520503401,0.07131853738787905,91,0.21939084268914033,309,0.0,0.0
bspline,4505,ctx_50,0.21553643808118045,400,6.543708735814687,0.03184681706829918,91,0.18368962101288128,309,0.0,3.857142857142857
bspline,4505,ctx_100,0.12499758315232051,400,3.630143380252192,0.00816317691900099,91,0.11683440623331952,309,0.0,5.357142857142857
bspline,4505,extrapolation,0.13977634454237045,309,4.822671882474874,0.0,0,0.13977634454237045,309,0.0,0.0
bspline,4506,ctx_5,0.3629132755542256,400,9.96675311625004,0.04410167205009533,83,0.3188116035041303,317,0.0,0.0
bspline,4506,ctx_10,0.3348092044130189,400,9.04788266196847,0.0360410211672422,83,0.2987681832457767,317,0.0,0.0
bspline,4506,ctx_20,0.33959487630158963,400,8.84132978504443,0.030770072617451235,83,0.30882480368413834,317,0.0,0.0
bspline,4506,ctx_50,0.22308719400700716,400,6.877664204187657,0.022903981142310903,83,0.20018321286469626,317,0.0,3.8970588235294117
bspline,4506,ctx_100,0.12425369917094739,400,3.724928315696188,0.008648251226660577,83,0.11560544794428683,317,0.0,2.7941176470588234
bspline,4506,extrapolation,0.17678547998935143,317,5.05024274604748,0.0,0,0.17678547998935143,317,0.0,0.0
bspline,4507,ctx_5,0.4343721597764915,400,10.454431656002997,0.04020161695610605,89,0.3941705428203855,311,0.0,0.0
bspline,4507,ctx_10,0.4080414752620204,400,9.975033852458001,0.040279101186443025,89,0.3677623740755773,311,0.0,0.0
bspline,4507,ctx_20,0.49319526260201935,400,11.037109869842464,0.04329908871652948,89,0.44989617388548986,311,0.0,0.0
bspline,4507,ctx_50,0.24353149855088274,400,6.341302264812969,0.01991762745996171,89,0.223613871090921,311,0.25839793281653745,4.5588235294117645
bspline,4507,ctx_100,0.15454312662130645,400,4.178793152651668,0.003992918632849588,89,0.15055020798845686,311,0.0,9.264705882352942
bspline,4507,extrapolation,0.21090009765781584,311,5.538367492105017,0.0,0,0.21090009765781584,311,0.0,0.0
bspline,4508,ctx_5,0.8235500140466911,400,13.832551122456788,0.10034066706008979,95,0.7232093469866014,305,0.0,0.0
bspline,4508,ctx_10,0.6226341590866645,400,12.41837399378419,0.0743805235094047,95,0.5482536355772598,305,0.0,0.0
bspline,4508,ctx_20,0.5699316343580287,400,11.708852733993654,0.059158904091226566,95,0.5107727302668021,305,0.0,0.0
bspline,4508,ctx_50,0.483850940156913,400,10.334565148876253,0.08049872179789813,95,0.4033522183590149,305,0.0,14.015151515151516
bspline,4508,ctx_100,0.15857932380568623,400,3.9803091386350067,0.001356471439295418,95,0.15722285236639078,305,0.5221932114882507,6.136363636363637
bspline,4508,extrapolation,0.547781081519173,305,10.251872713565618,0.0,0,0.547781081519173,305,0.6944444444444444,0.07575757575757576
bspline,4509,ctx_5,0.5199481282995773,400,11.434077306091787,0.06216793822430255,78,0.4577801900752747,322,0.0,0.0
bspline,4509,ctx_10,0.4636630672886525,400,10.595727027207612,0.04811842398240297,78,0.41554464330624946,322,0.0,3.125
bspline,4509,ctx_20,0.48211750353045313,400,10.655271624152386,0.03694491969221721,78,0.44517258383823594,322,0.0,0.0
bspline,4509,ctx_50,0.3158867776007056,400,7.723547894569435,0.021710857304899803,78,0.29417592029580586,322,0.25906735751295334,8.984375
bspline,4509,ctx_100,0.08533220776469957,400,2.9882876568860524,5.0279463862733e-05,78,0.08528192830083683,322,0.0,7.96875
bspline,4509,extrapolation,0.29781175173809893,322,6.607972407564446,0.0,0,0.29781175173809893,322,0.0,0.0
bspline,4510,ctx_5,0.13186411960503552,400,4.828418073058128,0.018477731394340394,87,0.11338638821069516,313,0.0,0.0
bspline,4510,ctx_10,0.1030088751545635,400,4.484754261374474,0.011138580076567517,87,0.09187029507799599,313,0.0,0.0
bspline,4510,ctx_20,0.09422710262135686,400,4.469788882817532,0.01972709924044559,87,0.07450000338091128,313,0.0,0.0
bspline,4510,ctx_50,0.06610631242978174,400,3.369839648074701,0.015807783860142192,87,0.05029852856963954,313,0.0,0.0
bspline,4510,ctx_100,0.05203904939954833,400,2.090608361791689,0.015644068632620786,87,0.03639498076692754,313,1.5228426395939085,3.3088235294117645
bspline,4510,extrapolation,0.040074466945588944,313,2.3144434627819344,0.0,0,0.040074466945588944,313,0.0,0.0
bspline,4511,ctx_5,0.1642713488075189,400,6.195221254229544,0.020412401503533628,81,0.14385894730398527,319,0.0,0.0
bspline,4511,ctx_10,0.11966585683615412,400,5.273310185968876,0.012144287675781337,81,0.10752156916037278,319,0.0,0.0
bspline,4511,ctx_20,0.1513552426776818,400,5.5026641965622005,0.01514836781180906,81,0.13620687486587274,319,0.0,0.0
bspline,4511,ctx_50,0.10228738798965278,400,4.3277870449452305,0.00898155934670939,81,0.09330582864294337,319,0.0,0.0
bspline,4511,ctx_100,0.03515071347295424,400,1.5876211160156788,0.0012987047882056413,81,0.033852008684748594,319,0.0,0.4411764705882353
bspline,4511,extrapolation,0.09683044860491027,319,4.164621020288276,0.0,0,0.09683044860491027,319,0.0,0.0
bspline,4512,ctx_5,0.14646902372572246,400,5.847672152519226,0.011572832031790143,89,0.13489619169393233,311,0.0,0.0
bspline,4512,ctx_10,0.1554896972483218,400,5.9617975652217865,0.015241155808409247,89,0.14024854143991256,311,0.0,0.0
bspline,4512,ctx_20,0.16635108669755647,400,6.2607578996391515,0.019643765492762387,89,0.1467073212047941,311,0.0,0.0
bspline,4512,ctx_50,0.13161312018158422,400,4.305223434852577,0.008888665787279443,89,0.12272445439430478,311,0.5167958656330749,0.4411764705882353
bspline,4512,ctx_100,0.05638919056581232,400,2.3385092060582546,0.0020081568417883167,89,0.054381033724024,311,0.0,0.14705882352941177
bspline,4512,extrapolation,0.06365494492605027,311,3.0403211418648404,0.0,0,0.06365494492605027,311,0.0,0.0
bspline,4513,ctx_5,0.12989312765190958,400,5.488584432005882,0.010121398324907672,90,0.1197717293270019,310,0.0,0.0
bspline,4513,ctx_10,0.13102006755948428,400,5.553306947648526,0.010514268411021882,90,0.1205057991484624,310,0.0,0.0
bspline,4513,ctx_20,0.16150442717456776,400,6.1665039190653985,0.030782539837709032,90,0.13072188733685872,310,0.0,0.0
bspline,4513,ctx_50,0.09743857391659941,400,3.682175036046207,0.0067372390911900545,90,0.09070133482540936,310,0.25510204081632654,0.15151515151515152
bspline,4513,ctx_100,0.06295806269922521,400,2.3714506956628036,0.013017194799440438,90,0.049940867899784774,310,0.0,0.8333333333333334
bspline,4513,extrapolation,0.08698114145022344,310,3.4901370345442526,0.0,0,0.08698114145022344,310,0.0,0.0
bspline,4514,ctx_5,0.24340543450146704,400,7.200446817278862,0.016846089583957995,86,0.22655934491750906,314,0.0,0.0
bspline,4514,ctx_10,0.2731946219162072,400,7.855346446111797,0.028015514479793422,86,0.24517910743641375,314,0.0,0.0
bspline,4514,ctx_20,0.28178315617031935,400,7.483585940398941,0.02036007743504319,86,0.26142307873527615,314,0.0,0.0
bspline,4514,ctx_50,0.1879186953712897,400,5.8786041787803995,0.01617178464383471,86,0.17174691072745496,314,0.5291005291005291,0.8333333333333334
bspline,4514,ctx_100,0.0674825988521661,400,2.5012970143453277,0.0027403775580196383,86,0.06474222129414646,314,1.3227513227513228,2.9545454545454546
bspline,4514,extrapolation,0.1442474934540107,314,4.494740521092827,0.0,0,0.1442474934540107,314,0.0,0.0
bspline,4515,ctx_5,0.35619612097010267,400,9.578933557868003,0.03822213433442568,101,0.317973986635677,299,0.0,0.0
bspline,4515,ctx_10,0.3384794626122641,400,9.085418322682381,0.032257040265726615,101,0.3062224223465375,299,0.0,0.0
bspline,4515,ctx_20,0.40789841416459116,400,10.004034358127692,0.07994063861313216,101,0.327957775551459,299,0.0,0.0
bspline,4515,ctx_50,0.2807067353730679,400,6.6298857874440795,0.02067342181372555,101,0.2600333135593424,299,0.5128205128205128,1.25
bspline,4515,ctx_100,0.14982779566339438,400,3.488160874914146,0.01029412114759429,101,0.13953367451580007,299,0.0,1.953125
bspline,4515,extrapolation,0.1755599833477233,299,4.920681736480457,0.0,0,0.1755599833477233,299,0.0,0.0
bspline,4516,ctx_5,0.19655816089128564,400,6.394917309284211,0.01559933834462658,77,0.18095882254665907,323,0.0,0.0
bspline,4516,ctx_10,0.19171210658144894,400,6.534533607959748,0.01785060804437098,77,0.173861498537078,323,0.0,0.0
bspline,4516,ctx_20,0.19715974742970926,400,6.917618706814795,0.025410541605802035,77,0.17174920582390724,323,0.0,0.0
bspline,4516,ctx_50,0.13288505376182516,400,4.966768683139116,0.018194954072794083,77,0.11469009968903107,323,0.0,1.0
bspline,4516,ctx_100,0.05362284815895168,400,1.8471273042354777,0.0009286249976689647,77,0.05269422316128272,323,0.0,2.857142857142857
bspline,4516,extrapolation,0.10300724666933816,323,3.4869093567639204,0.0,0,0.10300724666933816,323,0.0,0.0
bspline,4517,ctx_5,0.15352010817490805,400,5.960046708583832,0.012470113939730635,96,0.14104999423517742,304,0.0,0.0
bspline,4517,ctx_10,0.16024858007183435,400,6.061764083057643,0.014333955765337407,96,0.14591462430649696,304,0.0,0.0
bspline,4517,ctx_20,0.18227415458497837,400,6.496158879001937,0.017791845381060115,96,0.16448230920391824,304,0.0,0.0
bspline,4517,ctx_50,0.16500156853935502,400,5.275165449010516,0.013691171024761094,96,0.1513103975145939,304,0.0,0.15625
bspline,4517,ctx_100,0.03292076747462203,400,1.7044270638440575,2.1540050829426425e-07,96,0.03292055207411374,304,0.2631578947368421,0.390625
bspline,4517,extrapolation,0.08613285971831072,304,3.4410109290232236,0.0,0,0.08613285971831072,304,0.0,0.0
bspline,4518,ctx_5,0.17767666527227757,400,6.539618837833405,0.020112311940214983,78,0.15756435333206262,322,0.0,0.0
bspline,4518,ctx_10,0.1780315357058474,400,6.743291847407814,0.015465002025965928,78,0.1625665336798815,322,0.0,0.0
bspline,4518,ctx_20,0.1794048804682142,400,6.485435049174044,0.014166341578607515,78,0.16523853888960668,322,0.0,0.0
bspline,4518,ctx_50,0.18018851543033387,400,4.8264216535039814,0.0140676614457624,78,0.16612085398457146,322,0.7633587786259542,2.2142857142857144
bspline,4518,ctx_100,0.06053574741593197,400,2.263015416392526,0.00021240941888989406,78,0.06032333799704207,322,0.0,0.5714285714285714
bspline,4518,extrapolation,0.10338258518932253,322,3.7908712243888316,0.0,0,0.10338258518932253,322,0.9584664536741214,0.0
bspline,4519,ctx_5,0.29720931871200273,400,8.192928403615952,0.040108973856410365,94,0.25710034485559236,306,0.0,0.0
bspline,4519,ctx_10,0.274068533813536,400,8.029437579214573,0.03536685396102646,94,0.23870167985250956,306,0.0,0.0
bspline,4519,ctx_20,0.2984381736498569,400,8.736776802220763,0.04440080709435689,94,0.2540373665555,306,0.0,0.0
bspline,4519,ctx_50,0.22742760562191713,400,6.676370547737697,0.0498289664555578,94,0.17759863916635932,306,0.0,0.8088235294117647
bspline,4519,ctx_100,0.0474615705317228,400,2.0035076888612986,0.007959170085292051,94,0.03950240044643075,306,0.5141388174807198,1.5441176470588236
bspline,4519,extrapolation,0.17316846582785955,306,5.277325885450494,0.0,0,0.17316846582785955,306,0.0,0.0
bspline,4520,ctx_5,0.2655087001596681,400,7.539260107278824,0.019207848399463812,81,0.2463008517602043,319,0.0,0.0
bspline,4520,ctx_10,0.24811163474786554,400,7.603646284341812,0.01811308095908977,81,0.22999855378877576,319,0.0,0.0
bspline,4520,ctx_20,0.2792915215474761,400,7.847206001947317,0.05426372844179634,81,0.22502779310567977,319,0.0,0.0
bspline,4520,ctx_50,0.18050232135122637,400,4.983018249792812,0.007750542066226285,81,0.17275177928500007,319,0.5141388174807198,1.3970588235294117
bspline,4520,ctx_100,0.041843155529306356,400,1.820611264537718,0.0030441486601360257,81,0.03879900686917033,319,0.2570694087403599,0.8823529411764706
bspline,4520,extrapolation,0.17608918936223522,319,4.813149747091492,0.0,0,0.17608918936223522,319,0.0,0.0
bspline,4521,ctx_5,0.2976779181367024,400,8.87842388153076,0.03584133408629503,81,0.26183658405040733,319,0.0,0.0
bspline,4521,ctx_10,0.24951499143929354,400,7.532044987380504,0.022987887657231774,81,0.22652710378206178,319,0.0,0.0
bspline,4521,ctx_20,0.25911612506415793,400,8.025696573168318,0.026913364077087016,81,0.23220276098707088,319,0.0,0.0
bspline,4521,ctx_50,0.1538854687164996,400,5.006316977072766,0.014935825537202102,81,0.13894964317929753,319,0.0,3.014705882352941
bspline,4521,ctx_100,0.07859270777887759,400,2.822578686548085,0.007800533466526812,81,0.07079217431235078,319,0.0,1.5441176470588236
bspline,4521,extrapolation,0.13392138114437147,319,4.445404550855993,0.0,0,0.13392138114437147,319,0.0,0.0
bspline,4522,ctx_5,0.4538834064126788,400,10.977669148147106,0.055080094159696315,76,0.3988033122529825,324,0.0,0.0
bspline,4522,ctx_10,0.3212150222370775,400,9.052757281064988,0.0211590195312589,76,0.30005600270581856,324,0.0,0.0
bspline,4522,ctx_20,0.35817209077982726,400,9.492168672309901,0.0243941165263159,76,0.33377797425351124,324,0.0,0.0
bspline,4522,ctx_50,0.18216520678604495,400,5.920646847346626,0.017283280117223247,76,0.16488192666882168,324,0.0,1.838235294117647
bspline,4522,ctx_100,0.12237250694298318,400,3.6324996178157987,0.006322156188829786,76,0.11605035075415338,324,0.0,2.573529411764706
bspline,4522,extrapolation,0.23747100342287603,324,6.306952372722627,0.0,0,0.23747100342287603,324,0.0,0.0
bspline,4523,ctx_5,0.3993532740699377,400,9.831026008725166,0.04268810612937068,88,0.356665167940567,312,0.0,0.0
bspline,4523,ctx_10,0.3235176348708618,400,9.048520047217607,0.03269072065614993,88,0.29082691421471185,312,0.0,0.0
bspline,4523,ctx_20,0.39095387798700915,400,9.91053426130562,0.051450772020232446,88,0.33950310596677674,312,0.0,0.0
bspline,4523,ctx_50,0.2630251212950341,400,7.634669257050996,0.03288022642288864,88,0.23014489487214546,312,0.25773195876288657,1.0483870967741935
bspline,4523,ctx_100,0.13595294457507842,400,4.179919801846901,0.008794394969549679,88,0.12715854960552875,312,0.0,0.967741935483871
bspline,4523,extrapolation,0.28536302769601035,312,7.362805226198984,0.0,0,0.28536302769601035,312,0.0,0.0
bspline,4524,ctx_5,0.47546735904242443,400,10.489375405013561,0.029611345861467363,79,0.44585601318095713,321,0.0,0.0
bspline,4524,ctx_10,0.5499371334453841,400,11.179998688399792,0.03229890827804506,79,0.517638225167339,321,0.0,0.0
bspline,4524,ctx_20,0.4558891126186716,400,10.33064240235901,0.03356240657315645,79,0.42232670604551514,321,0.0,0.0
bspline,4524,ctx_50,0.37459285938146647,400,8.718635085012696,0.03491559253677397,79,0.3396772668446925,321,0.0,2.5757575757575757
bspline,4524,ctx_100,0.2007759463905761,400,4.528608080894375,0.009580292044437647,79,0.19119565434613847,321,0.0,3.409090909090909
bspline,4524,extrapolation,0.26532459578471523,321,6.556327786920938,0.0,0,0.26532459578471523,321,0.6451612903225806,0.0
bspline,4525,ctx_5,0.8167294443667944,400,14.448259046673774,0.08170800723414906,94,0.7350214371326453,306,0.0,0.0
bspline,4525,ctx_10,0.7194058672351087,400,13.433332842588426,0.08735710404007661,94,0.632048763195032,306,0.0,0.0
bspline,4525,ctx_20,0.7388031287213666,400,13.774039771198211,0.17524441578372946,94,0.5635587129376372,306,0.0,2.9411764705882355
bspline,4525,ctx_50,1.115506339001389,400,10.133135832713151,0.027261580756849334,94,1.0882447582445398,306,1.2953367875647668,10.367647058823529
bspline,4525,ctx_100,0.19551469552396164,400,4.719337663113159,0.01232708887546065,94,0.18318760664850098,306,1.8134715025906736,7.279411764705882
bspline,4525,extrapolation,0.634071482781164,306,10.255231563535961,0.0,0,0.634071482781164,306,0.0,2.578125
bspline,4526,ctx_5,0.690083472697812,400,13.644567905366422,0.10679062999001226,84,0.5832928427077997,316,0.0,0.0
bspline,4526,ctx_10,0.6493434791080228,400,12.988684555143116,0.09206473363311364,84,0.5572787454749091,316,0.0,0.0
bspline,4526,ctx_20,0.5835675644622305,400,12.1876353274722,0.08834774735233081,84,0.49521981710989965,316,0.0,0.0
bspline,4526,ctx_50,0.3784718092233469,400,8.187102217082222,0.059277817813887,84,0.3191939914094599,316,0.5194805194805194,15.0
bspline,4526,ctx_100,0.16895953502650898,400,4.272350913296956,0.05857818030627863,84,0.11038135472023036,316,0.5194805194805194,5.546875
bspline,4526,extrapolation,0.4354120586452321,316,8.759185638823073,0.0,0,0.4354120586452321,316,1.6722408026755853,0.703125
bspline,4527,ctx_5,0.9519056009875497,400,15.25202098041773,0.17093944941914996,93,0.7809661515683998,307,0.0,0.0
bspline,4527,ctx_10,0.9730034127009971,400,15.010376395285128,0.11845329075746487,93,0.8545501219435322,307,0.0,0.0
bspline,4527,ctx_20,0.9041181057016147,400,14.663422391738422,0.17603868249449936,93,0.7280794232071153,307,0.0,0.0
bspline,4527,ctx_50,0.6973163298175891,400,11.613610339665392,0.14763497046614482,93,0.5496813593514442,307,0.5076142131979695,15.984848484848484
bspline,4527,ctx_100,0.47517446367992694,400,7.009804297315535,0.017737097550815473,93,0.4574373661291115,307,0.7614213197969543,19.62121212121212
bspline,4527,extrapolation,0.8257309476125471,307,11.685858079666849,0.0,0,0.8257309476125471,307,0.0,0.0
bspline,4528,ctx_5,0.8857004487856568,400,14.505258056521416,0.06726968779839444,63,0.8184307609872623,337,0.0,0.0
bspline,4528,ctx_10,1.0010782193651182,400,15.807463958859444,0.11107410698140668,63,0.8900041123837116,337,0.0,0.0
bspline,4528,ctx_20,0.784682614100588,400,14.674436305643829,0.10449498298439758,63,0.6801876311161904,337,0.0,0.0
bspline,4528,ctx_50,0.5418535452877342,400,10.624890912957047,0.050632302315083935,63,0.4912212429726503,337,0.7692307692307693,9.090909090909092
bspline,4528,ctx_100,0.26433059197432285,400,5.516585945361156,0.011248484928803803,63,0.25308210704551903,337,0.2564102564102564,14.772727272727273
bspline,4528,extrapolation,0.5034348991765073,337,8.341746168470042,0.0,0,0.5034348991765073,337,0.0,0.22727272727272727
bspline,4529,ctx_5,0.694833605202353,400,13.379181605577468,0.09080756083531394,86,0.6040260443670391,314,0.0,0.0
bspline,4529,ctx_10,0.6530975286253844,400,12.980637770891189,0.08470098590236483,86,0.5683965427230195,314,0.0,0.0
bspline,4529,ctx_20,0.8664929013371174,400,14.524456061089872,0.13442491480268534,86,0.7320679865344321,314,0.0,0.0
bspline,4529,ctx_50,0.570697112624363,400,10.152410643401609,0.08560957032913988,86,0.48508754229522305,314,0.5076142131979695,5.703125
bspline,4529,ctx_100,1.0301292948263874,400,7.370373250501615,0.07778748595530509,86,0.952341808871082,314,0.0,7.265625
bspline,4529,extrapolation,1.7211999785990975,314,10.276005850681418,0.0,0,1.7211999785990975,314,6.514657980456026,2.096774193548387
bspline,4530,ctx_5,0.8871648591747101,400,14.98929231017828,0.09448967971958808,67,0.7926751794551221,333,0.0,0.0
bspline,4530,ctx_10,0.8489365092696814,400,14.030336843430998,0.0862890109681796,67,0.7626474983015019,333,0.0,0.0
bspline,4530,ctx_20,0.9355370908449328,400,15.583853238436028,0.09447117199273697,67,0.8410659188521957,333,0.0,0.0
bspline,4530,ctx_50,0.430654209304125,400,8.870130819598955,0.049208086495893866,67,0.38144612280823115,333,2.3255813953488373,10.367647058823529
bspline,4530,ctx_100,0.3582409055863013,400,7.077096186362293,0.06589488925769109,67,0.29234601632861024,333,1.2919896640826873,10.0
bspline,4530,extrapolation,0.5529188470547073,333,9.920750483370988,0.0,0,0.5529188470547073,333,1.2539184952978057,0.0
bspline,4531,ctx_5,0.3956860683725896,400,10.164358900487422,0.05489458957516496,101,0.34079147879742466,299,0.0,0.0
bspline,4531,ctx_10,0.37136482788386493,400,9.890449127554895,0.05869537769488165,101,0.3126694501889833,299,0.0,0.0
bspline,4531,ctx_20,0.39297137373196966,400,9.854738435756744,0.06717266624183954,101,0.32579870749013007,299,0.0,0.0
bspline,4531,ctx_50,0.42448810593549274,400,7.411697251218383,0.0617364537373948,101,0.3627516521980979,299,0.5221932114882507,5.785714285714286
bspline,4531,ctx_100,0.92452789842189,400,3.8571943725500826,0.0041181918530722615,101,0.9204097065688179,299,0.26109660574412535,5.5
bspline,4531,extrapolation,0.19137999507388492,299,5.029473011797114,0.0,0,0.19137999507388492,299,0.0,0.0
bspline,4532,ctx_5,0.4899514113079993,400,10.360397845506668,0.04524831624946408,81,0.4447030950585351,319,0.0,0.0
bspline,4532,ctx_10,0.5020045848166719,400,10.824153943359855,0.04119623410194154,81,0.46080835071473036,319,0.0,0.0
bspline,4532,ctx_20,0.4122116141217175,400,10.03678477046678,0.031302646874461666,81,0.38090896724725576,319,0.0,0.0
bspline,4532,ctx_50,0.28737341101788,400,7.240542250768988,0.023527446312370748,81,0.26384596470550925,319,0.0,0.22727272727272727
bspline,4532,ctx_100,0.46336922141405545,400,4.983503975783988,0.008807067874062168,81,0.45456215353999324,319,0.0,3.1818181818181817
bspline,4532,extrapolation,0.2756070628967001,319,6.980029078107176,0.0,0,0.2756070628967001,319,0.0,0.0
bspline,4533,ctx_5,0.6502226141278319,400,12.240874700248241,0.06959201902133391,90,0.580630595106498,310,0.0,0.0
bspline,4533,ctx_10,0.6764527296838383,400,12.683031921088697,0.08610522070380631,90,0.5903475089800321,310,0.0,0.0
bspline,4533,ctx_20,0.5986744995435781,400,12.123932693857459,0.05873543478999885,90,0.5399390647535792,310,0.0,0.0
bspline,4533,ctx_50,0.3157906503845431,400,7.388981200786862,0.024759748847118804,90,0.2910309015374243,310,0.7614213197969543,2.196969696969697
bspline,4533,ctx_100,0.15199575611032964,400,3.223334495133001,0.004689868198958368,90,0.14730588791137128,310,0.7614213197969543,6.818181818181818
bspline,4533,extrapolation,0.3910124242109057,310,8.438575061698788,0.0,0,0.3910124242109057,310,0.0,0.0
bspline,4534,ctx_5,0.5312687073789121,400,11.246749171614649,0.06281782543964384,86,0.4684508819392683,314,0.0,0.0
bspline,4534,ctx_10,0.5271372474237166,400,11.224262069910765,0.060194506919590565,86,0.466942740504126,314,0.0,0.0
bspline,4534,ctx_20,0.5039687598421321,400,11.46489505593677,0.06669608135735255,86,0.43727267848477946,314,0.0,3.125
bspline,4534,ctx_50,0.9195500878204823,400,8.58093214287284,0.04042359971877589,86,0.8791264881017065,314,0.5076142131979695,4.140625
bspline,4534,ctx_100,0.23976731434024368,400,4.078198306600283,0.011985264721981555,86,0.22778204961826215,314,1.5228426395939085,7.890625
bspline,4534,extrapolation,0.30987227552048513,314,6.364072851691532,0.0,0,0.30987227552048513,314,0.0,0.0
bspline,4535,ctx_5,0.4283183655975483,400,10.275379857420921,0.046761632042316544,87,0.38155673355523184,313,0.0,0.0
bspline,4535,ctx_10,0.5508587901124533,400,11.861845330045245,0.08136544519058964,87,0.4694933449218637,313,0.0,0.0
bspline,4535,ctx_20,0.4981259228652266,400,11.27469743946871,0.05890903807330768,87,0.43921688479191895,313,0.0,0.0
bspline,4535,ctx_50,0.3106521436632363,400,7.433195746537667,0.023733558381026282,87,0.28691858528221004,313,0.0,1.7647058823529411
bspline,4535,ctx_100,0.10290315734941863,400,2.8705014294274207,0.009777620898561396,87,0.09312553645085725,313,1.7902813299232736,2.573529411764706
bspline,4535,extrapolation,0.24514415850699944,313,5.907512677493878,0.0,0,0.24514415850699944,313,0.0,0.5147058823529411
bspline,4536,ctx_5,1.1062591592943911,400,16.356438606977463,0.16726929255429435,89,0.938989866740097,311,0.0,0.0
bspline,4536,ctx_10,1.1366044966941176,400,17.374075950682162,0.18617818213790985,89,0.9504263145562076,311,0.0,0.0
bspline,4536,ctx_20,0.9761333704249948,400,15.248764241401421,0.10893703308202463,89,0.8671963373429701,311,0.0,0.0
bspline,4536,ctx_50,0.676018160009461,400,11.58484236838003,0.09147604066208814,89,0.5845421193473729,311,0.0,8.59375
bspline,4536,ctx_100,0.2391417835772105,400,5.215815241916287,0.015461945633576857,89,0.22367983794363366,311,0.0,9.921875
bspline,4536,extrapolation,0.3294616958632928,311,6.63781605520172,0.0,0,0.3294616958632928,311,1.7667844522968197,1.015625
bspline,4537,ctx_5,0.12314128609528674,400,5.528109717369079,0.008087356511743688,79,0.11505392958354305,321,0.0,0.0
bspline,4537,ctx_10,0.11574240131179821,400,5.305972224473953,0.006380461809393151,79,0.10936193950240505,321,0.0,0.0
bspline,4537,ctx_20,0.1275913968897535,400,5.57870649592863,0.009179130244027991,79,0.11841226664572549,321,0.0,0.0
bspline,4537,ctx_50,0.058852451297682434,400,2.972682930004516,0.00304074464717121,79,0.05581170665051122,321,0.0,0.0
bspline,4537,ctx_100,0.02607464550671091,400,1.557510616357761,1.2140387571939582e-07,79,0.026074524102835187,321,0.0,0.0
bspline,4537,extrapolation,0.05168711253916273,321,2.7870031786381357,0.0,0,0.05168711253916273,321,0.0,0.0
bspline,4538,ctx_5,0.09953937396487286,400,4.772982665896416,0.008877761009534685,91,0.09066161295533817,309,0.0,0.0
bspline,4538,ctx_10,0.09908077341964353,400,4.7375772386789325,0.007750493543388613,91,0.09133027987625492,309,0.0,0.0
bspline,4538,ctx_20,0.10600496397985318,400,4.9833212979088914,0.010245989007027735,91,0.09575897497282543,309,0.0,0.0
bspline,4538,ctx_50,0.06252569433971353,400,2.824982564710261,0.004049715860818645,91,0.058475978478894894,309,0.0,0.0
bspline,4538,ctx_100,0.040071749032536005,400,1.564326275727751,0.0006802365914870895,91,0.039391512441048916,309,0.0,1.2878787878787878
bspline,4538,extrapolation,0.059171954182089204,309,2.6561827147297707,0.0,0,0.059171954182089204,309,0.0,0.0
bspline,4539,ctx_5,0.4725001656022352,400,10.95650863200426,0.07126020724708118,97,0.401239958355154,303,0.0,0.0
bspline,4539,ctx_10,0.5108421732928231,400,11.134561862424016,0.07456687506749375,97,0.43627529822532934,303,0.0,0.0
bspline,4539,ctx_20,0.47705757538141963,400,10.889259069785783,0.0817086854268385,97,0.3953488899545812,303,0.0,0.0
bspline,4539,ctx_50,0.34074952369412403,400,7.9957721104272865,0.03183742647149513,97,0.30891209722262897,303,0.0,9.765625
bspline,4539,ctx_100,0.1683871627052243,400,4.641222808618703,0.004792513569145234,97,0.16359464913607905,303,0.0,10.078125
bspline,4539,extrapolation,0.2744299979020009,303,5.891454411579002,0.0,0,0.2744299979020009,303,0.0,0.25862068965517243
pca,4500,ctx_5,0.012632230105134387,400,1.075086713793498,0.0006162742322016223,93,0.012015955872932766,307,0.5249343832020997,0.07142857142857142
pca,4500,ctx_10,0.039449195596625665,400,1.2226690025796851,0.0009431855293348541,93,0.038506010067290805,307,0.26246719160104987,0.9285714285714286
pca,4500,ctx_20,0.01928968656676568,400,0.9007968466049463,0.0002489799361347804,93,0.019040706630630906,307,1.0498687664041995,0.5714285714285714
pca,4500,ctx_50,0.01192886088931752,400,0.7711543383843682,0.0002527531140475094,93,0.011676107775270011,307,0.0,0.0
pca,4500,ctx_100,0.009111406130114172,400,0.7118789108098033,0.0002796696219688465,93,0.008831736508145324,307,0.5249343832020997,0.0
pca,4500,extrapolation,0.030431573484452634,307,1.2615748209397757,0.0,0,0.030431573484452634,307,0.0,0.7857142857142857
pca,4501,ctx_5,0.012750757944626698,400,1.0394801156135987,0.0008779841932679988,89,0.011872773751358699,311,0.0,0.0
pca,4501,ctx_10,0.02507057802224416,400,1.1960621664573763,0.0007931875894811035,89,0.02427739043276305,311,0.25252525252525254,0.0
pca,4501,ctx_20,0.04839797103893077,400,1.1195242841338535,0.0004690744372945365,89,0.04792889660163624,311,0.5050505050505051,0.0
pca,4501,ctx_50,0.008319140018192513,400,0.7693575979812592,0.0006113796667805574,89,0.007707760351411956,311,0.0,0.0
pca,4501,ctx_100,0.008258920533675024,400,0.7634781099284995,0.0006077928946150776,89,0.007651127639059944,311,0.0,0.0
pca,4501,extrapolation,0.08794460568217918,311,1.940073537402593,0.0,0,0.08794460568217918,311,0.0,1.1666666666666667
pca,4502,ctx_5,0.007995455679228852,400,1.0029881788996624,0.0004617960330571345,76,0.007533659646171718,324,0.0,0.0
pca,4502,ctx_10,0.0330888212862148,400,1.4565224587615901,0.00035818481600210437,76,0.032730636470212696,324,0.0,0.0
pca,4502,ctx_20,0.003929072840725413,400,0.6621510447401897,0.00023696708230021608,76,0.003692105758425198,324,0.0,0.0
pca,4502,ctx_50,0.00244557392357339,400,0.5688336039965967,0.0001415122638408965,76,0.002304061659732494,324,0.0,0.0
pca,4502,ctx_100,0.0023287039620049224,400,0.5381645123659742,0.00011634625593276878,76,0.0022123577060721537,324,0.0,0.0
pca,4502,extrapolation,0.015753727235537505,324,0.8473377755237891,0.0,0,0.015753727235537505,324,0.0,0.0
pca,4503,ctx_5,0.006878528023992719,400,0.7310184610738911,8.11645822199021e-05,86,0.006797363441772817,314,0.0,0.0
pca,4503,ctx_10,0.02076760109536082,400,1.1568789828150647,0.003391909606768566,86,0.017375691488592256,314,0.2597402597402597,0.0
pca,4503,ctx_20,0.006183150811743493,400,0.7450544074047442,0.000420941345273028,86,0.005762209466470465,314,0.0,0.0
pca,4503,ctx_50,0.005160949199036077,400,0.6762062265805866,0.00011257082774539694,86,0.00504837837129068,314,0.0,0.0
pca,4503,ctx_100,0.00342421967071846,400,0.6564216548268991,0.0001487396448967431,86,0.0032754800258217166,314,0.0,0.0
pca,4503,extrapolation,0.009513736357810465,314,0.5486944251824253,0.0,0,0.009513736357810465,314,0.0,0.0
pca,4504,ctx_5,0.005805651690381722,400,0.7853583632566242,0.0005703536113945681,102,0.005235298078987153,298,0.0,0.0
pca,4504,ctx_10,0.03492109853918736,400,0.7350730824335228,0.0001302765577506264,102,0.03479082198143673,298,0.0,0.0
pca,4504,ctx_20,0.028911543129586523,400,0.6797772272992701,0.0001977687142696295,102,0.02871377441531689,298,0.0,0.0
pca,4504,ctx_50,0.0025611053377759697,400,0.5128367918574861,0.0001422045018540184,102,0.0024189008359219513,298,0.0,0.15151515151515152
pca,4504,ctx_100,0.001582039997656644,400,0.5263319352630195,0.00012281640125534632,102,0.0014592235964012979,298,0.0,0.15151515151515152
pca,4504,extrapolation,0.0058737837235494205,298,0.5276004722643045,0.0,0,0.0058737837235494205,298,0.0,0.0
pca,4505,ctx_5,0.002868660030479089,400,0.6706963137779612,0.00033581589082729376,91,0.0025328441396517956,309,0.0,0.0
pca,4505,ctx_10,0.016286217134361812,400,0.6167200554091643,0.00019022867211839417,91,0.01609598846224342,309,0.0,0.0
pca,4505,ctx_20,0.012634128709578201,400,0.7812766000104587,0.00029113408413207936,91,0.012342994625446121,309,0.0,0.0
pca,4505,ctx_50,0.0019679196066585154,400,0.46182810686176207,0.00019606732577911505,91,0.0017718522808794004,309,0.0,0.0
pca,4505,ctx_100,0.0018422479408890437,400,0.4886864698886724,0.00018882212346786162,91,0.001653425817421182,309,0.0,0.0
pca,4505,extrapolation,0.01629346696875238,309,0.7848776642207576,0.0,0,0.01629346696875238,309,0.0,0.0
pca,4506,ctx_5,0.008191632582280419,400,0.8228994969176667,0.00023729545238857538,83,0.007954337129891843,317,0.0,0.0
pca,4506,ctx_10,0.017687385656577473,400,1.0829120437418467,0.00027983348256785075,83,0.01740755217400962,317,0.0,0.0
pca,4506,ctx_20,0.0418147720185509,400,0.9518645136668307,0.00012166004158027175,83,0.04169311197697063,317,0.0,0.07352941176470588
pca,4506,ctx_50,0.016901775958254418,400,0.622304221895107,0.0001398188187903986,83,0.016761957139464014,317,0.0,0.0
pca,4506,ctx_100,0.004687288914807314,400,0.6448177723253044,0.00012879425512589602,83,0.004558494659681418,317,0.0,0.0
pca,4506,extrapolation,0.043122689422258054,317,1.1276364560116034,0.0,0,0.043122689422258054,317,0.0,0.0
pca,4507,ctx_5,0.004359744767050073,400,0.7144979638650998,0.0002914285492203168,89,0.004068316217829755,311,0.0,0.0
pca,4507,ctx_10,0.015197089113077789,400,0.8732448891896077,0.00016945612105983735,89,0.01502763299201795,311,0.25839793281653745,0.0
pca,4507,ctx_20,0.010926090023329492,400,0.7057662661422005,0.0001376929848328739,89,0.01078839703849662,311,0.5167958656330749,0.0
pca,4507,ctx_50,0.010471072568558334,400,0.7268190433522906,0.00015981467775986143,89,0.01031125789079847,311,0.0,0.0
pca,4507,ctx_100,0.0032602600154609564,400,0.5828909833825051,0.00018733553797951424,89,0.003072924477481442,311,0.5167958656330749,0.0
pca,4507,extrapolation,0.018465878646522188,311,0.8117846506393918,0.0,0,0.018465878646522188,311,0.0,0.0
pca,4508,ctx_5,0.08540696822675302,400,2.7918902673032893,0.004615598016712913,95,0.08079137021004011,305,0.0,0.15151515151515152
pca,4508,ctx_10,0.010894705542393988,400,1.0452221589064807,0.00203587109534489,95,0.008858834447049099,305,0.0,0.3787878787878788
pca,4508,ctx_20,0.01082640892770925,400,1.0606455328459108,0.0018183075237660153,95,0.009008101403943236,305,0.0,0.45454545454545453
pca,4508,ctx_50,0.006181422279713902,400,0.9550398480751825,0.0016476295350160701,95,0.004533792744697831,305,0.0,0.22727272727272727
pca,4508,ctx_100,0.005894727234450688,400,0.9306372454000033,0.0018259706204201075,95,0.0040687566140305805,305,0.0,0.22727272727272727
pca,4508,extrapolation,0.11249774496545949,305,1.8415114212747143,0.0,0,0.11249774496545949,305,0.0,1.7424242424242424
pca,4509,ctx_5,0.017523178918040803,400,1.2325567189411002,0.0012497376595166727,78,0.016273441258524132,322,0.0,0.0
pca,4509,ctx_10,0.03776260000178363,400,0.9730238185434803,0.0009244329207642983,78,0.036838167081019335,322,0.0,0.0
pca,4509,ctx_20,0.0048469356777137845,400,0.7825954555687322,0.00042975349132443546,78,0.004417182186389349,322,0.0,0.078125
pca,4509,ctx_50,0.004453495180080052,400,0.7430702211294702,0.0004402553035927371,78,0.004013239876487315,322,0.0,0.078125
pca,4509,ctx_100,0.003998599790942197,400,0.7007567995580359,0.000517396970750848,78,0.0034812028201913485,322,0.0,0.0
pca,4509,extrapolation,0.05991189787403543,322,1.2049583778569903,0.0,0,0.05991189787403543,322,0.0,0.703125
pca,4510,ctx_5,0.034069582638034286,400,1.2806756179839522,0.0007125207496173903,87,0.0333570618884169,313,0.25380710659898476,0.0
pca,4510,ctx_10,0.03833802699217795,400,1.1724250846461395,0.0003763902722657622,87,0.037961636719912185,313,0.25380710659898476,0.0
pca,4510,ctx_20,0.009628366232975636,400,0.7701808677442137,0.00024046881789042298,87,0.009387897415085214,313,0.0,0.0
pca,4510,ctx_50,0.006378220479067441,400,0.5404435821786012,0.00011858292356999659,87,0.006259637555497443,313,0.0,0.0
pca,4510,ctx_100,0.0027381857534268996,400,0.579335994054802,0.0001794054508802654,87,0.0025587803025466337,313,0.0,0.0
pca,4510,extrapolation,0.009786571784509545,313,0.7463077334065663,0.0,0,0.009786571784509545,313,0.0,0.0
pca,4511,ctx_5,0.009627299904146012,400,1.009516840039686,0.0006183454284607574,81,0.009008954475685255,319,0.0,0.0
pca,4511,ctx_10,0.006522094362780035,400,0.5534940680107905,8.552173513698689e-05,81,0.006436572627643047,319,0.0,0.0
pca,4511,ctx_20,0.004528466333284016,400,0.5933865482426603,0.0003063874057410125,81,0.004222078927543003,319,0.0,0.0
pca,4511,ctx_50,0.013980990848293892,400,0.6687208027733998,0.00013043077429810725,81,0.013850560073995785,319,0.0,0.0
pca,4511,ctx_100,0.0025993684881892532,400,0.4632414866290554,0.00013143893015547472,81,0.0024679295580337787,319,0.0,0.0
pca,4511,extrapolation,0.010016983114605716,319,0.7910432129142047,0.0,0,0.010016983114605716,319,0.0,0.0
pca,4512,ctx_5,0.007320860845471798,400,0.5277262064636976,9.660487871163945e-05,89,0.007224255966760159,311,0.0,0.0
pca,4512,ctx_10,0.012228587583998994,400,0.6498836036211282,8.374072586432853e-05,89,0.012144846858134665,311,0.0,0.0
pca,4512,ctx_20,0.09415481262857184,400,0.9761703861474725,8.211126996725808e-05,89,0.09407270135860459,311,0.0,0.0
pca,4512,ctx_50,0.026806576213230467,400,0.955414785197297,0.00014726925566868745,89,0.026659306957561774,311,0.0,0.0
pca,4512,ctx_100,0.011099493452314823,400,0.6957974548614332,0.00011292351821711794,89,0.010986569934097707,311,0.0,0.0
pca,4512,extrapolation,0.009779047696388592,311,0.5636141264436558,0.0,0,0.009779047696388592,311,0.0,0.0
pca,4513,ctx_5,0.04093610894259203,400,1.7676629990329826,0.0026799835042638303,90,0.038256125438328195,310,0.0,0.0
pca,4513,ctx_10,0.002305560626433573,400,0.40506079589359256,8.301322177295514e-05,90,0.002222547404660618,310,0.0,0.0
pca,4513,ctx_20,0.0021778526563685802,400,0.36931350979722527,5.124229908492587e-05,90,0.002126610357283654,310,0.0,0.0
pca,4513,ctx_50,0.002403387907158901,400,0.514136775124618,9.177145314821024e-05,90,0.002311616454010691,310,0.0,0.0
pca,4513,ctx_100,0.0017739929279788512,400,0.43110912055698686,9.18845720367299e-05,90,0.0016821083559421211,310,0.0,0.0
pca,4513,extrapolation,0.01778820867109766,310,0.7068620338986535,0.0,0,0.01778820867109766,310,0.0,0.0
pca,4514,ctx_5,0.008529648236904356,400,0.7865444111892691,0.0005360047861168918,86,0.007993643450787465,314,0.0,0.6818181818181818
pca,4514,ctx_10,0.016310188441267706,400,0.8061986365079259,0.0004576481044513861,86,0.015852540336816316,314,0.0,0.0
pca,4514,ctx_20,0.014372788432076896,400,0.6891746401098477,0.0002243713344290219,86,0.014148417097647872,314,0.5291005291005291,0.8333333333333334
pca,4514,ctx_50,0.002836348918819103,400,0.5801171923883259,0.0003037332176422607,86,0.0025326157011768425,314,0.0,0.6060606060606061
pca,4514,ctx_100,0.002646971238693834,400,0.5289578969686155,0.0002772248406633687,86,0.002369746398030465,314,0.0,0.6818181818181818
pca,4514,extrapolation,0.005512543380613395,314,0.6089597527749231,0.0,0,0.005512543380613395,314,0.3424657534246575,0.6818181818181818
pca,4515,ctx_5,0.012516446151868723,400,0.7891218126691164,0.00028154830542406463,101,0.012234897846444655,299,0.0,0.0
pca,4515,ctx_10,0.004984388533165763,400,0.7204734933770313,0.0002588264987376019,101,0.004725562034428162,299,0.0,0.0
pca,4515,ctx_20,0.005302185676264332,400,0.7755077736573264,0.0002766992393606876,101,0.005025486436903643,299,0.0,0.0
pca,4515,ctx_50,0.0034862894838845406,400,0.6553559811042591,0.00019499927602607389,101,0.0032912902078584667,299,0.0,0.0
pca,4515,ctx_100,0.002669337078661147,400,0.632145074780667,0.00022301489483104013,101,0.0024463221838301064,299,0.0,0.0
pca,4515,extrapolation,0.019615555469855935,299,0.845048800044385,0.0,0,0.019615555469855935,299,0.0,0.4838709677419355
pca,4516,ctx_5,0.02638330649659541,400,1.322591451090358,0.0008922943096049929,77,0.02549101218699042,323,0.5208333333333334,0.0
pca,4516,ctx_10,0.025560187017048652,400,0.7504496965195827,8.892137247337178e-05,77,0.025471265644575282,323,0.0,0.0
pca,4516,ctx_20,0.02684263702517228,400,0.8814209475863706,8.491342718415507e-05,77,0.026757723597988118,323,0.0,0.0
pca,4516,ctx_50,0.025498719376520866,400,0.6740488661708727,5.998208623804272e-05,77,0.025438737290282815,323,0.0,0.0
pca,4516,ctx_100,0.014639556940858722,400,0.5747159431408634,6.107325430447309e-05,77,0.014578483686554247,323,0.0,0.0
pca,4516,extrapolation,0.011843115362588731,323,0.7555702453379476,0.0,0,0.011843115362588731,323,0.0,0.2857142857142857
pca,4517,ctx_5,0.0033838963337955224,400,0.4931120678320521,0.0001701187955488182,96,0.0032137775382467043,304,0.0,0.0
pca,4517,ctx_10,0.050050422152826644,400,0.789649927494905,5.617590080120414e-05,96,0.04999424625202543,304,0.0,0.0
pca,4517,ctx_20,0.08091812170567285,400,0.9186090583329324,5.898588190964955e-05,96,0.0808591358237632,304,0.0,0.0
pca,4517,ctx_50,0.03536901324553055,400,0.7116728434771082,0.00011726162837482335,96,0.03525175161715573,304,0.0,0.0
pca,4517,ctx_100,0.0014063602477684435,400,0.4081323373398731,0.00010804252728469023,96,0.0012983177204837532,304,0.0,0.3125
pca,4517,extrapolation,0.01151632673054918,304,0.61161866773895,0.0,0,0.01151632673054918,304,0.0,0.0
pca,4518,ctx_5,0.024279720157247546,400,1.637745320479235,0.0014199125878071647,78,0.022859807569440387,322,0.0,0.35714285714285715
pca,4518,ctx_10,0.01485473077566006,400,0.7090403028548742,5.237017445628618e-05,78,0.014802360601203778,322,0.0,0.14285714285714285
pca,4518,ctx_20,0.008042396838823122,400,0.5755235861699094,0.00014163439839279048,78,0.007900762440430333,322,0.0,0.0
pca,4518,ctx_50,0.006335079361686452,400,0.5118746232436581,0.00017970929354343645,78,0.0061553700681430176,322,0.0,0.07142857142857142
pca,4518,ctx_100,0.004438974637017007,400,0.5296013205559452,0.0001944583851728669,78,0.004244516251844141,322,0.0,0.0
pca,4518,extrapolation,0.019811691096843952,322,0.7076284379483516,0.0,0,0.019811691096843952,322,0.0,0.0
pca,4519,ctx_5,0.038600474909894746,400,1.7768213661914323,0.0015350672014235534,94,0.037065407708471186,306,0.2570694087403599,0.0
pca,4519,ctx_10,0.03557225893895781,400,0.8985096911591175,0.00033803372456024503,94,0.03523422521439757,306,0.0,0.0
pca,4519,ctx_20,0.013499800534240394,400,0.765002038710744,0.00038175827747179527,94,0.0131180422567686,306,0.0,0.0
pca,4519,ctx_50,0.0024630956894430523,400,0.6174504345569298,0.0003184544532569533,94,0.002144641236186099,306,0.0,0.07352941176470588
pca,4519,ctx_100,0.002062222809414302,400,0.5789468218010365,0.00029013559860823445,94,0.0017720872108060674,306,0.0,0.07352941176470588
pca,4519,extrapolation,0.032367569477417486,306,1.136372859439659,0.0,0,0.032367569477417486,306,0.0,0.0
pca,4520,ctx_5,0.009424607913096171,400,0.9993671590645863,0.0006817686337612961,81,0.008742839279334875,319,0.0,0.0
pca,4520,ctx_10,0.008658968383560941,400,0.7377360729737189,0.0002694120221899513,81,0.00838955636137099,319,0.2570694087403599,0.29411764705882354
pca,4520,ctx_20,0.004753260785887524,400,0.6257302858199346,0.0001282549045443179,81,0.004625005881343206,319,0.0,0.0
pca,4520,ctx_50,0.1280689022781533,400,1.251825177928662,0.00015329303328640088,81,0.1279156092448669,319,0.0,0.0
pca,4520,ctx_100,0.0022992283214819877,400,0.5181522275960845,0.00014511710941476018,81,0.0021541112120672277,319,0.0,0.22058823529411764
pca,4520,extrapolation,0.029072833806658458,319,1.1424002638302908,0.0,0,0.029072833806658458,319,0.0,0.14705882352941177
pca,4521,ctx_5,0.01999299572149,400,1.3582819046760906,0.0008989385650506742,81,0.019094057156439328,319,0.0,0.0
pca,4521,ctx_10,0.012761776544395139,400,0.7968044311876565,0.00014658314015014463,81,0.012615193404244994,319,0.0,0.0
pca,4521,ctx_20,0.0308179021827276,400,0.8868920421549802,0.00011530428881872597,81,0.030702597893908872,319,0.0,0.0
pca,4521,ctx_50,0.003607689488713921,400,0.5841178942642344,0.0001530939911472803,81,0.0034545954975666406,319,0.2518891687657431,0.0
pca,4521,ctx_100,0.0031751017767786055,400,0.5588099309812506,0.0001255062313481543,81,0.003049595545430451,319,0.2518891687657431,0.0
pca,4521,extrapolation,0.00849841252029937,319,0.789577647614572,0.0,0,0.00849841252029937,319,0.0,0.0
pca,4522,ctx_5,0.022945269314467085,400,1.0290367946926917,0.0004931980932263796,76,0.022452071221240707,324,0.0,0.8088235294117647
pca,4522,ctx_10,0.00866000220665076,400,0.7404019484279364,0.00018436638906757814,76,0.008475635817583184,324,0.0,0.7352941176470589
pca,4522,ctx_20,0.004863355302761897,400,0.6944857381087315,0.00012676514639997554,76,0.0047365901563619205,324,0.0,0.5147058823529411
pca,4522,ctx_50,0.01994494094380532,400,0.7169732245803783,9.356054868903803e-05,76,0.01985138039511628,324,0.0,1.1029411764705883
pca,4522,ctx_100,0.006944198423318768,400,0.5873822096676714,0.00010287534395736168,76,0.006841323079361407,324,0.0,0.8088235294117647
pca,4522,extrapolation,0.015208067378941705,324,0.8028540031173594,0.0,0,0.015208067378941705,324,0.6349206349206349,0.8088235294117647
pca,4523,ctx_5,0.03503768957790217,400,1.7379071600637779,0.002049243039311628,88,0.03298844653859054,312,0.0,0.5645161290322581
pca,4523,ctx_10,0.047028184495964534,400,0.9981616971431028,0.00017677956805168442,88,0.04685140492791284,312,0.0,0.0
pca,4523,ctx_20,0.0034806201717162305,400,0.5619222070573024,9.90234868401674e-05,88,0.0033815966848760636,312,0.0,0.5645161290322581
pca,4523,ctx_50,0.004468077745763837,400,0.5872036864276688,0.00010563953481719401,88,0.004362438210946642,312,0.0,0.5645161290322581
pca,4523,ctx_100,0.0024280871115970747,400,0.5439671460356241,0.00011066576344097374,88,0.0023174213481561012,312,0.0,0.4838709677419355
pca,4523,extrapolation,0.015381287820144045,312,0.7853256001467701,0.0,0,0.015381287820144045,312,0.3333333333333333,0.6451612903225806
pca,4524,ctx_5,0.007277162426556156,400,0.7400510232512805,0.000294096267164293,79,0.006983066159391864,321,0.5141388174807198,0.15151515151515152
pca,4524,ctx_10,0.006459828982654626,400,0.639670805395985,0.0001575824286081546,79,0.006302246554046471,321,0.5141388174807198,0.15151515151515152
pca,4524,ctx_20,0.08822580939133731,400,0.9255055245396717,0.0001934041402600162,79,0.08803240525107729,321,0.0,0.5303030303030303
pca,4524,ctx_50,0.06901210560698055,400,1.0074698040324248,0.00017043428789524615,79,0.0688416713190853,321,0.0,0.0
pca,4524,ctx_100,0.020676040102228243,400,0.7526880367904276,0.00021226926291297883,79,0.020463770839315262,321,0.0,0.22727272727272727
pca,4524,extrapolation,0.012118712251985086,321,0.8368589331974823,0.0,0,0.012118712251985086,321,0.6451612903225806,0.0
pca,4525,ctx_5,0.02747979965510937,400,1.6152798490613614,0.0020091971415468245,94,0.02547060251356255,306,1.8134715025906736,3.3823529411764706
pca,4525,ctx_10,0.04310622384901057,400,1.6945406692284086,0.0019434395439065766,94,0.041162784305104,306,0.25906735751295334,3.3823529411764706
pca,4525,ctx_20,0.01545841030953739,400,1.2302986909117295,0.0010206082342651837,94,0.014437802075272208,306,1.2953367875647668,3.088235294117647
pca,4525,ctx_50,0.021208896223928464,400,1.132580017759229,0.0007298775477712389,94,0.020479018676157226,306,1.2953367875647668,3.088235294117647
pca,4525,ctx_100,0.009494667235454661,400,1.1065427060388435,0.0007728914282074094,94,0.008721775807247251,306,2.33160621761658,3.235294117647059
pca,4525,extrapolation,0.16577895204453974,306,2.5630249905915576,0.0,0,0.16577895204453974,306,1.7241379310344827,4.453125
pca,4526,ctx_5,0.011537496790886847,400,1.1483103108595576,0.0012063439728665964,84,0.010331152818020248,316,0.2597402597402597,0.625
pca,4526,ctx_10,0.02790614959070933,400,1.1197674978569974,0.0003572056487631708,84,0.027548943941946163,316,0.0,0.0
pca,4526,ctx_20,0.04936676864810526,400,1.1968341861607743,0.0007212987734706681,84,0.04864546987463459,316,0.2597402597402597,0.078125
pca,4526,ctx_50,0.0033241969742788488,400,0.6139921463838738,0.0005792685706635899,84,0.002744928403615259,316,0.5194805194805194,0.625
pca,4526,ctx_100,0.0024370688843550576,400,0.6278343782848252,0.0005714211074698984,84,0.0018656477768851595,316,0.5194805194805194,0.625
pca,4526,extrapolation,0.009219106512712596,316,0.7712252972654328,0.0,0,0.009219106512712596,316,0.0,1.40625
pca,4527,ctx_5,0.19389551847060696,400,2.800432460297621,0.004430683671909615,93,0.18946483479869736,307,0.5076142131979695,5.606060606060606
pca,4527,ctx_10,0.1405735307871156,400,2.5311092059974767,0.003445266417261275,93,0.13712826436985434,307,1.2690355329949239,6.363636363636363
pca,4527,ctx_20,0.1013045924700206,400,2.0530971250688825,0.002378505747602369,93,0.09892608672241823,307,0.5076142131979695,6.4393939393939394
pca,4527,ctx_50,0.011921590704767665,400,1.5266947134063045,0.0029550619620038973,93,0.008966528742763769,307,1.2690355329949239,6.0606060606060606
pca,4527,ctx_100,0.011654885413764762,400,1.4737813313631436,0.002669811613584926,93,0.008985073800179835,307,0.7614213197969543,5.2272727272727275
pca,4527,extrapolation,0.23716513779018314,307,3.4801426411332237,0.0,0,0.23716513779018314,307,1.0033444816053512,13.306451612903226
pca,4528,ctx_5,0.010134049091723003,400,1.2199979837481605,0.0010911326178715572,63,0.009042916473851446,337,0.0,0.30303030303030304
pca,4528,ctx_10,0.017269039529858587,400,0.9505099556867415,0.0005076304981792234,63,0.016761409031679362,337,0.0,0.45454545454545453
pca,4528,ctx_20,0.007434712731249041,400,0.9798866428674904,0.000346626602017792,63,0.007088086129231249,337,0.0,0.30303030303030304
pca,4528,ctx_50,0.006793322658058534,400,0.7889111235202444,0.0005290316682602723,63,0.00626429098979826,337,0.0,0.0
pca,4528,ctx_100,0.004544118519607957,400,0.7658592439114166,0.0005605036948295316,63,0.003983614824778426,337,0.0,0.0
pca,4528,extrapolation,0.06385220424552918,337,1.9146158102911373,0.0,0,0.06385220424552918,337,0.3058103975535168,3.6363636363636362
pca,4529,ctx_5,0.14708731384760068,400,2.2681597507376257,0.0035601420644212393,86,0.14352717178317947,314,0.0,0.0
pca,4529,ctx_10,0.007928998543359251,400,0.7480082293814823,0.0001341755338088338,86,0.007794823009550419,314,0.0,0.0
pca,4529,ctx_20,0.16348222564244708,400,1.460562426486144,0.0002185087300342746,86,0.1632637169124128,314,0.0,0.859375
pca,4529,ctx_50,0.04059013979151483,400,0.9958428641242666,0.0001997400418416343,86,0.04039039974967319,314,0.0,0.0
pca,4529,ctx_100,0.03947367600216002,400,0.9256505502279665,0.00018733348152572227,86,0.039286342520634294,314,0.0,0.0
pca,4529,extrapolation,0.00936099825996542,314,0.8936129008961056,0.0,0,0.00936099825996542,314,0.0,0.0
pca,4530,ctx_5,0.0732354943846863,400,2.6686878554907167,0.0020031464573146353,67,0.07123234792737165,333,0.0,0.36764705882352944
pca,4530,ctx_10,0.023668700221831488,400,1.3052719159352681,0.0005457146140551187,67,0.02312298560777637,333,0.5167958656330749,0.29411764705882354
pca,4530,ctx_20,0.008679309136491828,400,0.9705709394198874,0.0007981116937481007,67,0.007881197442743728,333,0.0,0.5147058823529411
pca,4530,ctx_50,0.0047127177688805495,400,0.8014642112196921,0.0006284280416683936,67,0.0040842897272121564,333,0.0,0.5147058823529411
pca,4530,ctx_100,0.004402195813708292,400,0.8008961510906576,0.0007179635089496481,67,0.0036842323047586436,333,0.0,0.4411764705882353
pca,4530,extrapolation,0.09899284086388457,333,2.3001173253193032,0.0,0,0.09899284086388457,333,0.0,0.30303030303030304
pca,4531,ctx_5,0.026865736223889193,400,1.4762444771284247,0.0021699425661783314,101,0.02469579365771086,299,0.0,0.42857142857142855
pca,4531,ctx_10,0.0025710271381010367,400,0.6570878934208677,0.0005330166629398235,101,0.002038010475161213,299,0.0,0.21428571428571427
pca,4531,ctx_20,0.009607722274784122,400,0.738696751333836,0.00035158654282785426,101,0.009256135731956267,299,0.0,0.0
pca,4531,ctx_50,0.0020052208824429393,400,0.5986481087283786,0.00031724199690237717,101,0.0016879788855405622,299,0.0,0.2857142857142857
pca,4531,ctx_100,0.0019129154344119893,400,0.5815313945542236,0.0003030248021279105,101,0.0016098906322840791,299,0.0,0.21428571428571427
pca,4531,extrapolation,0.012689239544445001,299,0.9503162625323897,0.0,0,0.012689239544445001,299,0.7092198581560284,1.838235294117647
pca,4532,ctx_5,0.0369290878928982,400,2.1017069155477577,0.00209894890250183,81,0.03483013899039637,319,0.0,0.0
pca,4532,ctx_10,0.011631731284476804,400,0.8178546303077608,0.0001444109122676144,81,0.011487320372209193,319,0.0,0.0
pca,4532,ctx_20,0.004514578898555893,400,0.6762106046411984,0.0001975037925152294,81,0.004317075106040664,319,0.0,0.0
pca,4532,ctx_50,0.00813611616925789,400,0.6695709873489046,0.0001775940149021863,81,0.007958522154355703,319,0.0,0.0
pca,4532,ctx_100,0.0019411157729810795,400,0.5685414652376977,0.00017885266740728895,81,0.0017622631055737906,319,0.5154639175257731,0.0
pca,4532,extrapolation,0.008781843196217722,319,0.8255763462145391,0.0,0,0.008781843196217722,319,0.0,0.0
pca,4533,ctx_5,0.007233251367898846,400,0.9363256260416043,0.00026550213087426193,90,0.0069677492370245845,310,0.0,0.0
pca,4533,ctx_10,0.008297270331645491,400,0.905199318150669,0.00035280115615141284,90,0.00794446917549408,310,0.25380710659898476,0.3787878787878788
pca,4533,ctx_20,0.13871454694362007,400,1.2196957945653895,0.00019338918532084,90,0.1385211577582992,310,0.0,0.0
pca,4533,ctx_50,0.0038991502170822646,400,0.6221265997017204,0.00021165404633463183,90,0.0036874961707476324,310,0.0,0.30303030303030304
pca,4533,ctx_100,0.003155436971225268,400,0.5587855620713142,0.0001257784393682865,90,0.0030296585318569814,310,0.0,0.07575757575757576
pca,4533,extrapolation,0.01903281256960824,310,0.8882706453637955,0.0,0,0.01903281256960824,310,0.0,0.45454545454545453
pca,4534,ctx_5,0.050660443915075015,400,1.2280705674699637,0.000187928129682576,86,0.05047251578539243,314,0.0,0.0
pca,4534,ctx_10,0.05490525712472845,400,1.1998181805226817,0.00021371653521985053,86,0.054691540589508585,314,0.0,0.0
pca,4534,ctx_20,0.2542351527732758,400,1.9672614990237474,0.00012961817811418103,86,0.2541055345951616,314,0.0,0.0
pca,4534,ctx_50,0.0019218073497300515,400,0.5169652417398792,0.00013273859805701426,86,0.0017890687516730374,314,0.7614213197969543,0.46875
pca,4534,ctx_100,0.002513780779834893,400,0.555934527459536,0.00013475630768970825,86,0.0023790244721451853,314,0.7614213197969543,0.46875
pca,4534,extrapolation,0.04289379900993004,314,1.1224260248566766,0.0,0,0.04289379900993004,314,0.32894736842105265,0.46875
pca,4535,ctx_5,0.007144166661099221,400,0.8291750418594133,0.0002912472011963515,87,0.00685291945990287,313,0.0,0.0
pca,4535,ctx_10,0.013668674924724778,400,0.7703325335066764,0.0002105514215157549,87,0.013458123503209022,313,0.0,0.0
pca,4535,ctx_20,0.032457135208963574,400,0.8231692424088519,0.00017725379274890782,87,0.03227988141621467,313,0.0,0.0
pca,4535,ctx_50,0.0030468532961852287,400,0.5937310185815612,0.00021882459170105196,87,0.0028280287044841765,313,0.0,0.0
pca,4535,ctx_100,0.002422151534738988,400,0.5630045369380839,0.0002393004195456585,87,0.0021828511151933292,313,0.0,0.0
pca,4535,extrapolation,0.018479208231469833,313,1.0483816486705477,0.0,0,0.018479208231469833,313,0.0,0.0
pca,4536,ctx_5,0.13547059618658205,400,3.0072870267502605,0.003318176503117309,89,0.13215241968346475,311,0.0,0.46875
pca,4536,ctx_10,0.050632842062008056,400,1.5560781080130544,0.0016134511902121192,89,0.04901939087179594,311,0.0,0.0
pca,4536,ctx_20,0.08024417658562252,400,1.4556354446212458,0.0006889512407158797,89,0.07955522534490665,311,0.0,0.0
pca,4536,ctx_50,0.015505477102829856,400,0.9896364551947971,0.0012305901859292763,89,0.014274886916900577,311,0.0,0.0
pca,4536,ctx_100,0.007690849786811501,400,0.9954231683229197,0.0010573119408672734,89,0.00663353784594423,311,0.0,0.0
pca,4536,extrapolation,0.09569666797657464,311,1.7456481645702064,0.0,0,0.09569666797657464,311,0.0,1.25
pca,4537,ctx_5,0.08174346305083638,400,1.5433610235754447,0.0001487950021718829,79,0.0815946680486645,321,0.0,0.0
pca,4537,ctx_10,0.012498535553128444,400,0.8603559396352294,0.00027266322363375645,79,0.012225872329494687,321,0.0,0.0
pca,4537,ctx_20,0.003942924338655382,400,0.7284334981335036,0.0004160032722942663,79,0.003526921066361115,321,0.0,0.0
pca,4537,ctx_50,0.005183578573914313,400,0.6744360534478117,0.0002654483257873538,79,0.00491813024812696,321,0.0,0.0
pca,4537,ctx_100,0.0019938255715360354,400,0.6049174570528467,0.00031215427943487794,79,0.0016816712921011575,321,0.0,0.0
pca,4537,extrapolation,0.05266372295234628,321,1.4483094024070873,0.0,0,0.05266372295234628,321,0.0,0.0
pca,4538,ctx_5,0.006549948112172527,400,0.7726896020502321,0.00037699452442751635,91,0.006172953587745011,309,0.0,0.0
pca,4538,ctx_10,0.01651465774421892,400,0.9446466408029295,0.0002222782397972964,91,0.016292379504421625,309,0.0,0.0
pca,4538,ctx_20,0.040791039650700384,400,1.1457298785328094,0.000313050139889318,91,0.040477989510811066,309,0.0,0.0
pca,4538,ctx_50,0.030639353648775472,400,1.031984366468642,0.00026382345762381525,91,0.030375530191151655,309,0.0,0.0
pca,4538,ctx_100,0.012911281104650923,400,0.8318681047859395,0.00024817694990787205,91,0.01266310415474305,309,0.0,0.0
pca,4538,extrapolation,0.08393409135319728,309,1.571992200347188,0.0,0,0.08393409135319728,309,0.0,1.2878787878787878
pca,4539,ctx_5,0.040904047956306,400,1.8001266841459143,0.0033089867336088224,97,0.03759506122269718,303,0.0,0.0
pca,4539,ctx_10,0.0728256243283052,400,1.1944264651732945,0.0002813616943166733,97,0.07254426263398853,303,0.0,0.0
pca,4539,ctx_20,0.018931055946671,400,1.0366349758272446,0.00034933838680025907,97,0.01858171755987074,303,0.0,0.0
pca,4539,ctx_50,0.0028604127527612597,400,0.6819712260923405,0.00018415671616592882,97,0.0026762560365953306,303,0.25380710659898476,0.3125
pca,4539,ctx_100,0.002863011471997151,400,0.6565770474916561,0.0001567112917666536,97,0.0027063001802304972,303,0.25380710659898476,0.234375
pca,4539,extrapolation,0.0426657866336854,303,1.0562222374456116,0.0,0,0.0426657866336854,303,0.0,0.0
kalman,4500,ctx_5,0.009698273805789227,400,1.5024640414627544,0.0018286392234402825,93,0.007869634582348944,307,0.0,0.14285714285714285
kalman,4500,ctx_10,0.00798721957787127,400,1.3369468673336296,0.0016485008831209499,93,0.00633871869475032,307,0.0,0.14285714285714285
kalman,4500,ctx_20,0.0053574871852191085,400,1.0439764408430317,0.0009292471578465829,93,0.004428240027372525,307,0.0,0.07142857142857142
kalman,4500,ctx_50,0.004547427646427266,400,0.8200284392764243,0.000540612019104919,93,0.004006815627322347,307,0.0,0.0
kalman,4500,ctx_100,0.00449570728249744,400,0.7521998469647986,0.0004313293881345941,93,0.004064377894362846,307,0.0,0.0
kalman,4500,extrapolation,0.005487186925550191,307,0.9495705395626409,0.0,0,0.005487186925550191,307,0.0,1.9285714285714286
kalman,4501,ctx_5,0.02789510249266861,400,2.58815603606239,0.004403297357739032,89,0.02349180513492958,311,0.0,0.0
kalman,4501,ctx_10,0.014851996053346944,400,1.7846871053601399,0.0021776355049664352,89,0.01267436054838051,311,0.0,0.0
kalman,4501,ctx_20,0.009362222675763716,400,1.3255242249059704,0.0013784086502893432,89,0.007983814025474371,311,0.0,0.0
kalman,4501,ctx_50,0.007310179498569653,400,0.907094703035534,0.0008768544200587085,89,0.006433325078510944,311,0.0,0.0
kalman,4501,ctx_100,0.004893569651696401,400,0.7832186899835173,0.0007465269903944303,89,0.004147042661301971,311,0.0,0.0
kalman,4501,extrapolation,0.011299919076762477,311,1.3832431148375788,0.0,0,0.011299919076762477,311,0.0,1.0833333333333333
kalman,4502,ctx_5,0.013392987079963097,400,1.776077434857931,0.002177262483796138,76,0.01121572459616696,324,0.0,0.0
kalman,4502,ctx_10,0.011200336246964357,400,1.5939435515189622,0.0013845806389397276,76,0.00981575560802463,324,0.0,0.0
kalman,4502,ctx_20,0.004532643079780653,400,0.9347854719553972,0.0003882207490445605,76,0.004144422330736093,324,0.0,0.0
kalman,4502,ctx_50,0.002419266909701645,400,0.6353881599768113,0.00021940400126349381,76,0.002199862908438151,324,0.0,0.0
kalman,4502,ctx_100,0.0022295367118292495,400,0.5811747478165359,0.00015076912678062978,76,0.0020787675850486194,324,0.0,0.0
kalman,4502,extrapolation,0.00969637855740699,324,1.3015739467432474,0.0,0,0.00969637855740699,324,0.0,0.0
kalman,4503,ctx_5,0.020169280582179407,400,2.0744999057031253,0.0019572451223799753,86,0.018212035459799436,314,0.0,0.0
kalman,4503,ctx_10,0.022285701474218954,400,2.156101567970148,0.0024765788420142683,86,0.019809122632204683,314,0.0,0.0
kalman,4503,ctx_20,0.007177225488259146,400,1.1526446264741101,0.0007581042086525976,86,0.006419121279606549,314,0.0,0.0
kalman,4503,ctx_50,0.0047744306982003505,400,0.882762915477727,0.00024770463155061054,86,0.0045267260666497396,314,0.0,0.0
kalman,4503,ctx_100,0.003736448855694326,400,0.7814415909206761,0.00020732530235394693,86,0.0035291235533403795,314,0.0,0.0
kalman,4503,extrapolation,0.01287617519894845,314,1.362708269652459,0.0,0,0.01287617519894845,314,0.0,0.0
kalman,4504,ctx_5,0.015547485452325708,400,1.5864750973731505,0.0033033014851351103,102,0.012244183967190597,298,0.0,0.0
kalman,4504,ctx_10,0.007677582531475352,400,1.076228062245464,0.0014168340442314575,102,0.006260748487243896,298,0.0,0.0
kalman,4504,ctx_20,0.004380661383104183,400,0.7954908211187179,0.0007355282741588973,102,0.003645133108945285,298,0.0,0.0
kalman,4504,ctx_50,0.002157026466457742,400,0.5399637470359894,0.00039568411166277873,102,0.001761342354794963,298,0.0,0.0
kalman,4504,ctx_100,0.001893108157432907,400,0.540429176028765,0.0002337658064652485,102,0.0016593423509676586,298,0.0,0.0
kalman,4504,extrapolation,0.0076038257101237045,298,0.9207944316629862,0.0,0,0.0076038257101237045,298,0.0,0.0
kalman,4505,ctx_5,0.06075392377705567,400,3.815098849300345,0.010492003223470358,91,0.05026192055358532,309,0.0,0.0
kalman,4505,ctx_10,0.017955510008448413,400,1.987193559251118,0.0027814426368004135,91,0.015174067371648,309,0.0,0.0
kalman,4505,ctx_20,0.012752847771560064,400,1.5344768576195942,0.0019511534662448456,91,0.010801694305315218,309,0.0,0.0
kalman,4505,ctx_50,0.0038446868781771663,400,0.8263715183635619,0.0006704521383027872,91,0.0031742347398743794,309,0.0,0.0
kalman,4505,ctx_100,0.0028164233081699065,400,0.6692441921492015,0.0004794612566660736,91,0.002336962051503832,309,0.0,0.0
kalman,4505,extrapolation,0.02195763391414122,309,1.8769266787679597,0.0,0,0.02195763391414122,309,0.0,0.0
kalman,4506,ctx_5,0.024117649599577327,400,1.598577696639328,0.0013264752233877835,83,0.022791174376189542,317,0.0,0.0
kalman,4506,ctx_10,0.01724873007996084,400,1.1862604798388376,0.0005355077687131917,83,0.016713222311247646,317,0.0,0.0
kalman,4506,ctx_20,0.011544681130206503,400,1.009485198908265,0.0004017490074942615,83,0.011142932122712241,317,0.0,0.0
kalman,4506,ctx_50,0.003565918269842291,400,0.6300072193514343,0.000180722289989367,83,0.003385195979852924,317,0.0,0.0
kalman,4506,ctx_100,0.0036528953817620536,400,0.6459286912869897,0.0001441214401634196,83,0.0035087739415986335,317,0.0,0.0
kalman,4506,extrapolation,0.017254373625772708,317,1.0832307241583345,0.0,0,0.017254373625772708,317,0.0,0.0
kalman,4507,ctx_5,0.0071793744982024755,400,1.3226423936861837,0.0006097646875901792,89,0.006569609810612297,311,0.0,0.0
kalman,4507,ctx_10,0.006100698203709712,400,1.182889752265972,0.0006397702092039238,89,0.005460927994505789,311,0.5167958656330749,0.0
kalman,4507,ctx_20,0.0027723740173073766,400,0.7097345104906501,0.00021194730427306365,89,0.0025604267130343128,311,0.5167958656330749,0.0
kalman,4507,ctx_50,0.0029073026597516817,400,0.6288152312866571,0.00019375503139659877,89,0.0027135476283550834,311,0.5167958656330749,0.0
kalman,4507,ctx_100,0.002574800569943159,400,0.5713754834671114,0.0001750697778427783,89,0.002399730792100381,311,0.5167958656330749,0.0
kalman,4507,extrapolation,0.005437468421161608,311,0.9517190237807451,0.0,0,0.005437468421161608,311,0.0,0.0
kalman,4508,ctx_5,0.03633028431794098,400,2.384645092838226,0.007304785636397207,95,0.029025498681543777,305,0.0,0.0
kalman,4508,ctx_10,0.01356499032637479,400,1.6405258273114214,0.003836255598595047,95,0.009728734727779744,305,0.0,0.22727272727272727
kalman,4508,ctx_20,0.010574534788516518,400,1.4309571850955434,0.00310704322586872,95,0.007467491562647796,305,0.0,0.22727272727272727
kalman,4508,ctx_50,0.007521192170688511,400,1.1540434513366407,0.0022290675958423663,95,0.005292124574846144,305,0.0,0.22727272727272727
kalman,4508,ctx_100,0.006417721412836868,400,1.0453953148102313,0.002124330462790338,95,0.00429339095004653,305,0.0,0.22727272727272727
kalman,4508,extrapolation,0.01278708333403801,305,1.4188975382160498,0.0,0,0.01278708333403801,305,0.0,0.3787878787878788
kalman,4509,ctx_5,0.019120873881496997,400,2.335388373550379,0.0035815346625775986,78,0.015539339218919397,322,0.0,0.0
kalman,4509,ctx_10,0.011337148563536776,400,1.7019836359197353,0.001950542507164647,78,0.009386606056372128,322,0.0,0.0
kalman,4509,ctx_20,0.007215045492820782,400,1.3091553786381653,0.0014714622772221042,78,0.005743583215598678,322,0.0,0.0
kalman,4509,ctx_50,0.004198487300741217,400,0.9321565565339109,0.0008626416920476274,78,0.00333584560869359,322,0.0,0.0
kalman,4509,ctx_100,0.0038594981035954493,400,0.8139174655389783,0.0007752825591003449,78,0.003084215544495104,322,0.0,0.0
kalman,4509,extrapolation,0.008852203209477136,322,1.2867144147880647,0.0,0,0.008852203209477136,322,0.0,0.0
kalman,4510,ctx_5,0.058780208081141885,400,3.6740139390507847,0.006229940704002418,87,0.05255026737713947,313,0.0,0.0
kalman,4510,ctx_10,0.05095540386387792,400,2.6780702165399433,0.0034025389566856848,87,0.04755286490719223,313,0.0,0.0
kalman,4510,ctx_20,0.015602126658022278,400,1.6069983022036651,0.0011734807895900812,87,0.014428645868432196,313,0.0,0.0
kalman,4510,ctx_50,0.009917796320061845,400,1.1097894444968757,0.00044225495755385527,87,0.009475541362507988,313,0.0,0.0
kalman,4510,ctx_100,0.00611143488369616,400,0.8774355238006851,0.0002951500992579234,87,0.005816284784438237,313,0.0,0.0
kalman,4510,extrapolation,0.03877424778754231,313,2.1251661195521514,0.0,0,0.03877424778754231,313,0.0,0.0
kalman,4511,ctx_5,0.013112499540545887,400,1.6701571719050465,0.0011149378972579857,81,0.0119975616432879,319,0.0,0.0
kalman,4511,ctx_10,0.008122850657658772,400,1.1766780454057442,0.00048161728111774876,81,0.007641233376541023,319,0.0,0.0
kalman,4511,ctx_20,0.004927214116235187,400,0.8102277943836393,0.00028701064471146263,81,0.004640203471523725,319,0.0,0.0
kalman,4511,ctx_50,0.0024215987847745744,400,0.5448462097106155,0.0001354362012673462,81,0.002286162583507228,319,0.0,0.0
kalman,4511,ctx_100,0.0025520237174320704,400,0.5207298439862275,0.00013085633613619182,81,0.002421167381295878,319,0.0,0.0
kalman,4511,extrapolation,0.009474380767690457,319,1.209859136108289,0.0,0,0.009474380767690457,319,0.0,0.0
kalman,4512,ctx_5,0.008612808205041535,400,1.4661348584565612,0.0009629059226756837,89,0.007649902282365853,311,0.0,0.0
kalman,4512,ctx_10,0.005946547139599585,400,0.9530019983719298,0.0003770426330970166,89,0.0055695045065025685,311,0.0,0.0
kalman,4512,ctx_20,0.004298330975526788,400,0.7987900590595467,0.0002082978908712913,89,0.004090033084655498,311,0.0,0.0
kalman,4512,ctx_50,0.004786482130713158,400,0.706315307619322,0.00013682875316807703,89,0.00464965337754508,311,0.0,0.0
kalman,4512,ctx_100,0.004960093787014518,400,0.6397394239992974,0.000115318178435136,89,0.00484477560857938,311,0.0,0.0
kalman,4512,extrapolation,0.006132433948843245,311,0.8003606694201613,0.0,0,0.006132433948843245,311,0.0,0.0
kalman,4513,ctx_5,0.013639223863552239,400,1.5659201312200337,0.0014634397426737458,90,0.012175784120878495,310,0.0,0.0
kalman,4513,ctx_10,0.004430099441881764,400,0.8842137223956471,0.0003428988133233488,90,0.0040872006285584146,310,0.0,0.0
kalman,4513,ctx_20,0.004497513236965982,400,0.8239575871287801,0.0002997385590310081,90,0.004197774677934974,310,0.0,0.0
kalman,4513,ctx_50,0.0029288449742097033,400,0.6404501853177791,0.00017305758076779747,90,0.002755787393441906,310,0.0,0.0
kalman,4513,ctx_100,0.002120820895672105,400,0.5173656421877338,0.00012552384195331054,90,0.001995297053718794,310,0.0,0.0
kalman,4513,extrapolation,0.005516205478795935,310,0.8180471350178847,0.0,0,0.005516205478795935,310,0.0,0.0
kalman,4514,ctx_5,0.042316741690594406,400,3.1407325544727263,0.006486681931937463,86,0.03583005975865694,314,0.0,0.0
kalman,4514,ctx_10,0.01683779845117906,400,1.8418506922494555,0.0021967310604742137,86,0.014641067390704844,314,0.0,0.0
kalman,4514,ctx_20,0.010252078602578337,400,1.0116378329670708,0.0008359527260997709,86,0.009416125876478564,314,0.0,0.0
kalman,4514,ctx_50,0.0051858542868452855,400,0.6849179646641512,0.0004711847058703704,86,0.004714669580974915,314,0.0,0.30303030303030304
kalman,4514,ctx_100,0.004111965213082406,400,0.6130529481659475,0.00039570041131769775,86,0.0037162648017647093,314,0.0,0.45454545454545453
kalman,4514,extrapolation,0.01442114675406961,314,1.2816361965980327,0.0,0,0.01442114675406961,314,0.0,0.0
kalman,4515,ctx_5,0.03869230962237798,400,2.7910883816465866,0.005831736472330649,101,0.032860573150047326,299,0.0,0.0
kalman,4515,ctx_10,0.023199261428097608,400,1.9053071535030366,0.0020418583823088297,101,0.02115740304578878,299,0.0,0.0
kalman,4515,ctx_20,0.014968262275653697,400,1.314575900282989,0.0008490763298221805,101,0.014119185945831515,299,0.0,0.0
kalman,4515,ctx_50,0.004991388804142707,400,0.7139213586095268,0.00033716186119872913,101,0.004654226942943977,299,0.0,0.0
kalman,4515,ctx_100,0.0029143957896790125,400,0.5747723550617814,0.000194288418792622,101,0.0027201073708863904,299,0.0,0.0
kalman,4515,extrapolation,0.019843657197866314,299,1.471417609436841,0.0,0,0.019843657197866314,299,0.0,0.0
kalman,4516,ctx_5,0.03559151954219146,400,2.7068909704306257,0.0027302957778059748,77,0.03286122376438548,323,0.0,0.0
kalman,4516,ctx_10,0.027757409903084472,400,2.165010838343205,0.0017192757205360103,77,0.02603813418254846,323,0.0,0.0
kalman,4516,ctx_20,0.00916797358291068,400,1.1442905113809219,0.0004607727033372437,77,0.008707200879573433,323,0.0,0.0
kalman,4516,ctx_50,0.004723983465319218,400,0.7229890746979277,0.0001327469504995367,77,0.004591236514819681,323,0.0,0.0
kalman,4516,ctx_100,0.005402648453182439,400,0.6125318160168192,9.736071242974107e-05,77,0.005305287740752699,323,0.0,0.0
kalman,4516,extrapolation,0.017718578891260026,323,1.558424352659149,0.0,0,0.017718578891260026,323,0.0,0.9285714285714286
kalman,4517,ctx_5,0.004467828805624682,400,0.951147546286728,0.0006675700586087567,96,0.003800258747015926,304,0.0,0.0
kalman,4517,ctx_10,0.002866907210946666,400,0.6785147025131338,0.0003306070811602965,96,0.0025363001297863696,304,0.0,0.0
kalman,4517,ctx_20,0.0024174020213634973,400,0.4892104484630039,0.00014887046543060557,96,0.0022685315559328916,304,0.0,0.0
kalman,4517,ctx_50,0.0019915766023791935,400,0.44530622974262135,0.000151829418328948,96,0.0018397471840502456,304,0.0,0.0
kalman,4517,ctx_100,0.00158280275021251,400,0.40093742235940993,0.00012469951745192797,96,0.0014581032327605822,304,0.0,0.078125
kalman,4517,extrapolation,0.003409033038898864,304,0.5840786046992869,0.0,0,0.003409033038898864,304,0.0,0.0
kalman,4518,ctx_5,0.012788178602820487,400,1.6645163604721822,0.0014358212013219243,78,0.011352357401498564,322,0.0,0.0
kalman,4518,ctx_10,0.008227102148945339,400,1.1741290926422137,0.0005937451164749188,78,0.007633357032470419,322,0.0,0.0
kalman,4518,ctx_20,0.0041872544333863525,400,0.7300846302456674,0.00028414093950660657,78,0.0039031134938797463,322,0.0,0.0
kalman,4518,ctx_50,0.004253067260886161,400,0.5616469563784547,0.00021104122397056077,78,0.0040420260369156006,322,0.0,0.0
kalman,4518,ctx_100,0.0036085055046435597,400,0.5323882771539263,0.00020944740444961285,78,0.003399058100193947,322,0.0,0.0
kalman,4518,extrapolation,0.00682860664841463,322,0.9675165408286179,0.0,0,0.00682860664841463,322,0.0,0.0
kalman,4519,ctx_5,0.04069882131833298,400,2.994903216283134,0.0051091382960287285,94,0.03558968302230425,306,0.0,0.0
kalman,4519,ctx_10,0.023481755105087224,400,2.2472815952630887,0.0032698608527369573,94,0.020211894252350267,306,0.0,0.0
kalman,4519,ctx_20,0.012459604878345519,400,1.4528467655858757,0.0010736538833680967,94,0.011385950994977422,306,0.0,0.0
kalman,4519,ctx_50,0.004340558584473765,400,0.9090510627781077,0.0005269165433278674,94,0.0038136420411458974,306,0.0,0.07352941176470588
kalman,4519,ctx_100,0.003044504533793157,400,0.7536146243097555,0.0004026480693449588,94,0.0026418564644481984,306,0.0,0.07352941176470588
kalman,4519,extrapolation,0.019284064125178177,306,1.5997918192957525,0.0,0,0.019284064125178177,306,0.0,0.0
kalman,4520,ctx_5,0.024127364615576383,400,2.370750194688016,0.002838799466415177,81,0.0212885651491612,319,0.0,0.0
kalman,4520,ctx_10,0.017128785101284683,400,1.6871776267238991,0.0011750284400593037,81,0.01595375666122538,319,0.0,0.0
kalman,4520,ctx_20,0.009239124226290755,400,1.1906254850541154,0.0005031664127740502,81,0.008735957813516704,319,0.0,0.0
kalman,4520,ctx_50,0.0038180770744658723,400,0.6769098400175264,0.0001764553574155468,81,0.0036416217170503256,319,0.0,0.0
kalman,4520,ctx_100,0.0027364052293718747,400,0.5753471129341121,0.00017184194049462272,81,0.002564563288877252,319,0.0,0.14705882352941177
kalman,4520,extrapolation,0.010815031418814113,319,1.3004139158806622,0.0,0,0.010815031418814113,319,0.0,0.0
kalman,4521,ctx_5,0.006512359970448927,400,1.1515154133703005,0.0007254600102887166,81,0.00578689996016021,319,0.0,0.0
kalman,4521,ctx_10,0.004167500461246614,400,0.8242146982580743,0.00020851409063031557,81,0.003958986370616298,319,0.0,0.0
kalman,4521,ctx_20,0.004175574207254137,400,0.7881476982365736,0.0002561256442440016,81,0.003919448563010135,319,0.0,0.0
kalman,4521,ctx_50,0.0027173329918364275,400,0.5878149580198436,0.00014833815123271675,81,0.0025689948406037106,319,0.0,0.0
kalman,4521,ctx_100,0.002469059504775774,400,0.5463172881906759,0.00012211953261846226,81,0.0023469399721573114,319,0.0,0.0
kalman,4521,extrapolation,0.005087070807045993,319,0.8547892500502551,0.0,0,0.005087070807045993,319,0.0,0.0
kalman,4522,ctx_5,0.027031429174610943,400,2.6057375595636882,0.0037238642727600245,76,0.023307564901850916,324,0.0,0.0
kalman,4522,ctx_10,0.014578463096668885,400,1.8661356248069834,0.0014251064715288006,76,0.013153356625140084,324,0.0,0.0
kalman,4522,ctx_20,0.007928456252113171,400,1.1392642635500483,0.00033591854319398837,76,0.007592537708919184,324,0.0,0.0
kalman,4522,ctx_50,0.004424433268997219,400,0.771165766802131,0.00020246453312193025,76,0.004221968735875289,324,0.0,0.29411764705882354
kalman,4522,ctx_100,0.0029509700291788198,400,0.6361304038535929,0.00015968480480990852,76,0.0027912852243689116,324,0.0,0.4411764705882353
kalman,4522,extrapolation,0.015420683607151875,324,1.500023949169689,0.0,0,0.015420683607151875,324,0.0,0.0
kalman,4523,ctx_5,0.013027959953275853,400,1.6750868458099215,0.0013053156442189415,88,0.01172264430905691,312,0.0,0.0
kalman,4523,ctx_10,0.005874723696984344,400,1.1012622075041743,0.0005863337649827001,88,0.005288389932001643,312,0.0,0.0
kalman,4523,ctx_20,0.003769187013693244,400,0.8412301501728137,0.00028243879538985796,88,0.0034867482183033854,312,0.0,0.24193548387096775
kalman,4523,ctx_50,0.002722935436168695,400,0.6461491681907882,0.00017516949757007133,88,0.002547765938598624,312,0.0,0.4032258064516129
kalman,4523,ctx_100,0.0023672849556967655,400,0.570888042641798,0.00013917433842086365,88,0.0022281106172759016,312,0.0,0.4838709677419355
kalman,4523,extrapolation,0.007330299117286455,312,1.1060694072808301,0.0,0,0.007330299117286455,312,0.0,0.0
kalman,4524,ctx_5,0.017150904308908536,400,1.8220451061217706,0.0010722034986911672,79,0.016078700810217367,321,0.0,0.0
kalman,4524,ctx_10,0.01258294938576707,400,1.374732726572539,0.0005900745535879689,79,0.0119928748321791,321,0.0,0.0
kalman,4524,ctx_20,0.004262585673367408,400,0.8381189578611814,0.0003109434645984644,79,0.003951642208768943,321,0.2570694087403599,0.0
kalman,4524,ctx_50,0.00404996397975736,400,0.7387805043732969,0.00022103690467256419,79,0.0038289270750847954,321,0.0,0.0
kalman,4524,ctx_100,0.0028005633440820496,400,0.6605588938197986,0.00023061527179151064,79,0.002569948072290539,321,0.5141388174807198,0.07575757575757576
kalman,4524,extrapolation,0.008853246840964713,321,1.0816629683347914,0.0,0,0.008853246840964713,321,0.6451612903225806,0.0
kalman,4525,ctx_5,0.03688377135070881,400,2.4214573429542963,0.005620592600526405,94,0.031263178750182405,306,0.7772020725388601,2.1323529411764706
kalman,4525,ctx_10,0.017360593457569174,400,1.7029626881700777,0.0017650356914343285,94,0.015595557766134846,306,1.0362694300518134,3.161764705882353
kalman,4525,ctx_20,0.009754312737708227,400,1.2501603627818114,0.0010983381385889306,94,0.008655974599119298,306,1.0362694300518134,3.161764705882353
kalman,4525,ctx_50,0.007424837956043522,400,1.0557768397418223,0.0008461488977877077,94,0.0065786890582558155,306,1.5544041450777202,3.3823529411764706
kalman,4525,ctx_100,0.007431796111519274,400,1.067115833959162,0.0008969960451093124,94,0.006534800066409961,306,1.5544041450777202,3.3823529411764706
kalman,4525,extrapolation,0.02227668214602796,306,1.7246883977626246,0.0,0,0.02227668214602796,306,0.6896551724137931,4.609375
kalman,4526,ctx_5,0.0449291250056959,400,3.4505512847612714,0.0068928005331943265,84,0.03803632447250158,316,0.0,0.546875
kalman,4526,ctx_10,0.02502911064365254,400,2.360759908472285,0.003600159282443234,84,0.021428951361209307,316,0.2597402597402597,0.46875
kalman,4526,ctx_20,0.011226940438448137,400,1.6439021448371982,0.0018207583205648338,84,0.009406182117883303,316,0.0,0.46875
kalman,4526,ctx_50,0.005211949366928714,400,1.0089439421441087,0.0009062190074873362,84,0.004305730359441378,316,0.5194805194805194,0.546875
kalman,4526,ctx_100,0.003122629345510928,400,0.7929080245567619,0.0007232740556571008,84,0.0023993552898538273,316,0.5194805194805194,0.625
kalman,4526,extrapolation,0.023095081056349595,316,2.1342986514513633,0.0,0,0.023095081056349595,316,0.0,0.46875
kalman,4527,ctx_5,0.07099499110528178,400,3.971847246963592,0.019948883200385646,93,0.05104610790489613,307,0.25380710659898476,2.196969696969697
kalman,4527,ctx_10,0.041042198603861775,400,3.126536317752023,0.010006151721647248,93,0.03103604688221453,307,0.5076142131979695,3.0303030303030303
kalman,4527,ctx_20,0.020508413198374167,400,2.234664222315752,0.004824701037750691,93,0.015683712160623475,307,0.5076142131979695,4.242424242424242
kalman,4527,ctx_50,0.014277248432823367,400,1.7596170547764607,0.00365477182256771,93,0.010622476610255656,307,1.015228426395939,4.545454545454546
kalman,4527,ctx_100,0.012433408177378326,400,1.5879987612700315,0.003191268791772847,93,0.009242139385605478,307,0.7614213197969543,4.621212121212121
kalman,4527,extrapolation,0.027997004581521684,307,2.326642052708503,0.0,0,0.027997004581521684,307,1.0033444816053512,8.225806451612904
kalman,4528,ctx_5,0.04978640720732269,400,3.456417804540041,0.006673796993669285,63,0.0431126102136534,337,0.0,0.0
kalman,4528,ctx_10,0.020469743833817958,400,2.2019827776838548,0.002963793377486294,63,0.017505950456331663,337,0.0,0.0
kalman,4528,ctx_20,0.014096603359154775,400,1.6520957648530332,0.001785834151948292,63,0.012310769207206484,337,0.0,0.0
kalman,4528,ctx_50,0.007140686794686737,400,1.0254463709118546,0.0008813215565038377,63,0.006259365238182899,337,0.0,0.0
kalman,4528,ctx_100,0.006080878629848366,400,0.8938302426426769,0.0007531199542268013,63,0.005327758675621564,337,0.0,0.0
kalman,4528,extrapolation,0.014974946287005075,337,1.6793768280016073,0.0,0,0.014974946287005075,337,0.0,3.257575757575758
kalman,4529,ctx_5,0.022184911689566697,400,2.378151906795305,0.004062123877948354,86,0.018122787811618347,314,0.0,0.0
kalman,4529,ctx_10,0.010708932056999118,400,1.5607993438635084,0.0022213929726479474,86,0.008487539084351169,314,0.0,0.0
kalman,4529,ctx_20,0.005594602594955089,400,0.9866696014499428,0.0008871230907360951,86,0.004707479504218995,314,0.0,0.0
kalman,4529,ctx_50,0.004709756356529203,400,0.7917575024744532,0.00048201394248121134,86,0.004227742414047991,314,0.0,0.0
kalman,4529,ctx_100,0.004059133258479208,400,0.6479513010268488,0.0003195614285956256,86,0.0037395718298835826,314,0.0,0.0
kalman,4529,extrapolation,0.012143042154538524,314,1.3560131611580775,0.0,0,0.012143042154538524,314,0.0,0.0
kalman,4530,ctx_5,0.01560072283749064,400,1.760327805880016,0.002617765985174185,67,0.012982956852316454,333,0.5167958656330749,0.22058823529411764
kalman,4530,ctx_10,0.014928375873477501,400,1.6659142597844236,0.0025853205526317814,67,0.01234305532084572,333,0.5167958656330749,0.07352941176470588
kalman,4530,ctx_20,0.008868384612858445,400,1.1910989087846582,0.001361659480578899,67,0.007506725132279546,333,0.5167958656330749,0.22058823529411764
kalman,4530,ctx_50,0.005130878999250934,400,0.8822651408808921,0.0007719589992272871,67,0.004358920000023647,333,0.5167958656330749,0.36764705882352944
kalman,4530,ctx_100,0.004598780332381225,400,0.8471864532046343,0.0007788915746194167,67,0.003819888757761809,333,0.5167958656330749,0.36764705882352944
kalman,4530,extrapolation,0.009927206285856985,333,1.1919904391601917,0.0,0,0.009927206285856985,333,0.9404388714733543,0.45454545454545453
kalman,4531,ctx_5,0.029218595937709497,400,2.728723112564401,0.0033153836882191343,101,0.02590321224949036,299,0.0,0.21428571428571427
kalman,4531,ctx_10,0.009444858911509892,400,1.5599789005662132,0.0014724733231622762,101,0.007972385588347616,299,0.0,0.14285714285714285
kalman,4531,ctx_20,0.005903507562145106,400,1.0796633378906404,0.0006996630380397467,101,0.005203844524105359,299,0.0,0.07142857142857142
kalman,4531,ctx_50,0.002866380218361914,400,0.8212547721665938,0.00047317700326909265,101,0.002393203215092821,299,0.0,0.0
kalman,4531,ctx_100,0.0024607752674343036,400,0.7216778753414431,0.00041785919377958664,101,0.0020429160736547165,299,0.0,0.0
kalman,4531,extrapolation,0.009764212016076041,299,1.3829090612692165,0.0,0,0.009764212016076041,299,0.0,1.1029411764705883
kalman,4532,ctx_5,0.008784576324718775,400,1.1106153486136425,0.0006547633614156909,81,0.008129812963303083,319,0.0,0.0
kalman,4532,ctx_10,0.006524518240718003,400,0.9874320990021624,0.00043725172868486857,81,0.006087266512033134,319,0.0,0.0
kalman,4532,ctx_20,0.0038498905120279096,400,0.7946483165340041,0.0002981203035709801,81,0.003551770208456929,319,0.0,0.0
kalman,4532,ctx_50,0.0035968970587017474,400,0.6549922048821267,0.000276347219365829,81,0.003320549839335918,319,0.0,0.0
kalman,4532,ctx_100,0.0020389419979748883,400,0.5728610752676226,0.00022602635800236944,81,0.001812915639972519,319,0.0,0.0
kalman,4532,extrapolation,0.005995176439751142,319,0.905569632217372,0.0,0,0.005995176439751142,319,0.0,0.0
kalman,4533,ctx_5,0.03709892384096076,400,3.02719710712103,0.005865290970538872,90,0.031233632870421888,310,0.0,0.0
kalman,4533,ctx_10,0.02913537587912112,400,2.4459885986582433,0.0034932363831927204,90,0.0256421394959284,310,0.0,0.0
kalman,4533,ctx_20,0.00950710609183655,400,1.3197053811323134,0.0009795448827754408,90,0.008527561209061108,310,0.0,0.0
kalman,4533,ctx_50,0.005395944644855749,400,0.9109299185031697,0.00045388026374303575,90,0.004942064381112714,310,0.0,0.0
kalman,4533,ctx_100,0.0042072182176811366,400,0.7601048834730562,0.00030424599509240173,90,0.003902972222588735,310,0.0,0.0
kalman,4533,extrapolation,0.03041660603750474,310,2.1393193720658137,0.0,0,0.03041660603750474,310,0.0,0.45454545454545453
kalman,4534,ctx_5,0.00964259311921808,400,1.2770194951653062,0.0007191370172268406,86,0.00892345610199124,314,0.0,0.078125
kalman,4534,ctx_10,0.008958073964979357,400,1.187770717437116,0.0007542449993934455,86,0.008203828965585911,314,0.0,0.15625
kalman,4534,ctx_20,0.006001119222047344,400,0.9163121956391769,0.00032543752020650394,86,0.005675681701840841,314,0.0,0.0
kalman,4534,ctx_50,0.0031076657138403496,400,0.6460773777872342,0.00018863110127027475,86,0.0029190346125700746,314,0.25380710659898476,0.078125
kalman,4534,ctx_100,0.002050641830541453,400,0.5585106167528583,0.00015847834210843572,86,0.001892163488433017,314,0.7614213197969543,0.46875
kalman,4534,extrapolation,0.006962474270985717,314,0.9521615889704653,0.0,0,0.006962474270985717,314,0.0,0.15625
kalman,4535,ctx_5,0.010808423357624245,400,1.449348525625061,0.0014618236429342036,87,0.00934659971469004,313,0.0,0.0
kalman,4535,ctx_10,0.008141897521503183,400,1.1323607119537733,0.0009268825447903118,87,0.007215014976712871,313,0.0,0.0
kalman,4535,ctx_20,0.00631622450471848,400,0.9125314672300162,0.0005948782351020939,87,0.005721346269616386,313,0.0,0.0
kalman,4535,ctx_50,0.0035273626716381687,400,0.6787013076138737,0.0003367644934374005,87,0.0031905981782007686,313,0.0,0.0
kalman,4535,ctx_100,0.002829059450758643,400,0.6420569452261374,0.00032225053790187945,87,0.002506808912856764,313,0.0,0.0
kalman,4535,extrapolation,0.010049906009617507,313,1.0857329392224013,0.0,0,0.010049906009617507,313,0.0,0.0
kalman,4536,ctx_5,0.051963001905990715,400,3.299605545010219,0.008721063118918848,89,0.04324193878707186,311,0.0,0.0
kalman,4536,ctx_10,0.02452032757073072,400,2.1180232064536053,0.005000998369347887,89,0.01951932920138283,311,0.0,0.0
kalman,4536,ctx_20,0.013797810872733338,400,1.5392539348001903,0.001810248367745329,89,0.01198756250498801,311,0.0,0.0
kalman,4536,ctx_50,0.009929515871170698,400,1.136341220483414,0.0016684579840662282,89,0.008261057887104467,311,0.0,0.0
kalman,4536,ctx_100,0.007770877596215808,400,1.0285372790064875,0.001222913128389929,89,0.0065479644678258795,311,0.0,0.0
kalman,4536,extrapolation,0.01658071585762672,311,1.550569490045254,0.0,0,0.01658071585762672,311,0.0,1.5625
kalman,4537,ctx_5,0.11231880611132503,400,5.465150456208571,0.007947131110875236,79,0.10437167500044979,321,0.0,0.0
kalman,4537,ctx_10,0.045714834094014965,400,3.467494025112392,0.002731037514260761,79,0.04298379657975421,321,0.0,0.0
kalman,4537,ctx_20,0.015645286968257992,400,1.955330263711057,0.0010683418227940668,79,0.014576945145463925,321,0.0,0.0
kalman,4537,ctx_50,0.0053932734104022925,400,1.0845816794271739,0.00042722605309265045,79,0.004966047357309641,321,0.0,0.0
kalman,4537,ctx_100,0.0037494240578359334,400,0.8649714010290727,0.00034422125333945664,79,0.0034052028044964768,321,0.0,0.0
kalman,4537,extrapolation,0.06745444383038102,321,3.4817537395633167,0.0,0,0.06745444383038102,321,0.0,0.0
kalman,4538,ctx_5,0.014169380129933469,400,1.5894093208130724,0.0017330515374671084,91,0.01243632859246636,309,0.0,0.0
kalman,4538,ctx_10,0.010047702885500874,400,1.1943538228949273,0.000681817727141546,91,0.009365885158359328,309,0.0,0.0
kalman,4538,ctx_20,0.010003113655650417,400,1.0498802433072454,0.0004829467867104518,91,0.009520166868939963,309,0.0,0.0
kalman,4538,ctx_50,0.007017693179020715,400,0.8107451723847721,0.00036525337373719067,91,0.006652439805283525,309,0.0,0.0
kalman,4538,ctx_100,0.0063214126819183345,400,0.7615510788012905,0.0003220936510072838,91,0.005999319030911051,309,0.0,0.0
kalman,4538,extrapolation,0.010945604102507181,309,1.1942376712608298,0.0,0,0.010945604102507181,309,0.0,0.0
kalman,4539,ctx_5,0.1010013395542073,400,4.470103244771447,0.017518691072434,97,0.08348264848177331,303,0.0,0.0
kalman,4539,ctx_10,0.03253172632719811,400,2.713638494858349,0.005741539965565188,97,0.026790186361632926,303,0.0,0.0
kalman,4539,ctx_20,0.018608558141671352,400,1.7539892274205466,0.002617585350651932,97,0.015990972791019423,303,0.0,0.078125
kalman,4539,ctx_50,0.006926810270463752,400,1.019364371132607,0.0007793591268140886,97,0.006147451143649663,303,0.0,0.15625
kalman,4539,ctx_100,0.00446450044815712,400,0.7802158867942903,0.0004009027119164404,97,0.004063597736240678,303,0.0,0.234375
kalman,4539,extrapolation,0.0651394918555884,303,2.572646526908755,0.0,0,0.0651394918555884,303,0.0,0.0
cnp,4500,ctx_5,0.5830883807729135,400,11.981312431395054,0.11997486408720176,93,0.46311351668571177,307,0.0,0.0
cnp,4500,ctx_10,0.590053131228812,400,12.028234235942364,0.12400772833745449,93,0.46604540289135754,307,0.0,0.0
cnp,4500,ctx_20,0.5918891419160177,400,12.010494314134121,0.1209346086634348,93,0.47095453325258296,307,0.0,0.0
cnp,4500,ctx_50,0.5705938229904608,400,11.867158152163029,0.11483635333227843,93,0.4557574696581824,307,0.0,0.0
cnp,4500,ctx_100,0.5694642219055426,400,11.842681489884853,0.11360104496954965,93,0.455863176935993,307,0.0,0.0
cnp,4500,extrapolation,0.4718659988566837,307,9.517785534262657,0.0,0,0.4718659988566837,307,0.0,0.0
cnp,4501,ctx_5,0.9750492127337371,400,16.211510628461838,0.1531176241578447,89,0.8219315885758924,311,0.0,0.0
cnp,4501,ctx_10,0.9666911834129761,400,16.114681586623192,0.14881314770897225,89,0.8178780357040039,311,0.0,0.0
cnp,4501,ctx_20,0.9161003160440386,400,15.666360229253769,0.14346310922343508,89,0.7726372068206036,311,0.0,0.0
cnp,4501,ctx_50,0.9213431513583665,400,15.705731064081192,0.14315225844881874,89,0.7781908929095478,311,0.0,0.0
cnp,4501,ctx_100,0.9471177734396086,400,15.932239338755608,0.14605582171191078,89,0.8010619517276978,311,0.0,0.0
cnp,4501,extrapolation,0.870104889569608,311,13.596628651022911,0.0,0,0.870104889569608,311,0.0,0.0
cnp,4502,ctx_5,0.998732503520704,400,16.48751701414585,0.12611151669201637,76,0.8726209868286876,324,0.0,0.0
cnp,4502,ctx_10,0.9840582271959519,400,16.412251383066177,0.1239525990566348,76,0.8601056281393171,324,0.0,0.0
cnp,4502,ctx_20,1.039119178723151,400,16.930615201592445,0.13417877714041815,76,0.9049404015827329,324,0.0,0.0
cnp,4502,ctx_50,1.002144495172106,400,16.583243489265442,0.12725267197970025,76,0.8748918231924057,324,0.0,0.0
cnp,4502,ctx_100,1.0549887839549474,400,17.068754136562347,0.1363816850197903,76,0.9186070989351571,324,0.0,0.0
cnp,4502,extrapolation,1.066688038699648,324,15.480643391609192,0.0,0,1.066688038699648,324,0.0,0.0
cnp,4503,ctx_5,0.7641143698990915,400,15.190214693546295,0.1247264321789876,86,0.6393879377201039,314,0.0,0.0
cnp,4503,ctx_10,0.7436020269551282,400,15.017118319869041,0.12125260455133957,86,0.6223494224037887,314,0.0,0.0
cnp,4503,ctx_20,0.764701262879053,400,15.209459945559502,0.12452748046616824,86,0.6401737824128848,314,0.0,0.0
cnp,4503,ctx_50,0.7405046965479871,400,15.005684837698936,0.11932698996769298,86,0.6211777065802941,314,0.0,0.0
cnp,4503,ctx_100,0.723026214298756,400,14.807424038648605,0.11647339787679534,86,0.6065528164219607,314,0.0,0.0
cnp,4503,extrapolation,0.7011907096237748,314,13.133626937866211,0.0,0,0.7011907096237748,314,0.0,0.0
cnp,4504,ctx_5,0.6507843151600059,400,14.144411981105804,0.1363017644702864,102,0.5144825506897195,298,0.0,0.0
cnp,4504,ctx_10,0.5941167947649344,400,13.592689275741577,0.12363821722776769,102,0.4704785775371667,298,0.0,0.0
cnp,4504,ctx_20,0.6070818303675154,400,13.681934878230095,0.12478166051715767,102,0.48230016985035773,298,0.0,0.0
cnp,4504,ctx_50,0.5844499659419284,400,13.43616995215416,0.11926129654946616,102,0.4651886693924623,298,0.0,0.0
cnp,4504,ctx_100,0.6053740769207108,400,13.700460895895958,0.12418172743043132,102,0.48119234949027945,298,0.0,0.0
cnp,4504,extrapolation,0.5458956461782822,298,11.284933000802994,0.0,0,0.5458956461782822,298,0.0,0.0
cnp,4505,ctx_5,0.994325743853248,400,16.09416977316141,0.18582603183151525,91,0.8084997120217328,309,0.0,0.0
cnp,4505,ctx_10,1.1907550442744537,400,17.919564373791218,0.2310741743687763,91,0.9596808699056774,309,0.0,0.0
cnp,4505,ctx_20,1.1206093557922583,400,17.308635897934437,0.21499784677960032,91,0.905611509012658,309,0.0,0.0
cnp,4505,ctx_50,1.0874486743246896,400,16.990949608385563,0.20706565573488,91,0.8803830185898096,309,0.0,0.0
cnp,4505,ctx_100,1.1111500884246313,400,17.18820444494486,0.21242900039810397,91,0.8987210880265273,309,0.0,0.0
cnp,4505,extrapolation,1.0087755948330577,309,14.45328689366579,0.0,0,1.0087755948330577,309,0.0,0.0
cnp,4506,ctx_5,0.9067434145059423,400,15.245989695191383,0.1577351694292038,83,0.7490082450767386,317,0.0,0.0
cnp,4506,ctx_10,1.0570394172312207,400,16.623689457774162,0.18635543812110017,83,0.8706839791101206,317,0.0,0.0
cnp,4506,ctx_20,0.9050128214715081,400,15.299939200282097,0.15632762441394293,83,0.7486851970575652,317,0.0,0.0
cnp,4506,ctx_50,0.9511516586392381,400,15.639677092432976,0.16591033492303336,83,0.7852413237162048,317,0.0,0.0
cnp,4506,ctx_100,0.9170840260381676,400,15.300326779484749,0.1595041114762244,83,0.7575799145619433,317,0.0,0.0
cnp,4506,extrapolation,0.7977743862464859,317,12.825169987976551,0.0,0,0.7977743862464859,317,0.0,0.0
cnp,4507,ctx_5,1.2257196878323402,400,18.20597204566002,0.22072282181528213,89,1.004996866017058,311,0.0,0.0
cnp,4507,ctx_10,1.1972019061571275,400,17.953380182385445,0.21459267601134546,89,0.982609230145782,311,0.0,0.0
cnp,4507,ctx_20,1.1732394901758156,400,17.841731995344162,0.2087770081188638,89,0.9644624820569518,311,0.0,0.0
cnp,4507,ctx_50,1.1258118540889916,400,17.42642119526863,0.19821063516967596,89,0.9276012189193157,311,0.0,0.0
cnp,4507,ctx_100,1.1144090198762875,400,17.300645768642426,0.1956321831889003,89,0.9187768366873872,311,0.0,0.0
cnp,4507,extrapolation,1.0482182856543885,311,14.82878041267395,0.0,0,1.0482182856543885,311,0.0,0.0
cnp,4508,ctx_5,0.7312055936164963,400,14.119153130799532,0.14670112576934027,95,0.584504467847156,305,0.0,0.0
cnp,4508,ctx_10,0.7740685713793953,400,14.517028916627169,0.16093852184511473,95,0.6131300495342806,305,0.0,0.0
cnp,4508,ctx_20,0.7512986072891021,400,14.338992390781641,0.15395107116702947,95,0.5973475361220727,305,0.0,0.0
cnp,4508,ctx_50,0.7741924172215161,400,14.534612897783518,0.16243704498045422,95,0.6117553722410619,305,0.0,0.0
cnp,4508,ctx_100,0.7413972776999137,400,14.20504068210721,0.15157242336146284,95,0.5898248543384509,305,0.0,0.0
cnp,4508,extrapolation,0.5951110526039781,305,11.178305890411139,0.0,0,0.5951110526039781,305,0.0,0.0
cnp,4509,ctx_5,0.5701407968494179,400,12.784740552306175,0.09181764024472888,78,0.478323156604689,322,0.0,0.0
cnp,4509,ctx_10,0.49198458108962173,400,11.679634839296341,0.0734802852328858,78,0.41850429585673593,322,0.0,0.0
cnp,4509,ctx_20,0.5048077562131172,400,11.832649752497673,0.07173072897814509,78,0.43307702723497216,322,0.0,0.0
cnp,4509,ctx_50,0.5085597626765717,400,11.899065688252449,0.07440315428747529,78,0.43415660838909637,322,0.0,0.0
cnp,4509,ctx_100,0.5074889089685013,400,11.885401412844658,0.07410611436254216,78,0.43338279460595913,322,0.0,0.0
cnp,4509,extrapolation,0.39697835087294603,322,9.244679994881153,0.0,0,0.39697835087294603,322,0.0,0.0
cnp,4510,ctx_5,3.382874062658309,400,33.69803632795811,0.6150236265366633,87,2.7678504361216456,313,0.0,0.0
cnp,4510,ctx_10,2.9950578766027376,400,31.471928894519806,0.5407135388602589,87,2.4543443377424787,313,0.0,0.0
cnp,4510,ctx_20,3.1588551409818546,400,32.255639508366585,0.5671012773703961,87,2.5917538636114585,313,0.0,0.0
cnp,4510,ctx_50,3.09099835317392,400,31.95971417427063,0.5564468653708186,87,2.5345514878031015,313,0.0,0.0
cnp,4510,ctx_100,2.955963215690206,400,31.021820351481438,0.5301578521767907,87,2.425805363513415,313,0.0,0.0
cnp,4510,extrapolation,2.406400098469656,313,24.822378888726234,0.0,0,2.406400098469656,313,0.0,0.0
cnp,4511,ctx_5,1.5798527608402548,400,20.469106301665306,0.32828096517618044,81,1.2515717956640744,319,0.0,0.0
cnp,4511,ctx_10,1.6635209078284654,400,21.24659103155136,0.34721599899231315,81,1.3163049088361523,319,0.0,0.0
cnp,4511,ctx_20,1.592310910555199,400,20.631639078259468,0.3318063995825189,81,1.26050451097268,319,0.0,0.0
cnp,4511,ctx_50,1.592487637099906,400,20.430388748645782,0.33210839908696976,81,1.2603792380129362,319,0.0,0.0
cnp,4511,ctx_100,1.6464411625330677,400,20.931930392980576,0.3436442596983049,81,1.3027969028347628,319,0.0,0.0
cnp,4511,extrapolation,1.408543093037678,319,17.43697227537632,0.0,0,1.408543093037678,319,0.0,0.0
cnp,4512,ctx_5,1.0618660020627857,400,17.094626396894455,0.16477353788952698,89,0.8970924641732587,311,0.0,0.0
cnp,4512,ctx_10,1.1528448332059675,400,17.791809663176537,0.18021989899153712,89,0.9726249342144304,311,0.0,0.0
cnp,4512,ctx_20,1.0611091015008725,400,17.040752425789833,0.16502549748358786,89,0.8960836040172846,311,0.0,0.0
cnp,4512,ctx_50,1.0707847145962763,400,17.117041632533073,0.16596605679864584,89,0.9048186577976305,311,0.0,0.0
cnp,4512,ctx_100,1.1111113427274677,400,17.429796293377876,0.17310574481733298,89,0.9380055979101347,311,0.0,0.0
cnp,4512,extrapolation,0.9452383863328504,311,14.431341975927353,0.0,0,0.9452383863328504,311,0.0,0.0
cnp,4513,ctx_5,1.3462369298011123,400,21.354684233665466,0.28681903631959593,90,1.0594178934815164,310,0.0,0.0
cnp,4513,ctx_10,1.4056475100263286,400,22.014776334166527,0.30107306731217287,90,1.1045744427141557,310,0.0,0.0
cnp,4513,ctx_20,1.4529355750602404,400,22.35796695947647,0.3116020229280436,90,1.1413335521321968,310,0.0,0.0
cnp,4513,ctx_50,1.5534512350583007,400,23.09443598985672,0.33326926349169095,90,1.2201819715666098,310,0.0,0.0
cnp,4513,ctx_100,1.5706545922081285,400,23.282880932092667,0.3368586818524555,90,1.233795910355673,310,0.0,0.0
cnp,4513,extrapolation,1.3625449327148162,310,19.183955878019333,0.0,0,1.3625449327148162,310,0.0,0.0
cnp,4514,ctx_5,0.7326112296368976,400,13.294371977448463,0.10819968739475244,86,0.6244115422421452,314,0.0,0.0
cnp,4514,ctx_10,0.8474318407354828,400,14.293643698096275,0.13051569545037173,86,0.7169161452851112,314,0.0,0.0
cnp,4514,ctx_20,0.8634305800102455,400,14.40844577550888,0.1332226982522467,86,0.7302078817579989,314,0.0,0.0
cnp,4514,ctx_50,0.8422279961724299,400,14.224856302142143,0.12912203363092717,86,0.7131059625415028,314,0.0,0.0
cnp,4514,ctx_100,0.8400781957091017,400,14.215321063995361,0.12873433120458372,86,0.711343864504518,314,0.0,0.0
cnp,4514,extrapolation,0.7852394764192825,314,12.479862101376057,0.0,0,0.7852394764192825,314,0.0,0.0
cnp,4515,ctx_5,2.394727368269044,400,28.224581360816956,0.5517748581505186,101,1.8429525101185256,299,0.0,0.0
cnp,4515,ctx_10,2.3728173149010185,400,28.110656931996346,0.546310887883517,101,1.8265064270175018,299,0.0,0.0
cnp,4515,ctx_20,2.4220199535415805,400,28.441011652350426,0.5582497090339511,101,1.8637702445076292,299,0.0,0.0
cnp,4515,ctx_50,2.4682127738357504,400,28.814504370093346,0.5697177306684558,101,1.8984950431672944,299,0.0,0.0
cnp,4515,ctx_100,2.45257586313149,400,28.687387615442276,0.5660362008947062,101,1.8865396622367836,299,0.0,0.0
cnp,4515,extrapolation,2.101039055690256,299,22.95993684232235,0.0,0,2.101039055690256,299,0.0,0.0
cnp,4516,ctx_5,0.9973468166328976,400,16.027037352323532,0.12359348129037562,77,0.873753335342522,323,0.0,0.0
cnp,4516,ctx_10,0.7935872418325816,400,13.920104652643204,0.09037987134694392,77,0.7032073704856376,323,0.0,0.0
cnp,4516,ctx_20,0.7593313818135277,400,13.659721449017525,0.0865827039979361,77,0.6727486778155916,323,0.0,0.0
cnp,4516,ctx_50,0.7728395170446922,400,13.83190742135048,0.08961238733069021,77,0.683227129714002,323,0.0,0.0
cnp,4516,ctx_100,0.8072594276165461,400,14.156862631440163,0.09441651173846721,77,0.7128429158780789,323,0.0,0.0
cnp,4516,extrapolation,0.8121798200036918,323,13.037712946534157,0.0,0,0.8121798200036918,323,0.0,0.0
cnp,4517,ctx_5,1.1297707536945638,400,18.373558849096298,0.2511828319521554,96,0.8785879217424084,304,0.0,0.0
cnp,4517,ctx_10,1.046845291917556,400,17.599654659628868,0.23110703780730657,96,0.8157382541102494,304,0.0,0.0
cnp,4517,ctx_20,1.052617172265857,400,17.600512757897377,0.23351736267481948,96,0.8190998095910376,304,0.0,0.0
cnp,4517,ctx_50,1.0488230140079116,400,17.660020157694817,0.23092350222153768,96,0.8178995117863739,304,0.0,0.0
cnp,4517,ctx_100,1.078369910783278,400,17.958329439163208,0.23844256856853763,96,0.8399273422147404,304,0.0,0.0
cnp,4517,extrapolation,0.9170262462599004,304,14.42255386710167,0.0,0,0.9170262462599004,304,0.0,0.0
cnp,4518,ctx_5,0.7229589167898698,400,12.484871372580528,0.13519024021801207,78,0.5877686765718577,322,0.0,0.0
cnp,4518,ctx_10,0.6446766798266768,400,11.94538077712059,0.11765038368931524,78,0.5270262961373615,322,0.0,0.0
cnp,4518,ctx_20,0.6906457412749563,400,12.294330433011055,0.1270210252516739,78,0.5636247160232823,322,0.0,0.0
cnp,4518,ctx_50,0.6930494690590145,400,12.3001569211483,0.12797742222462416,78,0.5650720468343904,322,0.0,0.0
cnp,4518,ctx_100,0.6865443331269847,400,12.268739134073257,0.12612014716941888,78,0.5604241859575658,322,0.0,0.0
cnp,4518,extrapolation,0.671833746379374,322,10.894457772374153,0.0,0,0.671833746379374,322,0.0,0.0
cnp,4519,ctx_5,2.4752901363625606,400,26.827732250094414,0.6230966653258929,94,1.8521934710366674,306,0.0,0.0
cnp,4519,ctx_10,2.537042973504893,400,27.220157235860825,0.6380702908197797,94,1.8989726826851134,306,0.0,0.0
cnp,4519,ctx_20,2.420661614729179,400,26.524476319551468,0.6072397779697256,94,1.8134218367594535,306,0.0,0.0
cnp,4519,ctx_50,2.4353362704572237,400,26.603331208229065,0.6121009576928931,94,1.8232353127643306,306,0.0,0.0
cnp,4519,ctx_100,2.3385257337020144,400,25.96044133603573,0.5873369073439894,94,1.7511888263580253,306,0.0,0.0
cnp,4519,extrapolation,1.8367458737968576,306,20.15098312497139,0.0,0,1.8367458737968576,306,0.0,0.0
cnp,4520,ctx_5,1.6653831168606323,400,22.87419979274273,0.2971444817534683,81,1.368238635107164,319,0.0,0.0
cnp,4520,ctx_10,1.6960575582686788,400,23.09298373758793,0.3093236413615994,81,1.3867339169070794,319,0.0,0.0
cnp,4520,ctx_20,1.7280101461849429,400,23.236678019165993,0.31188255768557127,81,1.4161275884993716,319,0.0,0.0
cnp,4520,ctx_50,1.7603413042014961,400,23.599095568060875,0.31807262264103797,81,1.4422686815604582,319,0.0,0.0
cnp,4520,ctx_100,1.763013959838558,400,23.622531473636627,0.3177094241615841,81,1.4453045356769738,319,0.0,0.0
cnp,4520,extrapolation,1.696797316778964,319,20.942874550819397,0.0,0,1.696797316778964,319,0.0,0.0
cnp,4521,ctx_5,1.6835012909441693,400,23.35386022925377,0.30905260355417674,81,1.3744486873899926,319,0.0,0.0
cnp,4521,ctx_10,1.8982472425368764,400,24.87385854125023,0.34812390207219845,81,1.550123340464678,319,0.0,0.0
cnp,4521,ctx_20,1.8256535807338576,400,24.451089456677437,0.33536088399767294,81,1.4902926967361847,319,0.0,0.0
cnp,4521,ctx_50,1.802901018654582,400,24.241502925753593,0.33056569796998136,81,1.4723353206846006,319,0.0,0.0
cnp,4521,ctx_100,1.810806820359774,400,24.31464271247387,0.332411809874267,81,1.478395010485507,319,0.0,0.0
cnp,4521,extrapolation,1.4796589455995224,319,19.603285521268845,0.0,0,1.4796589455995224,319,0.0,0.0
cnp,4522,ctx_5,1.9913590384181998,400,23.908422358334064,0.3427753459117562,76,1.6485836925064437,324,0.0,0.0
cnp,4522,ctx_10,2.282695496136352,400,25.890108056366444,0.4031967944881809,76,1.8794987016481708,324,0.0,0.0
cnp,4522,ctx_20,2.258703293896366,400,25.72156784683466,0.4018663092902177,76,1.8568369846061483,324,0.0,0.0
cnp,4522,ctx_50,2.2340768889711002,400,25.5642866268754,0.39460617431618794,76,1.8394707146549123,324,0.0,0.0
cnp,4522,ctx_100,2.161146695771847,400,25.05262892693281,0.3793213563574087,76,1.7818253394144379,324,0.0,0.0
cnp,4522,extrapolation,1.806272630298961,324,20.632006861269474,0.0,0,1.806272630298961,324,0.0,0.0
cnp,4523,ctx_5,2.4302468516449243,400,27.938665509223938,0.5236323263964506,88,1.9066145252484736,312,0.0,0.0
cnp,4523,ctx_10,2.736725852444315,400,29.79884584248066,0.5908295533572867,88,2.1458962990870285,312,0.0,0.0
cnp,4523,ctx_20,2.7088921975805467,400,29.667929023504257,0.5835733705836577,88,2.125318826996889,312,0.0,0.0
cnp,4523,ctx_50,2.5231754469683496,400,28.546530321240425,0.5412572219011529,88,1.981918225067197,312,0.0,0.0
cnp,4523,ctx_100,2.5889848135116553,400,28.9447213858366,0.5565037015531493,88,2.032481111958506,312,0.0,0.0
cnp,4523,extrapolation,2.04121363947555,312,22.718446880578995,0.0,0,2.04121363947555,312,0.0,0.0
cnp,4524,ctx_5,0.7982897713867143,400,14.42593777924776,0.09784254027336092,79,0.7004472311133534,321,0.0,0.0
cnp,4524,ctx_10,0.8283245284221727,400,14.69581551104784,0.10238750319079859,79,0.7259370252313742,321,0.0,0.0
cnp,4524,ctx_20,0.8212710505695051,400,14.67089331895113,0.10369680693064454,79,0.7175742436388606,321,0.0,0.0
cnp,4524,ctx_50,0.8108559367623474,400,14.512298919260502,0.10038597366579594,79,0.7104699630965514,321,0.0,0.0
cnp,4524,ctx_100,0.8013005051957669,400,14.400151632726192,0.0986278306136652,79,0.7026726745821017,321,0.0,0.0
cnp,4524,extrapolation,0.851000046491601,321,13.27023819833994,0.0,0,0.851000046491601,321,0.0,0.0
cnp,4525,ctx_5,0.8992445859745519,400,15.130242228507996,0.15577988155288827,94,0.7434647044216636,306,0.0,0.0
cnp,4525,ctx_10,0.9423940371206783,400,15.312386229634285,0.168862832278349,94,0.7735312048423291,306,0.0,0.0
cnp,4525,ctx_20,0.898781859458738,400,14.91472627222538,0.15186022903479382,94,0.7469216304239441,306,0.0,0.0
cnp,4525,ctx_50,0.8962313569731541,400,14.884536534547806,0.15229187413992687,94,0.7439394828332271,306,0.0,0.0
cnp,4525,ctx_100,0.8965310352728122,400,14.89929211139679,0.15222135953832264,94,0.7443096757344896,306,0.0,0.0
cnp,4525,extrapolation,0.7430536475676397,306,11.884932421147823,0.0,0,0.7430536475676397,306,0.0,0.0
cnp,4526,ctx_5,0.5005455648712407,400,11.692658387124538,0.059122840261080445,84,0.4414227246101602,316,0.0,0.0
cnp,4526,ctx_10,0.5188230546365153,400,11.657487787306309,0.06335799591401631,84,0.455465058722499,316,0.0,0.0
cnp,4526,ctx_20,0.5124889825263315,400,11.569707296788692,0.05913477457950328,84,0.4533542079468281,316,0.0,0.0
cnp,4526,ctx_50,0.5167853898472936,400,11.620109908282757,0.05960735405308021,84,0.45717803579421334,316,0.0,0.0
cnp,4526,ctx_100,0.506157077396489,400,11.61449395865202,0.06103967130814275,84,0.44511740608834616,316,0.0,0.0
cnp,4526,extrapolation,0.4599602240950108,316,9.829990297555923,0.0,0,0.4599602240950108,316,0.0,0.0
cnp,4527,ctx_5,1.7145376969410338,400,22.583215199410915,0.5154432665383668,93,1.1990944304026672,307,0.0,0.0
cnp,4527,ctx_10,1.68337049285631,400,22.3374165520072,0.4935609200408374,93,1.1898095728154725,307,0.0,0.0
cnp,4527,ctx_20,1.682406374466591,400,22.392606861889362,0.4936587799277957,93,1.1887475945387953,307,0.0,0.0
cnp,4527,ctx_50,1.7214388481515317,400,22.54940926283598,0.505492724596706,93,1.2159461235548257,307,0.0,0.0
cnp,4527,ctx_100,1.6196374481735178,400,21.951052851974964,0.4720573312473786,93,1.1475801169261393,307,0.0,0.0
cnp,4527,extrapolation,1.0947128336533765,307,15.822224985808134,0.0,0,1.0947128336533765,307,0.0,0.0
cnp,4528,ctx_5,0.8939661827156344,400,15.919086128473282,0.11724818602967946,63,0.776717996685955,337,0.0,0.0
cnp,4528,ctx_10,1.0105198899941985,400,16.959145545959473,0.14653005271836506,63,0.8639898372758334,337,0.0,0.0
cnp,4528,ctx_20,0.9893102452740896,400,16.804240584373474,0.1439518300482847,63,0.8453584152258049,337,0.0,0.0
cnp,4528,ctx_50,0.939089953749066,400,16.38666270673275,0.1322877714493167,63,0.8068021822997493,337,0.0,0.0
cnp,4528,ctx_100,0.9498501205419703,400,16.477378025650978,0.13448515449344467,63,0.8153649660485256,337,0.0,0.0
cnp,4528,extrapolation,0.7984551376270337,337,13.789580717682838,0.0,0,0.7984551376270337,337,0.0,0.0
cnp,4529,ctx_5,2.06322819620335,400,24.841590955853462,0.3501774294570277,86,1.7130507667463226,314,0.0,0.0
cnp,4529,ctx_10,1.9772079775568894,400,24.216058149933815,0.33350203116860655,86,1.6437059463882828,314,0.0,0.0
cnp,4529,ctx_20,2.0726879814373946,400,24.89595341682434,0.3559708737079894,86,1.7167171077294052,314,0.0,0.0
cnp,4529,ctx_50,2.08633060397727,400,24.989897146821022,0.36157485166567316,86,1.7247557523115973,314,0.0,0.0
cnp,4529,ctx_100,1.949526707552188,400,24.005805492401123,0.33093245488423984,86,1.6185942526679482,314,0.0,0.0
cnp,4529,extrapolation,1.6269768410939598,314,19.278814435005188,0.0,0,1.6269768410939598,314,0.0,0.0
cnp,4530,ctx_5,0.842248543553727,400,14.392820350825787,0.08069756271791867,67,0.7615509808358083,333,0.0,0.0
cnp,4530,ctx_10,1.021279217089632,400,15.644474633038044,0.10291369458138017,67,0.9183655225082519,333,0.0,0.0
cnp,4530,ctx_20,0.9775375529452666,400,15.439699046313763,0.09747965282803767,67,0.8800579001172288,333,0.0,0.0
cnp,4530,ctx_50,0.9865444417467337,400,15.460308440029621,0.09801223771485085,67,0.8885322040318828,333,0.0,0.0
cnp,4530,ctx_100,0.9979593729153171,400,15.535273395478725,0.0992918157500357,67,0.8986675571652813,333,0.0,0.0
cnp,4530,extrapolation,0.9779243516850642,333,13.858890101313591,0.0,0,0.9779243516850642,333,0.0,0.0
cnp,4531,ctx_5,0.7577760234681632,400,13.719479598104954,0.1259066417838839,101,0.6318693816842793,299,0.0,0.0
cnp,4531,ctx_10,0.7765098351204758,400,13.787197060883045,0.12912522330686138,101,0.6473846118136144,299,0.0,0.0
cnp,4531,ctx_20,0.7899932313812155,400,13.989789046347141,0.1334283233922795,101,0.656564907988936,299,0.0,0.0
cnp,4531,ctx_50,0.7844782942218222,400,13.930675394833088,0.13224068480441176,101,0.6522376094174105,299,0.0,0.0
cnp,4531,ctx_100,0.7763038405424667,400,13.858307637274265,0.13059145629092805,101,0.6457123842515387,299,0.0,0.0
cnp,4531,extrapolation,0.6981014521826772,299,11.404807843267918,0.0,0,0.6981014521826772,299,0.0,0.0
cnp,4532,ctx_5,1.3256775041734636,400,18.79590004682541,0.230377159783536,81,1.0953003443899276,319,0.0,0.0
cnp,4532,ctx_10,1.1387127180196754,400,17.248214051127434,0.19243300313883438,81,0.9462797148808411,319,0.0,0.0
cnp,4532,ctx_20,1.1309776805767664,400,17.074026092886925,0.19262414177442833,81,0.9383535388023381,319,0.0,0.0
cnp,4532,ctx_50,1.1257789905354674,400,16.993266612291336,0.1914951188683076,81,0.9342838716671598,319,0.0,0.0
cnp,4532,ctx_100,1.1252614129796028,400,16.990397050976753,0.19128870364354733,81,0.9339727093360555,319,0.0,0.0
cnp,4532,extrapolation,0.9850428056166984,319,14.199532821774483,0.0,0,0.9850428056166984,319,0.0,0.0
cnp,4533,ctx_5,1.6103194349749936,400,21.077905610203743,0.2840948730817823,90,1.3262245618932114,310,0.0,0.0
cnp,4533,ctx_10,1.3653156719009043,400,19.27012823522091,0.23082060578428454,90,1.1344950661166198,310,0.0,0.0
cnp,4533,ctx_20,1.4309981363854363,400,19.853524163365364,0.24516819210362994,90,1.1858299442818063,310,0.0,0.0
cnp,4533,ctx_50,1.4555742115187043,400,20.030132085084915,0.24991054229354637,90,1.2056636692251579,310,0.0,0.0
cnp,4533,ctx_100,1.4519047990525735,400,20.011314764618874,0.24966527456588405,90,1.2022395244866895,310,0.0,0.0
cnp,4533,extrapolation,1.2780012149416906,310,16.414033815264702,0.0,0,1.2780012149416906,310,0.0,0.0
cnp,4534,ctx_5,1.1106184172637352,400,17.089708656072617,0.20206030328334368,86,0.9085581139803915,314,0.0,0.0
cnp,4534,ctx_10,1.0687850073744085,400,16.769596472382545,0.1920887024068556,86,0.8766963049675529,314,0.0,0.0
cnp,4534,ctx_20,0.9800700097416557,400,16.065039411187172,0.173056571997946,86,0.8070134377437097,314,0.0,0.0
cnp,4534,ctx_50,1.0028788056343065,400,16.257548287510872,0.1781021254432309,86,0.8247766801910756,314,0.0,0.0
cnp,4534,ctx_100,1.0003838233088882,400,16.246977403759956,0.17760760211964155,86,0.8227762211892466,314,0.0,0.0
cnp,4534,extrapolation,0.8567352811625542,314,13.335256308317184,0.0,0,0.8567352811625542,314,0.0,0.0
cnp,4535,ctx_5,1.4539247237571495,400,20.630522966384888,0.26145484117428097,87,1.1924698825828686,313,0.0,0.0
cnp,4535,ctx_10,1.3349423480375515,400,19.67244467139244,0.23544837817292108,87,1.0994939698646304,313,0.0,0.0
cnp,4535,ctx_20,1.381192234269641,400,20.053288102149963,0.24682657526065466,87,1.1343656590089863,313,0.0,0.0
cnp,4535,ctx_50,1.3316594358829312,400,19.67409285902977,0.23568186805860236,87,1.0959775678243289,313,0.0,0.0
cnp,4535,ctx_100,1.2784701083724326,400,19.222400590777397,0.22503006861226504,87,1.0534400397601675,313,0.0,0.0
cnp,4535,extrapolation,1.0926140767431098,313,15.784650832414627,0.0,0,1.0926140767431098,313,0.0,0.0
cnp,4536,ctx_5,2.522917278454509,400,27.108899906277657,0.49324171560036034,89,2.0296755628541487,311,0.0,0.0
cnp,4536,ctx_10,2.4517536730789007,400,27.057845950126648,0.47969329807847405,89,1.9720603750004266,311,0.0,0.0
cnp,4536,ctx_20,2.7003909064176423,400,28.29352357983589,0.5329389473562987,89,2.167451959061344,311,0.0,0.0
cnp,4536,ctx_50,2.5552041823568077,400,27.546365559101105,0.5006533891330871,89,2.0545507932237204,311,0.0,0.0
cnp,4536,ctx_100,2.6174861337451114,400,27.888885378837585,0.5145137785272289,89,2.1029723552178825,311,0.0,0.0
cnp,4536,extrapolation,2.18440558175854,311,22.30949778854847,0.0,0,2.18440558175854,311,0.0,0.0
cnp,4537,ctx_5,3.672464094056168,400,36.040668696165085,0.7336742486019971,79,2.9387898454541705,321,0.0,0.0
cnp,4537,ctx_10,3.6666063188256857,400,35.977661207318306,0.7302564285844122,79,2.9363498902412735,321,0.0,0.0
cnp,4537,ctx_20,3.6924070047207733,400,36.14290577173233,0.7357673642840505,79,2.956639640436723,321,0.0,0.0
cnp,4537,ctx_50,3.599872219483564,400,35.62944655120373,0.7156062269665524,79,2.8842659925170118,321,0.0,0.0
cnp,4537,ctx_100,3.609508651435283,400,35.66913944482803,0.7183777832625728,79,2.89113086817271,321,0.0,0.0
cnp,4537,extrapolation,2.927618800475916,321,28.699597507715225,0.0,0,2.927618800475916,321,0.0,0.0
cnp,4538,ctx_5,3.113037947308484,400,32.653168976306915,0.6582991890440202,91,2.4547387582644635,309,0.0,0.0
cnp,4538,ctx_10,3.1729674816055264,400,32.99541628360748,0.664196717234147,91,2.5087707643713797,309,0.0,0.0
cnp,4538,ctx_20,3.104101675267408,400,32.704433515667915,0.6512731862086512,91,2.452828489058757,309,0.0,0.0
cnp,4538,ctx_50,3.191018601706183,400,33.082159608602524,0.6699150952371218,91,2.521103506469061,309,0.0,0.0
cnp,4538,ctx_100,3.212762364221605,400,33.20848873257637,0.6747101542618903,91,2.538052209959715,309,0.0,0.0
cnp,4538,extrapolation,2.54830962267753,309,26.02734726667404,0.0,0,2.54830962267753,309,0.0,0.0
cnp,4539,ctx_5,0.6814918593939567,400,13.088577903807163,0.13610656366697227,97,0.5453852957269845,303,0.0,0.0
cnp,4539,ctx_10,0.6990332351145172,400,13.177982218563557,0.13919477064724828,97,0.5598384644672689,303,0.0,0.0
cnp,4539,ctx_20,0.5877064784265988,400,12.338312856853008,0.10833294023310946,97,0.4793735381934893,303,0.0,0.0
cnp,4539,ctx_50,0.6353997547211714,400,12.707584403455257,0.12204868042230932,97,0.5133510742988621,303,0.0,0.0
cnp,4539,ctx_100,0.623790323110994,400,12.609203718602657,0.11891441003478187,97,0.5048759130762122,303,0.0,0.0
cnp,4539,extrapolation,0.5381176577375884,303,10.213781096041203,0.0,0,0.5381176577375884,303,0.0,0.0
cnp_delta,4500,ctx_5,0.4855239605505418,400,11.507311002160407,0.12947190445554385,93,0.356052056094998,307,1.0498687664041995,12.714285714285714
cnp_delta,4500,ctx_10,0.48549992845500467,400,11.507324419468773,0.12946238477841904,93,0.3560375436765857,307,1.0498687664041995,12.714285714285714
cnp_delta,4500,ctx_20,0.4854953895835972,400,11.507155062022719,0.12944896118374863,93,0.3560464283998486,307,1.0498687664041995,12.714285714285714
cnp_delta,4500,ctx_50,0.4855190798875325,400,11.507508970051532,0.12947263839073533,93,0.3560464414967971,307,1.0498687664041995,12.714285714285714
cnp_delta,4500,ctx_100,0.48551277673770865,400,11.507491724322932,0.1294631851133763,93,0.3560495916243323,307,1.0498687664041995,12.714285714285714
cnp_delta,4500,extrapolation,0.35604650502896396,307,8.440675055273601,0.0,0,0.35604650502896396,307,1.7361111111111112,16.642857142857142
cnp_delta,4501,ctx_5,0.660193984058175,400,14.620746519924182,0.11813800006922487,89,0.5420559839889502,311,0.0,4.193548387096774
cnp_delta,4501,ctx_10,0.6601993208437522,400,14.62083000048608,0.1181394873820434,89,0.5420598334617088,311,0.0,4.193548387096774
cnp_delta,4501,ctx_20,0.6602007069749373,400,14.620798231243725,0.11813880116656623,89,0.5420619058083711,311,0.0,4.193548387096774
cnp_delta,4501,ctx_50,0.6601943806930703,400,14.620745559335205,0.1181357659824801,89,0.5420586147105902,311,0.0,4.193548387096774
cnp_delta,4501,ctx_100,0.6601905122603593,400,14.620685497949239,0.11813556522484016,89,0.5420549470355192,311,0.0,4.193548387096774
cnp_delta,4501,extrapolation,0.5420407275766937,311,11.534603592447183,0.0,0,0.5420407275766937,311,0.0,4.333333333333333
cnp_delta,4502,ctx_5,0.23574195462433362,400,7.779782778444996,0.05234241300644531,76,0.1833995416178883,324,0.2597402597402597,3.046875
cnp_delta,4502,ctx_10,0.23569521850072886,400,7.778623192150349,0.05232935037361373,76,0.1833658681271151,324,0.2597402597402597,3.046875
cnp_delta,4502,ctx_20,0.23568613693519308,400,7.778075209814006,0.05232650248344113,76,0.18335963445175196,324,0.2597402597402597,3.046875
cnp_delta,4502,ctx_50,0.23569659993147005,400,7.778383603047303,0.052328650085454356,76,0.1833679498460157,324,0.2597402597402597,3.046875
cnp_delta,4502,ctx_100,0.23569152720811662,400,7.778412274950114,0.05232733491689267,76,0.18336419229122397,324,0.2597402597402597,3.046875
cnp_delta,4502,extrapolation,0.18339126170114706,324,6.104597173356353,0.0,0,0.18339126170114706,324,0.32362459546925565,3.75
cnp_delta,4503,ctx_5,0.23694163583044783,400,7.688395418733563,0.05933196376903201,86,0.1776096720614158,314,0.0,3.515625
cnp_delta,4503,ctx_10,0.2376448281709872,400,7.718504337030822,0.059412178417665495,86,0.17823264975332168,314,0.0,3.515625
cnp_delta,4503,ctx_20,0.2375533239002807,400,7.714369415957634,0.05940164568240232,86,0.17815167821787836,314,0.0,3.515625
cnp_delta,4503,ctx_50,0.23734001896619866,400,7.7079457301558705,0.05936459896070386,86,0.17797542000549482,314,0.0,3.515625
cnp_delta,4503,ctx_100,0.23736094958656193,400,7.707907884004612,0.05937143604114919,86,0.17798951354541273,314,0.0,3.515625
cnp_delta,4503,extrapolation,0.17877454537519144,314,5.918682652590832,0.0,0,0.17877454537519144,314,0.0,3.515625
cnp_delta,4504,ctx_5,0.0799986306631625,400,3.857388539142221,0.016628851107730647,102,0.06336977955543185,298,0.0,3.0303030303030303
cnp_delta,4504,ctx_10,0.07994477582339038,400,3.847433962675609,0.016622426259798106,102,0.06332234956359228,298,0.0,3.0303030303030303
cnp_delta,4504,ctx_20,0.08003689685776735,400,3.8611373080080966,0.0166342386794417,102,0.06340265817832566,298,0.0,3.0303030303030303
cnp_delta,4504,ctx_50,0.07994182117529981,400,3.8525817899672177,0.016617114713807894,102,0.06332470646149192,298,0.0,3.0303030303030303
cnp_delta,4504,ctx_100,0.07994545299405713,400,3.8540210534392827,0.01661849151056015,102,0.06332696148349697,298,0.0,3.0303030303030303
cnp_delta,4504,extrapolation,0.06333270427636478,298,2.9493840135124856,0.0,0,0.06333270427636478,298,0.0,3.125
cnp_delta,4505,ctx_5,0.8942534121608146,400,17.412648145269486,0.21962143808273082,91,0.6746319740780837,309,0.0,0.0
cnp_delta,4505,ctx_10,0.8942617596099118,400,17.412902680018192,0.21964199109788737,91,0.6746197685120245,309,0.0,0.0
cnp_delta,4505,ctx_20,0.8941030429171554,400,17.4107803454325,0.219618559478346,91,0.6744844834388094,309,0.0,0.0
cnp_delta,4505,ctx_50,0.8942163429196733,400,17.41230319233739,0.21963652199564265,91,0.6745798209240306,309,0.0,0.0
cnp_delta,4505,ctx_100,0.8942158758835397,400,17.412277980007048,0.2196368928240019,91,0.6745789830595378,309,0.0,0.0
cnp_delta,4505,extrapolation,0.6746083209634246,309,13.282994299081707,0.0,0,0.6746083209634246,309,0.0,0.0
cnp_delta,4506,ctx_5,0.07772278556110403,400,3.695165107013281,0.00727412048652927,83,0.07044866507457476,317,0.0,0.29411764705882354
cnp_delta,4506,ctx_10,0.07772681750889904,400,3.6955780174861275,0.007275398940496826,83,0.0704514185684022,317,0.0,0.29411764705882354
cnp_delta,4506,ctx_20,0.0776923521824425,400,3.6932302512567503,0.007270598064209009,83,0.07042175411823348,317,0.0,0.29411764705882354
cnp_delta,4506,ctx_50,0.07771251244551675,400,3.6945669571215376,0.007274397395727282,83,0.07043811504978946,317,0.0,0.29411764705882354
cnp_delta,4506,ctx_100,0.07770812677263084,400,3.6940965749298584,0.0072731132151412515,83,0.07043501355748957,317,0.0,0.29411764705882354
cnp_delta,4506,extrapolation,0.07045880790458411,317,2.975221460869136,0.0,0,0.07045880790458411,317,0.0,0.29411764705882354
cnp_delta,4507,ctx_5,0.1031314906806415,400,5.069743703728932,0.01705812846919345,89,0.08607336221144804,311,0.5167958656330749,0.0
cnp_delta,4507,ctx_10,0.10317026323328543,400,5.071787042105598,0.01704477545094575,89,0.08612548778233968,311,0.5167958656330749,0.0
cnp_delta,4507,ctx_20,0.10319120792181956,400,5.071473692514559,0.017053505732430023,89,0.08613770218938954,311,0.5167958656330749,0.0
cnp_delta,4507,ctx_50,0.10323670975467707,400,5.070279761525683,0.017062201276172924,89,0.08617450847850414,311,0.5167958656330749,0.0
cnp_delta,4507,ctx_100,0.10321539397849139,400,5.070938965748724,0.017058035738868434,89,0.08615735823962295,311,0.5167958656330749,0.0
cnp_delta,4507,extrapolation,0.086111643321004,311,4.1112290622211844,0.0,0,0.086111643321004,311,0.6734006734006734,0.0
cnp_delta,4508,ctx_5,1.6271476754630356,400,24.38548573529195,0.46418909953209614,95,1.1629585759309393,305,0.0,1.2121212121212122
cnp_delta,4508,ctx_10,1.62702050853895,400,24.384280562787552,0.4642015377290947,95,1.1628189708098553,305,0.0,1.2121212121212122
cnp_delta,4508,ctx_20,1.6269118973181733,400,24.383353094858194,0.46418323664800193,95,1.162728660670171,305,0.0,1.2121212121212122
cnp_delta,4508,ctx_50,1.6269947639340783,400,24.384012492621224,0.46420483589756006,95,1.1627899280365184,305,0.0,1.2121212121212122
cnp_delta,4508,ctx_100,1.6269692945135643,400,24.38387316823969,0.46419492463189016,95,1.162774369881674,305,0.0,1.2121212121212122
cnp_delta,4508,extrapolation,1.1625240763118763,305,17.882402048477758,0.0,0,1.1625240763118763,305,0.0,1.2121212121212122
cnp_delta,4509,ctx_5,0.19424586367068442,400,6.760814284972312,0.036217003013463166,78,0.15802886065722124,322,1.2953367875647668,4.21875
cnp_delta,4509,ctx_10,0.19415548867132118,400,6.758780591046019,0.03618591919819288,78,0.15796956947312832,322,1.2953367875647668,4.21875
cnp_delta,4509,ctx_20,0.19417958389468665,400,6.758733787331693,0.03618591381193177,78,0.15799367008275486,322,1.2953367875647668,4.21875
cnp_delta,4509,ctx_50,0.19418065125109485,400,6.758542715461061,0.03618291615060001,78,0.15799773510049483,322,1.2953367875647668,4.21875
cnp_delta,4509,ctx_100,0.1942164495213929,400,6.759468705524128,0.03619506449109641,78,0.15802138503029647,322,1.2953367875647668,4.21875
cnp_delta,4509,extrapolation,0.1580666832013348,322,5.43144404462933,0.0,0,0.1580666832013348,322,1.6233766233766234,6.328125
cnp_delta,4510,ctx_5,5.304398757202961,400,41.484815617090135,1.0746376920356202,87,4.22976106516734,313,0.7614213197969543,6.323529411764706
cnp_delta,4510,ctx_10,5.304395495593467,400,41.48479592901188,1.0746370814087443,87,4.229758414184723,313,0.7614213197969543,6.323529411764706
cnp_delta,4510,ctx_20,5.304400593007406,400,41.48484411604491,1.0746309763276651,87,4.22976961667974,313,0.7614213197969543,6.323529411764706
cnp_delta,4510,ctx_50,5.304411487449254,400,41.484892883717606,1.0746376881177127,87,4.229773799331541,313,0.7614213197969543,6.323529411764706
cnp_delta,4510,ctx_100,5.30440488588548,400,41.484857148767276,1.0746344902341485,87,4.229770395651332,313,0.7614213197969543,6.323529411764706
cnp_delta,4510,extrapolation,4.229755885643041,313,32.656171702196104,0.0,0,4.229755885643041,313,0.9771986970684039,6.911764705882353
cnp_delta,4511,ctx_5,0.4380833760055258,400,11.679551930976828,0.08957870778760108,81,0.34850466821792475,319,0.0,0.0
cnp_delta,4511,ctx_10,0.4385003722778623,400,11.691261100740576,0.08963578266093682,81,0.3488645896169255,319,0.0,0.0
cnp_delta,4511,ctx_20,0.43841423918105793,400,11.689784793736862,0.08962454460553534,81,0.34878969457552256,319,0.0,0.0
cnp_delta,4511,ctx_50,0.4383472387691389,400,11.687936587298509,0.08961483413984894,81,0.34873240462928995,319,0.0,0.0
cnp_delta,4511,ctx_100,0.43831891105554077,400,11.687341621028168,0.08961110756173706,81,0.3487078034938038,319,0.0,0.0
cnp_delta,4511,extrapolation,0.34876830027137595,319,9.327085738313258,0.0,0,0.34876830027137595,319,0.0,0.0
cnp_delta,4512,ctx_5,0.2627576265262702,400,9.38275164330389,0.056751126899883715,89,0.20600649962638645,311,0.0,0.0
cnp_delta,4512,ctx_10,0.26271271730232004,400,9.381160707024378,0.056747403252698635,89,0.20596531404962137,311,0.0,0.0
cnp_delta,4512,ctx_20,0.2627571145056355,400,9.382606342798454,0.05675122500952251,89,0.20600588949611293,311,0.0,0.0
cnp_delta,4512,ctx_50,0.2627696652590301,400,9.382896643634012,0.056752610135433486,89,0.20601705512359667,311,0.0,0.0
cnp_delta,4512,ctx_100,0.2627562334523606,400,9.38263204035377,0.056751213437428005,89,0.2060050200149326,311,0.0,0.0
cnp_delta,4512,extrapolation,0.20601636728342193,311,7.2938765290770675,0.0,0,0.20601636728342193,311,0.0,0.0
cnp_delta,4513,ctx_5,0.3131149029328891,400,10.114951613841555,0.07653511929899877,90,0.23657978363389037,310,0.0,0.0
cnp_delta,4513,ctx_10,0.31311246299811546,400,10.11504997936484,0.07653510635475273,90,0.23657735664336277,310,0.0,0.0
cnp_delta,4513,ctx_20,0.31311201576521486,400,10.114982786966465,0.07653515139373705,90,0.2365768643714778,310,0.0,0.0
cnp_delta,4513,ctx_50,0.3131093892330278,400,10.114889908734341,0.07653392607320428,90,0.23657546315982353,310,0.0,0.0
cnp_delta,4513,ctx_100,0.31311016241689305,400,10.114919060854817,0.0765342241128674,90,0.2365759383040257,310,0.0,0.0
cnp_delta,4513,extrapolation,0.23657582049170886,310,7.677125005854492,0.0,0,0.23657582049170886,310,0.0,0.0
cnp_delta,4514,ctx_5,1.1504440619970189,400,16.34619528009648,0.2792842328626685,86,0.8711598291343504,314,0.0,0.15151515151515152
cnp_delta,4514,ctx_10,1.1501751007749181,400,16.34459616026811,0.27925054454376386,86,0.8709245562311543,314,0.0,0.15151515151515152
cnp_delta,4514,ctx_20,1.1503031694088741,400,16.345350814537966,0.27926872908601325,86,0.8710344403228609,314,0.0,0.15151515151515152
cnp_delta,4514,ctx_50,1.1503512220329335,400,16.345727741555876,0.2792740941470286,86,0.8710771278859051,314,0.0,0.15151515151515152
cnp_delta,4514,ctx_100,1.1503524034332813,400,16.345636732499912,0.27927495410931935,86,0.8710774493239619,314,0.0,0.15151515151515152
cnp_delta,4514,extrapolation,0.871180649843969,314,12.55726081617621,0.0,0,0.871180649843969,314,0.0,0.15151515151515152
cnp_delta,4515,ctx_5,1.1314534198922352,400,18.568003624650515,0.29310891989109433,101,0.838344500001141,299,0.2564102564102564,2.03125
cnp_delta,4515,ctx_10,1.1314629764350472,400,18.568066492572427,0.2930998383663875,101,0.8383631380686598,299,0.2564102564102564,2.03125
cnp_delta,4515,ctx_20,1.1314578078644821,400,18.568032300456935,0.2930991351227533,101,0.8383586727417288,299,0.2564102564102564,2.03125
cnp_delta,4515,ctx_50,1.1314676644399904,400,18.568147426483932,0.29310530197203327,101,0.8383623624679568,299,0.2564102564102564,2.03125
cnp_delta,4515,ctx_100,1.1314615795048275,400,18.56808506222876,0.29310483378692803,101,0.8383567457178994,299,0.2564102564102564,2.03125
cnp_delta,4515,extrapolation,0.8383631134504991,299,13.799566550251114,0.0,0,0.8383631134504991,299,0.3508771929824561,3.467741935483871
cnp_delta,4516,ctx_5,0.820730135746335,400,15.712860786513119,0.15779049549487184,77,0.6629396402514631,323,0.0,0.2857142857142857
cnp_delta,4516,ctx_10,0.8204437077015019,400,15.709508788995663,0.15776028112050663,77,0.6626834265809953,323,0.0,0.2857142857142857
cnp_delta,4516,ctx_20,0.8199071355389594,400,15.704173410757107,0.1577031222679581,77,0.6622040132710012,323,0.0,0.2857142857142857
cnp_delta,4516,ctx_50,0.8206381154184381,400,15.711747782896168,0.15777887284170736,77,0.6628592425767308,323,0.0,0.2857142857142857
cnp_delta,4516,ctx_100,0.8205346997271231,400,15.710715602970026,0.15776840184528,77,0.6627662978818432,323,0.0,0.2857142857142857
cnp_delta,4516,extrapolation,0.6624327046964162,323,12.587375433462626,0.0,0,0.6624327046964162,323,0.0,0.7857142857142857
cnp_delta,4517,ctx_5,0.05879609578149643,400,4.106887266084129,0.014569751545196578,96,0.04422634423629984,304,0.0,0.625
cnp_delta,4517,ctx_10,0.058784927962312106,400,4.1065532863345595,0.014566504870688465,96,0.044218423091623646,304,0.0,0.625
cnp_delta,4517,ctx_20,0.058782752305937894,400,4.106396304941541,0.014566288758406163,96,0.04421646354753173,304,0.0,0.625
cnp_delta,4517,ctx_50,0.05878962384489837,400,4.106613744080079,0.01456832612122713,96,0.04422129772367124,304,0.0,0.625
cnp_delta,4517,ctx_100,0.05878699382205024,400,4.1065331956023385,0.014567507660947384,96,0.044219486161102856,304,0.0,0.625
cnp_delta,4517,extrapolation,0.044226703243076676,304,3.073333938595397,0.0,0,0.044226703243076676,304,0.0,1.7741935483870968
cnp_delta,4518,ctx_5,0.4900736777654362,400,11.640771604640811,0.08440154472706331,78,0.4056721330383729,322,0.5089058524173028,0.0
cnp_delta,4518,ctx_10,0.4902091279317496,400,11.645853818325918,0.08442418646884904,78,0.40578494146290056,322,0.5089058524173028,0.0
cnp_delta,4518,ctx_20,0.490237966662102,400,11.646029100686974,0.08443408613090934,78,0.40580388053119265,322,0.5089058524173028,0.0
cnp_delta,4518,ctx_50,0.4902517665913041,400,11.64667678862861,0.08443538981678426,78,0.4058163767745197,322,0.5089058524173028,0.0
cnp_delta,4518,ctx_100,0.4902819247837663,400,11.647321192543018,0.08443777786548863,78,0.40584414691827764,322,0.5089058524173028,0.0
cnp_delta,4518,extrapolation,0.4059247197674625,322,9.489100790760517,0.0,0,0.4059247197674625,322,0.3194888178913738,0.0
cnp_delta,4519,ctx_5,1.2554448371397164,400,20.652331352061537,0.31398560052340685,94,0.9414592366163096,306,0.2570694087403599,0.5147058823529411
cnp_delta,4519,ctx_10,1.2554560621704478,400,20.652318333414996,0.3139855961124121,94,0.9414704660580355,306,0.2570694087403599,0.5147058823529411
cnp_delta,4519,ctx_20,1.255450510678373,400,20.652383925420736,0.3139867579353534,94,0.9414637527430199,306,0.2570694087403599,0.5147058823529411
cnp_delta,4519,ctx_50,1.2554546520958914,400,20.652404249524466,0.3139873055167081,94,0.9414673465791831,306,0.2570694087403599,0.5147058823529411
cnp_delta,4519,ctx_100,1.2554560426870753,400,20.652404441201952,0.31398749523093145,94,0.9414685474561442,306,0.2570694087403599,0.5147058823529411
cnp_delta,4519,extrapolation,0.9414590806941208,306,15.552889117747412,0.0,0,0.9414590806941208,306,0.3389830508474576,0.5147058823529411
cnp_delta,4520,ctx_5,0.38271306763083335,400,10.102739774962544,0.051720237360188735,81,0.33099283027064463,319,0.5141388174807198,0.22058823529411764
cnp_delta,4520,ctx_10,0.3827791126592945,400,10.10382892448149,0.05172826458167572,81,0.33105084807761875,319,0.5141388174807198,0.22058823529411764
cnp_delta,4520,ctx_20,0.38273630132602143,400,10.1030029419519,0.05172332296373001,81,0.3310129783622914,319,0.5141388174807198,0.22058823529411764
cnp_delta,4520,ctx_50,0.3827427201132957,400,10.103190267767786,0.051723225958339905,81,0.3310194941549558,319,0.5141388174807198,0.22058823529411764
cnp_delta,4520,ctx_100,0.38272086237098746,400,10.102606592396853,0.05172066339143955,81,0.3310001989795479,319,0.5141388174807198,0.22058823529411764
cnp_delta,4520,extrapolation,0.3309337888873537,319,8.402385809427102,0.0,0,0.3309337888873537,319,0.6493506493506493,0.22058823529411764
cnp_delta,4521,ctx_5,0.049594572407435714,400,3.5742659674693584,0.009898134766673254,81,0.03969643764076246,319,0.2518891687657431,1.6176470588235294
cnp_delta,4521,ctx_10,0.049603106965190144,400,3.57482457217003,0.009903678761197519,81,0.039699428203992616,319,0.2518891687657431,1.6176470588235294
cnp_delta,4521,ctx_20,0.04958507106394382,400,3.573489901196808,0.009899932053959478,81,0.03968513900998434,319,0.2518891687657431,1.6176470588235294
cnp_delta,4521,ctx_50,0.049580926334467146,400,3.5732895004227885,0.009899675044423201,81,0.03968125129004394,319,0.2518891687657431,1.6176470588235294
cnp_delta,4521,ctx_100,0.049587820294265395,400,3.5737434252057767,0.009901211359302671,81,0.03968660893496272,319,0.2518891687657431,1.6176470588235294
cnp_delta,4521,extrapolation,0.03969703978906587,319,2.82550941998241,0.0,0,0.03969703978906587,319,0.31746031746031744,1.893939393939394
cnp_delta,4522,ctx_5,0.32876808271684077,400,10.202251105637743,0.060888572798394054,76,0.26787950991844667,324,0.5089058524173028,1.6911764705882353
cnp_delta,4522,ctx_10,0.32860906836837894,400,10.19963474393495,0.060868761972955196,76,0.26774030639542373,324,0.5089058524173028,1.6911764705882353
cnp_delta,4522,ctx_20,0.32865230162989834,400,10.20049626366594,0.06088019400015417,76,0.2677721076297442,324,0.5089058524173028,1.6911764705882353
cnp_delta,4522,ctx_50,0.32870706952216266,400,10.20141475959241,0.060884717088544815,76,0.26782235243361785,324,0.5089058524173028,1.6911764705882353
cnp_delta,4522,ctx_100,0.32868430561335404,400,10.200965590701344,0.0608815111785177,76,0.26780279443483634,324,0.5089058524173028,1.6911764705882353
cnp_delta,4522,extrapolation,0.26776532840363004,324,8.214223185346043,0.0,0,0.26776532840363004,324,0.6349206349206349,1.6911764705882353
cnp_delta,4523,ctx_5,0.12296463798367831,400,5.295116848928785,0.01873721800953354,88,0.10422741997414475,312,0.0,0.4032258064516129
cnp_delta,4523,ctx_10,0.12299197552246563,400,5.297051111842279,0.018748285985981702,88,0.10424368953648391,312,0.0,0.4032258064516129
cnp_delta,4523,ctx_20,0.12300149172409047,400,5.29861173264149,0.018747355477126408,88,0.10425413624696409,312,0.0,0.4032258064516129
cnp_delta,4523,ctx_50,0.1229709531632163,400,5.296009926526608,0.018743444651244986,88,0.10422750851197131,312,0.0,0.4032258064516129
cnp_delta,4523,ctx_100,0.12297827746224983,400,5.296643395699334,0.0187459379245671,88,0.10423233953768272,312,0.0,0.4032258064516129
cnp_delta,4523,extrapolation,0.10424011852924969,312,4.30940849469323,0.0,0,0.10424011852924969,312,0.0,0.4032258064516129
cnp_delta,4524,ctx_5,1.309909308764138,400,19.48546408655497,0.20614435509170975,79,1.103764953672428,321,0.7712082262210797,0.6060606060606061
cnp_delta,4524,ctx_10,1.3098817552493203,400,19.485086486599613,0.2061391465316748,79,1.1037426087176452,321,0.7712082262210797,0.6060606060606061
cnp_delta,4524,ctx_20,1.3099039806329005,400,19.485410492117893,0.2061416595967699,79,1.1037623210361303,321,0.7712082262210797,0.6060606060606061
cnp_delta,4524,ctx_50,1.309933211805027,400,19.485796394489284,0.20614336832189611,79,1.1037898434831308,321,0.7712082262210797,0.6060606060606061
cnp_delta,4524,ctx_100,1.3099442044602667,400,19.485948797156624,0.20614414817158316,79,1.1038000562886836,321,0.7712082262210797,0.6060606060606061
cnp_delta,4524,extrapolation,1.1037384187803518,321,15.670440578386149,0.0,0,1.1037384187803518,321,0.967741935483871,0.6060606060606061
cnp_delta,4525,ctx_5,0.7227588650080512,400,15.023718743223867,0.17845967767686674,94,0.5442991873311845,306,0.5181347150259067,1.25
cnp_delta,4525,ctx_10,0.7230417952089138,400,15.026483828621735,0.17853169654544027,94,0.5445100986634734,306,0.5181347150259067,1.25
cnp_delta,4525,ctx_20,0.7229727058186644,400,15.025411723892375,0.1785364721038525,94,0.5444362337148119,306,0.5181347150259067,1.25
cnp_delta,4525,ctx_50,0.7230481888852139,400,15.02647615527519,0.17854436018751937,94,0.5445038286976945,306,0.5181347150259067,1.25
cnp_delta,4525,ctx_100,0.7230434287757695,400,15.026294649048737,0.17854382578478115,94,0.5444996029909884,306,0.5181347150259067,1.25
cnp_delta,4525,extrapolation,0.5443938165493087,306,11.283014640166812,0.0,0,0.5443938165493087,306,0.6896551724137931,1.25
cnp_delta,4526,ctx_5,0.8428701190788296,400,15.678919490582985,0.1947120856591116,84,0.6481580334197179,316,1.0389610389610389,11.875
cnp_delta,4526,ctx_10,0.8429105328366554,400,15.679222072023776,0.19471740602303694,84,0.6481931268136184,316,1.0389610389610389,11.875
cnp_delta,4526,ctx_20,0.8428650414665866,400,15.678879860727108,0.1947014652910784,84,0.6481635761755081,316,1.0389610389610389,11.875
cnp_delta,4526,ctx_50,0.8428461006491629,400,15.678492040612923,0.19469337645687784,84,0.6481527241922851,316,1.0389610389610389,11.875
cnp_delta,4526,ctx_100,0.8428431018390317,400,15.678521545113199,0.19469739687308524,84,0.6481457049659465,316,1.0389610389610389,11.875
cnp_delta,4526,extrapolation,0.6481563545032611,316,12.034211416214362,0.0,0,0.6481563545032611,316,2.0066889632107023,12.109375
cnp_delta,4527,ctx_5,1.9633022082139562,400,22.606113237400592,0.49713259360222994,93,1.466169614611726,307,2.284263959390863,3.0303030303030303
cnp_delta,4527,ctx_10,1.9639971962894713,400,22.611946202150108,0.497279573413991,93,1.4667176228754801,307,2.284263959390863,3.0303030303030303
cnp_delta,4527,ctx_20,1.9640268448166978,400,22.61321330551391,0.4972786551322498,93,1.466748189684448,307,2.284263959390863,3.0303030303030303
cnp_delta,4527,ctx_50,1.964229757917936,400,22.614509714535075,0.497297322303121,93,1.4669324356148148,307,2.284263959390863,3.0303030303030303
cnp_delta,4527,ctx_100,1.9641219266206922,400,22.613729440065526,0.4972902548615941,93,1.4668316717590983,307,2.284263959390863,3.0303030303030303
cnp_delta,4527,extrapolation,1.466549214045648,307,16.61743115034332,0.0,0,1.466549214045648,307,3.0100334448160537,3.225806451612903
cnp_delta,4528,ctx_5,0.9740545105636862,400,16.594473069873743,0.17233774091108048,63,0.8017167696526057,337,1.794871794871795,13.181818181818182
cnp_delta,4528,ctx_10,0.974493414203956,400,16.59603793818559,0.17233797620067182,63,0.802155438003284,337,1.794871794871795,13.181818181818182
cnp_delta,4528,ctx_20,0.9745528006751716,400,16.59931876154559,0.17237299702981368,63,0.8021798036453578,337,1.794871794871795,13.181818181818182
cnp_delta,4528,ctx_50,0.9745241726011303,400,16.597207864490144,0.1723500522418182,63,0.8021741203593122,337,1.794871794871795,13.181818181818182
cnp_delta,4528,ctx_100,0.9745302288841082,400,16.597541626578874,0.17235772893851606,63,0.8021724999455921,337,1.794871794871795,13.181818181818182
cnp_delta,4528,extrapolation,0.802166474749545,337,13.724784636310034,0.0,0,0.802166474749545,337,1.834862385321101,17.272727272727273
cnp_delta,4529,ctx_5,3.065199784429966,400,32.291706071887944,0.7170189174422374,86,2.3481808669877293,314,1.015228426395939,9.140625
cnp_delta,4529,ctx_10,3.0651712306321817,400,32.29150829899609,0.7170122789530351,86,2.348158951679147,314,1.015228426395939,9.140625
cnp_delta,4529,ctx_20,3.065180825608338,400,32.29157989805296,0.7170142452419996,86,2.348166580366338,314,1.015228426395939,9.140625
cnp_delta,4529,ctx_50,3.0651800980476187,400,32.291562445426194,0.7170131535238847,86,2.3481669445237343,314,1.015228426395939,9.140625
cnp_delta,4529,ctx_100,3.065177120529679,400,32.29154498002143,0.7170129077893698,86,2.3481642127403095,314,1.015228426395939,9.140625
cnp_delta,4529,extrapolation,2.3481602860511437,314,24.910485586576073,0.0,0,2.3481602860511437,314,1.3029315960912051,11.774193548387096
cnp_delta,4530,ctx_5,1.0923744495342445,400,18.793557738467143,0.2237077982599348,67,0.8686666512743098,333,0.0,3.014705882352941
cnp_delta,4530,ctx_10,1.0923987740692462,400,18.793450974629877,0.2237143515197688,67,0.8686844225494772,333,0.0,3.014705882352941
cnp_delta,4530,ctx_20,1.092502832739158,400,18.79463501368086,0.22372176879469974,67,0.8687810639444584,333,0.0,3.014705882352941
cnp_delta,4530,ctx_50,1.0925297959480975,400,18.79471535371073,0.2237275067037517,67,0.8688022892443457,333,0.0,3.014705882352941
cnp_delta,4530,ctx_100,1.0925237686114189,400,18.7946025977584,0.22372628685502166,67,0.8687974817563971,333,0.0,3.014705882352941
cnp_delta,4530,extrapolation,0.8686548782521478,333,15.204243620501643,0.0,0,0.8686548782521478,333,0.0,3.106060606060606
cnp_delta,4531,ctx_5,0.19864662644571493,400,6.444139742483131,0.027764223645597327,101,0.1708824028001176,299,0.5221932114882507,6.142857142857143
cnp_delta,4531,ctx_10,0.1987005766313774,400,6.446715117435815,0.027747745687142396,101,0.17095283094423497,299,0.5221932114882507,6.142857142857143
cnp_delta,4531,ctx_20,0.1987329402667218,400,6.446060509766852,0.02775403698255029,101,0.17097890328417154,299,0.5221932114882507,6.142857142857143
cnp_delta,4531,ctx_50,0.1987894769994157,400,6.44712200079104,0.027763964381039147,101,0.17102551261837656,299,0.5221932114882507,6.142857142857143
cnp_delta,4531,ctx_100,0.1987347256504098,400,6.446055310231543,0.02775586744517184,101,0.17097885820523795,299,0.5221932114882507,6.142857142857143
cnp_delta,4531,extrapolation,0.17106168666628438,299,5.115396546420499,0.0,0,0.17106168666628438,299,1.4184397163120568,8.676470588235293
cnp_delta,4532,ctx_5,0.11673404199197715,400,5.81245173149739,0.01876075062671126,81,0.09797329136526589,319,0.0,1.8181818181818181
cnp_delta,4532,ctx_10,0.11673799681481058,400,5.812615273617325,0.018761170279079226,81,0.09797682653573134,319,0.0,1.8181818181818181
cnp_delta,4532,ctx_20,0.11673407167682268,400,5.812557683816749,0.018759325486945623,81,0.09797474618987706,319,0.0,1.8181818181818181
cnp_delta,4532,ctx_50,0.11673088636458062,400,5.812432450885694,0.018759032397554238,81,0.09797185396702637,319,0.0,1.8181818181818181
cnp_delta,4532,ctx_100,0.11673190683670817,400,5.812463242814033,0.018759210062099536,81,0.09797269677460863,319,0.0,1.8181818181818181
cnp_delta,4532,extrapolation,0.09797740726153972,319,4.643776250859673,0.0,0,0.09797740726153972,319,0.0,1.875
cnp_delta,4533,ctx_5,0.28374797432696625,400,8.687433990997263,0.07347202057955567,90,0.21027595374741057,310,0.25380710659898476,2.196969696969697
cnp_delta,4533,ctx_10,0.28411038808928907,400,8.695844478626668,0.07338731058884096,90,0.2107230775004481,310,0.25380710659898476,2.196969696969697
cnp_delta,4533,ctx_20,0.28409579594606493,400,8.694864756909283,0.07340293915439261,90,0.21069285679167232,310,0.25380710659898476,2.196969696969697
cnp_delta,4533,ctx_50,0.28408289281225885,400,8.69471206664889,0.07340970682029842,90,0.21067318599196042,310,0.25380710659898476,2.196969696969697
cnp_delta,4533,ctx_100,0.2840894982739217,400,8.694818410902144,0.07340827612286742,90,0.2106812221510543,310,0.25380710659898476,2.196969696969697
cnp_delta,4533,extrapolation,0.21065510302123655,310,6.558121304674955,0.0,0,0.21065510302123655,310,0.6622516556291391,2.196969696969697
cnp_delta,4534,ctx_5,0.18079774032870108,400,7.66813823746233,0.038398789226226214,86,0.14239895110247486,314,0.5076142131979695,0.546875
cnp_delta,4534,ctx_10,0.1808369345505586,400,7.669580090137458,0.03840286557742019,86,0.14243406897313843,314,0.5076142131979695,0.546875
cnp_delta,4534,ctx_20,0.180819514814193,400,7.668668003354611,0.0384053037911621,86,0.14241421102303092,314,0.5076142131979695,0.546875
cnp_delta,4534,ctx_50,0.18081457506317397,400,7.668574184273496,0.038402636366705475,86,0.1424119386964685,314,0.5076142131979695,0.546875
cnp_delta,4534,ctx_100,0.18081413143977382,400,7.668666330243184,0.038403064810542814,86,0.14241106662923098,314,0.5076142131979695,0.546875
cnp_delta,4534,extrapolation,0.14235312535296574,314,5.935110390477178,0.0,0,0.14235312535296574,314,0.6578947368421053,0.546875
cnp_delta,4535,ctx_5,0.2379226640941812,400,8.644515991651247,0.05335048062840524,87,0.18457218346577597,313,0.5115089514066496,0.7352941176470589
cnp_delta,4535,ctx_10,0.2379630721219319,400,8.645157204661501,0.053347239148042395,87,0.1846158329738895,313,0.5115089514066496,0.7352941176470589
cnp_delta,4535,ctx_20,0.2379216928782537,400,8.644316550530604,0.05334157791305448,87,0.18458011496519927,313,0.5115089514066496,0.7352941176470589
cnp_delta,4535,ctx_50,0.23796865721421756,400,8.645887474583077,0.053360862067032895,87,0.18460779514718464,313,0.5115089514066496,0.7352941176470589
cnp_delta,4535,ctx_100,0.23796633353673874,400,8.645760503176149,0.05336032620191182,87,0.1846060073348269,313,0.5115089514066496,0.7352941176470589
cnp_delta,4535,extrapolation,0.18461693108594518,313,6.758085822994559,0.0,0,0.18461693108594518,313,0.6578947368421053,0.7352941176470589
cnp_delta,4536,ctx_5,0.3418628191135055,400,9.607737932366206,0.06209686117845821,89,0.2797659579350473,311,0.0,1.71875
cnp_delta,4536,ctx_10,0.3417501707090105,400,9.604085906272758,0.062047054116940656,89,0.2797031165920698,311,0.0,1.71875
cnp_delta,4536,ctx_20,0.341845426548539,400,9.607658328840841,0.06210817676961465,89,0.27973724977892434,311,0.0,1.71875
cnp_delta,4536,ctx_50,0.3419735626836531,400,9.608530062613568,0.06207863249752991,89,0.2798949301861232,311,0.0,1.71875
cnp_delta,4536,ctx_100,0.3419879444507248,400,9.608872531982257,0.06208292436221959,89,0.27990502008850515,311,0.0,1.71875
cnp_delta,4536,extrapolation,0.2797968088671072,311,7.541640403423628,0.0,0,0.2797968088671072,311,0.0,2.421875
cnp_delta,4537,ctx_5,1.9367035448324565,400,20.215013652859653,0.3363991309073584,79,1.6003044139250981,321,1.5151515151515151,4.015151515151516
cnp_delta,4537,ctx_10,1.936748597691137,400,20.215874972429845,0.3364308364970996,79,1.6003177611940376,321,1.5151515151515151,4.015151515151516
cnp_delta,4537,ctx_20,1.9366338826749496,400,20.214745294449585,0.3364127727752659,79,1.6002211098996835,321,1.5151515151515151,4.015151515151516
cnp_delta,4537,ctx_50,1.9365708526271073,400,20.21398617983624,0.33639004404903333,79,1.600180808578074,321,1.5151515151515151,4.015151515151516
cnp_delta,4537,ctx_100,1.936769187131573,400,20.21639324013215,0.33643841001854835,79,1.6003307771130246,321,1.5151515151515151,4.015151515151516
cnp_delta,4537,extrapolation,1.6005472221909134,321,16.4244039941795,0.0,0,1.6005472221909134,321,1.8927444794952681,4.015151515151516
cnp_delta,4538,ctx_5,0.03912426343644245,400,3.200390168207605,0.007148098747460413,91,0.03197616468898204,309,0.0,0.0
cnp_delta,4538,ctx_10,0.03904649376056806,400,3.1978403231183847,0.007149378069020793,91,0.031897115691547274,309,0.0,0.0
cnp_delta,4538,ctx_20,0.03902409402324346,400,3.1970193568226932,0.007143821008153414,91,0.03188027301509004,309,0.0,0.0
cnp_delta,4538,ctx_50,0.03902272699132866,400,3.19727028056667,0.00714691711836517,91,0.031875809872963484,309,0.0,0.0
cnp_delta,4538,ctx_100,0.03901938527805322,400,3.197168511542941,0.007145844170198352,91,0.03187354110785487,309,0.0,0.0
cnp_delta,4538,extrapolation,0.03190699042123373,309,2.479946962639133,0.0,0,0.03190699042123373,309,0.0,0.0
cnp_delta,4539,ctx_5,3.6944168593009863,400,34.782677811227046,0.8400994785988157,97,2.8543173807021702,303,0.5076142131979695,0.0
cnp_delta,4539,ctx_10,3.694150026253102,400,34.779671123882196,0.8400474205344706,97,2.8541026057186314,303,0.5076142131979695,0.0
cnp_delta,4539,ctx_20,3.6942072880404755,400,34.78027870888346,0.8400590251633606,97,2.8541482628771147,303,0.5076142131979695,0.0
cnp_delta,4539,ctx_50,3.694239694646066,400,34.78058805093795,0.8400646535036963,97,2.854175041142369,303,0.5076142131979695,0.0
cnp_delta,4539,ctx_100,3.6942410560076104,400,34.78063204425624,0.8400633268720885,97,2.8541777291355226,303,0.5076142131979695,0.0
cnp_delta,4539,extrapolation,2.854104485298831,303,26.577054621714495,0.0,0,2.854104485298831,303,1.0135135135135136,0.0
