model,day,split,sq,n,abs,sq_liquid,n_liquid,sq_illiquid,n_illiquid,call_sq,call_n,call_oob,call_oob_spread_sum,butterfly_pct,calendar_pct
prior,957,unif_2,25.426227122646374,3107,187.08621810376644,11.244894560316427,1427,14.181332562329949,1680,0.7559054396061087,3107,2692,90273.15371175992,0.0,0.0
prior,957,extrap_2,25.40498707414309,3107,188.2074521780014,9.881644348956705,1427,15.523342725186387,1680,0.30214417102008206,3107,2735,53476.071518102464,0.0,0.0
prior,957,unif_4,52.35694077308672,3107,235.53429827094078,40.65069915834503,1427,11.706241614741694,1680,0.24381402597877658,3107,2776,61265.48121769626,0.0,2.4691358024691357
prior,957,extrap_4,23.13275940598168,3107,181.66623820364475,7.977877274901496,1427,15.154882131080182,1680,0.209967677171557,3107,2779,53024.66043964533,0.0,2.4691358024691357
prior,957,unif_8,21.70222941715802,3107,165.7586112320423,12.536330621366396,1427,9.165898795791627,1680,0.19710105608282238,3107,2619,75857.76228966388,0.0,6.172839506172839
prior,957,extrap_8,18.086356431923708,3107,154.74887651205063,5.286275707248365,1427,12.800080724675341,1680,0.13306530644293632,3107,2738,48249.36490708051,0.0,0.0
prior,957,unif_10,19.00568258741491,3107,145.9271538257599,7.684064863810724,1427,11.321617723604186,1680,0.07828696637164584,3107,2576,53338.77665346068,0.0,4.938271604938271
prior,957,extrap_10,19.644626947151988,3107,158.89659044146538,8.420254285897403,1427,11.224372661254586,1680,0.09552536827533183,3107,2692,52302.055545312425,0.0965561635017702,6.172839506172839
prior,957,unif_20,26.902753147879395,3107,168.7572936117649,20.235579121376926,1427,6.6671740265024715,1680,0.10559688592166248,3107,2593,62763.842884945334,0.2574831026713872,7.438271604938271
prior,957,extrap_20,16.956681680256132,3107,141.6318884640932,4.8862900474409185,1427,12.070391632815216,1680,0.09181930136683085,3107,2590,41415.62897587042,0.321853878339234,4.660493827160494
prior,957,unif_40,15.651489866058963,3107,126.21789148449898,8.860864508282408,1427,6.790625357776555,1680,0.05812898804834765,3107,2411,30756.828938714716,1.9633086578693273,9.475308641975309
prior,957,extrap_40,13.089688665816418,3107,117.97223438322544,3.2342833986340587,1427,9.855405267182359,1680,0.08485075386879601,3107,2536,22869.297723150867,2.832314129385259,2.962962962962963
prior,957,unif_80,9.181665445843212,3107,97.19413325190544,5.035570879374614,1427,4.146094566468598,1680,0.07907341780605909,3107,2322,21460.290272485057,5.632442870936595,7.160493827160494
prior,957,extrap_80,11.692279709276493,3107,108.35232989490032,3.7299639736143626,1427,7.96231573566213,1680,0.08852511063424244,3107,2461,33829.08033973806,4.151915030576118,2.685185185185185
prior,957,unif_100,15.865676389007625,3107,109.1274778842926,10.431268198149992,1427,5.434408190857635,1680,0.08268811226696725,3107,2240,41074.033194083466,4.151915030576118,8.333333333333334
prior,957,extrap_100,7.948672082840609,3107,89.50931239128113,1.8594438233468296,1427,6.08922825949378,1680,0.0453519607908387,3107,2425,16958.59228860301,2.928870292887029,0.6790123456790124
prior,957,unif_200,4.206358600593592,3107,55.31268057227135,2.3431072728931333,1427,1.8632513277004579,1680,0.0187165319838776,3107,1954,13034.083977333079,2.2851625362085612,2.808641975308642
prior,957,extrap_200,6.883932273661998,3107,82.63322713971138,1.7059182884254251,1427,5.178013985236573,1680,0.04221455533305941,3107,2400,16126.706571185723,2.832314129385259,0.24691358024691357
prior,957,unif_300,2.337438132069394,3107,44.36647456884384,1.6924655054041402,1427,0.6449726266652538,1680,0.01695427066035833,3107,1862,6226.988249748689,1.931123270035404,0.43209876543209874
prior,957,extrap_300,6.838268831266483,3107,82.28024388849735,1.678713952453213,1427,5.159554878813271,1680,0.04216238258372072,3107,2401,15577.853008087977,2.928870292887029,0.24691358024691357
prior,957,unif_500,2.178200510108346,3107,43.31250403821468,1.6368102798487276,1427,0.5413902302596187,1680,0.01676266916079731,3107,1871,6072.202408636254,1.3839716768587063,0.24691358024691357
prior,957,extrap_500,6.838268831266483,3107,82.28024388849735,1.678713952453213,1427,5.159554878813271,1680,0.04216238258372072,3107,2401,15577.853008087977,2.928870292887029,0.24691358024691357
prior,958,unif_2,25.501660381017246,3169,207.79722943156958,10.452514149989835,1450,15.049146231027407,1719,0.8682836753990473,3169,2907,198871.20729759109,0.0,0.0
prior,958,extrap_2,25.412201951629786,3169,191.01837188750505,6.3370375951387725,1450,19.07516435649102,1719,0.3835435092739381,3169,2951,53297.06266765949,0.0,0.0
prior,958,unif_4,22.16568464275266,3169,163.76560524851084,7.3373501575537485,1450,14.828334485198909,1719,0.1566264986617569,3169,2727,70870.53429268098,0.0,5.0
prior,958,extrap_4,18.783279119057227,3169,144.54675809293985,4.708859968665362,1450,14.074419150391861,1719,0.11172105781698571,3169,2707,42158.79365311444,0.0,0.0
prior,958,unif_8,24.411772353903313,3169,175.94605616480112,12.485897824460617,1450,11.925874529442698,1719,0.172198601396324,3169,2776,73236.03687412504,0.0,5.0
prior,958,extrap_8,18.64013348914083,3169,139.5924751535058,4.442941294135486,1450,14.197192195005343,1719,0.07586599532410895,3169,2655,51860.89165813266,0.06311139160618491,0.0
prior,958,unif_10,29.658980202214778,3169,179.57568556815386,19.556832547722408,1450,10.102147654492375,1719,0.16987052775205985,3169,2780,74505.44054119059,0.0,6.25
prior,958,extrap_10,17.862634232001675,3169,140.69273290783167,6.273434918180614,1450,11.589199313821062,1719,0.0844875645272126,3169,2715,59842.723085907885,0.09466708740927737,1.25
prior,958,unif_20,17.09035235229657,3169,147.48115027695894,8.343545052718804,1450,8.746807299577764,1719,0.10426409627585217,3169,2683,53365.575112011524,0.06311139160618491,3.9375
prior,958,extrap_20,19.29124484705303,3169,137.2845845669508,5.6928798064452755,1450,13.598365040607755,1719,0.08132874439897786,3169,2692,39725.56848564602,1.0728936573051435,4.90625
prior,958,unif_40,17.13203146600952,3169,123.60039415210485,6.879896906519332,1450,10.25213455949019,1719,0.07874223973208525,3169,2352,50376.79294350093,2.145787314610287,6.84375
prior,958,extrap_40,14.296955091495326,3169,117.89901808649302,2.755636703153686,1450,11.541318388341638,1719,0.12077598662328957,3169,2622,36862.896274514795,2.966235405490691,2.8125
prior,958,unif_80,13.847353972305246,3169,96.77493880689144,4.502838159072235,1450,9.344515813233011,1719,0.2384412455946408,3169,2270,30836.741231353655,5.711580940359735,5.75
prior,958,extrap_80,13.134715209431949,3169,98.63135463744402,3.786918057940539,1450,9.34779715149141,1719,0.3334324348155903,3169,2459,20939.700998394015,5.269801199116441,3.65625
prior,958,unif_100,9.871974953832115,3169,81.58589611202478,3.119543564181436,1450,6.75243138965068,1719,0.02574464677493388,3169,2142,17886.775459216246,3.9760176711896498,4.96875
prior,958,extrap_100,9.37685985007011,3169,85.74659686535597,1.4306061864680215,1450,7.946253663602089,1719,0.049446833109319674,3169,2413,13891.440620687787,3.313348059324708,2.0
prior,958,unif_200,6.86633825664429,3169,52.11391384154558,3.412261880327793,1450,3.454076376316496,1719,0.01666972629498725,3169,1838,5122.377573827949,3.6920164089618175,3.15625
prior,958,extrap_200,6.688277589881272,3169,73.51546869426966,0.9530528140705161,1450,5.735224775810756,1719,0.0468232346903587,3169,2346,12748.90391923764,2.9346797096875985,1.53125
prior,958,unif_300,3.2837642095012214,3169,41.64517366886139,0.9840476617808603,1450,2.2997165477203616,1719,0.007439687737720177,3169,1718,4159.4430956201195,2.4297885768381193,1.4375
prior,958,extrap_300,6.686697685193137,3169,73.51361229270697,0.9510141062003015,1450,5.735683578992834,1719,0.04682530444007508,3169,2348,12747.809800970474,2.903124013884506,1.53125
prior,958,unif_500,3.0943494745141784,3169,40.810731172561646,0.9832935370658723,1450,2.1110559374483064,1719,0.00735393198825927,3169,1709,4086.132605171276,2.208898706216472,1.53125
prior,958,extrap_500,6.686697685193137,3169,73.51361229270697,0.9510141062003015,1450,5.735683578992834,1719,0.04682530444007508,3169,2348,12747.809800970474,2.903124013884506,1.53125
prior,959,unif_2,24.13977053905249,3144,181.70392227172852,7.1567501677776795,1402,16.98302037127481,1742,0.4446094009651873,3144,2805,47936.2281235083,0.0,0.0
prior,959,extrap_2,25.59594043714747,3144,180.9282600134611,6.3549215236504635,1402,19.241018913497008,1742,0.30848784678395147,3144,2824,41895.790099231206,0.0,0.0
prior,959,unif_4,25.121660836674522,3144,175.61706449091434,11.257692417876061,1402,13.86396841879846,1742,0.19936001471658596,3144,2745,85040.60031965628,0.0,4.938271604938271
prior,959,extrap_4,22.627149900216594,3144,176.58201164007187,7.711593044608719,1402,14.915556855607875,1742,0.1761956037209676,3144,2900,61925.15305587782,0.0,4.938271604938271
prior,959,unif_8,22.774360774207697,3144,167.70425222814083,13.273419095722756,1402,9.50094167848494,1742,0.13347505669154355,3144,2713,95454.603348849,0.0,4.938271604938271
prior,959,extrap_8,19.036822920482663,3144,147.25712698698044,4.14151105880587,1402,14.895311861676792,1742,0.1020875299761088,3144,2805,54060.35568176891,0.5725190839694656,2.4691358024691357
prior,959,unif_10,22.56945844868516,3144,149.7748877853155,8.359241611820606,1402,14.210216836864555,1742,0.08743585337906887,3144,2538,48615.295826347625,0.0,4.938271604938271
prior,959,extrap_10,20.016926721282513,3144,147.1729562431574,5.374318952216549,1402,14.642607769065963,1742,0.07902241771970375,3144,2761,53385.084688998395,0.1272264631043257,2.4691358024691357
prior,959,unif_20,18.55177351621153,3144,137.45506618916988,9.184209248759348,1402,9.367564267452181,1742,0.09280525280866081,3144,2596,94863.04066218034,0.5725190839694656,5.648148148148148
prior,959,extrap_20,15.23127064153883,3144,124.21296890079975,2.2666961751024144,1402,12.964574466436414,1742,0.0523774939983213,3144,2718,27832.578540878305,0.8905852417302799,3.3641975308641974
prior,959,unif_40,15.038073563718754,3144,117.28695206344128,5.128430325491123,1402,9.909643238227632,1742,0.08700687642289213,3144,2589,39076.141995100654,1.5267175572519085,6.512345679012346
prior,959,extrap_40,13.338912021284548,3144,121.50995102524757,2.4214447562067702,1402,10.917467265077779,1742,0.06545547288708693,3144,2778,43590.36080297566,1.2404580152671756,6.018518518518518
prior,959,unif_80,6.716713698235145,3144,74.96147537603974,1.8862717423173614,1402,4.830441955917784,1742,0.02715006370684308,3144,2334,20191.089617844507,5.152671755725191,5.617283950617284
prior,959,extrap_80,9.150026337621757,3144,98.03431374579668,1.1573278942639331,1402,7.992698443357824,1742,0.058191907271661646,3144,2653,28746.33798707803,4.325699745547074,3.117283950617284
prior,959,unif_100,11.62962729793799,3144,78.50191273540258,3.1831417663341988,1402,8.446485531603793,1742,0.2944062067134393,3144,2402,12847.666666583164,4.548346055979644,5.555555555555555
prior,959,extrap_100,8.23580519405085,3144,88.18664364516735,0.8750657225789735,1402,7.3607394714718755,1742,0.05039785475852855,3144,2624,17029.156694652185,4.675572519083969,3.9814814814814814
prior,959,unif_200,1.922791372638087,3144,41.55805213749409,0.4783481163792811,1402,1.4444432562588059,1742,0.010641741311963611,3144,2200,5102.417741956788,3.4987277353689565,2.1604938271604937
prior,959,extrap_200,6.390873951109196,3144,77.10331782698631,0.4375627695578189,1402,5.953311181551377,1742,0.04236086876244423,3144,2570,13452.72695434999,2.926208651399491,2.654320987654321
prior,959,unif_300,2.150795039969668,3144,39.73262719064951,0.541186453818459,1402,1.6096085861512093,1742,0.011257344403940824,3144,2146,8030.5713704773,2.258269720101781,2.067901234567901
prior,959,extrap_300,6.371758985538071,3144,76.84073902666569,0.4364823584022687,1402,5.935276627135803,1742,0.04228865690764264,3144,2568,13017.421802556044,2.7353689567430024,2.654320987654321
prior,959,unif_500,1.3454706564551875,3144,35.63118752092123,0.4116260749323826,1402,0.9338445815228049,1742,0.009465196218907535,3144,2116,4403.893060152084,1.9720101781170483,2.5
prior,959,extrap_500,6.371758985538071,3144,76.84073902666569,0.4364823584022687,1402,5.935276627135803,1742,0.04228865690764264,3144,2568,13017.421802556044,2.7353689567430024,2.654320987654321
prior,960,unif_2,27.012766628185233,3132,190.25923496484756,7.909166476450263,1349,19.103600151734966,1783,0.47504725798991637,3132,2844,42554.687169418874,0.0,0.0
prior,960,extrap_2,27.22694838541439,3132,205.90808187425137,6.861356779428867,1349,20.365591605985518,1783,0.6752324257299364,3132,2899,42282.84895190445,0.0,0.0
prior,960,unif_4,22.9231278297095,3132,170.82747389376163,7.188699703010142,1349,15.734428126699356,1783,0.2920185158479472,3132,2714,104132.94354470762,0.0,3.7037037037037037
prior,960,extrap_4,19.09480153141292,3132,141.0507066845894,3.5098288603648067,1349,15.584972671048112,1783,0.08193312320488136,3132,2728,39811.46760372439,0.0,1.2345679012345678
prior,960,unif_8,32.419413678078264,3132,181.14645728468895,18.411604870737207,1349,14.007808807341059,1783,0.170925618902671,3132,2667,56790.34882141321,0.28735632183908044,6.3580246913580245
prior,960,extrap_8,21.206992899173596,3132,152.72338595986366,3.711832003228034,1349,17.49516089594556,1783,0.09226630926376665,3132,2852,42266.73491952344,0.06385696040868455,5.061728395061729
prior,960,unif_10,24.799640931856665,3132,165.9531888961792,11.14198433243862,1349,13.657656599418047,1783,0.15055273426713833,3132,2617,78859.0778734879,0.0,4.938271604938271
prior,960,extrap_10,17.91359985979734,3132,132.76810313761234,3.0613048486232364,1349,14.852295011174101,1783,0.06208657882890854,3132,2616,37484.8588306679,0.8939974457215837,1.9135802469135803
prior,960,unif_20,16.87450874412134,3132,136.95994205772877,6.308156570593914,1349,10.566352173527426,1783,0.17873486346081677,3132,2474,52685.707034345345,0.7662835249042146,10.524691358024691
prior,960,extrap_20,16.804793359718328,3132,121.96437895298004,2.532435131199016,1349,14.272358228519314,1783,0.045893190254783764,3132,2578,19018.427060497554,1.7241379310344827,2.191358024691358
prior,960,unif_40,12.997545907444776,3132,106.08265773952007,3.835858318978724,1349,9.161687588466052,1783,0.05351431209076658,3132,2385,16680.819884467368,2.0114942528735633,10.030864197530864
prior,960,extrap_40,12.7321601508759,3132,102.01370212435722,1.7355601060506454,1349,10.996600044825257,1783,0.0425490806675352,3132,2460,18225.075029144595,2.075351213282248,1.8518518518518519
prior,960,unif_80,13.9091227135058,3132,93.53064446151257,4.9157830514882335,1349,8.993339662017563,1783,0.10281191886693414,3132,2134,15092.893899298622,4.118773946360153,8.364197530864198
prior,960,extrap_80,11.151139847037708,3132,94.43166104704142,1.2978915339049768,1349,9.85324831313273,1783,0.038282135061269984,3132,2466,15150.320754950346,2.9693486590038316,3.0246913580246915
prior,960,unif_100,9.519359468231134,3132,73.60855942964554,4.461691274397947,1349,5.057668193833187,1783,0.036445106721312494,3132,1968,19392.47631310262,4.757343550446999,6.203703703703703
prior,960,extrap_100,9.349440115992206,3132,84.76081176102161,1.2092948483394241,1349,8.140145267652782,1783,0.036626202769274266,3132,2408,12347.47412643904,4.62962962962963,1.7901234567901234
prior,960,unif_200,3.7556291105223107,3132,41.05691324174404,0.6315173058888746,1349,3.124111804633436,1783,0.007891000391426298,3132,1730,6951.667667134132,3.7994891443167305,1.2962962962962963
prior,960,extrap_200,7.359613259607139,3132,72.80646857619286,0.6124388136509515,1349,6.747174445956186,1783,0.03166011663069035,3132,2341,9758.424248926285,2.5223499361430397,0.43209876543209874
prior,960,unif_300,2.6314170857289327,3132,36.5781415104866,0.6175424972655197,1349,2.0138745884634135,1783,0.002926365489245836,3132,1702,2976.1023883125454,2.0114942528735633,0.24691358024691357
prior,960,extrap_300,7.359613259607139,3132,72.80646857619286,0.6124388136509515,1349,6.747174445956186,1783,0.03166011663069035,3132,2341,9758.424248926285,2.5223499361430397,0.43209876543209874
prior,960,unif_500,2.573443643510887,3132,35.88887667655945,0.593064122907365,1349,1.9803795206035224,1783,0.0028204430704186563,3132,1657,2909.7872693945383,1.628352490421456,0.24691358024691357
prior,960,extrap_500,7.359613259607139,3132,72.80646857619286,0.6124388136509515,1349,6.747174445956186,1783,0.03166011663069035,3132,2341,9758.424248926285,2.5223499361430397,0.43209876543209874
prior,961,unif_2,25.85680348487118,3133,188.15337576717138,7.874313131800159,1357,17.98249035307102,1776,0.4631999099414743,3133,2828,41257.32131947397,0.0,0.0
prior,961,extrap_2,22.362534957112686,3133,157.2071035504341,4.573453057820569,1357,17.789081899292118,1776,0.0965367393318166,3133,2855,44910.22243214977,0.0,0.0
prior,961,unif_4,23.58906529952213,3133,172.38251505047083,9.91988205651776,1357,13.669183243004367,1776,0.1365261074295334,3133,2775,55028.767040321385,0.0,4.938271604938271
prior,961,extrap_4,24.577396778503253,3133,162.7172177657485,5.530110920981247,1357,19.04728585752201,1776,0.11351418528116335,3133,2805,43538.314009941816,0.0,1.2345679012345678
prior,961,unif_8,22.318983639190996,3133,167.9359372034669,8.48335020305802,1357,13.835633436132973,1776,0.13751402485419884,3133,2768,55427.67267042701,0.0,3.7037037037037037
prior,961,extrap_8,20.329401844053866,3133,161.85115594416857,5.2022164376548,1357,15.127185406399068,1776,0.1894484091645217,3133,2842,55007.383549612074,0.3832641328648994,2.7777777777777777
prior,961,unif_10,24.202447070180174,3133,170.80764830857515,14.259665170888752,1357,9.94278189929142,1776,0.11636184740222809,3133,2619,50082.86104852069,0.031938677738741615,6.172839506172839
prior,961,extrap_10,17.024479411925817,3133,143.06476613134146,5.485423044732029,1357,11.539056367193792,1776,0.08371342497793961,3133,2747,42470.053355383,0.031938677738741615,3.7037037037037037
prior,961,unif_20,19.91553626759494,3133,154.64695248752832,9.710592060119001,1357,10.20494420747594,1776,0.10056260057731174,3133,2581,54304.69688037397,0.15969338869370808,8.333333333333334
prior,961,extrap_20,16.94217546302428,3133,132.4959395006299,3.685663171715169,1357,13.256512291309113,1776,0.07089675149403978,3133,2666,32917.02833256114,2.1398914084956884,2.191358024691358
prior,961,unif_40,15.075615837398,3133,125.05024760216475,6.607497139696795,1357,8.468118697701208,1776,0.17517923767398672,3133,2552,28778.015784904237,2.331523474928138,8.425925925925926
prior,961,extrap_40,15.94351991030991,3133,117.19029048830271,4.598144241076016,1357,11.345375669233892,1776,0.14178479188324422,3133,2637,18558.70779947607,4.918556371766209,2.9012345679012346
prior,961,unif_80,8.5501873071711,3133,92.08706843852997,3.2973028574608216,1357,5.252884449710278,1776,0.11625877423584316,3133,2385,19858.4277708215,4.7269243053337595,7.438271604938271
prior,961,extrap_80,11.377862365691417,3133,105.59502614289522,2.1204415565582266,1357,9.257420809133192,1776,0.07062358970122143,3133,2626,38732.48325930864,2.6828489300542957,3.117283950617284
prior,961,unif_100,7.678297523038353,3133,83.9209720864892,2.744955306138286,1357,4.933342216900067,1776,0.032295252154117764,3133,2431,22243.266140371677,3.16192909613542,5.987654320987654
prior,961,extrap_100,8.964216068100717,3133,94.23591519147158,1.448743958145229,1357,7.515472109955486,1776,0.0730873637644554,3133,2543,36318.93206299467,2.427339508144363,2.0987654320987654
prior,961,unif_200,2.3848883535285648,3133,48.579724714159966,1.3088750233212498,1357,1.0760133302073147,1776,0.015367726212551861,3133,2188,8882.361367676835,3.417438518045353,1.5740740740740742
prior,961,extrap_200,6.876843357391313,3133,79.24341716617346,1.05793841231251,1357,5.8189049450788035,1776,0.041929566303443286,3133,2501,15396.47414365414,2.235707441711913,1.1728395061728396
prior,961,unif_300,1.7839471511431484,3133,44.56045911461115,1.0794712410559493,1357,0.7044759100871993,1776,0.01587568065450012,3133,2155,9744.062045171864,1.6927499201533056,0.9567901234567902
prior,961,extrap_300,6.876869366176612,3133,79.2432526871562,1.0579082466527,1357,5.818961119523912,1776,0.041928756258099185,3133,2501,15396.34389601996,2.235707441711913,1.1728395061728396
prior,961,unif_500,1.6715232438467575,3133,43.706697441637516,1.0741125086089625,1357,0.5974107352377953,1776,0.015961424285511762,3133,2138,9812.752493987755,1.4372404982433726,1.0185185185185186
prior,961,extrap_500,6.876869366176612,3133,79.2432526871562,1.0579082466527,1357,5.818961119523912,1776,0.041928756258099185,3133,2501,15396.34389601996,2.235707441711913,1.1728395061728396
prior,962,unif_2,13.258317695763573,3063,125.37000574171543,3.386537712187204,1359,9.871779983576367,1704,0.11221477685152927,3063,2500,56517.032415163514,0.0,0.0
prior,962,extrap_2,16.00353383708709,3063,166.2273332774639,5.395677966733952,1359,10.607855870353141,1704,0.32670085344830596,3063,2814,44850.007113069565,0.0,0.0
prior,962,unif_4,17.32989962490529,3063,154.5545478016138,8.671804141554396,1359,8.658095483350895,1704,0.2150605931472924,3063,2579,78573.75303097161,0.0,2.5
prior,962,extrap_4,15.26996382087469,3063,132.44686672091484,4.995308601529413,1359,10.274655219345277,1704,0.09616195241858846,3063,2487,40055.87532230929,0.0,2.5
prior,962,unif_8,18.351475392641948,3063,147.03368017077446,9.960279547217628,1359,8.39119584542432,1704,0.1818068027778221,3063,2502,89712.58530723155,0.0,5.0
prior,962,extrap_8,12.69850126532776,3063,117.6368938088417,4.002430081830708,1359,8.69607118349705,1704,0.06312223926727827,3063,2552,26874.16339551196,0.359359686377001,3.15625
prior,962,unif_10,31.28848202298973,3063,189.52311417460442,23.27275334358152,1359,8.01572867940821,1704,0.2667247879584847,3063,2426,119428.50275389131,0.0,7.5
prior,962,extrap_10,15.32112691406623,3063,131.7537171691656,5.0939720425436175,1359,10.227154871522611,1704,0.0680717244970579,3063,2578,40609.47629057202,0.1306762495916367,8.21875
prior,962,unif_20,14.807191685197564,3063,126.26282338798046,7.2669320599271,1359,7.5402596252704654,1704,0.09176142802959085,3063,2399,51442.87973658976,0.3266906239790918,8.15625
prior,962,extrap_20,11.210431823664557,3063,108.64406382292509,2.3180749831259218,1359,8.892356840538634,1704,0.06303827259160971,3063,2526,32473.46905682738,0.22868343678536426,4.71875
prior,962,unif_40,12.253984549731053,3063,96.14832960814238,5.043935620502247,1359,7.2100489292288055,1704,0.08230702054400252,3063,2123,29021.342568331416,2.8095393662201893,5.28125
prior,962,extrap_40,9.390521729115934,3063,93.63433927297592,1.8279587306245806,1359,7.5625629984913525,1704,0.04369425623273264,3063,2432,18222.78801546739,3.0055537406076445,3.59375
prior,962,unif_80,9.190494293931636,3063,77.39540435373783,5.069025937146932,1359,4.121468356784703,1704,0.045470322383104986,3063,1974,15571.830796286285,4.344985298921921,10.9375
prior,962,extrap_80,8.935850468496183,3063,84.72795482724905,1.8412263289743478,1359,7.094624139521836,1704,0.10287568227608127,3063,2331,20335.8079699992,4.606337798105194,4.40625
prior,962,unif_100,8.305799423500234,3063,71.5861190110445,3.7463704392091555,1359,4.5594289842910785,1704,0.07598030776075143,3063,1945,14547.752272650156,4.965697484482195,7.53125
prior,962,extrap_100,6.482776192150052,3063,70.65370696038008,0.8446188492731209,1359,5.63815734287693,1704,0.03282199264227578,3063,2283,12559.255816421155,3.266906239790918,3.46875
prior,962,unif_200,2.575708273677158,3063,29.53754599392414,0.38638843927939837,1359,2.1893198343977596,1704,0.005694238382869439,3063,1545,2967.1367742879147,3.1688990525971903,1.90625
prior,962,extrap_200,4.537139541376459,3063,58.767894215881824,0.3814109114817605,1359,4.155728629894698,1704,0.03016448113528336,3063,2219,8753.67012556958,2.5808559294348252,0.21875
prior,962,unif_300,1.440895194292616,3063,25.18477328121662,0.42506228038589644,1359,1.0158329139067197,1704,0.002095908842038371,3063,1473,2480.576745695021,1.633453119895459,1.59375
prior,962,extrap_300,4.537139541376459,3063,58.767894215881824,0.3814109114817605,1359,4.155728629894698,1704,0.03016448113528336,3063,2219,8753.67012556958,2.5808559294348252,0.21875
prior,962,unif_500,1.3581166720229398,3063,24.623041443526745,0.3786960317695119,1359,0.979420640253428,1704,0.0020256422598164984,3063,1450,2385.734221772246,1.5027768703038222,0.40625
prior,962,extrap_500,4.537139541376459,3063,58.767894215881824,0.3814109114817605,1359,4.155728629894698,1704,0.03016448113528336,3063,2219,8753.67012556958,2.5808559294348252,0.21875
prior,963,unif_2,13.980872227523664,3041,149.98895629495382,6.275364060230621,1351,7.705508167293042,1690,0.24276045401377166,3041,2611,35173.17812840149,0.0,0.0
prior,963,extrap_2,13.431349150722378,3041,132.83285973221064,3.378206166261521,1351,10.053142984460859,1690,0.14818233854429194,3041,2625,35221.10499251458,0.0,0.0
prior,963,unif_4,14.058972666467414,3041,126.52007887512445,5.195920676868337,1351,8.863051989599077,1690,0.09108528762307047,3041,2415,29325.54024105287,0.0,0.0
prior,963,extrap_4,14.830304009544793,3041,137.3586037233472,3.3049512464905724,1351,11.52535276305422,1690,0.15151937056512452,3041,2563,31148.800441805328,0.0,0.0
prior,963,unif_8,13.349245454082848,3041,116.84968105703592,3.785873324654921,1351,9.563372129427929,1690,0.08952143700024293,3041,2297,29218.182156403378,0.5261427162117724,2.4691358024691357
prior,963,extrap_8,12.083387767818442,3041,117.67597074061632,3.680936218655937,1351,8.402451549162503,1690,0.1055045643125054,3041,2488,33355.60088285557,0.09865175928970733,0.0
prior,963,unif_10,19.081627093932198,3041,140.47821735590696,10.5112859167557,1351,8.5703411771765,1690,0.19378894403928704,3041,2344,73480.44218978158,0.03288391976323578,6.172839506172839
prior,963,extrap_10,12.543025893425082,3041,120.51784384995699,3.994498040366445,1351,8.548527853058635,1690,0.1193089958785317,3041,2399,39439.88074055249,0.0,4.938271604938271
prior,963,unif_20,13.177192418425388,3041,114.99107176810503,6.456897997801807,1351,6.720294420623583,1690,0.09314475174329355,3041,2153,52023.54474217002,0.6905623150279513,3.5185185185185186
prior,963,extrap_20,11.531321858694508,3041,102.855419524014,3.2045243615971453,1351,8.326797497097362,1690,0.060533538490716465,3041,2375,15151.69720018551,2.1045708648470898,1.8209876543209877
prior,963,unif_40,14.122155073557616,3041,94.74804439395666,8.94418140367275,1351,5.177973669884865,1690,0.11775166534424086,3041,2052,30859.81581621463,2.8609010194015125,4.722222222222222
prior,963,extrap_40,8.566255434368742,3041,83.73990716040134,2.1828868790059976,1351,6.383368555362743,1690,0.04560559447076994,3041,2310,12950.99589949087,3.9131864518250574,1.4814814814814814
prior,963,unif_80,12.366852959196029,3041,73.78691281378269,7.071015431138311,1351,5.295837528057718,1690,0.08247072763244985,3041,1777,19156.50272262766,4.965471884248602,6.111111111111111
prior,963,extrap_80,12.155249198469189,3041,77.96189031749964,6.889019702954019,1351,5.266229495515171,1690,0.0711176545136263,3041,2095,12384.548371625458,6.346596514304505,2.5925925925925926
prior,963,unif_100,8.787951525402649,3041,62.26105659455061,3.6208710873713947,1351,5.167080438031254,1690,0.1046681576744122,3041,1650,8207.096582088237,4.472213087800066,4.845679012345679
prior,963,extrap_100,5.051911112492127,3041,63.2445422783494,0.5089142106006708,1351,4.542996901891456,1690,0.038451849616818176,3041,2027,9316.298431254902,3.6172311739559357,1.5740740740740742
prior,963,unif_200,2.054184145300913,3041,28.459113389253616,1.2621697129295637,1351,0.7920144323713489,1690,0.005182685708660862,3041,1172,1716.6848940534874,2.4991779020059193,2.5617283950617282
prior,963,extrap_200,3.720613797385256,3041,53.87879003584385,0.3380537765408943,1351,3.3825600208443616,1690,0.03407807113011204,3041,1966,8518.253086282108,3.0253206182176915,0.8950617283950617
prior,963,unif_300,0.8135299420830049,3041,19.543573640286922,0.4039402622871609,1351,0.40958967979584404,1690,0.001718379513424889,3041,1079,1326.9605553384783,2.1045708648470898,1.1111111111111112
prior,963,extrap_300,3.720613797385256,3041,53.87879003584385,0.3380537765408943,1351,3.3825600208443616,1690,0.03407807113011204,3041,1966,8518.253086282108,3.0253206182176915,0.8950617283950617
prior,963,unif_500,1.1012867155030523,3041,19.788635663688183,0.716679693561098,1351,0.3846070219419544,1690,0.002963820161029555,3041,1063,1261.8725346210044,1.3811246300559026,1.728395061728395
prior,963,extrap_500,3.720613797385256,3041,53.87879003584385,0.3380537765408943,1351,3.3825600208443616,1690,0.03407807113011204,3041,1966,8518.253086282108,3.0253206182176915,0.8950617283950617
prior,964,unif_2,24.753897593690155,3070,194.94170484691858,11.148940160878038,1348,13.604957432812117,1722,0.8610482394459048,3070,2831,185149.3388876342,0.0,0.0
prior,964,extrap_2,16.164584595885486,3070,144.34909973293543,3.214068196221399,1348,12.950516399664085,1722,0.12547452550634833,3070,2752,36911.24922321017,0.0,0.0
prior,964,unif_4,16.375465837075456,3070,134.34872474521399,4.888691530086622,1348,11.486774306988831,1722,0.11689062307785247,3070,2549,59932.13413468313,0.0,4.878048780487805
prior,964,extrap_4,17.599889712497248,3070,143.81535432487726,3.8157044055507443,1348,13.784185306946505,1722,0.12515910334328084,3070,2630,36119.260708976915,0.0,1.2195121951219512
prior,964,unif_8,18.312571134305536,3070,136.99081019312143,7.808982058996286,1348,10.503589075309248,1722,0.13100698709346245,3070,2521,57001.28930691141,0.0,4.878048780487805
prior,964,extrap_8,15.188393425617077,3070,134.66147428005934,3.5985079155329913,1348,11.589885510084084,1722,0.1255597724315515,3070,2682,49039.36534245481,0.0,0.0
prior,964,unif_10,27.276900208755976,3070,166.8013402596116,17.745847289965003,1348,9.531052918790971,1722,0.13135923369101402,3070,2557,44841.823528948866,0.0,7.317073170731708
prior,964,extrap_10,16.65211750724476,3070,132.6990414634347,3.7964842024845113,1348,12.85563330476025,1722,0.10156654513234065,3070,2614,43244.42527245109,0.03258390355164549,3.231707317073171
prior,964,unif_20,15.083580479508067,3070,122.77804366499186,4.20331107275758,1348,10.880269406750488,1722,0.058501928219692405,3070,2430,31076.45318484401,0.5539263603779733,2.5304878048780486
prior,964,extrap_20,12.497223850062728,3070,107.2762821316719,2.6048422248834653,1348,9.892381625179263,1722,0.04290910035539035,3070,2502,19069.08538735293,1.2381883349625284,2.9878048780487805
prior,964,unif_40,13.049859989959504,3070,106.1559339389205,5.700714715159083,1348,7.349145274800422,1722,0.06281571348258361,3070,2242,18485.1385899784,2.5089605734767026,7.560975609756097
prior,964,extrap_40,12.831505403444352,3070,112.12428688257933,2.988610793333532,1348,9.84289461011082,1722,0.07942412501410338,3070,2537,34821.7461672497,2.965135223199739,4.146341463414634
prior,964,unif_80,8.881828877016387,3070,78.87467163801193,3.1487610522411993,1348,5.733067824775187,1722,0.06031987143333114,3070,2109,10592.670730310681,5.34376018246986,3.658536585365854
prior,964,extrap_80,9.83541673476509,3070,87.39789658784866,1.5014683124548174,1348,8.333948422310272,1722,0.1873051707778277,3070,2363,13136.443274084813,6.093189964157706,1.5548780487804879
prior,964,unif_100,7.098585520643159,3070,71.28327818959951,2.7336547905898976,1348,4.364930730053262,1722,0.07829168346896864,3070,2019,10369.380894166281,5.734767025089606,7.530487804878049
prior,964,extrap_100,7.217053872298768,3070,73.8683545589447,0.7276154309958998,1348,6.48943844130287,1722,0.033404575257070614,3070,2282,11440.702734304508,3.0303030303030303,1.0975609756097562
prior,964,unif_200,3.3903448087937065,3070,40.682021863758564,1.352530883874731,1348,2.037813924918976,1722,0.008355964128158153,3070,1684,2812.0330973656296,2.932551319648094,1.951219512195122
prior,964,extrap_200,5.9835508156359225,3070,67.62461373955011,0.514678793072813,1348,5.46887202256311,1722,0.03149730524579626,3070,2228,10988.668695939064,2.541544477028348,1.0060975609756098
prior,964,unif_300,3.344177878766936,3070,38.998328387737274,1.5433431311216206,1348,1.8008347476453153,1722,0.007997914001179798,3070,1672,2826.5046779829477,1.9224503095470837,1.7378048780487805
prior,964,extrap_300,5.9835508156359225,3070,67.62461373955011,0.514678793072813,1348,5.46887202256311,1722,0.03149730524579626,3070,2228,10988.668695939064,2.541544477028348,1.0060975609756098
prior,964,unif_500,3.128539892157862,3070,37.92026323080063,1.382026605768257,1348,1.746513286389605,1722,0.007836386729321838,3070,1650,2658.389257579906,1.5640273704789833,1.3719512195121952
prior,964,extrap_500,5.9835508156359225,3070,67.62461373955011,0.514678793072813,1348,5.46887202256311,1722,0.03149730524579626,3070,2228,10988.668695939064,2.541544477028348,1.0060975609756098
prior,965,unif_2,21.767417689126184,3062,192.44871255755424,7.893159834489635,1281,13.874257854636545,1781,0.5206414517676552,3062,2892,64006.48939088477,0.0,0.0
prior,965,extrap_2,24.42072985597766,3062,186.7198919802904,4.287516742191446,1281,20.133213113786212,1781,0.33294179554659403,3062,2841,46526.83793106755,0.0,0.0
prior,965,unif_4,19.053325741827443,3062,151.05256056785583,5.1739803781510005,1281,13.879345363676443,1781,0.13686656328864227,3062,2741,52406.491579364345,0.0,1.2195121951219512
prior,965,extrap_4,20.891662583341894,3062,150.6232014298439,3.7997461150502247,1281,17.09191646829167,1781,0.10581343864762448,3062,2703,45569.756551341605,0.0,1.2195121951219512
prior,965,unif_8,16.914957136020362,3062,136.19252614676952,4.361015726894809,1281,12.553941409125557,1781,0.09455603823477524,3062,2592,50957.02358132522,0.0,1.2195121951219512
prior,965,extrap_8,18.182755067764553,3062,146.64220716059208,3.684814806899876,1281,14.497940260864677,1781,0.20071463175862742,3062,2694,80673.84047551164,0.0,2.4390243902439024
prior,965,unif_10,23.89628053670815,3062,169.84025652706623,12.261047673888612,1281,11.635232862819535,1781,0.2147455065557871,3062,2708,67385.28404596123,0.09797517962116264,6.097560975609756
prior,965,extrap_10,19.367238437167078,3062,145.54067239165306,3.839869123228525,1281,15.527369313938554,1781,0.1160257520342653,3062,2735,50953.016369775,0.0,1.2195121951219512
prior,965,unif_20,17.80809950172263,3062,138.00286670029163,7.039666763676546,1281,10.768432738046082,1781,0.07283037685708424,3062,2582,51305.366727612636,0.2286087524493795,6.615853658536586
prior,965,extrap_20,15.206037852987903,3062,123.94826241582632,2.281448028168261,1281,12.924589824819641,1781,0.07838380579594888,3062,2685,38811.64025350907,0.6858262573481385,1.4024390243902438
prior,965,unif_40,14.775226471599366,3062,118.7104191929102,6.814240516095214,1281,7.960985955504152,1781,0.08104567421466075,3062,2414,34466.71330310161,2.0901371652514698,6.036585365853658
prior,965,extrap_40,14.819501064406936,3062,117.46967822313309,3.2187175755423922,1281,11.600783488864543,1781,0.06901551529488184,3062,2638,24954.861458009913,3.4291312867406925,4.024390243902439
prior,965,unif_80,14.270742472471188,3062,100.46017156541348,7.343798077541271,1281,6.926944394929919,1781,0.203624758790868,3062,2275,19793.089611394757,4.441541476159373,5.121951219512195
prior,965,extrap_80,10.400709432640838,3062,94.40186292678118,1.7445403222404297,1281,8.656169110400407,1781,0.1760122258118808,3062,2565,13895.014779411084,3.821032005225343,1.2195121951219512
prior,965,unif_100,13.242746179854684,3062,97.83440061658621,4.088397483158158,1281,9.154348696696527,1781,0.15591533387780396,3062,2155,24519.55755388674,4.408883082952319,5.274390243902439
prior,965,extrap_100,9.848084474621004,3062,89.148944824934,2.412164401948607,1281,7.435920072672397,1781,0.08704683510110911,3062,2550,13841.091196843361,4.57217504898759,1.25
prior,965,unif_200,6.89920486250918,3062,58.36631578952074,3.4707883783857674,1281,3.428416484123413,1781,0.06378226144007478,3062,1882,6315.927347461484,3.7557152188112344,3.4451219512195124
prior,965,extrap_200,8.112967109625684,3062,81.09235842525959,1.062370726474572,1281,7.050596383151111,1781,0.05334251994641135,3062,2481,12565.496823937105,3.0045721750489878,0.39634146341463417
prior,965,unif_300,5.57401496240967,3062,51.44479966163635,3.105716438372437,1281,2.4682985240372335,1781,0.015093396766619858,3062,1786,5975.1048316523165,2.188112344872632,1.6768292682926829
prior,965,extrap_300,8.112967109625684,3062,81.09235842525959,1.062370726474572,1281,7.050596383151111,1781,0.05334251994641135,3062,2481,12565.496823937105,3.0045721750489878,0.39634146341463417
prior,965,unif_500,4.907074261378332,3062,48.703435465693474,2.867320453857154,1281,2.039753807521177,1781,0.014295664232592131,3062,1799,5272.149042702091,1.3063357282821686,1.3414634146341464
prior,965,extrap_500,8.112967109625684,3062,81.09235842525959,1.062370726474572,1281,7.050596383151111,1781,0.05334251994641135,3062,2481,12565.496823937105,3.0045721750489878,0.39634146341463417
prior,966,unif_2,21.59451107203153,3113,176.5876699090004,7.489831466651992,1487,14.104679605379541,1626,0.21281613818674444,3113,2752,64870.857560097225,0.0,0.0
prior,966,extrap_2,28.382810870374175,3113,198.1711742952466,5.52710510462895,1487,22.855705765745228,1626,0.26324464812474596,3113,3002,49808.85357294715,0.0,0.0
prior,966,unif_4,28.41277358861145,3113,187.28667221218348,14.468139865077223,1487,13.944633723534228,1626,0.1795785642173978,3113,2837,128683.06195346871,0.0,3.658536585365854
prior,966,extrap_4,25.964138327441493,3113,173.20123920589685,4.56207951694071,1487,21.40205881050078,1626,0.14306945508372385,3113,2951,58365.78539108498,0.0,1.2195121951219512
prior,966,unif_8,24.40686880912389,3113,166.2415970787406,7.7455591538441,1487,16.661309655279787,1626,0.11737677439830735,3113,2708,56331.09265306896,0.0,1.2195121951219512
prior,966,extrap_8,24.22773418567298,3113,164.07297729700804,3.9542478559570453,1487,20.273486329715933,1626,0.11312871596087183,3113,2811,52801.51564719084,0.0,2.4390243902439024
prior,966,unif_10,33.56115932718478,3113,204.5042024180293,20.877080522996604,1487,12.68407880418818,1626,0.21478663463597072,3113,2683,114876.53401898185,0.0,4.878048780487805
prior,966,extrap_10,25.32646089287967,3113,166.11592493206263,5.693061868234413,1487,19.633399024645257,1626,0.13454881877058852,3113,2801,75142.95806550639,0.8352071956312239,1.2195121951219512
prior,966,unif_20,22.598682299057703,3113,148.44897048175335,6.912533372911729,1487,15.686148926145973,1626,0.10631933092950963,3113,2596,54345.4674625005,0.19274012206874397,3.841463414634146
prior,966,extrap_20,21.79851858548707,3113,143.96817290782928,3.7277846204992757,1487,18.070733964987788,1626,0.07207914582483765,3113,2811,49613.63433973171,1.3491808544812078,3.6280487804878048
prior,966,unif_40,20.436974413805707,3113,131.02588065713644,9.339324040662412,1487,11.097650373143294,1626,0.16391136668902873,3113,2542,40643.22374925019,3.5978156119498874,8.628048780487806
prior,966,extrap_40,19.262001043967672,3113,128.08582075685263,3.420227066953955,1487,15.841773977013716,1626,0.06550501524740784,3113,2708,49275.58913613637,2.4092515258593,2.4695121951219514
prior,966,unif_80,13.117549291064304,3113,95.20031309872866,3.6302580074462374,1487,9.487291283618067,1626,0.12406280019926451,3113,2338,20280.957212424357,4.561516222293608,7.865853658536586
prior,966,extrap_80,14.145744044189879,3113,104.17588512599468,2.4232183495990682,1487,11.722525694590813,1626,0.08959571362354284,3113,2601,21786.04092743968,4.079665917121748,1.6158536585365855
prior,966,unif_100,10.500528017181034,3113,84.88917925208807,3.8335942019178244,1487,6.666933815263209,1626,0.050388585706641696,3113,2289,21577.174499848858,5.236106649534212,5.7317073170731705
prior,966,extrap_100,13.4306689318875,3113,97.26431906223297,2.3626572031439457,1487,11.068011728743553,1626,0.21803363252658517,3113,2581,16597.551881563155,5.0433665274654675,0.7317073170731707
prior,966,unif_200,5.396022328298159,3113,49.2872731089592,1.4857364631649832,1487,3.910285865133175,1626,0.011244900046886407,3113,2020,6623.863239315496,2.24863475746868,1.4329268292682926
prior,966,extrap_200,9.72315480277955,3113,82.26156443357468,1.0253477629299421,1487,8.697807039849609,1626,0.03428841555814474,3113,2543,15139.65175645042,3.0838419530999035,0.06097560975609756
prior,966,unif_300,3.3562103470557476,3113,40.18877869844437,1.1621918616757712,1487,2.194018485379977,1626,0.009239286454194834,3113,2008,5541.066086936953,1.7346610986186959,0.7621951219512195
prior,966,extrap_300,9.72315480277955,3113,82.26156443357468,1.0253477629299421,1487,8.697807039849609,1626,0.03428841555814474,3113,2543,15139.65175645042,3.0838419530999035,0.06097560975609756
prior,966,unif_500,3.224445879717683,3113,39.469114407896996,1.1147350902791178,1487,2.109710789438565,1626,0.009199330512372959,3113,2005,5465.474296490767,1.3170575008030838,0.7621951219512195
prior,966,extrap_500,9.72315480277955,3113,82.26156443357468,1.0253477629299421,1487,8.697807039849609,1626,0.03428841555814474,3113,2543,15139.65175645042,3.0838419530999035,0.06097560975609756
bspline_data,957,unif_2,97.92445221269463,3107,440.71153680352836,37.81560327761572,1427,60.10884893507891,1680,2.4868300966990544,3107,3025,80729.2530615929,0.7724493080141616,0.0
bspline_data,957,extrap_2,156.92757834524662,3107,491.56886540970817,55.69603736484726,1427,101.23154098039936,1680,5.366217742751249,3107,2966,139266.13433161358,2.7357579658834887,0.0
bspline_data,957,unif_4,89.3262417097847,3107,407.92421940575434,35.323965941253945,1427,54.002275768530765,1680,2.198673996752598,3107,2968,77703.59367303508,1.5770840038622465,1.1728395061728396
bspline_data,957,extrap_4,80.8695202846514,3107,357.31947387945604,31.40076629507011,1427,49.46875398958127,1680,1.6437087946890705,3107,2883,73715.97324943484,1.2552301255230125,0.21604938271604937
bspline_data,957,unif_8,129.26242713100305,3107,365.3357139503019,45.58678448982975,1427,83.67564264117328,1680,4.458863218501795,3107,2732,60400.42877677288,0.8368200836820083,2.5
bspline_data,957,extrap_8,28.862489084673445,3107,178.98539753939997,10.456329133019999,1427,18.406159951653446,1680,0.4844893219452685,3107,2631,27076.034552369278,1.8023817186997104,3.1790123456790123
bspline_data,957,unif_10,24.418527092052216,3107,169.58551801540364,8.97969247999588,1427,15.438834612056333,1680,0.22196818027651327,3107,2643,29452.35517720161,0.6115223688445446,3.8271604938271606
bspline_data,957,extrap_10,26.877661957810254,3107,183.09959678022324,8.597627448117446,1427,18.28003450969281,1680,0.7244555695288906,3107,2646,42300.161498610505,0.804634695848085,4.197530864197531
bspline_data,957,unif_20,18.603227015111912,3107,124.52418159174287,7.242990998479747,1427,11.360236016632168,1680,0.17822458980911296,3107,2182,25706.018922736577,1.126488574187319,5.339506172839506
bspline_data,957,extrap_20,12.786070821221214,3107,117.98830958214299,3.3192270134642277,1427,9.466843807756984,1680,0.1533465240040401,3107,2380,22528.32024932383,1.4805278403604762,4.62962962962963
bspline_data,957,unif_40,8.135538507658731,3107,72.680019038117,4.644617992019267,1427,3.4909205156394645,1680,0.02185140999405765,3107,1705,14631.229405806032,0.4505954296749276,5.709876543209877
bspline_data,957,extrap_40,5.503929313199809,3107,69.53518517924381,1.7107372263491647,1427,3.7931920868506435,1680,0.0451815908785348,3107,2038,17263.332649202304,1.3839716768587063,4.783950617283951
bspline_data,957,unif_80,3.0365072046686947,3107,34.493669982887056,1.4153473288365204,1427,1.6211598758321741,1680,0.004095645596285844,3107,1223,7128.525679662514,0.9977470228516253,2.191358024691358
bspline_data,957,extrap_80,1.9014938107487103,3107,42.872138370158105,0.43211878108101115,1427,1.469375029667699,1680,0.038893831614724525,3107,1759,13254.421735125088,1.8989378822014806,0.12345679012345678
bspline_data,957,unif_100,1.5868831844110844,3107,27.25356296752771,0.7969102096449734,1427,0.789972974766111,1680,0.0030845201531738476,3107,1037,5374.2202411208,1.1908593498551658,2.376543209876543
bspline_data,957,extrap_100,1.896030695102032,3107,41.79222538962709,0.5428211828543419,1427,1.3532095122476901,1680,0.0406337195993127,3107,1759,12941.318674565478,1.3839716768587063,0.37037037037037035
bspline_data,957,unif_200,1.1852386298852415,3107,23.21036962222837,0.5861010015614347,1427,0.5991376283238069,1680,0.0027849656402448774,3107,935,5139.524912481456,1.0299324106855487,0.18518518518518517
bspline_data,957,extrap_200,1.5383827749894072,3107,38.245438472622304,0.34882641954680943,1427,1.1895563554425979,1680,0.03934775742434302,3107,1701,12226.186293709767,1.6414547795300933,0.24691358024691357
bspline_data,957,unif_300,0.8696555369695914,3107,20.996973771472952,0.370386244595685,1427,0.4992692923739064,1680,0.002707830881233145,3107,932,5029.160655387167,1.0299324106855487,0.18518518518518517
bspline_data,957,extrap_300,1.5383457446995956,3107,38.231944965708664,0.3488053317946869,1427,1.189540412904909,1680,0.0393461090329142,3107,1702,12221.073388534664,1.6414547795300933,0.24691358024691357
bspline_data,957,unif_500,0.8414851254814213,3107,20.57046428595077,0.3485817159775886,1427,0.49290340950383266,1680,0.002659063564842115,3107,935,4996.003441633875,1.0943031863533956,0.24691358024691357
bspline_data,957,extrap_500,1.5383457446995565,3107,38.23194496570867,0.3488053317946867,1427,1.18954041290487,1680,0.03934610903291485,3107,1702,12221.073388534973,1.6414547795300933,0.24691358024691357
bspline_data,958,unif_2,113.63006308598905,3169,494.81464484426124,41.77877834142643,1450,71.85128474456262,1719,2.7708840733228235,3169,3084,98222.11281036152,0.9782265698958662,0.0
bspline_data,958,extrap_2,203.1369110711975,3169,622.9321219721223,75.64838752529451,1450,127.488523545903,1719,5.763644521230646,3169,3093,96125.81366971032,0.6626696118649417,0.0
bspline_data,958,unif_4,145.58805671639428,3169,451.4067235039094,54.91219690433722,1450,90.67585981205707,1719,4.465285387780277,3169,2918,68403.85172399864,0.25244556642473964,0.0
bspline_data,958,extrap_4,40.26284294085721,3169,254.2274863801203,10.259138662542544,1450,30.00370427831466,1719,0.9862157587210411,3169,2897,72256.8207915555,2.3035657936257494,0.0
bspline_data,958,unif_8,28.982608704612307,3169,212.3168265721718,8.87789864154562,1450,20.104710063066687,1719,0.8211460448404148,3169,2805,43325.08930544034,0.9782265698958662,1.40625
bspline_data,958,extrap_8,26.724191087218546,3169,182.3799333191143,6.100950242149593,1450,20.623240845068953,1719,0.36362600347715385,3169,2758,31920.44282019004,1.6093404859577154,4.5625
bspline_data,958,unif_10,35.08963107111257,3169,219.30054496346008,10.126651648199095,1450,24.962979422913477,1719,0.43476531581370753,3169,2771,40976.71512200618,1.041337961502051,3.71875
bspline_data,958,extrap_10,29.44237186536182,3169,198.97355034456658,6.6769524627672565,1450,22.765419402594567,1719,0.629005377404594,3169,2793,51908.8183294905,0.9151151782896813,4.90625
bspline_data,958,unif_20,14.633993985083563,3169,115.80767920363994,4.902306985910974,1450,9.731686999172592,1719,0.13358063259385256,3169,2290,19163.729641737125,0.5995582202587567,6.65625
bspline_data,958,extrap_20,19.944890611670537,3169,138.40786038658828,3.8541590106249553,1450,16.090731601045583,1719,0.22438494618021707,3169,2461,30793.509781403172,0.9466708740927737,8.75
bspline_data,958,unif_40,5.300812661754356,3169,53.19202710450421,1.8880927726782106,1450,3.4127198890761448,1719,0.01692421044303738,3169,1666,6521.814305643751,0.47333543704638686,4.5625
bspline_data,958,extrap_40,7.416140420466213,3169,64.92392806301154,1.2236196147268417,1450,6.192520805739372,1719,0.03975930812132054,3169,2002,15246.554224251446,1.388450615336068,5.1875
bspline_data,958,unif_80,1.8801418035850699,3169,27.27828393408152,0.8858820560922783,1450,0.9942597474927917,1719,0.0012114178168229892,3169,1150,3504.173926929413,0.6626696118649417,1.5625
bspline_data,958,extrap_80,2.2918635354342847,3169,40.92122486238402,0.2973475457455385,1450,1.9945159896887468,1719,0.036329048474327254,3169,1676,12805.825519342134,1.514673398548438,3.40625
bspline_data,958,unif_100,1.0460866924539893,3169,19.563030496999588,0.5677150149910175,1450,0.47837167746297204,1719,0.0009310654287013526,3169,1006,2488.436334449396,0.5680025244556642,1.09375
bspline_data,958,extrap_100,1.6325618996868696,3169,37.23243731155719,0.24945892907894796,1450,1.3831029706079216,1719,0.03394953346252409,3169,1665,12872.175359037095,1.861786052382455,2.5625
bspline_data,958,unif_200,0.4180378720687418,3169,14.617209834582388,0.26283763664864274,1450,0.15520023542009911,1719,0.0005253925279650852,3169,837,1857.5978157458119,0.694225307668034,1.46875
bspline_data,958,extrap_200,1.0505331954643347,3169,31.8535127457139,0.13525348469879905,1450,0.9152797107655359,1719,0.03563152508057557,3169,1570,11838.381269590871,1.4831177027453455,1.5625
bspline_data,958,unif_300,0.2536589134232871,3169,11.84847532863983,0.1559956936231617,1450,0.09766321980012539,1719,0.0004790424196615647,3169,780,1466.8163147594796,0.8520037866834964,1.5625
bspline_data,958,extrap_300,1.050524504854864,3169,31.853485125768255,0.1350162562084467,1450,0.9155082486464172,1719,0.035635711998499006,3169,1567,11835.937933779638,1.388450615336068,1.5625
bspline_data,958,unif_500,0.219178047537102,3169,11.287479975398817,0.13974022351339935,1450,0.0794378240237026,1719,0.0004587163488667924,3169,770,1370.2802425356197,0.7888923950773115,1.53125
bspline_data,958,extrap_500,1.0505245048547525,3169,31.853485125766646,0.13501625620844668,1450,0.9155082486463055,1719,0.03563571199849882,3169,1567,11835.937933779747,1.388450615336068,1.5625
bspline_data,959,unif_2,59.814502966683605,3144,343.5998041682606,17.430798917042242,1402,42.38370404964136,1742,1.181338617545808,3144,3020,74764.14230898334,1.6221374045801527,3.2098765432098766
bspline_data,959,extrap_2,68.16213936696313,3144,364.26056999867967,20.861533351542413,1402,47.30060601542071,1742,1.6099175725092694,3144,2978,68656.62086611104,0.6043256997455471,0.06172839506172839
bspline_data,959,unif_4,50.6791610354278,3144,270.52628237534196,12.62116454957387,1402,38.057996485853934,1742,1.6777860672691716,3144,2894,59510.123649532135,1.272264631043257,0.6481481481481481
bspline_data,959,extrap_4,148.6460854396073,3144,450.9319689396732,53.28623657094717,1402,95.35984886866015,1742,4.669687121963279,3144,2903,75253.86657633322,1.049618320610687,0.43209876543209874
bspline_data,959,unif_8,38.20484752090434,3144,215.57003630097336,8.73627650767411,1402,29.468571013230225,1742,0.9487227712828337,3144,2746,51517.69867801241,0.9860050890585241,2.8703703703703702
bspline_data,959,extrap_8,34.06142754200556,3144,219.906799948472,5.825078254356528,1402,28.236349287649034,1742,0.7750240558470004,3144,2822,53091.92610133341,1.4631043256997456,3.3641975308641974
bspline_data,959,unif_10,33.93269969253424,3144,235.8517898086913,9.860486804840349,1402,24.0722128876939,1742,0.7298873498169867,3144,2804,54185.62599995692,1.2086513994910941,1.6358024691358024
bspline_data,959,extrap_10,20.779305064837157,3144,158.04547527255835,5.72094286573796,1402,15.058362199099198,1742,0.35304702679240185,3144,2626,37315.31803505651,1.0814249363867685,6.666666666666667
bspline_data,959,unif_20,10.857517442955814,3144,102.66162399233346,2.7322991739925238,1402,8.125218268963291,1742,0.18226481881881518,3144,2223,14972.5587493938,0.4770992366412214,6.574074074074074
bspline_data,959,extrap_20,9.14508337162784,3144,87.41644317526439,1.9271102975794818,1402,7.217973074048357,1742,0.058340316799931784,3144,2323,25319.407935422758,0.7951653944020356,3.0555555555555554
bspline_data,959,unif_40,6.835753050923478,3144,56.31867101851782,1.7564878630579477,1402,5.079265187865529,1742,0.07460070694483853,3144,1684,6961.2003628862385,0.6043256997455471,4.290123456790123
bspline_data,959,extrap_40,5.965495115817521,3144,58.016165702242546,0.8327239429955782,1402,5.132771172821943,1742,0.03328277554966133,3144,1983,11320.176320135133,1.4312977099236641,1.0185185185185186
bspline_data,959,unif_80,1.7793898501153742,3144,30.769307225009584,0.5497788621690365,1402,1.229610987946338,1742,0.0029581876083224464,3144,1178,2842.49895095104,0.5407124681933843,3.8271604938271606
bspline_data,959,extrap_80,1.8381916942445975,3144,40.836909041202695,0.21775624011958306,1402,1.6204354541250146,1742,0.03588493121971317,3144,1772,11663.463880608038,1.11323155216285,1.5432098765432098
bspline_data,959,unif_100,1.2546336662115962,3144,26.32728007351072,0.4431251161809538,1402,0.8115085500306423,1742,0.0015152641750892253,3144,1132,3032.9741282059213,1.11323155216285,2.8703703703703702
bspline_data,959,extrap_100,3.0104987718685057,3144,44.13146052071879,1.1783875123703824,1402,1.832111259498123,1742,0.040526998730301814,3144,1754,12029.802483264202,1.3040712468193385,2.345679012345679
bspline_data,959,unif_200,0.7186816894117714,3144,19.98950387627078,0.17360137485857868,1402,0.5450803145531928,1742,0.0011658717183304084,3144,955,1800.768148131332,0.9223918575063613,1.5123456790123457
bspline_data,959,extrap_200,2.534628412255831,3144,41.016780380969834,1.1399548284443795,1402,1.3946735838114512,1742,0.03969726877035916,3144,1686,11243.537075424945,1.6221374045801527,2.376543209876543
bspline_data,959,unif_300,0.6789718926528223,3144,19.266957944854084,0.17144126276530122,1402,0.5075306298875212,1742,0.0008684877319184577,3144,901,1561.0860411100296,0.6997455470737913,1.4506172839506173
bspline_data,959,extrap_300,2.53462841225576,3144,41.01678038096905,1.1399548284443797,1402,1.3946735838113806,1742,0.03969726877035764,3144,1686,11243.537075424578,1.6221374045801527,2.376543209876543
bspline_data,959,unif_500,0.6931174433789867,3144,18.942451923856282,0.13965698563511977,1402,0.553460457743867,1742,0.0008425409677105273,3144,882,1558.8190366429217,0.8905852417302799,1.4814814814814814
bspline_data,959,extrap_500,2.534628412255818,3144,41.016780380969976,1.1399548284443792,1402,1.3946735838114381,1742,0.039697268770358486,3144,1686,11243.53707542496,1.6221374045801527,2.376543209876543
bspline_data,960,unif_2,199.82171300220688,3132,577.7391924963096,72.22895178169244,1349,127.59276122051443,1783,5.781326097192809,3132,2954,77909.21408976699,0.70242656449553,0.0
bspline_data,960,extrap_2,205.1604458290643,3132,593.7155859087771,73.21233254079269,1349,131.9481132882716,1783,5.979224855432496,3132,3053,68974.91936752661,0.19157088122605365,0.49382716049382713
bspline_data,960,unif_4,49.07765921907324,3132,285.5216073299033,11.908581977316762,1349,37.169077241756476,1783,1.0461343326001808,3132,2983,52256.34829436167,1.1494252873563218,0.0
bspline_data,960,extrap_4,90.56544267795633,3132,384.3534902390056,28.041748146098808,1349,62.523694531857515,1783,2.2109305318246504,3132,2937,56175.49618801886,1.7560664112388251,0.7407407407407407
bspline_data,960,unif_8,41.58730401622328,3132,237.46341257454338,10.208529612555633,1349,31.378774403667645,1783,0.5675310905719294,3132,2845,35144.47888905823,1.1494252873563218,1.9753086419753085
bspline_data,960,extrap_8,29.669719810668433,3132,187.12203110344623,5.961627005340831,1349,23.708092805327606,1783,0.4737172955461836,3132,2649,32531.023644629466,1.8518518518518519,2.4074074074074074
bspline_data,960,unif_10,34.635504299602516,3132,193.61083561668383,8.68354818180596,1349,25.951956117796563,1783,0.42043882692434076,3132,2627,26796.55265324659,0.8939974457215837,1.8518518518518519
bspline_data,960,extrap_10,18.720455216249853,3132,149.6406175005283,3.4008404227360303,1349,15.319614793513825,1783,0.3580236915557376,3132,2651,27860.70665507149,3.033205619412516,3.765432098765432
bspline_data,960,unif_20,29.092367947353203,3132,153.01663763665363,9.420861247624355,1349,19.67150669972885,1783,0.19140569022383347,3132,2308,18888.16160146826,0.5747126436781609,7.901234567901234
bspline_data,960,extrap_20,17.724397198844475,3132,136.58417396009276,2.5376893742827815,1349,15.186707824561694,1783,0.2896531881874277,3132,2426,26107.297734384767,0.9578544061302682,8.425925925925926
bspline_data,960,unif_40,7.298220946189866,3132,71.96799820398803,1.6114562962637127,1349,5.686764649926152,1783,0.10169033384491971,3132,1694,11195.10100074921,0.5747126436781609,4.969135802469136
bspline_data,960,extrap_40,6.205149261582739,3132,61.33868640365216,0.6804248414973254,1349,5.524724420085415,1783,0.04560830361006599,3132,1829,13286.962267768045,1.0217113665389528,5.709876543209877
bspline_data,960,unif_80,2.3310539822197254,3132,30.917119738334954,0.5909789542546153,1349,1.7400750279651098,1783,0.0016078410541801775,3132,1044,2480.2279386286455,0.5427841634738186,1.8518518518518519
bspline_data,960,extrap_80,3.8497150215904967,3132,47.46873405759467,0.37784715583597317,1349,3.4718678657545237,1783,0.04231510400241341,3132,1625,12668.005713215309,0.9897828863346104,2.006172839506173
bspline_data,960,unif_100,1.9409754439868507,3132,26.626798016965033,0.45996163884132885,1349,1.4810138051455217,1783,0.0013622114529026957,3132,973,2567.3737621285645,0.6066411238825032,0.3395061728395062
bspline_data,960,extrap_100,2.4928658334259484,3132,42.41933828092747,0.3648644810629429,1349,2.1280013523630057,1783,0.037299832090365234,3132,1603,11649.861007388863,1.1174968071519795,0.5246913580246914
bspline_data,960,unif_200,0.9397671386392302,3132,19.04051994832582,0.32681129907590134,1349,0.612955839563329,1783,0.0007523890359849469,3132,773,1652.1349130071499,0.8939974457215837,0.37037037037037035
bspline_data,960,extrap_200,1.9809499264400343,3132,37.90163690308881,0.29136059257276015,1349,1.6895893338672745,1783,0.03853229630101216,3132,1502,11476.502176138165,1.5964240102171137,0.18518518518518517
bspline_data,960,unif_300,0.8325401698406724,3132,17.444342028364055,0.30479997831352335,1349,0.5277401915271489,1783,0.00071977818026445,3132,720,1450.9227503985683,0.7343550446998723,0.12345679012345678
bspline_data,960,extrap_300,1.981307866858665,3132,37.904622152859105,0.29142585580753355,1349,1.6898820110511314,1783,0.038532467281469605,3132,1502,11476.959218811306,1.5964240102171137,0.18518518518518517
bspline_data,960,unif_500,0.7562541073180951,3132,16.716006852068958,0.2920010222243846,1349,0.46425308509371055,1783,0.000693401198635444,3132,697,1398.4587527959459,0.7662835249042146,0.21604938271604937
bspline_data,960,extrap_500,1.9813078668585813,3132,37.904622152858124,0.2914258558075331,1349,1.6898820110510477,1783,0.03853246728146919,3132,1502,11476.95921881088,1.5964240102171137,0.18518518518518517
bspline_data,961,unif_2,162.24519966971545,3133,526.9210434002379,56.11975102778874,1357,106.12544864192671,1776,4.8263512530175285,3133,3088,71306.56509695496,0.7984669434685404,0.0
bspline_data,961,extrap_2,74.54674104314286,3133,382.3615966157951,18.401667881222686,1357,56.145073161920166,1776,1.7590072069429097,3133,3045,65581.40642653138,1.0859150431172149,0.0
bspline_data,961,unif_4,37.014504897843636,3133,227.3924643117423,8.686543759642912,1357,28.327961138200724,1776,0.41442751905507313,3133,2928,44744.44112481238,1.3733631427658894,1.4506172839506173
bspline_data,961,extrap_4,54.83455481316479,3133,302.75081913024223,12.483109838796995,1357,42.351444974367794,1776,1.2118995554065284,3133,2959,63429.9424457581,1.1817310763334399,1.5432098765432098
bspline_data,961,unif_8,31.1751259827845,3133,192.46436615625944,9.97965306614834,1357,21.19547291663616,1776,0.3088106250602935,3133,2759,34397.24107091012,0.2555094219099329,0.37037037037037035
bspline_data,961,extrap_8,30.505189604312683,3133,196.83363821815217,5.088094725759348,1357,25.417094878553332,1776,0.6143993927353034,3133,2757,32917.7774598862,1.4372404982433726,2.1604938271604937
bspline_data,961,unif_10,31.915137953559295,3133,202.74779105487463,8.356407540199843,1357,23.55873041335945,1776,0.4814026925188793,3133,2818,28885.212623847667,1.8524433088470138,1.1419753086419753
bspline_data,961,extrap_10,26.66610275799993,3133,171.60329930794862,6.547149523469688,1357,20.118953234530245,1776,0.4010589214331566,3133,2705,28199.668876545646,1.0859150431172149,6.296296296296297
bspline_data,961,unif_20,22.015087609388715,3133,151.57792001861048,5.252086947092767,1357,16.763000662295944,1776,0.6521428752396059,3133,2425,23434.6396461351,0.8942829766847652,10.864197530864198
bspline_data,961,extrap_20,14.502909523101216,3133,119.30671226831657,2.6593299322242334,1357,11.843579590876985,1776,0.1764404725479341,3133,2538,15782.26483573769,0.7345895879910572,10.216049382716049
bspline_data,961,unif_40,9.226239309755826,3133,67.02101838575672,2.592771330533624,1357,6.633467979222201,1776,0.0698155024106405,3133,1805,10030.995519153716,0.6387735547748323,6.820987654320987
bspline_data,961,extrap_40,5.595354859685616,3133,61.25474243762868,0.564730171275871,1357,5.030624688409745,1776,0.03549942623276441,3133,1933,12541.35059978968,0.5748961992973491,2.993827160493827
bspline_data,961,unif_80,1.3610373633922297,3133,23.531759307797266,0.7037408897175449,1357,0.657296473674685,1776,0.0015180023546965773,3133,1133,2932.668664801259,0.6707122325135739,3.734567901234568
bspline_data,961,extrap_80,1.276411519540315,3133,34.02230707507432,0.06301499931683774,1357,1.2133965202234773,1776,0.03299541305366141,3133,1637,11030.525239257433,1.4691791759821144,0.8333333333333334
bspline_data,961,unif_100,0.6069300336882546,3133,17.773100424800813,0.20297193053611673,1357,0.4039581031521378,1776,0.0011756260200690835,3133,1004,2563.219987125462,0.3832641328648994,0.8950617283950617
bspline_data,961,extrap_100,1.4670462668739597,3133,35.1656703907919,0.2474155811567749,1357,1.219630685717185,1776,0.034946505198528786,3133,1612,10905.145871623983,1.1497923985946983,1.0802469135802468
bspline_data,961,unif_200,0.18420737180496083,3133,11.98635506053215,0.05452785865524815,1357,0.12967951314971266,1776,0.0006447476456095289,3133,866,1754.9822059219618,0.6387735547748323,1.2654320987654322
bspline_data,961,extrap_200,0.8767118777361004,3133,30.38802867019515,0.13850596950704275,1357,0.7382059082290575,1776,0.034809078423065014,3133,1537,10345.474316237065,1.3094857872884063,0.18518518518518517
bspline_data,961,unif_300,0.24972773563520625,3133,11.869418406707481,0.14895918459422738,1357,0.10076855104097891,1776,0.0007864960845937765,3133,760,1394.7769869531903,0.7026509102523155,1.6049382716049383
bspline_data,961,extrap_300,0.8767118777361107,3133,30.388028670195542,0.1385059695070428,1357,0.738205908229068,1776,0.034809078423064105,3133,1537,10345.474316236738,1.3094857872884063,0.18518518518518517
bspline_data,961,unif_500,0.23479625430431111,3133,11.567238080853155,0.14187258595742955,1357,0.09292366834688158,1776,0.0007800994556002605,3133,734,1284.1545335041587,0.7026509102523155,1.3580246913580247
bspline_data,961,extrap_500,0.8767118777360758,3133,30.388028670195023,0.13850596950704278,1357,0.7382059082290331,1776,0.0348090784230639,3133,1537,10345.47431623731,1.3094857872884063,0.18518518518518517
bspline_data,962,unif_2,171.5636780585786,3063,526.3360236429619,65.43639075276612,1359,106.12728730581252,1704,5.51517706926505,3063,2953,75959.47481296626,0.6533812479581836,0.0
bspline_data,962,extrap_2,186.7985359007798,3063,588.7452109207923,70.42968977200283,1359,116.36884612877694,1704,5.948687393327159,3063,3003,78117.789025069,0.06533812479581835,0.0
bspline_data,962,unif_4,40.47962616353598,3063,272.6656875187805,11.98418204929353,1359,28.495444114242446,1704,1.2276753455963036,3063,2895,57674.2760810606,0.914733747141457,0.0625
bspline_data,962,extrap_4,50.49537002119612,3063,288.6041773121322,12.26200502561203,1359,38.2333649955841,1704,1.2805897720272443,3063,2831,56850.31222410912,1.470107807905913,0.0
bspline_data,962,unif_8,36.30971548425682,3063,225.7368925682529,11.78721362136682,1359,24.522501862889996,1704,0.6295101492442186,3063,2765,28586.594023928348,3.0055537406076445,0.28125
bspline_data,962,extrap_8,31.635924040565293,3063,213.2543652259351,7.164624418402132,1359,24.47129962216316,1704,0.91561913992564,3063,2696,40577.98519406401,2.0581509310682784,2.625
bspline_data,962,unif_10,26.60082340709784,3063,195.45210175705193,7.631269476418858,1359,18.96955393067898,1704,0.6165072209790331,3063,2693,32019.08120689026,1.829467494282914,4.71875
bspline_data,962,extrap_10,22.352748432245843,3063,163.61165936794288,5.010284010454827,1359,17.342464421791014,1704,0.6908400543143234,3063,2568,27721.157630857822,0.8167265599477295,0.875
bspline_data,962,unif_20,15.488960821416313,3063,121.00510640675998,3.7643101720802328,1359,11.72465064933608,1704,0.4230041884409331,3063,2238,22236.69812923413,0.5880431231623653,3.78125
bspline_data,962,extrap_20,10.060236251490478,3063,84.70517940233029,1.7299603720722534,1359,8.330275879418224,1704,0.06012998053562014,3063,2180,17684.8790414465,1.1107481215289121,1.78125
bspline_data,962,unif_40,5.706920299954601,3063,59.60247740239683,2.5297064369231563,1359,3.177213863031445,1704,0.040700597724221556,3063,1712,6641.435788519321,0.42469781117281935,2.90625
bspline_data,962,extrap_40,3.604931257556038,3063,56.5755230412522,0.41483225850763994,1359,3.190098999048398,1704,0.03738896953936705,3063,1953,14144.745145052688,1.3067624959163673,2.125
bspline_data,962,unif_80,1.4136942666496846,3063,26.536679155946935,0.39922745321755065,1359,1.0144668134321337,1704,0.0017018596712665517,3063,1144,3171.2820224332786,0.8167265599477295,0.46875
bspline_data,962,extrap_80,1.7273428605577026,3063,40.3819122876463,0.26061107686592,1359,1.4667317836917824,1704,0.039382645167095734,3063,1756,10990.048191373882,1.4047696831100946,0.3125
bspline_data,962,unif_100,1.4870275642495028,3063,27.968539264598245,0.509996028892347,1359,0.9770315353571558,1704,0.0014236392876989523,3063,1112,2880.91084228422,0.6207121855602744,2.03125
bspline_data,962,extrap_100,1.224995459185187,3063,36.26326053464167,0.20697299235794653,1359,1.0180224668272404,1704,0.0362644701468794,3063,1669,10744.57905563446,1.470107807905913,0.25
bspline_data,962,unif_200,0.7328675938648312,3063,19.45491772003579,0.24612612854743732,1359,0.486741465317394,1704,0.0009362797644618373,3063,953,1911.9725142227696,0.8167265599477295,0.4375
bspline_data,962,extrap_200,1.079913407421886,3063,34.762242165162206,0.19051514892648413,1359,0.8893982584954018,1704,0.038572595566857416,3063,1644,10561.999168320945,1.6987912446912774,0.1875
bspline_data,962,unif_300,0.5523164650259049,3063,18.432781769407807,0.20993076973129574,1359,0.3423856952946091,1704,0.0008780185951992599,3063,965,1840.5845224620762,0.5227049983665468,0.0625
bspline_data,962,extrap_300,1.0799134074220622,3063,34.76224216516212,0.1905151489264829,1359,0.8893982584955793,1704,0.0385725955668578,3063,1644,10561.999168320817,1.6987912446912774,0.1875
bspline_data,962,unif_500,0.5292838842254449,3063,18.119998615806672,0.1938421331816423,1359,0.3354417510438026,1704,0.000849423340320367,3063,947,1835.627895463006,0.4900359359686377,0.0625
bspline_data,962,extrap_500,1.0799134074218355,3063,34.76224216516345,0.19051514892648513,1359,0.8893982584953504,1704,0.03857259556685954,3063,1644,10561.99916832114,1.6987912446912774,0.1875
bspline_data,963,unif_2,143.74457723844998,3041,480.5630628860347,56.658767252017,1351,87.08580998643298,1690,4.8084932050462035,3041,2981,59904.01639401623,0.5261427162117724,0.0
bspline_data,963,extrap_2,67.67636080758565,3041,326.56153075078356,20.31153784235218,1351,47.36482296523347,1690,2.1461315136978483,3041,2701,61095.92114766974,0.591910555738244,0.0
bspline_data,963,unif_4,143.36224293510298,3041,453.7103478066982,55.27400013401601,1351,88.08824280108696,1690,4.6112639954067545,3041,2819,52765.869427821905,0.5261427162117724,0.0
bspline_data,963,extrap_4,151.4459168813302,3041,453.78910565378516,50.5814953963757,1351,100.86442148495449,1690,5.331818515635443,3041,2832,77080.91626005055,6.642551792173627,0.4012345679012346
bspline_data,963,unif_8,26.012546341557062,3041,195.6595672407717,7.061035638539322,1351,18.95151070301774,1690,0.5761374662593952,3041,2632,43100.76141509848,1.2495889510029596,1.1111111111111112
bspline_data,963,extrap_8,24.2497076444987,3041,168.36355489732878,6.343003610690906,1351,17.90670403380779,1690,0.520641832353588,3041,2618,25268.263486714335,1.5455442288720815,0.8641975308641975
bspline_data,963,unif_10,23.526599208907427,3041,175.74459835291384,9.237147094188344,1351,14.289452114719086,1690,0.377745638010345,3041,2608,30623.773384913824,0.9865175928970733,1.2037037037037037
bspline_data,963,extrap_10,15.33941684610561,3041,126.79640701150576,3.5248903028951046,1351,11.814526543210505,1690,0.22454822902206736,3041,2538,18120.701945390796,1.2824728707661954,3.1790123456790123
bspline_data,963,unif_20,15.611019273101293,3041,130.14367958475688,2.959973156079429,1351,12.651046117021863,1690,0.7714169288629117,3041,2318,27845.683607666913,0.6247944755014798,5.833333333333333
bspline_data,963,extrap_20,8.075936940920517,3041,91.85141684108697,1.821523052253379,1351,6.254413888667139,1690,0.0824722174244138,3041,2399,14783.845830905404,0.7563301545544229,1.2962962962962963
bspline_data,963,unif_40,8.646071142894307,3041,82.32396550347688,3.838532620423289,1351,4.807538522471019,1690,0.13359750586719057,3041,1967,11751.65388074391,0.06576783952647156,3.888888888888889
bspline_data,963,extrap_40,3.706503919645951,3041,63.350034255863235,0.6758661075436534,1351,3.030637812102298,1690,0.04901196169179636,3041,2143,14786.537737925824,1.183821111476488,2.1604938271604937
bspline_data,963,unif_80,2.35321050343734,3041,38.751833239187064,0.7397588656729328,1351,1.613451637764407,1690,0.08829809641090039,3041,1422,4562.3313329325965,0.49325879644853665,1.2962962962962963
bspline_data,963,extrap_80,1.571259502499106,3041,43.596738715456326,0.3509315012452707,1351,1.2203280012538353,1690,0.03758069457726275,3041,1936,9316.131766856843,1.5126603091088457,0.5864197530864198
bspline_data,963,unif_100,1.422230728604775,3041,31.15781469637912,0.5581218698701056,1351,0.8641088587346697,1690,0.003725733473093021,3041,1247,3581.9859820414495,0.6905623150279513,1.2654320987654322
bspline_data,963,extrap_100,1.515758517031399,3041,43.04890874265505,0.327660661254657,1351,1.188097855776742,1690,0.040166940494149136,3041,1912,9324.503192997896,1.5784281486353173,0.7716049382716049
bspline_data,963,unif_200,0.936638367468199,3041,25.452741930427212,0.3369601923216122,1351,0.5996781751465867,1690,0.0029673562487595685,3041,1115,2842.6427987598395,0.5590266359750082,0.49382716049382713
bspline_data,963,extrap_200,1.1860918054586445,3041,39.18122277546769,0.2654540210222756,1351,0.9206377844363688,1690,0.038845469547780315,3041,1816,8841.360222499321,1.907267346267675,0.46296296296296297
bspline_data,963,unif_300,0.8240804147392542,3041,25.140639522384788,0.3485011647916156,1351,0.47557924994763856,1690,0.0030486763358848834,3041,1100,2807.713162856604,0.9536336731338375,0.37037037037037035
bspline_data,963,extrap_300,1.186091805458688,3041,39.18122277546775,0.2654540210222759,1351,0.9206377844364122,1690,0.03884546954777996,3041,1816,8841.360222498948,1.907267346267675,0.46296296296296297
bspline_data,963,unif_500,0.7926381751406952,3041,24.706351533760635,0.3358473000935449,1351,0.45679087504715044,1690,0.0030178099538187425,3041,1087,2760.9617018439785,1.019401512660309,0.49382716049382713
bspline_data,963,extrap_500,1.1860918054586786,3041,39.181222775468015,0.26545402102227605,1351,0.9206377844364028,1690,0.03884546954778105,3041,1816,8841.360222499143,1.907267346267675,0.46296296296296297
bspline_data,964,unif_2,162.76079697469635,3070,520.7533268678266,58.920247126724206,1348,103.84054984797217,1722,5.302588304260761,3070,3026,67600.95770782363,0.6190941674812642,0.0
bspline_data,964,extrap_2,149.64305144717295,3070,457.289239745061,53.24127912861491,1348,96.40177231855805,1722,4.7384800909093485,3070,2968,65164.915491460095,1.4011078527207559,0.0
bspline_data,964,unif_4,153.03269326730899,3070,469.40966943599256,55.72253311526713,1348,97.31016015204185,1722,4.843484137279156,3070,2957,65429.08405196662,0.7494297816878462,0.39634146341463417
bspline_data,964,extrap_4,41.43476621120676,3070,277.1299839382293,8.71001845942433,1348,32.72474775178243,1722,1.1757728152663696,3070,2883,59595.59313190614,2.899967416096448,0.27439024390243905
bspline_data,964,unif_8,24.105863924446837,3070,181.56927195358008,4.809609015151697,1348,19.296254909295136,1722,0.8295739908932844,3070,2729,30125.366012255265,0.5213424568263278,2.2865853658536586
bspline_data,964,extrap_8,30.42302162991911,3070,196.30182471734577,7.865923394862336,1348,22.557098235056777,1722,0.865236047806732,3070,2711,25596.040284022303,0.9449332029977191,1.2804878048780488
bspline_data,964,unif_10,25.844042779688326,3070,193.23886593700138,8.501898194900075,1348,17.34214458478825,1722,0.7996383777978264,3070,2712,40991.6448837822,1.1078527207559465,6.189024390243903
bspline_data,964,extrap_10,23.99790323678848,3070,171.9318067282336,5.3401866662736435,1348,18.657716570514843,1722,0.675237715383091,3070,2684,28566.605580460167,0.45617464972303684,1.0060975609756098
bspline_data,964,unif_20,15.337411762154575,3070,137.10884074609044,3.185738272099722,1348,12.15167349005485,1722,0.6547976609999164,3070,2459,25123.798001560972,1.3033561420658195,10.640243902439025
bspline_data,964,extrap_20,15.190859824193668,3070,129.000141749271,3.1802554119052235,1348,12.010604412288446,1722,0.45613479346243424,3070,2460,22717.25038607585,0.6842619745845552,4.237804878048781
bspline_data,964,unif_40,7.736962648703844,3070,70.76934148830705,2.4695644090256823,1348,5.267398239678162,1722,0.27061842255613877,3070,1756,9981.836453369833,0.39100684261974583,4.695121951219512
bspline_data,964,extrap_40,3.3521061174821174,3070,54.768789411260514,0.5893585678280624,1348,2.7627475496540552,1722,0.04989453902861676,3070,2012,12512.009130712584,0.8797653958944281,1.5548780487804879
bspline_data,964,unif_80,2.254537806193924,3070,36.007481142797424,0.8950525859597559,1348,1.3594852202341685,1722,0.06635926702981353,3070,1338,4631.067579577221,0.2932551319648094,2.3780487804878048
bspline_data,964,extrap_80,1.9285044845587607,3070,41.76749203355755,0.18957947092125219,1348,1.7389250136375085,1722,0.049506312102277204,3070,1826,11574.075742313116,1.1078527207559465,0.6402439024390244
bspline_data,964,unif_100,0.39678340744516893,3070,17.16629610689777,0.19287487011043666,1348,0.20390853733473221,1722,0.001438162030771181,3070,1053,2453.4405646569585,0.4235907461713913,0.21341463414634146
bspline_data,964,extrap_100,1.1823451428644267,3070,36.61232343749694,0.1706023909056842,1348,1.0117427519587427,1722,0.048688770806176014,3070,1734,10553.023263655203,1.466275659824047,0.5182926829268293
bspline_data,964,unif_200,0.5621387995866727,3070,15.851016874513531,0.2818402418764136,1348,0.280298557710259,1722,0.001499052778452547,3070,951,1716.6500268753357,0.39100684261974583,0.12195121951219512
bspline_data,964,extrap_200,1.212803762818554,3070,35.508494314678586,0.14458796801160217,1348,1.0682157948069517,1722,0.050484253671159926,3070,1717,10370.22010518779,1.466275659824047,0.27439024390243905
bspline_data,964,unif_300,0.523803686855068,3070,15.271930541561586,0.2831288299223679,1348,0.24067485693270008,1722,0.0014636815760760862,3070,920,1545.52320377583,0.35842293906810035,0.18292682926829268
bspline_data,964,extrap_300,1.2128037628186807,3070,35.508494314680405,0.14458796801160362,1348,1.0682157948070772,1722,0.05048425367116338,3070,1717,10370.220105188337,1.466275659824047,0.27439024390243905
bspline_data,964,unif_500,0.5134448527919586,3070,15.087249026875908,0.2889736935304989,1348,0.22447115926145975,1722,0.0014595615933275818,3070,887,1527.1835283136877,0.4235907461713913,0.27439024390243905
bspline_data,964,extrap_500,1.2128037628185377,3070,35.50849431467962,0.14458796801160226,1348,1.0682157948069353,1722,0.050484253671162244,3070,1717,10370.220105188011,1.466275659824047,0.27439024390243905
bspline_data,965,unif_2,144.3562624204595,3062,477.8960728660175,45.95092065955356,1281,98.40534176090594,1781,4.917005207912175,3062,2978,70050.98732963915,1.2410189418680602,0.0
bspline_data,965,extrap_2,186.19668234074646,3062,601.491709402105,59.147828203533145,1281,127.04885413721333,1781,6.362783748760035,3062,3036,92146.08594383606,0.32658393207054215,0.0
bspline_data,965,unif_4,37.64616510782332,3062,242.92864958864322,8.442158002303408,1281,29.204007105519917,1781,0.7538445886263069,3062,2842,63411.662856409035,1.4043109079033311,0.0
bspline_data,965,extrap_4,130.21322818286828,3062,415.8834083195651,41.4165529827473,1281,88.796675200121,1781,4.5109151505099545,3062,2950,54868.199949809896,1.9268451992161986,1.1280487804878048
bspline_data,965,unif_8,27.692555023062717,3062,191.64545007577567,6.463909429230405,1281,21.228645593832315,1781,0.5944510767185208,3062,2714,50527.068687218954,1.5022860875244939,3.1097560975609757
bspline_data,965,extrap_8,30.325422628325953,3062,193.09260163623327,5.912664929044421,1281,24.412757699281535,1781,0.4932735579039391,3062,2768,30020.31264016279,1.9268451992161986,1.8902439024390243
bspline_data,965,unif_10,31.3750080771296,3062,213.57600040502552,5.415685768996777,1281,25.959322308132826,1781,1.0192441981083462,3062,2818,48556.15023497974,1.1757021554539517,4.359756097560975
bspline_data,965,extrap_10,29.905248443136706,3062,181.43017645583132,5.083649527322087,1281,24.82159891581462,1781,0.6898160062484768,3062,2747,31537.265391955763,0.8491182233834096,3.475609756097561
bspline_data,965,unif_20,16.26366877768771,3062,128.11974244800746,4.241814457717055,1281,12.021854319970652,1781,0.23400408357179342,3062,2377,28654.793545483244,0.9797517962116263,8.201219512195122
bspline_data,965,extrap_20,18.396531950571916,3062,121.616924074628,2.1023123169627453,1281,16.294219633609167,1781,0.15170778066588853,3062,2441,24241.464698429314,1.3063357282821686,3.3841463414634148
bspline_data,965,unif_40,9.15396355441302,3062,68.75621994125501,1.466870115604021,1281,7.687093438808999,1781,0.025200114777790113,3062,1817,8893.72766237886,0.6858262573481385,5.152439024390244
bspline_data,965,extrap_40,5.091655768403871,3062,64.01779160417112,0.7294860559522546,1281,4.3621697124516166,1781,0.04613106226476729,3062,2172,19076.468560023935,1.1757021554539517,2.4390243902439024
bspline_data,965,unif_80,3.550267710321686,3062,37.427845424389155,0.9309306283280315,1281,2.619337081993655,1781,0.0025321783424621823,3062,1391,4754.907254905309,0.7184846505551927,2.3780487804878048
bspline_data,965,extrap_80,3.00569020250647,3062,46.537573908255624,0.38761831743064296,1281,2.6180718850758264,1781,0.03809355240871744,3062,1988,13916.817335883006,1.534944480731548,0.1524390243902439
bspline_data,965,unif_100,1.3536147437185853,3062,26.92629002340469,0.3772280887087469,1281,0.9763866550098383,1781,0.0016156584502968283,3062,1296,4344.732997626456,0.48987589810581317,0.7621951219512195
bspline_data,965,extrap_100,2.2002901284904435,3062,43.905676105504725,0.35999829877798806,1281,1.8402918297124555,1781,0.03692224686894849,3062,1962,13597.447822216336,1.0450685826257349,0.0
bspline_data,965,unif_200,1.3248688294790352,3062,23.98276677054857,0.4151037288643663,1281,0.909765100614669,1781,0.0013351842879112765,3062,1153,2677.4939844419896,0.6205094709340301,0.3353658536585366
bspline_data,965,extrap_200,1.8685150843851348,3062,40.345751371398144,0.30977394308976003,1281,1.558741141295375,1781,0.03758835044608775,3062,1890,13144.776330589122,1.6329196603527107,0.09146341463414634
bspline_data,965,unif_300,1.1097496753500689,3062,21.021870407324315,0.31521475580368213,1281,0.7945349195463869,1781,0.0012452178624547114,3062,1082,2364.4767516989905,0.4245591116917048,0.9451219512195121
bspline_data,965,extrap_300,1.8685150843851857,3062,40.345751371398826,0.30977394308976064,1281,1.558741141295425,1781,0.037588350446087965,3062,1890,13144.776330589008,1.6329196603527107,0.09146341463414634
bspline_data,965,unif_500,1.0769335217017288,3062,20.75481345051859,0.3081573243650999,1281,0.7687761973366292,1781,0.0012222104544891495,3062,1071,2301.5185073947705,0.4245591116917048,0.8536585365853658
bspline_data,965,extrap_500,1.8685150843852147,3062,40.34575137139997,0.3097739430897598,1281,1.5587411412954548,1781,0.03758835044608835,3062,1890,13144.776330589113,1.6329196603527107,0.09146341463414634
bspline_data,966,unif_2,185.185123695566,3113,592.6733366123735,63.976350764197235,1487,121.20877293136877,1626,6.205516799424359,3113,3100,86000.34220907133,0.32123353678123995,0.0
bspline_data,966,extrap_2,63.54758523791617,3113,333.6628841126409,15.245336758193666,1487,48.30224847972249,1626,1.5806216449830595,3113,3028,73010.37683723113,0.9958239640218439,0.0
bspline_data,966,unif_4,160.38548558004308,3113,496.5011262542283,56.295360100639485,1487,104.0901254794036,1626,5.501437726374206,3113,3033,76962.4456311904,1.2528107934468358,0.0
bspline_data,966,extrap_4,150.73234566908576,3113,448.52293108342263,53.42996197950055,1487,97.30238368958521,1626,5.039731205513827,3113,3003,70147.85570578955,0.8030838419530999,0.0
bspline_data,966,unif_8,38.54957411607422,3113,230.8523906988343,10.349066464268105,1487,28.200507651806117,1626,0.8212880394440061,3113,2878,42018.2201296031,1.6061676839061998,1.5548780487804879
bspline_data,966,extrap_8,32.983849507885324,3113,211.82976131729745,6.8623915476884125,1487,26.121457960196906,1626,0.4684893942255999,3113,2859,51676.35317969079,1.156440732412464,1.524390243902439
bspline_data,966,unif_10,40.261345200653345,3113,230.9340075191398,11.545088594172977,1487,28.71625660648037,1626,0.9504747169298694,3113,2727,40869.49911212488,0.7709604882749759,8.658536585365853
bspline_data,966,extrap_10,37.99353670039868,3113,223.52670624337293,8.494556721972096,1487,29.498979978426583,1626,0.7218877880259205,3113,2918,48872.81327990581,1.7989078059749437,3.4451219512195124
bspline_data,966,unif_20,27.79032140525084,3113,161.9009914804073,7.34721194865165,1487,20.44310945659919,1626,0.5714219754559235,3113,2489,44632.783850481166,1.2528107934468358,9.085365853658537
bspline_data,966,extrap_20,20.327088162917946,3113,135.275491507307,3.624404033893194,1487,16.70268412902475,1626,0.2847580900006625,3113,2631,29123.60349274756,0.5139736588499839,5.670731707317073
bspline_data,966,unif_40,11.627065291746074,3113,82.29011521087418,2.818671711001049,1487,8.808393580745024,1626,0.07765717851611706,3113,2019,14445.494014548876,0.4497269514937359,5.274390243902439
bspline_data,966,extrap_40,9.929151302793313,3113,79.37570361104716,1.1962171145338405,1487,8.732934188259472,1626,0.05878277686765091,3113,2331,21548.024103462394,0.7709604882749759,4.115853658536586
bspline_data,966,unif_80,2.989918800687018,3113,33.41486410133384,0.8657212954746896,1487,2.1241975052123285,1626,0.0028008493533609674,3113,1451,7131.76362748256,0.578220366206232,2.5
bspline_data,966,extrap_80,2.8520220731471424,3113,46.732067717484234,0.19523990558891852,1487,2.6567821675582235,1626,0.044539560785304834,3113,2104,17923.72146483762,1.12431737873434,0.975609756097561
bspline_data,966,unif_100,3.2335758386526887,3113,27.60147629867658,1.125433881427747,1487,2.108141957224942,1626,0.0016940643110917109,3113,1336,3840.5497590712876,0.38548024413748794,1.7378048780487805
bspline_data,966,extrap_100,1.5687374604392148,3113,40.46802186137188,0.120370822945079,1487,1.448366637494136,1626,0.047896331001957566,3113,2015,18422.986860540965,1.7025377449405719,2.0121951219512195
bspline_data,966,unif_200,0.2551605062473545,3113,14.343775481642112,0.08766337812519936,1487,0.16749712812215511,1626,0.001140319221216088,3113,1126,2919.6826634401486,0.48185030517185995,0.7317073170731707
bspline_data,966,extrap_200,1.2138395949447303,3113,35.99329249453248,0.08675156326842795,1487,1.1270880316763021,1626,0.04709891355188301,3113,1935,17931.591784757555,1.3813042081593319,0.3048780487804878
bspline_data,966,unif_300,0.1658131939472604,3113,13.037391494851432,0.06422498773933202,1487,0.10158820620792838,1626,0.0010623998792909078,3113,1107,2451.02654141907,0.6745904272406039,0.21341463414634146
bspline_data,966,extrap_300,1.2138395949447325,3113,35.99329249453157,0.08675156326842776,1487,1.1270880316763048,1626,0.04709891355188157,3113,1935,17931.5917847574,1.3813042081593319,0.3048780487804878
bspline_data,966,unif_500,0.14368294420676225,3113,12.477507861879495,0.0611852783740136,1487,0.08249766583274865,1626,0.001068511482720632,3113,1093,2384.2430007286125,0.738837134596852,0.12195121951219512
bspline_data,966,extrap_500,1.2138395949447895,3113,35.99329249453302,0.08675156326842787,1487,1.1270880316763616,1626,0.047098913551881415,3113,1935,17931.591784757373,1.3813042081593319,0.3048780487804878
bspline_temporal,957,unif_2,24.549021785068085,3107,173.20354694324013,15.98823590514892,1427,8.560785879919164,1680,0.1946003006034031,3107,2666,82846.9838311644,0.0,1.2345679012345678
bspline_temporal,957,extrap_2,21.38560613736208,3107,161.89716170295594,7.181030121615031,1427,14.204576015747046,1680,0.12787405443719302,3107,2761,54022.00659218173,0.0,0.0
bspline_temporal,957,unif_4,39.28272400841148,3107,195.35577056574692,29.160877178838515,1427,10.121846829572958,1680,0.15404758716089778,3107,2684,56175.87367534712,0.0321853878339234,8.641975308641975
bspline_temporal,957,extrap_4,22.498188266170043,3107,177.42128040786542,7.645529588621474,1427,14.852658677548568,1680,0.20900074378966857,3107,2767,52295.57190521279,0.1287415513356936,2.4691358024691357
bspline_temporal,957,unif_8,14.150608199884239,3107,129.41014844313565,7.401878601766051,1427,6.748729598118189,1680,0.1578450523552292,3107,2466,65022.847170904824,0.0965561635017702,3.117283950617284
bspline_temporal,957,extrap_8,15.571817812899623,3107,136.84270864130576,5.003782947301394,1427,10.56803486559823,1680,0.10530211255841972,3107,2661,33757.43213866715,0.1931123270035404,2.8395061728395063
bspline_temporal,957,unif_10,16.125175118004176,3107,121.81064762832887,6.4718960368883724,1427,9.653279081115805,1680,0.046663688281667226,3107,2470,37745.717730511875,0.1287415513356936,5.5246913580246915
bspline_temporal,957,extrap_10,16.16780586260208,3107,136.65394578537985,6.063595523825868,1427,10.10421033877621,1680,0.06863630672539942,3107,2630,28665.91684293689,0.41841004184100417,5.462962962962963
bspline_temporal,957,unif_20,16.149682175789415,3107,113.0719516591012,11.501351426256663,1427,4.648330749532754,1680,0.04556106540358827,3107,2353,26561.85755833543,0.2252977148374638,6.666666666666667
bspline_temporal,957,extrap_20,12.324800414598236,3107,114.54048069318421,3.7031285019468396,1427,8.621671912651397,1680,0.05923924155687697,3107,2502,22238.493912999875,0.28966849050531057,4.166666666666667
bspline_temporal,957,unif_40,7.782639178571005,3107,78.76963286919062,4.790841731703334,1427,2.991797446867669,1680,0.020172500208688618,3107,2114,12596.291752594021,0.3540392661731574,5.709876543209877
bspline_temporal,957,extrap_40,7.510484225118822,3107,85.10067455364826,1.5599892560711006,1427,5.950494969047722,1680,0.045100897301446695,3107,2364,13913.922092490138,0.7080785323463148,2.5617283950617282
bspline_temporal,957,unif_80,1.7425455171325488,3107,40.19182073849297,1.089888042724426,1427,0.6526574744081227,1680,0.010682463959989123,3107,1766,8256.915875326009,0.643707756678468,1.0493827160493827
bspline_temporal,957,extrap_80,3.9822861024056593,3107,61.33955102561232,0.8607316646491501,1427,3.121554437756509,1680,0.0300650531532493,3107,2102,12028.855128763618,0.6115223688445446,0.15432098765432098
bspline_temporal,957,unif_100,1.650519714730628,3107,36.76870772303835,0.9518353721938869,1427,0.6986843425367408,1680,0.008305072781168914,3107,1689,5344.014992512273,0.7402639201802381,0.7716049382716049
bspline_temporal,957,extrap_100,3.372569439581541,3107,58.20964671778357,0.8943974130578289,1427,2.4781720265237124,1680,0.029737881955005957,3107,2025,12901.267851651543,0.804634695848085,0.2777777777777778
bspline_temporal,957,unif_200,1.0494744380934056,3107,28.345669120318984,0.6895856801786422,1427,0.3598887579147634,1680,0.0048561823996164264,3107,1418,4222.3978933475955,0.5793369810106211,0.030864197530864196
bspline_temporal,957,extrap_200,2.3957631143300513,3107,49.33721465494682,0.5509528756767065,1427,1.8448102386533445,1680,0.028379857737968854,3107,1944,10558.588851442932,0.965561635017702,0.0
bspline_temporal,957,unif_300,0.7902900432172354,3107,24.17129907364844,0.5751718912430941,1427,0.2151181519741414,1680,0.003843091732845124,3107,1247,3592.868858726772,0.482780817508851,0.06172839506172839
bspline_temporal,957,extrap_300,2.390927345575165,3107,49.28081492508897,0.5506407883194236,1427,1.8402865572557416,1680,0.028378997551614136,3107,1941,10551.418261574061,0.965561635017702,0.0
bspline_temporal,957,unif_500,0.7143845234068725,3107,22.65732755528368,0.5266643247709549,1427,0.18772019863591763,1680,0.0034317330596357683,3107,1165,3415.871796243262,0.5471515931766978,0.030864197530864196
bspline_temporal,957,extrap_500,2.390927345574876,3107,49.28081492508865,0.5506407883194236,1427,1.8402865572554523,1680,0.028378997551615128,3107,1941,10551.418261574452,0.965561635017702,0.0
bspline_temporal,958,unif_2,18.951534956457103,3169,168.60360340167742,7.610722962550578,1450,11.340811993906526,1719,0.34440201568003764,3169,2733,41222.634357018454,1.041337961502051,0.0
bspline_temporal,958,extrap_2,23.866962931922156,3169,161.42658637357192,6.440316472379418,1450,17.42664645954274,1719,0.12720258276798854,3169,2711,54197.6722643627,0.5680025244556642,1.25
bspline_temporal,958,unif_4,21.860306742682063,3169,158.3660817786252,7.37189034449301,1450,14.488416398189056,1719,0.14607477836299906,3169,2670,66744.66037947629,0.0,4.59375
bspline_temporal,958,extrap_4,18.689850057809302,3169,143.09467865979047,4.34125122904981,1450,14.348598828759492,1719,0.10826360139662405,3169,2707,41881.471720754416,0.0,1.25
bspline_temporal,958,unif_8,17.53231357876435,3169,136.97869748514734,7.687337138715213,1450,9.844976440049138,1719,0.08334585020963317,3169,2643,47378.36706085045,0.12622278321236982,2.71875
bspline_temporal,958,extrap_8,16.29412306288611,3169,128.62343382425155,4.092981325178691,1450,12.201141737707418,1719,0.09378501045085577,3169,2577,49794.312779313004,0.09466708740927737,2.96875
bspline_temporal,958,unif_10,19.30663189096399,3169,129.98018082727708,10.786261288768085,1450,8.520370602195902,1719,0.05240259930333605,3169,2563,33389.92350322814,0.5048911328494793,6.28125
bspline_temporal,958,extrap_10,15.692419803638973,3169,119.77151615958553,5.212987125361503,1450,10.479432678277469,1719,0.057544458987414185,3169,2624,41667.463079423156,0.0,1.8125
bspline_temporal,958,unif_20,9.314043304174131,3169,94.26368906222685,3.9922190868514136,1450,5.3218242173227175,1719,0.0335572494466283,3169,2355,17650.809505215933,0.2208898706216472,5.21875
bspline_temporal,958,extrap_20,11.829035866476826,3169,101.54824772861048,2.296177439143846,1450,9.532858427332984,1719,0.06024339461976676,3169,2523,18638.337460059196,0.347112653834017,4.09375
bspline_temporal,958,unif_40,9.30529426913046,3169,71.20799081564084,3.2951759624988295,1450,6.010118306631629,1719,0.011770077425748156,3169,1997,9862.299571279684,0.5048911328494793,1.9375
bspline_temporal,958,extrap_40,5.319691727609742,3169,67.39416822873642,0.8063844492804326,1450,4.513307278329309,1719,0.04494054797395716,3169,2296,12898.08078554587,0.47333543704638686,2.8125
bspline_temporal,958,unif_80,2.5542853809170194,3169,34.464640953755506,1.092737883311882,1450,1.461547497605138,1719,0.0038500241058627006,3169,1518,4186.231264407477,0.5364468286525718,1.21875
bspline_temporal,958,extrap_80,2.3572089715400724,3169,47.636546315527625,0.35249333068935734,1450,2.0047156408507147,1719,0.040786564963551465,3169,1932,13566.688148795592,1.2937835279267909,0.53125
bspline_temporal,958,unif_100,1.7763921368433235,3169,29.542195206267355,0.7258153591108428,1450,1.0505767777324808,1719,0.0030287425075909043,3169,1456,3269.7560243274556,0.5048911328494793,1.6875
bspline_temporal,958,extrap_100,2.1459357725988766,3169,44.33025328223653,0.2586552368031488,1450,1.887280535795728,1719,0.039311743236828456,3169,1873,11848.535814083612,1.2937835279267909,1.0625
bspline_temporal,958,unif_200,1.0145721324096226,3169,20.515770276479635,0.34814240639537797,1450,0.6664297260142449,1719,0.001667477592692041,3169,1107,2318.201936144832,0.5048911328494793,1.65625
bspline_temporal,958,extrap_200,1.6151726619043938,3169,38.740848902083044,0.1947246807762989,1450,1.420447981128095,1719,0.037756174262704036,3169,1756,10933.150603521168,1.514673398548438,0.5
bspline_temporal,958,unif_300,0.4255327905010221,3169,15.521434791158692,0.2238635927076832,1450,0.20166919779333892,1719,0.0011064802196285614,3169,996,1927.2182285979918,0.7888923950773115,1.28125
bspline_temporal,958,extrap_300,1.612772720138594,3169,38.672820427758744,0.19296672564420128,1450,1.4198059944943926,1719,0.03772066620394235,3169,1749,10917.913650829645,1.514673398548438,0.5
bspline_temporal,958,unif_500,0.36841594308272835,3169,14.199573648411503,0.18662973536902033,1450,0.18178620771370796,1719,0.0008759587872492571,3169,931,1704.0445499592774,0.5364468286525718,1.28125
bspline_temporal,958,extrap_500,1.6127727201385826,3169,38.67282042775865,0.19296672564420125,1450,1.4198059944943813,1719,0.037720666203941634,3169,1749,10917.9136508299,1.514673398548438,0.5
bspline_temporal,959,unif_2,41.19188488010693,3144,234.78083884958184,18.74830981557355,1402,22.443575064533384,1742,1.480765907983459,3144,2800,62483.06339980144,0.0,0.0
bspline_temporal,959,extrap_2,25.244973992712403,3144,193.39455072321564,6.491810639963508,1402,18.7531633527489,1742,0.27046092132707533,3144,2890,38075.92967609981,0.5089058524173028,0.0
bspline_temporal,959,unif_4,23.024368451018784,3144,163.50598556126454,9.991497262527457,1402,13.032871188491328,1742,0.17277868163591176,3144,2686,84458.38506896557,0.0,4.938271604938271
bspline_temporal,959,extrap_4,21.448868994051743,3144,171.37161322412828,6.440388177039483,1402,15.00848081701226,1742,0.18691976546973432,3144,2880,45649.36757743692,0.3816793893129771,4.2592592592592595
bspline_temporal,959,unif_8,15.36563869502938,3144,131.95812635843663,8.431983758727199,1402,6.933654936302184,1742,0.07641784487623957,3144,2528,77092.8018927194,0.031806615776081425,1.9135802469135803
bspline_temporal,959,extrap_8,16.967698084270268,3144,135.6432829791894,2.929876898856211,1402,14.037821185414057,1742,0.10483643950453125,3144,2771,40064.95617385472,0.41348600508905853,0.6481481481481481
bspline_temporal,959,unif_10,19.292538634903387,3144,130.93001778305367,6.87096941676155,1402,12.421569218141833,1742,0.060388698490297564,3144,2477,31166.47227310198,0.06361323155216285,2.345679012345679
bspline_temporal,959,extrap_10,15.64823330376776,3144,121.60895904645584,3.7038078767871316,1402,11.94442542698063,1742,0.05375995434164037,3144,2681,31780.641300656676,0.09541984732824428,3.580246913580247
bspline_temporal,959,unif_20,15.468542462138355,3144,103.06325295370927,7.883068913352144,1402,7.5854735487862115,1742,0.06117754829512213,3144,2396,77221.52080669129,0.3816793893129771,3.45679012345679
bspline_temporal,959,extrap_20,10.381750671605381,3144,100.95555622031614,1.7383610142892922,1402,8.643389657316087,1742,0.04183499018325213,3144,2625,19847.47533424526,0.4770992366412214,3.5185185185185186
bspline_temporal,959,unif_40,6.080051556288164,3144,62.70795367005163,1.4741847847713105,1402,4.605866771516853,1742,0.00920176124769355,3144,2178,7678.672792373087,0.22264631043256997,2.4691358024691357
bspline_temporal,959,extrap_40,6.07480860681015,3144,75.19023171330866,0.5788785386436128,1402,5.495930068166536,1742,0.03179744910645225,3144,2457,16828.59563411757,0.4770992366412214,4.567901234567901
bspline_temporal,959,unif_80,1.602925735101212,3144,34.61713332657055,0.8986442711730721,1402,0.7042814639281398,1742,0.0063400876978936035,3144,1786,4148.972750425106,0.6997455470737913,1.728395061728395
bspline_temporal,959,extrap_80,3.1274730458978515,3144,55.39404894387895,0.34789942729243806,1402,2.7795736186054136,1742,0.031833415492147764,3144,2193,11045.09179213424,0.6361323155216285,1.2654320987654322
bspline_temporal,959,unif_100,0.9288760590503135,3144,29.04683832554859,0.4292860462675222,1402,0.49959001278279125,1742,0.003999883831459399,3144,1685,3705.0267647505825,0.7315521628498728,2.623456790123457
bspline_temporal,959,extrap_100,2.9742246700393467,3144,52.89265425887339,0.33102266132623315,1402,2.643202008713113,1742,0.03144443494107957,3144,2116,11026.708076669374,0.7315521628498728,2.4691358024691357
bspline_temporal,959,unif_200,0.5522233043117054,3144,22.630716124295876,0.24877293410151874,1402,0.3034503702101867,1742,0.0022212265095898753,3144,1360,2896.60789910331,0.6679389312977099,2.4691358024691357
bspline_temporal,959,extrap_200,2.222342008248646,3144,45.33374190049174,0.235231475633747,1402,1.987110532614899,1742,0.027634024524829638,3144,1950,10063.608058945476,0.9860050890585241,1.4197530864197532
bspline_temporal,959,unif_300,0.43738442548536394,3144,19.49512372158717,0.19863029476249303,1402,0.23875413072287086,1742,0.0015273295701725659,3144,1184,1940.3578816810964,0.7315521628498728,2.4691358024691357
bspline_temporal,959,extrap_300,2.215093588482268,3144,45.21449225254,0.23517147603223737,1402,1.9799221124500306,1742,0.027630955780227787,3144,1951,9887.672622770277,0.9860050890585241,1.4197530864197532
bspline_temporal,959,unif_500,0.42134543567463245,3144,18.565929411611172,0.18840547045849726,1402,0.2329399652161352,1742,0.0012893625198277688,3144,1073,1816.9313783762138,0.6361323155216285,1.6666666666666667
bspline_temporal,959,extrap_500,2.215093588482248,3144,45.214492252539756,0.23517147603223798,1402,1.9799221124500102,1742,0.027630955780228155,3144,1951,9887.67262277013,0.9860050890585241,1.4197530864197532
bspline_temporal,960,unif_2,22.474714817973684,3132,148.92756599847257,7.896267857189238,1349,14.578446960784447,1783,0.0726716776977779,3132,2659,26670.563689358612,0.15964240102171137,0.0
bspline_temporal,960,extrap_2,26.63459142932058,3132,197.73928825524064,5.964257531669402,1349,20.67033389765118,1783,0.5762068032035514,3132,2925,40820.46248322951,0.22349936143039592,0.0
bspline_temporal,960,unif_4,18.959907891693284,3132,150.23151624219327,4.008052447365915,1349,14.951855444327368,1783,0.2719521940273916,3132,2652,71825.00759351252,0.0,2.006172839506173
bspline_temporal,960,extrap_4,17.091701671366224,3132,131.58266724536196,2.8237063066752692,1349,14.267995364690956,1783,0.08540899095263708,3132,2728,35524.58591198752,0.0,0.06172839506172839
bspline_temporal,960,unif_8,21.182055562662796,3132,141.02074787471435,10.103843356139455,1349,11.07821220652334,1783,0.06628741081506911,3132,2482,42137.062417094916,0.09578544061302682,2.4382716049382718
bspline_temporal,960,extrap_8,18.441952081848562,3132,138.5506078345044,3.048024100050288,1349,15.393927981798276,1783,0.07460476760539311,3132,2794,34030.53334314633,0.1277139208173691,6.820987654320987
bspline_temporal,960,unif_10,20.080135864057393,3132,140.43323707013144,7.583359706616582,1349,12.496776157440813,1783,0.10770395555386802,3132,2487,66582.0633354167,0.031928480204342274,4.444444444444445
bspline_temporal,960,extrap_10,16.045173889173533,3132,125.23174662682416,2.644274056306905,1349,13.400899832866626,1783,0.0711443710254194,3132,2546,33675.13292877769,0.41507024265644954,2.5308641975308643
bspline_temporal,960,unif_20,15.991463763122558,3132,112.45512142671669,7.621597569365676,1349,8.369866193756883,1783,0.04272942184170696,3132,2246,27438.814191796155,0.41507024265644954,7.222222222222222
bspline_temporal,960,extrap_20,12.247809183935697,3132,99.48465991544012,1.751947509777342,1349,10.495861674158355,1783,0.042851524894934614,3132,2428,16698.078140932987,0.44699872286079184,2.4691358024691357
bspline_temporal,960,unif_40,6.925162937415726,3132,61.87282564627235,1.299785170493175,1349,5.6253777669225515,1783,0.008681828560777786,3132,1866,7342.987285968109,0.351213282247765,6.265432098765432
bspline_temporal,960,extrap_40,5.897395080482397,3132,67.4320882603119,0.6236403012762083,1349,5.273754779206189,1783,0.03199847262896055,3132,2164,13978.183483926927,0.5427841634738186,1.5123456790123457
bspline_temporal,960,unif_80,3.2566238779814842,3132,35.904753354228305,0.4936879421876355,1349,2.7629359357938488,1783,0.0019978669370075072,3132,1429,3123.531297387534,0.6066411238825032,2.808641975308642
bspline_temporal,960,extrap_80,4.730448574127161,3132,56.544106677771936,0.40222368368724026,1349,4.3282248904399205,1783,0.03371166836241661,3132,1978,10983.661625282062,0.7343550446998723,0.37037037037037035
bspline_temporal,960,unif_100,2.2710503623204743,3132,29.57828026162956,0.42402707881354146,1349,1.8470232835069333,1783,0.0016834329286115936,3132,1339,3017.326565765854,0.6066411238825032,0.2777777777777778
bspline_temporal,960,extrap_100,3.8066744038614644,3132,50.06255806257481,0.33105983834215036,1349,3.475614565519314,1783,0.033260597560789223,3132,1910,10454.551057995164,0.8939974457215837,0.43209876543209874
bspline_temporal,960,unif_200,0.8761403366427932,3132,19.512861895874234,0.16860702505223085,1349,0.7075333115905623,1783,0.0008805046406902577,3132,1039,1561.4330491213618,0.7662835249042146,0.18518518518518517
bspline_temporal,960,extrap_200,3.1291659295134537,3132,44.82578007144063,0.2702743852218385,1349,2.8588915442916147,1783,0.03141005943219905,3132,1771,9411.488730107618,0.9578544061302682,0.49382716049382713
bspline_temporal,960,unif_300,0.8235532445353149,3132,17.849066611443153,0.15029904114568843,1349,0.6732542033896265,1783,0.0007070934917873074,3132,940,1451.757456276351,0.6385696040868455,0.2777777777777778
bspline_temporal,960,extrap_300,3.1294356213157477,3132,44.83725483382715,0.2705839420856887,1349,2.8588516792300593,1783,0.03141085265979532,3132,1771,9414.4988165549,0.9578544061302682,0.49382716049382713
bspline_temporal,960,unif_500,0.5619579243329929,3132,15.900697249982738,0.1374270490745461,1349,0.42453087525844674,1783,0.0006404677480552725,3132,829,1330.3480346831643,0.70242656449553,0.2777777777777778
bspline_temporal,960,extrap_500,3.1294356213159586,3132,44.83725483382719,0.2705839420856899,1349,2.858851679230268,1783,0.031410852659794264,3132,1771,9414.49881655449,0.9578544061302682,0.49382716049382713
bspline_temporal,961,unif_2,21.412110860162354,3133,156.3519893417492,7.287731477019475,1357,14.12437938314288,1776,0.07558676140227855,3133,2719,37514.50194330125,0.0,0.0
bspline_temporal,961,extrap_2,23.337035572759056,3133,164.66278752152954,4.683920613499952,1357,18.653114959259103,1776,0.12162291805333321,3133,2884,42549.30435027856,0.0,1.2345679012345678
bspline_temporal,961,unif_4,20.791742546785102,3133,157.24595845558122,8.108894414837874,1357,12.682848131947223,1776,0.1040285113074362,3133,2779,51151.57498320959,0.06387735547748323,1.3580246913580247
bspline_temporal,961,extrap_4,24.23496460698405,3133,159.62566293720636,5.42390483220219,1357,18.81105977478186,1776,0.10584267964290967,3133,2802,42698.761370460656,0.15969338869370808,1.2345679012345678
bspline_temporal,961,unif_8,19.712990299147947,3133,149.9580411663543,7.031716905280254,1357,12.681273393867688,1776,0.0919165118759693,3133,2698,42456.28576881427,0.06387735547748323,3.0246913580246915
bspline_temporal,961,extrap_8,18.270724270871227,3133,147.3562156936528,3.4688976383469416,1357,14.801826632524286,1776,0.1817017224121343,3133,2779,51829.43819670502,0.2235707441711913,2.5
bspline_temporal,961,unif_10,17.845107880002196,3133,140.88264641064364,9.05176153636904,1357,8.793346343633157,1776,0.0764577781921003,3133,2536,43018.69976661901,0.1916320664324497,5.185185185185185
bspline_temporal,961,extrap_10,13.449672559615738,3133,120.4239212334394,3.61103513932178,1357,9.838637420293958,1776,0.0670563633309902,3133,2742,29907.39854054003,0.15969338869370808,4.382716049382716
bspline_temporal,961,unif_20,12.509767050965474,3133,108.9457870064978,5.679919260429291,1357,6.829847790536181,1776,0.04858035922284844,3133,2454,33421.00846439833,0.28744809964867457,7.746913580246914
bspline_temporal,961,extrap_20,12.067035493818588,3133,100.7175599245576,1.713626205655925,1357,10.353409288162663,1776,0.037042741853475336,3133,2586,15548.108052171478,0.3832641328648994,4.4753086419753085
bspline_temporal,961,unif_40,5.534960896868792,3133,67.64557384181182,2.275368812255721,1357,3.2595920846130713,1776,0.013875304814961652,3133,2174,15139.67989425803,0.15969338869370808,4.382716049382716
bspline_temporal,961,extrap_40,8.031231023595007,3133,76.92285797133607,0.8894902614632608,1357,7.141740762131746,1776,0.03839627750591543,3133,2445,11680.361002692098,0.5748961992973491,2.9012345679012346
bspline_temporal,961,unif_80,1.527898699911629,3133,37.07875159719505,0.6951584245985089,1357,0.8327402753131201,1776,0.006173899481706047,3133,1970,6054.47288182786,0.415202810603641,1.2345679012345678
bspline_temporal,961,extrap_80,3.816135165261569,3133,56.13232146057552,0.24891661890288452,1357,3.567218546358684,1776,0.034806425244297126,3133,2170,11038.269545840036,0.415202810603641,1.3580246913580247
bspline_temporal,961,unif_100,0.9818086577047179,3133,31.596899991096983,0.4591809718109279,1357,0.5226276858937899,1776,0.004622578879370619,3133,1870,4614.832867809816,0.28744809964867457,1.2037037037037037
bspline_temporal,961,extrap_100,2.4674909184325715,3133,48.31031249067156,0.2142240563929393,1357,2.2532668620396326,1776,0.03202687663903027,3133,2106,9569.100276529942,0.9262216544235069,0.6172839506172839
bspline_temporal,961,unif_200,0.4270050342086895,3133,21.28292758768355,0.1921603779818444,1357,0.23484465622684508,1776,0.0025527395678159423,3133,1568,3249.911355139015,0.8623442989460236,1.2345679012345678
bspline_temporal,961,extrap_200,1.9525440012322348,3133,41.9045799992046,0.0848706305031199,1357,1.8676733707291149,1776,0.03276399530924497,3133,1923,9132.328131195927,1.245608431810923,0.09259259259259259
bspline_temporal,961,unif_300,0.2987630840882336,3133,17.272383928892488,0.10023329243614147,1357,0.19852979165209209,1776,0.0014123272772974275,3133,1327,1917.0021958507705,0.35132545512615776,0.12345679012345678
bspline_temporal,961,extrap_300,1.9518494000697533,3133,41.90049369686051,0.08486339655816688,1357,1.8669860035115864,1776,0.03276407694593553,3133,1923,9132.168063195162,1.245608431810923,0.09259259259259259
bspline_temporal,961,unif_500,0.2099094511080386,3133,14.930923830198749,0.07631232181415361,1357,0.133597129293885,1776,0.001060331975751593,3133,1197,1645.3739964621382,0.415202810603641,0.15432098765432098
bspline_temporal,961,extrap_500,1.9518494000695799,3133,41.90049369685997,0.08486339655816674,1357,1.8669860035114132,1776,0.032764076945936624,3133,1923,9132.168063195313,1.245608431810923,0.09259259259259259
bspline_temporal,962,unif_2,13.553215896327712,3063,117.84227151958889,3.3953092663478137,1359,10.157906629979898,1704,0.047225347008743306,3063,2456,39219.03015625666,0.0,0.0
bspline_temporal,962,extrap_2,16.968867875384312,3063,156.92289086210093,6.435815700572073,1359,10.533052174812239,1704,0.34822697226693367,3063,2585,48615.45908307418,0.0,0.0
bspline_temporal,962,unif_4,14.55341007640179,3063,137.37830996843243,7.4412396649167665,1359,7.112170411485025,1704,0.1194255118362901,3063,2531,57169.37813853318,0.06533812479581835,2.3125
bspline_temporal,962,extrap_4,13.197914375581439,3063,123.49296595218765,3.42942039664509,1359,9.768493978936348,1704,0.0806009263267494,3063,2530,26129.276118158137,0.0,1.21875
bspline_temporal,962,unif_8,12.342958559953853,3063,104.20217076546992,6.470513474354753,1359,5.872445085599098,1704,0.055648975345566766,3063,2377,38073.02026703154,0.1960143743874551,3.9375
bspline_temporal,962,extrap_8,11.173063344844435,3063,107.43538503610634,2.834246144637373,1359,8.338817200207064,1704,0.053953085295660244,3063,2497,23239.347915198956,0.22868343678536426,5.84375
bspline_temporal,962,unif_10,20.131146990975594,3063,144.75599240528717,14.448467034269171,1359,5.682679956706425,1704,0.1567807270988059,3063,2254,84749.73740867391,0.2613524991832734,6.8125
bspline_temporal,962,extrap_10,11.258097728571745,3063,107.08668641373059,2.8217664356944168,1359,8.436331292877327,1704,0.04970565672902058,3063,2543,27100.59250442419,0.0,4.0
bspline_temporal,962,unif_20,9.325633903013715,3063,93.17463024974265,4.0144494093716085,1359,5.311184493642106,1704,0.04756523690263724,3063,2096,38505.28379684092,0.1306762495916367,6.09375
bspline_temporal,962,extrap_20,8.386609946778323,3063,88.34161897664562,1.6182405927732697,1359,6.768369354005054,1704,0.04071055166687078,3063,2335,16545.342757327086,0.2613524991832734,3.9375
bspline_temporal,962,unif_40,2.9293597038858885,3063,42.6011177421815,0.7643538156928885,1359,2.1650058881929994,1704,0.004002476977496371,3063,1727,6671.19808135407,0.4900359359686377,1.78125
bspline_temporal,962,extrap_40,5.185566365777397,3063,64.9266973091724,0.8940757962887136,1359,4.291490569488683,1704,0.03334436075237469,3063,2131,12452.207699529834,0.3920287487749102,1.78125
bspline_temporal,962,unif_80,1.9182196082137462,3063,28.21675760394209,0.4018016863977012,1359,1.5164179218160454,1704,0.002120083562225844,3063,1396,3237.216669268046,0.29402156158118264,1.125
bspline_temporal,962,extrap_80,2.764096295798674,3063,47.53635336365484,0.4873299030947169,1359,2.276766392703957,1704,0.029231137654668612,3063,1897,9082.362083597798,0.6207121855602744,0.34375
bspline_temporal,962,unif_100,1.106611835792518,3063,24.399878811353766,0.48807065949455886,1359,0.6185411762979591,1704,0.001794584943762523,3063,1274,2487.6532397770206,0.5553740607644561,0.34375
bspline_temporal,962,extrap_100,2.5672757050146284,3063,46.986641753420514,0.502681685173505,1359,2.064594019841124,1704,0.031585498231400055,3063,1861,8529.34210359129,0.718719372754002,0.03125
bspline_temporal,962,unif_200,0.5486861180067644,3063,17.9161301182209,0.23757782601760352,1359,0.31110829198916085,1704,0.0009738529578874413,3063,1035,2021.3752408153587,0.6207121855602744,0.0625
bspline_temporal,962,extrap_200,1.8441358905231475,3063,40.85625476087898,0.40161958922054264,1359,1.4425163013026054,1704,0.03074444577171125,3063,1752,8346.854850214111,0.8167265599477295,0.09375
bspline_temporal,962,unif_300,0.5656954804941244,3063,18.75941553746801,0.3528771046421957,1359,0.21281837585192873,1704,0.0011889494727049732,3063,1020,1903.639314322694,0.6207121855602744,0.03125
bspline_temporal,962,extrap_300,1.8441358905231608,3063,40.85625476087927,0.40161958922054275,1359,1.442516301302618,1704,0.03074444577171129,3063,1752,8346.854850214002,0.8167265599477295,0.09375
bspline_temporal,962,unif_500,0.5661253683401486,3063,18.328828118758228,0.3823615622903673,1359,0.18376380604978124,1704,0.0012246183604777076,3063,973,1794.9767498851224,0.5553740607644561,0.03125
bspline_temporal,962,extrap_500,1.844135890523243,3063,40.856254760880084,0.40161958922054236,1359,1.4425163013027005,1704,0.030744445771712228,3063,1752,8346.854850214346,0.8167265599477295,0.09375
bspline_temporal,963,unif_2,17.794714611786787,3041,158.79428747281855,10.704002171609446,1351,7.0907124401773425,1690,0.15238272049058985,3041,2558,36836.938116436475,0.0,1.2345679012345678
bspline_temporal,963,extrap_2,16.826616536768736,3041,150.18605656794813,4.028040081980203,1351,12.798576454788531,1690,0.2351894204608409,3041,2632,34868.66858584492,0.0,2.1604938271604937
bspline_temporal,963,unif_4,12.660251209473259,3041,114.93295818492786,4.4706505760643385,1351,8.18960063340892,1690,0.05676860437667351,3041,2386,26389.96827021076,0.0,0.0
bspline_temporal,963,extrap_4,14.078507362789535,3041,132.5833511826782,2.828613977992445,1351,11.249893384797092,1690,0.15118773000015803,3041,2477,30999.110868392236,0.0,0.6172839506172839
bspline_temporal,963,unif_8,11.826466987175259,3041,106.48008840605996,3.3886857627453657,1351,8.437781224429893,1690,0.06006254819226375,3041,2194,24013.54762877818,0.0,1.8209876543209877
bspline_temporal,963,extrap_8,10.086860407117406,3041,103.89445264243318,2.713832737086402,1351,7.373027670031004,1690,0.07540743496903263,3041,2477,26360.188317260683,0.8549819138441302,0.37037037037037035
bspline_temporal,963,unif_10,16.731428407436507,3041,125.09663731419286,10.464143281482466,1351,6.267285125954041,1690,0.1072857095411637,3041,2231,56757.87334588503,0.1644195988161789,4.197530864197531
bspline_temporal,963,extrap_10,9.30008644050243,3041,95.47250301448358,1.8759923777360543,1351,7.4240940627663745,1690,0.10962348701156552,3041,2278,31750.228621200557,0.06576783952647156,1.1111111111111112
bspline_temporal,963,unif_20,8.975572141000862,3041,77.90957470073818,3.8772612973769522,1351,5.098310843623911,1690,0.034821591365673976,3041,1963,23770.16006855634,0.09865175928970733,3.302469135802469
bspline_temporal,963,extrap_20,8.67165360898186,3041,84.5623459582746,2.0723450801262566,1351,6.5993085288556035,1690,0.04346543926906501,3041,2283,12478.681878808085,0.5590266359750082,1.6049382716049383
bspline_temporal,963,unif_40,4.543822867886769,3041,49.05555055200313,2.715977638716306,1351,1.8278452291704625,1690,0.02649713374543033,3041,1608,16961.989730354137,0.7234462347911871,3.6419753086419755
bspline_temporal,963,extrap_40,3.53651500952037,3041,53.45987592945614,0.46976124957124904,1351,3.066753759949121,1690,0.03504106349985034,3041,1941,9485.350936363488,0.5261427162117724,1.8209876543209877
bspline_temporal,963,unif_80,1.1200584137138163,3041,27.065517939716493,0.5386070207114477,1351,0.5814513930023685,1690,0.002324696114215494,3041,1362,4138.080494262122,0.7234462347911871,0.5246913580246914
bspline_temporal,963,extrap_80,2.077316779318738,3041,41.88896836117132,0.17630264049455271,1351,1.9010141388241855,1690,0.03047457416605057,3041,1807,7338.373883206691,0.9207497533706018,0.24691358024691357
bspline_temporal,963,unif_100,0.7173469758570367,3041,21.1098186735447,0.5621148981410895,1351,0.1552320777159473,1690,0.0018468746114857373,3041,1194,1952.9114262842775,0.591910555738244,0.24691358024691357
bspline_temporal,963,extrap_100,1.657566429989376,3041,38.41109491049865,0.16619741809909194,1351,1.4913690118902843,1690,0.031586531007231286,3041,1794,6629.321736132188,1.5784281486353173,0.0
bspline_temporal,963,unif_200,0.2630548100549988,3041,15.060723454014386,0.18333962157517908,1351,0.07971518847981972,1690,0.0009342265992374264,3041,1010,1457.7815096554264,0.591910555738244,0.43209876543209874
bspline_temporal,963,extrap_200,1.1319608817227564,3041,34.71957090297475,0.11683105390837142,1351,1.015129827814385,1690,0.03173201753295999,3041,1724,6448.905730522498,1.5784281486353173,0.12345679012345678
bspline_temporal,963,unif_300,0.26222856623571345,3041,14.956205523782325,0.1907320791990135,1351,0.07149648703669992,1690,0.0009809761392536938,3041,962,1337.4799679650637,0.49325879644853665,0.030864197530864196
bspline_temporal,963,extrap_300,1.1319608817226956,3041,34.71957090297424,0.11683105390837115,1351,1.0151298278143244,1690,0.03173201753295931,3041,1724,6448.905730522326,1.5784281486353173,0.12345679012345678
bspline_temporal,963,unif_500,0.2435382391912911,3041,14.471085881457368,0.177507791727721,1351,0.06603044746357015,1690,0.0009214711106205817,3041,908,1314.2086861520402,0.6576783952647156,0.030864197530864196
bspline_temporal,963,extrap_500,1.1319608817227376,3041,34.719570902974596,0.11683105390837153,1351,1.0151298278143661,1690,0.031732017532959386,3041,1724,6448.905730522097,1.5784281486353173,0.12345679012345678
bspline_temporal,964,unif_2,17.894267524557332,3070,164.38041921960186,7.455430225328643,1348,10.43883729922869,1722,0.4027005528079623,3070,2747,106341.37806980908,0.06516780710329098,0.0
bspline_temporal,964,extrap_2,18.410946105498738,3070,162.21778306898028,3.844789113261441,1348,14.566156992237293,1722,0.22580329811777186,3070,2797,41126.61394877048,0.03258390355164549,1.2195121951219512
bspline_temporal,964,unif_4,16.470728909556186,3070,134.90498476549828,5.458726201700183,1348,11.012002707856002,1722,0.11943201452423316,3070,2515,65014.631855026426,0.22808732486151842,2.4390243902439024
bspline_temporal,964,extrap_4,16.24264162634673,3070,138.0993181081683,3.158855832302484,1348,13.08378579404425,1722,0.12413496927054851,3070,2633,35509.99722145239,0.0,0.7317073170731707
bspline_temporal,964,unif_8,14.20630140210282,3070,119.26514933232659,4.362180542672726,1348,9.844120859430095,1722,0.10676869205571338,3070,2524,49936.79663148315,0.06516780710329098,3.1402439024390243
bspline_temporal,964,extrap_8,12.564631481969572,3070,121.77095636018828,2.9623935897266387,1348,9.602237892242933,1722,0.12204589545903483,3070,2680,44720.76346599141,0.13033561420658196,0.9451219512195121
bspline_temporal,964,unif_10,14.950554794141455,3070,124.34858512941223,8.46411271532702,1348,6.486442078814435,1722,0.06577384587276222,3070,2455,39878.83588950304,0.0,3.323170731707317
bspline_temporal,964,extrap_10,10.620661293069722,3070,101.15376487414218,1.729101915159363,1348,8.891559377910358,1722,0.05219925277976932,3070,2549,17721.86969748887,0.35842293906810035,2.1036585365853657
bspline_temporal,964,unif_20,10.686025709912697,3070,89.3641488941563,2.030643072514891,1348,8.655382637397802,1722,0.021939489755323845,3070,2294,19153.677685005066,0.06516780710329098,3.7195121951219514
bspline_temporal,964,extrap_20,9.452169160463455,3070,87.81170754425992,1.487394132280432,1348,7.964775028183024,1722,0.04008487279147592,3070,2456,14186.892422364024,0.9449332029977191,2.682926829268293
bspline_temporal,964,unif_40,5.916879060692509,3070,62.58535286524565,2.31315396754205,1348,3.6037250931504596,1722,0.01328848648956114,3070,1975,9086.80480228374,0.03258390355164549,2.1646341463414633
bspline_temporal,964,extrap_40,5.323199408092801,3070,66.47754502971469,0.4668113724820268,1348,4.856388035610773,1722,0.03581583276992069,3070,2298,11869.22296855659,0.9123492994460737,0.36585365853658536
bspline_temporal,964,unif_80,1.9989070470559942,3070,36.015884422699386,0.8033863824350682,1348,1.1955206646209264,1722,0.005407834260021253,3070,1666,3404.6991067454464,0.16291951775822744,1.2195121951219512
bspline_temporal,964,extrap_80,2.760662679962753,3070,49.888349065191605,0.241017019267945,1348,2.5196456606948074,1722,0.032232378238384374,3070,2079,9344.431240249422,1.4336917562724014,0.9451219512195121
bspline_temporal,964,unif_100,0.9641404734905192,3070,26.168114098524118,0.29974575058018,1348,0.6643947229103392,1722,0.003142418795857591,3070,1451,2286.8746992466977,0.4235907461713913,0.36585365853658536
bspline_temporal,964,extrap_100,2.62789440968645,3070,46.62212740877208,0.2265883670544621,1348,2.4013060426319877,1722,0.03199087248067105,3070,1983,9048.620401086122,1.1078527207559465,0.6402439024390244
bspline_temporal,964,unif_200,0.6896521750266139,3070,20.572213256552043,0.39936901914514955,1348,0.2902831558814643,1722,0.0025622802760389427,3070,1123,1705.3205410441205,0.19550342130987292,0.975609756097561
bspline_temporal,964,extrap_200,1.9385768022413623,3070,42.340206786032326,0.16037321327433895,1348,1.7782035889670234,1722,0.03322696616987157,3070,1930,8546.941454091633,1.6943629846855652,0.5182926829268293
bspline_temporal,964,unif_300,0.6471767185334371,3070,18.93999105676472,0.35647559803854983,1348,0.2907011204948873,1722,0.0019447302683634397,3070,1043,1602.8638126515923,0.35842293906810035,0.03048780487804878
bspline_temporal,964,extrap_300,1.9385768022412049,3070,42.340206786031345,0.16037321327434023,1348,1.7782035889668646,1722,0.03322696616986967,3070,1930,8546.941454091091,1.6943629846855652,0.5182926829268293
bspline_temporal,964,unif_500,0.574221443655537,3070,17.407991802579577,0.3167439774236757,1348,0.2574774662318612,1722,0.0016939075110123224,3070,972,1506.34805109624,0.3258390355164549,0.0
bspline_temporal,964,extrap_500,1.9385768022412322,3070,42.34020678603163,0.16037321327434,1348,1.7782035889668921,1722,0.0332269661698703,3070,1930,8546.941454091295,1.6943629846855652,0.5182926829268293
bspline_temporal,965,unif_2,20.5756579119538,3062,173.38827795552652,8.668741351894353,1281,11.906916560059452,1781,0.22503874859392356,3062,2874,76238.04107471838,0.13063357282821686,2.4390243902439024
bspline_temporal,965,extrap_2,25.415626654913126,3062,195.22549596240123,3.9742770257323463,1281,21.441349629180777,1781,0.44221948787915133,3062,2925,46842.41355102302,1.7308948399738733,0.0
bspline_temporal,965,unif_4,17.95345516902692,3062,146.4956187753044,5.007642199986976,1281,12.94581296903995,1781,0.14071227029040534,3062,2703,54003.34168544396,0.0,1.2195121951219512
bspline_temporal,965,extrap_4,18.879191819367534,3062,143.0007252056149,3.297243261925919,1281,15.581948557441613,1781,0.09342415625143377,3062,2722,39973.71647937436,0.09797517962116264,0.0
bspline_temporal,965,unif_8,15.302681114838222,3062,130.0673882392203,4.90476236337401,1281,10.397918751464214,1781,0.06461129549926245,3062,2533,40279.47984320345,0.06531678641410843,0.9451219512195121
bspline_temporal,965,extrap_8,16.12340451276686,3062,131.56857260367389,2.9621884077012717,1281,13.161216105065588,1781,0.15282065487635405,3062,2695,63447.6730301405,0.29392553886348793,1.0975609756097562
bspline_temporal,965,unif_10,16.958721301719784,3062,139.25257837290383,8.39179981289207,1281,8.566921488827711,1781,0.12526155550699591,3062,2648,45524.35765081664,0.0,4.2073170731707314
bspline_temporal,965,extrap_10,14.175784632565513,3062,118.83179178144641,2.144546416111197,1281,12.031238216454314,1781,0.09149949541428108,3062,2662,43406.6107363948,0.0,0.5792682926829268
bspline_temporal,965,unif_20,10.833186445610615,3062,97.05109659683919,2.5803048529780064,1281,8.252881592632608,1781,0.033957238821097864,3062,2348,26381.446727452887,0.06531678641410843,3.4146341463414633
bspline_temporal,965,extrap_20,11.502375019126935,3062,100.81850195000268,1.4813979818586442,1281,10.020977037268292,1781,0.04869919360998875,3062,2600,20158.712403944068,0.32658393207054215,0.823170731707317
bspline_temporal,965,unif_40,5.290627463599109,3062,61.424117119706864,1.380823555116218,1281,3.909803908482891,1781,0.012721226363013784,3062,2081,13934.813189915943,0.29392553886348793,2.073170731707317
bspline_temporal,965,extrap_40,6.748029190394859,3062,76.47253102980704,0.7576543374986919,1281,5.990374852896167,1781,0.04951665906406543,3062,2366,14281.589831614943,0.914435009797518,2.2865853658536586
bspline_temporal,965,unif_80,2.191880259196761,3062,36.97954871565448,0.6040466674903728,1281,1.5878335917063884,1781,0.005163188735377106,3062,1765,4466.347180325364,0.35924232527759636,1.25
bspline_temporal,965,extrap_80,3.857081322049937,3062,57.888175771429204,0.4767492909678776,1281,3.3803320310820597,1781,0.046609320613823196,3062,2232,12694.142140135675,1.2083605486610058,0.8841463414634146
bspline_temporal,965,unif_100,1.6993131334703648,3062,33.37930438797026,0.5454042814009534,1281,1.1539088520694114,1781,0.0047302091163545865,3062,1663,4792.26743428292,0.5225342913128674,0.0
bspline_temporal,965,extrap_100,3.2525072644430257,3062,52.36283194989126,0.43478113015073605,1281,2.8177261342922897,1781,0.04510519781672047,3062,2148,11581.311607553382,1.4696276943174396,2.5609756097560976
bspline_temporal,965,unif_200,1.6556038834335718,3062,29.428251575597567,0.9203618945513455,1281,0.7352419888822262,1781,0.004275892552092294,3062,1484,3340.8823527709865,0.32658393207054215,0.0
bspline_temporal,965,extrap_200,2.8106672301713105,3062,47.313360316824806,0.3638481140519037,1281,2.4468191161194066,1781,0.043590619405873096,3062,2041,11179.013679087671,1.8941868060091442,0.03048780487804878
bspline_temporal,965,unif_300,1.201574035921138,3062,25.02347372350423,0.6027114609920132,1281,0.5988625749291249,1781,0.002980789003829272,3062,1373,2901.0119253823186,0.457217504898759,0.0
bspline_temporal,965,extrap_300,2.810667230171431,3062,47.31336031682466,0.36384811405190437,1281,2.4468191161195265,1781,0.043590619405871944,3062,2041,11179.013679087682,1.8941868060091442,0.03048780487804878
bspline_temporal,965,unif_500,1.0314435635838346,3062,23.156056075495137,0.5121447078803453,1281,0.5192988557034892,1781,0.002521144308057253,3062,1296,2691.6271262083574,0.457217504898759,0.0
bspline_temporal,965,extrap_500,2.8106672301712985,3062,47.31336031682426,0.36384811405190387,1281,2.4468191161193946,1781,0.04359061940587241,3062,2041,11179.013679087282,1.8941868060091442,0.03048780487804878
bspline_temporal,966,unif_2,35.269112648202146,3113,220.68555640865023,11.253624349505625,1487,24.015488298696525,1626,0.9576907790363232,3113,2870,57862.161293452446,0.0,2.4390243902439024
bspline_temporal,966,extrap_2,29.24598251330795,3113,201.2509492397952,5.494955135798634,1487,23.751027377509317,1626,0.29289310488163584,3113,3015,51796.09920309014,0.38548024413748794,0.0
bspline_temporal,966,unif_4,22.33009013198139,3113,163.74095444703502,8.545754531358208,1487,13.784335600623184,1626,0.117296527996381,3113,2806,78932.11810746478,0.09637006103437198,3.658536585365854
bspline_temporal,966,extrap_4,26.88469762118179,3113,181.49390941608394,4.779849283535422,1487,22.104848337646363,1626,0.23618726912533142,3113,2981,38268.92001706771,0.9637006103437199,0.06097560975609756
bspline_temporal,966,unif_8,21.9759346340475,3113,148.8758779094867,6.538094507517919,1487,15.437840126529583,1626,0.08001525964566492,3113,2668,40785.78991008478,0.12849341471249598,0.5487804878048781
bspline_temporal,966,extrap_8,21.72553905150171,3113,145.20230793190305,3.6440084526694734,1487,18.081530598832234,1626,0.10115426053027717,3113,2771,24390.376551083842,0.6745904272406039,4.085365853658536
bspline_temporal,966,unif_10,23.47357868744428,3113,159.32455960730087,12.00216448457305,1487,11.471414202871237,1626,0.11536960303011154,3113,2601,65331.501045890895,0.25698682942499196,3.3841463414634148
bspline_temporal,966,extrap_10,22.22946426247937,3113,151.5848301335407,4.372829801968456,1487,17.856634460510914,1626,0.12328042577649084,3113,2757,70774.66218435677,0.032123353678123995,4.603658536585366
bspline_temporal,966,unif_20,17.55120933359185,3113,117.84354509056168,4.999639136926109,1487,12.551570196665738,1626,0.06491036478832432,3113,2473,45418.344957576955,0.289110183103116,5.4573170731707314
bspline_temporal,966,extrap_20,16.731241485876026,3113,119.54344620737882,2.3974786614721997,1487,14.333762824403825,1626,0.06639149795246004,3113,2677,43199.73869931667,0.38548024413748794,2.5304878048780486
bspline_temporal,966,unif_40,9.224542777585748,3113,78.66134384251936,3.142593335801993,1487,6.081949441783756,1626,0.023177466237626426,3113,2311,17144.332755457286,0.4497269514937359,3.3536585365853657
bspline_temporal,966,extrap_40,9.146472953676946,3113,80.0038198710212,0.8680287803035156,1487,8.27844417337343,1626,0.03521181117627642,3113,2530,18641.09223609296,0.8352071956312239,3.5365853658536586
bspline_temporal,966,unif_80,4.025490120742642,3113,45.20761154589049,1.0119710433426419,1487,3.0135190774000002,1626,0.0074375603375303355,3113,1934,7880.161867093047,0.289110183103116,3.3841463414634148
bspline_temporal,966,extrap_80,4.64754103250154,3113,58.43902999537541,0.3329272756805504,1487,4.314613756820989,1626,0.032736161777391054,3113,2278,16384.933611094886,0.6424670735624799,1.920731707317073
bspline_temporal,966,unif_100,1.6145718945528125,3113,30.39485309674989,0.4506199990083759,1487,1.1639518955444363,1626,0.005050748794667184,3113,1779,4433.826139440165,0.35335689045936397,1.7073170731707317
bspline_temporal,966,extrap_100,4.019098924403203,3113,53.69057928180425,0.3014569462989485,1487,3.7176419781042553,1626,0.03518030388576358,3113,2220,14378.393387962149,1.2206874397687117,0.39634146341463417
bspline_temporal,966,unif_200,0.8094564121627066,3113,22.982730322189635,0.2916253638401805,1487,0.5178310483225261,1626,0.003525708709622284,3113,1478,3755.622500578541,0.578220366206232,0.975609756097561
bspline_temporal,966,extrap_200,3.0671240463729044,3113,46.896386386666066,0.1337019347725347,1487,2.93342211160037,1626,0.035705498543883774,3113,2091,13366.686350068096,0.8994539029874719,0.06097560975609756
bspline_temporal,966,unif_300,0.5354319442645387,3113,19.023140429854106,0.21060858909117613,1487,0.3248233551733625,1626,0.0025694791899854123,3113,1335,3091.7601356885925,0.5460970125281079,0.39634146341463417
bspline_temporal,966,extrap_300,3.0671240463729794,3113,46.89638638666683,0.13370193477253445,1487,2.9334221116004446,1626,0.03570549854388422,3113,2091,13366.686350068287,0.8994539029874719,0.06097560975609756
bspline_temporal,966,unif_500,0.44761693195137264,3113,17.499489422257533,0.18695506806413792,1487,0.26066186388723467,1626,0.002273404111819845,3113,1270,2927.1004253344554,0.6424670735624799,0.36585365853658536
bspline_temporal,966,extrap_500,3.0671240463729066,3113,46.8963863866663,0.13370193477253456,1487,2.9334221116003727,1626,0.03570549854388402,3113,2091,13366.686350068383,0.8994539029874719,0.06097560975609756
bspline_temporal_graph,957,unif_2,24.55115319509112,3107,173.24315951462398,15.98828844998232,1427,8.562864745108802,1680,0.19454147945970035,3107,2667,82841.77289329644,0.0,1.2345679012345678
bspline_temporal_graph,957,extrap_2,21.467246081118475,3107,162.2222572698454,7.24468146931977,1427,14.222564611798703,1680,0.12778076981498848,3107,2759,53700.20719127946,0.0,0.0
bspline_temporal_graph,957,unif_4,39.13771422030639,3107,194.88787733553613,29.038865443025,1427,10.098848777281395,1680,0.15262765182247814,3107,2690,56061.40667585886,0.0321853878339234,8.641975308641975
bspline_temporal_graph,957,extrap_4,22.48146834763871,3107,177.61279553762705,7.637812812748734,1427,14.843655534889981,1680,0.2077360232381122,3107,2767,52030.92039666188,0.0965561635017702,2.4691358024691357
bspline_temporal_graph,957,unif_8,14.21742110529055,3107,130.0007878669498,7.457049056772915,1427,6.760372048517633,1680,0.1592043326730742,3107,2499,65103.51139753353,0.0321853878339234,3.1790123456790123
bspline_temporal_graph,957,extrap_8,15.586239040630886,3107,137.64386188554298,5.0134065433273225,1427,10.572832497303564,1680,0.10830428818829198,3107,2669,33786.966662379506,0.160926939169617,2.623456790123457
bspline_temporal_graph,957,unif_10,16.209877939725832,3107,122.86425869838432,6.544428411220664,1427,9.665449528505167,1680,0.047483316672277426,3107,2482,37618.878291432935,0.0321853878339234,5.401234567901234
bspline_temporal_graph,957,extrap_10,16.934032227439765,3107,140.16162283369943,6.83632068823629,1427,10.097711539203475,1680,0.07245873482890616,3107,2668,28613.2993532266,0.1931123270035404,5.833333333333333
bspline_temporal_graph,957,unif_20,17.114704060685042,3107,117.77758078716725,12.531403357957801,1427,4.583300702727242,1680,0.05026852174649431,3107,2405,27792.804402371636,0.2252977148374638,6.697530864197531
bspline_temporal_graph,957,extrap_20,12.800909483407303,3107,116.76245302880562,4.169859278612261,1427,8.63105020479504,1680,0.059613518687162435,3107,2520,22164.49572569268,0.1287415513356936,4.382716049382716
bspline_temporal_graph,957,unif_40,8.761499527627198,3107,84.5805640145494,5.473590082899062,1427,3.287909444728136,1680,0.023656908640570913,3107,2200,13566.388878008762,0.28966849050531057,5.432098765432099
bspline_temporal_graph,957,extrap_40,7.726371049269451,3107,86.5738542921745,1.7418018737003664,1427,5.984569175569085,1680,0.04528922093372525,3107,2357,13939.169264578491,0.28966849050531057,2.808641975308642
bspline_temporal_graph,957,unif_80,2.0170952058978546,3107,43.4117014568362,1.3124073573341675,1427,0.7046878485636876,1680,0.013027152906650874,3107,1847,8659.11486283112,0.5471515931766978,0.9567901234567902
bspline_temporal_graph,957,extrap_80,4.219810796522251,3107,62.906607905384845,1.100396502394205,1427,3.1194142941280454,1680,0.02820616967436733,3107,2136,12037.625800558913,0.28966849050531057,0.18518518518518517
bspline_temporal_graph,957,unif_100,1.8968973041492387,3107,40.59549220628795,1.1608994393743555,1427,0.7359978647748837,1680,0.010928977484591696,3107,1821,5877.503880645281,0.5793369810106211,0.9876543209876543
bspline_temporal_graph,957,extrap_100,3.722134448300231,3107,60.92385623073426,1.2406563464461569,1427,2.481478101854075,1680,0.02848387575492825,3107,2103,14646.960399716689,0.4505954296749276,0.49382716049382713
bspline_temporal_graph,957,unif_200,1.2916164872769875,3107,32.695465808875014,0.8949672640000474,1427,0.39664922327693986,1680,0.007483613241197565,3107,1633,4859.474605354266,0.5471515931766978,0.030864197530864196
bspline_temporal_graph,957,extrap_200,2.5509936791382373,3107,51.34833615617944,0.7186592730606187,1427,1.8323344060776185,1680,0.0261598830522053,3107,2021,10769.67493659188,0.7080785323463148,0.0
bspline_temporal_graph,957,unif_300,1.0298829007573604,3107,28.844849199738437,0.7647052348495849,1427,0.26517766590777536,1680,0.006237472192264919,3107,1550,4197.640371285912,0.41841004184100417,0.06172839506172839
bspline_temporal_graph,957,extrap_300,2.546332780330272,3107,51.28681776135757,0.7183353601787377,1427,1.827997420151534,1680,0.02618679234368019,3107,2021,10770.742883317387,0.7080785323463148,0.0
bspline_temporal_graph,957,unif_500,0.9180273608341757,3107,27.207111544509537,0.6900547880523533,1427,0.2279725727818224,1680,0.005501780487924235,3107,1470,3983.243180762592,0.3540392661731574,0.0
bspline_temporal_graph,957,extrap_500,2.546332780329985,3107,51.286817761357284,0.7183353601787378,1427,1.8279974201512474,1680,0.026186792343681188,3107,2021,10770.742883317835,0.7080785323463148,0.0
bspline_temporal_graph,958,unif_2,18.948940341270216,3169,168.5462339273002,7.606877669927865,1450,11.342062671342353,1719,0.34461568214033445,3169,2732,41096.56043266854,1.104449353108236,0.0
bspline_temporal_graph,958,extrap_2,23.983279608836952,3169,162.69426662425553,6.5326750478653555,1450,17.4506045609716,1719,0.13130669818835408,3169,2727,56335.57291477341,0.347112653834017,1.25
bspline_temporal_graph,958,unif_4,21.753302508574958,3169,158.02509392436485,7.380414479182194,1450,14.372888029392762,1719,0.14533408327635905,3169,2660,66748.86416533266,0.0,4.71875
bspline_temporal_graph,958,extrap_4,18.750145079113388,3169,143.5786226378276,4.410905993818213,1450,14.339239085295176,1719,0.10815358785375483,3169,2718,41841.70143521088,0.0,1.25
bspline_temporal_graph,958,unif_8,17.81375173036617,3169,138.75819541648102,7.931903422169443,1450,9.881848308196728,1719,0.08436351920862686,3169,2653,48185.1520980296,0.031555695803092455,3.15625
bspline_temporal_graph,958,extrap_8,16.345957532455216,3169,129.5258334016507,4.134231747238981,1450,12.211725785216235,1719,0.09352451482125364,3169,2590,49906.314430528,0.09466708740927737,3.21875
bspline_temporal_graph,958,unif_10,19.428466312823232,3169,130.51199459425874,10.962121436576236,1450,8.466344876247,1719,0.052898649280287244,3169,2571,34573.60090626534,0.347112653834017,6.3125
bspline_temporal_graph,958,extrap_10,15.804122902761838,3169,121.12290583464383,5.3248866497770235,1450,10.47923625298481,1719,0.05895749559622913,3169,2617,41810.31752277745,0.0,2.0625
bspline_temporal_graph,958,unif_20,9.796948867104515,3169,97.50267348986584,4.239025053950352,1450,5.557923813154162,1719,0.036281463837244864,3169,2412,18016.91523764307,0.12622278321236982,5.5625
bspline_temporal_graph,958,extrap_20,12.02708170879299,3169,104.60356969853936,2.4536800567471664,1450,9.57340165204582,1719,0.0639113343366208,3169,2543,19260.647688530302,0.25244556642473964,4.96875
bspline_temporal_graph,958,unif_40,10.45573168688149,3169,76.97780279131527,3.906509594727797,1450,6.549222092153694,1719,0.014844452291120643,3169,2043,10851.961650254818,0.5364468286525718,2.9375
bspline_temporal_graph,958,extrap_40,5.658812507210247,3169,71.57084329376158,1.0593925733310152,1450,4.599419933879233,1719,0.04918268619607497,3169,2375,13640.304939477788,0.41022404544020197,3.3125
bspline_temporal_graph,958,unif_80,3.044337416364663,3169,39.913846746187446,1.278446030819366,1450,1.7658913855452971,1719,0.005626806501923196,3169,1715,4888.615153844121,0.5995582202587567,2.15625
bspline_temporal_graph,958,extrap_80,2.560229533529212,3169,51.583328072608325,0.4935139830727804,1450,2.066715550456431,1719,0.045684180390356974,3169,2064,14224.80886330054,1.104449353108236,1.03125
bspline_temporal_graph,958,unif_100,2.2744110658369507,3169,36.42054197958895,0.9612367805281259,1450,1.3131742853088253,1719,0.005222148656908094,3169,1670,4098.164042054162,0.6311139160618492,2.84375
bspline_temporal_graph,958,extrap_100,2.3537467291261858,3169,48.45566718965158,0.39951753180050986,1450,1.9542291973256756,1719,0.044333972764092754,3169,2006,12397.823773236723,1.2937835279267909,1.5
bspline_temporal_graph,958,unif_200,1.5817227775941978,3169,27.19615553691979,0.5488798549738751,1450,1.0328429226203224,1719,0.003571247448418432,3169,1384,3003.892862118791,0.5680025244556642,2.3125
bspline_temporal_graph,958,extrap_200,1.785329763656926,3169,42.440345422553165,0.2880336839256251,1450,1.4972960797313009,1719,0.04260391634843321,3169,1899,11461.376202724794,1.514673398548438,0.6875
bspline_temporal_graph,958,unif_300,0.7238511875946646,3169,21.004313228283817,0.34630315086848507,1450,0.3775480367261794,1719,0.0027661678724002956,3169,1207,2621.490952015828,0.694225307668034,0.25
bspline_temporal_graph,958,extrap_300,1.781247945276393,3169,42.331087839436314,0.28519871897552485,1450,1.496049226300868,1719,0.042511212196042106,3169,1891,11428.271402305816,1.4831177027453455,0.6875
bspline_temporal_graph,958,unif_500,0.6259277652016865,3169,19.257838736901,0.27364907689860685,1450,0.3522786883030797,1719,0.002268182147448362,3169,1139,2360.5655773072394,0.47333543704638686,0.21875
bspline_temporal_graph,958,extrap_500,1.7812479452763825,3169,42.33108783943625,0.285198718975525,1450,1.4960492263008571,1719,0.0425112121960415,3169,1891,11428.271402305973,1.4831177027453455,0.6875
bspline_temporal_graph,959,unif_2,41.074679093163155,3144,234.59966850455402,18.68660937017738,1402,22.388069722985776,1742,1.481907846409147,3144,2798,62773.345909830314,0.0,0.0
bspline_temporal_graph,959,extrap_2,25.215446790396573,3144,193.23755464812962,6.478902084272346,1402,18.736544706124228,1742,0.26940961516019557,3144,2887,38049.8880309271,0.5089058524173028,0.0
bspline_temporal_graph,959,unif_4,23.059159753734974,3144,164.1702614599435,10.057087745292105,1402,13.002072008442866,1742,0.1731977906992053,3144,2685,84590.30787659723,0.0,4.8765432098765435
bspline_temporal_graph,959,extrap_4,21.39498898755623,3144,171.32098793845296,6.370707263927875,1402,15.024281723628357,1742,0.18601958160310134,3144,2884,45622.56878091912,0.3816793893129771,4.2592592592592595
bspline_temporal_graph,959,unif_8,15.419485710533733,3144,132.56967895372327,8.43091919943059,1402,6.988566511103141,1742,0.0763570286914157,3144,2537,76656.58086819146,0.031806615776081425,1.882716049382716
bspline_temporal_graph,959,extrap_8,16.76478031109213,3144,135.3247673467139,2.9115692156869515,1402,13.85321109540518,1742,0.10301432954849793,3144,2764,40406.51870608573,0.2862595419847328,0.5246913580246914
bspline_temporal_graph,959,unif_10,19.341696308902186,3144,131.6807951822899,7.048010682175088,1402,12.29368562672709,1742,0.060828949733940874,3144,2484,31520.439601507493,0.06361323155216285,2.5925925925925926
bspline_temporal_graph,959,extrap_10,16.143252497415293,3144,123.7654554524712,4.068551932585363,1402,12.07470056482993,1742,0.05459583807446472,3144,2709,33075.151802561835,0.09541984732824428,3.580246913580247
bspline_temporal_graph,959,unif_20,15.755478468477387,3144,105.57957406652251,8.0908502678192,1402,7.664628200658186,1742,0.06331094050416057,3144,2416,78552.44839552577,0.15903307888040713,3.4876543209876543
bspline_temporal_graph,959,extrap_20,10.444324662108107,3144,102.40511017672648,1.8133553727694167,1402,8.63096928933869,1742,0.04268550200557137,3144,2632,20100.279680954867,0.2544529262086514,3.549382716049383
bspline_temporal_graph,959,unif_40,6.4949538909030515,3144,65.11784172586945,1.7722477366826832,1402,4.722706154220368,1742,0.010035565552993134,3144,2144,8312.263773419005,0.19083969465648856,2.932098765432099
bspline_temporal_graph,959,extrap_40,6.141627998970205,3144,76.30453486447325,0.6479161038895619,1402,5.493711895080642,1742,0.03187545702559501,3144,2422,18290.64029900953,0.31806615776081426,4.62962962962963
bspline_temporal_graph,959,unif_80,1.7475125987132454,3144,37.026245700587836,1.0017413974797236,1402,0.7457712012335215,1742,0.007259619185567197,3144,1848,5218.822462448776,0.5725190839694656,1.9444444444444444
bspline_temporal_graph,959,extrap_80,3.1778995319521948,3144,56.88989043505496,0.40121383285286333,1402,2.7766856990993314,1742,0.03145749998083629,3144,2228,11946.371717617934,0.6997455470737913,2.5
bspline_temporal_graph,959,unif_100,1.1999981263329187,3144,32.544942693902684,0.5931046684675078,1402,0.6068934578654109,1742,0.005090098853477971,3144,1737,4931.075520560665,0.7633587786259542,0.5246913580246914
bspline_temporal_graph,959,extrap_100,3.021577221692877,3144,54.5141446719136,0.38094571363490065,1402,2.640631508057977,1742,0.03124050539662873,3144,2190,11815.893369418045,0.7315521628498728,2.4691358024691357
bspline_temporal_graph,959,unif_200,0.6149683972908531,3144,25.478836909856604,0.29449852859132974,1402,0.32046986869952326,1742,0.0033162554794780013,3144,1545,4375.772884279677,0.7633587786259542,2.5308641975308643
bspline_temporal_graph,959,extrap_200,2.252698566560813,3144,46.77319266711294,0.2711966133018924,1402,1.9815019532589202,1742,0.026762219122466107,3144,2031,10867.20413882578,1.049618320610687,2.5925925925925926
bspline_temporal_graph,959,unif_300,0.49298463950378885,3144,22.45423567996187,0.23068106801033192,1402,0.26230357149345696,1742,0.002455982998546638,3144,1438,3331.1141306514655,0.6043256997455471,2.4691358024691357
bspline_temporal_graph,959,extrap_300,2.2453816160388063,3144,46.64312481969708,0.27115327841124104,1402,1.9742283376275653,1742,0.02673931691593099,3144,2031,10656.310308490123,1.049618320610687,2.5925925925925926
bspline_temporal_graph,959,unif_500,0.4661842320629896,3144,21.479560723469262,0.21956156055351533,1402,0.24662267150947426,1742,0.00208696805365308,3144,1355,3113.5863028145914,0.7633587786259542,2.4691358024691357
bspline_temporal_graph,959,extrap_500,2.245381616038784,3144,46.64312481969682,0.2711532784112414,1402,1.9742283376275425,1742,0.026739316915931302,3144,2031,10656.310308489992,1.049618320610687,2.5925925925925926
bspline_temporal_graph,960,unif_2,22.484432926424212,3132,149.1430196020905,7.895519371285525,1349,14.588913555138687,1783,0.07370387294856777,3132,2663,26855.253913002718,0.1277139208173691,0.0
bspline_temporal_graph,960,extrap_2,26.491355995589725,3132,196.73683721603516,5.906849951101057,1349,20.58450604448867,1783,0.5617316537560524,3132,2925,40878.97050481022,0.2554278416347382,0.0
bspline_temporal_graph,960,unif_4,19.13621840072105,3132,151.72265418690077,4.099091309575515,1349,15.037127091145535,1783,0.2771234965062555,3132,2658,71940.75323119541,0.031928480204342274,2.037037037037037
bspline_temporal_graph,960,extrap_4,17.192878882175847,3132,132.07110854635516,2.8971925462840833,1349,14.295686335891766,1783,0.08568204479322677,3132,2718,35850.19488894599,0.0,0.0
bspline_temporal_graph,960,unif_8,21.376557407824688,3132,142.368795276412,10.241756694026112,1349,11.134800713798578,1783,0.06738880294015534,3132,2494,43246.64447791234,0.031928480204342274,2.962962962962963
bspline_temporal_graph,960,extrap_8,18.494797776453943,3132,139.47326452151123,3.1149374352649035,1349,15.37986034118904,1783,0.07549284443553589,3132,2817,34131.65699392509,0.1277139208173691,7.098765432098766
bspline_temporal_graph,960,unif_10,20.43116249251933,3132,143.07699946136788,7.7994035105336526,1349,12.63175898198568,1783,0.11014027515852781,3132,2539,67164.40314917223,0.0,4.444444444444445
bspline_temporal_graph,960,extrap_10,16.16257682469918,3132,126.36186364748265,2.7867587339251494,1349,13.375818090774027,1783,0.06955992825736779,3132,2553,33610.944732422446,0.41507024265644954,3.302469135802469
bspline_temporal_graph,960,unif_20,16.26281207543888,3132,115.18889679543886,7.8086016799976505,1349,8.454210395441228,1783,0.04628213599710203,3132,2296,28197.76585974865,0.31928480204342274,7.5
bspline_temporal_graph,960,extrap_20,12.317543037446821,3132,101.24066449201672,1.847894698120119,1349,10.4696483393267,1783,0.04364208003991742,3132,2477,17188.15308181367,0.44699872286079184,2.654320987654321
bspline_temporal_graph,960,unif_40,7.381222659409805,3132,66.57819742386903,1.5755337254331865,1349,5.805688933976619,1783,0.010204750794331016,3132,1974,8211.430483232532,0.22349936143039592,6.080246913580247
bspline_temporal_graph,960,extrap_40,6.028238811763688,3132,69.48557412420281,0.7274787527783066,1349,5.300760058985381,1783,0.03213457254950392,3132,2249,14295.64278556068,0.5108556832694764,1.5740740740740742
bspline_temporal_graph,960,unif_80,3.7268664187121003,3132,40.167759462944574,0.5647310829280529,1349,3.162135335784048,1783,0.0028943613888402515,3132,1588,3788.4453341704057,0.6066411238825032,2.962962962962963
bspline_temporal_graph,960,extrap_80,4.866960709907441,3132,59.4133498635838,0.48703224183833377,1349,4.3799284680691075,1783,0.03409026800804979,3132,2078,11503.978771350718,0.70242656449553,0.46296296296296297
bspline_temporal_graph,960,unif_100,2.6281825604599396,3132,34.14547376075792,0.5189956511765688,1349,2.10918690928337,1783,0.0025601469891482157,3132,1521,3784.049862284524,0.7982120051085568,0.6172839506172839
bspline_temporal_graph,960,extrap_100,3.9479841246634217,3132,53.17301066569309,0.40395907996349745,1349,3.5440250446999246,1783,0.03403834503704586,3132,2048,10999.506980720913,0.8620689655172413,0.46296296296296297
bspline_temporal_graph,960,unif_200,1.4448628508543753,3132,25.723625919008505,0.24330860668103327,1349,1.201554244173342,1783,0.0016954195915817687,3132,1318,2267.025368790166,0.8301404853128991,0.4012345679012346
bspline_temporal_graph,960,extrap_200,3.241087415260252,3132,47.49599646441637,0.31151518788225846,1349,2.929572227377993,1783,0.03150432760873009,3132,1977,9805.666238961341,1.0855683269476373,0.5864197530864198
bspline_temporal_graph,960,unif_300,1.318790712828126,3132,23.715478977218215,0.2107592976464209,1349,1.108031415181705,1783,0.0013663258629824338,3132,1241,2104.8675270466438,0.5427841634738186,0.46296296296296297
bspline_temporal_graph,960,extrap_300,3.2412782648821183,3132,47.509101927317154,0.31175370331875274,1349,2.9295245615633663,1783,0.03150467170047375,3132,1977,9808.088419889364,1.0855683269476373,0.5864197530864198
bspline_temporal_graph,960,unif_500,1.0721427002928072,3132,21.967393175764432,0.18761241991633568,1349,0.8845302803764712,1783,0.0011787932464951815,3132,1196,1906.4941126721428,0.5747126436781609,0.43209876543209874
bspline_temporal_graph,960,extrap_500,3.241278264882332,3132,47.50910192731719,0.3117537033187545,1349,2.929524561563577,1783,0.03150467170047267,3132,1977,9808.088419888925,1.0855683269476373,0.5864197530864198
bspline_temporal_graph,961,unif_2,21.413792577379393,3133,156.36676526449025,7.288698977418394,1357,14.125093599961001,1776,0.07557137848903497,3133,2720,37500.90935410765,0.0,0.0
bspline_temporal_graph,961,extrap_2,23.342756861323092,3133,164.67333597951574,4.689258177244648,1357,18.65349868407844,1776,0.12157094926810072,3133,2878,42549.68617943062,0.0,1.2345679012345678
bspline_temporal_graph,961,unif_4,21.216299030177126,3133,158.74860381638968,8.47019879917084,1357,12.746100231006286,1776,0.10653248309336363,3133,2795,52487.34380470407,0.2235707441711913,1.4197530864197532
bspline_temporal_graph,961,extrap_4,24.273582199514923,3133,160.50220210165938,5.437877984190363,1357,18.83570421532456,1776,0.10896330186790078,3133,2835,42853.783985389106,0.2555094219099329,1.2345679012345678
bspline_temporal_graph,961,unif_8,19.86716628374428,3133,150.7611213878033,7.156139355485772,1357,12.711026928258505,1776,0.09392441641100947,3133,2688,42601.80082331833,0.06387735547748323,2.7160493827160495
bspline_temporal_graph,961,extrap_8,18.533844609257816,3133,148.2926614964168,3.7511147540278165,1357,14.782729855229999,1776,0.1837316065667542,3133,2752,52232.28790702496,0.2235707441711913,2.7777777777777777
bspline_temporal_graph,961,unif_10,18.050305053603484,3133,141.82798581881096,9.247375164834107,1357,8.802929888769377,1776,0.0766456168238717,3133,2541,43023.41632139264,0.12775471095496646,5.493827160493828
bspline_temporal_graph,961,extrap_10,13.522917655114233,3133,120.93898574410093,3.662084810800065,1357,9.860832844314167,1776,0.06720438522106957,3133,2718,29844.507146866854,0.09581603321622485,4.660493827160494
bspline_temporal_graph,961,unif_20,13.095982504970682,3133,112.19961507930675,6.048249654715237,1357,7.047732850255444,1776,0.05096753354487159,3133,2429,33911.900732525944,0.2235707441711913,8.61111111111111
bspline_temporal_graph,961,extrap_20,12.614030043843375,3133,104.2828392673016,2.195609601013208,1357,10.418420442830165,1776,0.03877280772667034,3133,2576,15802.8801091105,0.35132545512615776,4.783950617283951
bspline_temporal_graph,961,unif_40,6.022072080218571,3133,71.30859966985902,2.5636259757200626,1357,3.4584461044985093,1776,0.015862335870184555,3133,2156,15923.85033927126,0.0,5.092592592592593
bspline_temporal_graph,961,extrap_40,8.546706180654924,3133,81.3469284492237,1.2355624490464265,1357,7.311143731608499,1776,0.0403123133545411,3133,2422,12451.169204528138,0.5110188438198658,3.4876543209876543
bspline_temporal_graph,961,unif_80,1.9310950647826386,3133,41.50183128508239,0.9662840669546746,1357,0.9648109978279639,1776,0.0078530454245955,3133,1898,6779.268117119838,0.2235707441711913,1.4814814814814814
bspline_temporal_graph,961,extrap_80,4.046805035867137,3133,60.174292403237786,0.42625945883012106,1357,3.6205455770370154,1776,0.03774435047776015,3133,2166,12021.854594513867,0.3832641328648994,1.6975308641975309
bspline_temporal_graph,961,unif_100,1.2144685466442708,3133,35.63593480804373,0.6021290288649566,1357,0.6123395177793143,1776,0.006434803062221248,3133,1792,5625.586658234436,0.4471414883423826,1.5740740740740742
bspline_temporal_graph,961,extrap_100,2.666798829165443,3133,52.51688721404025,0.3743933744741752,1357,2.2924054546912678,1776,0.03422157302713383,3133,2105,10569.610939637587,0.6387735547748323,1.2654320987654322
bspline_temporal_graph,961,unif_200,0.7148954286874813,3133,27.235495820073538,0.36370500151433904,1357,0.3511904271731423,1776,0.0044715949038083725,3133,1516,4616.095662001702,0.7026509102523155,1.7592592592592593
bspline_temporal_graph,961,extrap_200,2.102594371560399,3133,46.173683977037875,0.19263580930258484,1357,1.9099585622578146,1776,0.03504746800173962,3133,2011,10127.57505917612,1.0859150431172149,0.18518518518518517
bspline_temporal_graph,961,unif_300,0.5305474114845594,3133,23.259519554880285,0.22906541849425063,1357,0.3014819929903088,1776,0.0029316111762076615,3133,1382,3058.1512723528786,0.31938677738741617,0.15432098765432098
bspline_temporal_graph,961,extrap_300,2.101897770751782,3133,46.17029180030147,0.1926211289558622,1357,1.90927664179592,1776,0.0350478312292632,3133,2012,10127.337765917318,1.0859150431172149,0.18518518518518517
bspline_temporal_graph,961,unif_500,0.40846849443131433,3133,20.816014751800168,0.17892314930236614,1357,0.22954534512894825,1776,0.0023461972513640892,3133,1326,2771.8982468521112,0.5110188438198658,0.24691358024691357
bspline_temporal_graph,961,extrap_500,2.1018977707516093,3133,46.17029180030102,0.19262112895586173,1357,1.9092766417957479,1776,0.035047831229264415,3133,2012,10127.337765917391,1.0859150431172149,0.18518518518518517
bspline_temporal_graph,962,unif_2,13.51806690302445,3063,117.83468050580687,3.380996903549059,1359,10.137069999475392,1704,0.047241991026306586,3063,2464,39223.43329570528,0.0,0.0
bspline_temporal_graph,962,extrap_2,16.963106434351495,3063,156.94272309490054,6.42517037379947,1359,10.537936060552028,1704,0.3488204912481139,3063,2593,48920.39507814184,0.0,0.0
bspline_temporal_graph,962,unif_4,14.57938361575121,3063,137.55081560077127,7.440662213661429,1359,7.13872140208978,1704,0.11959568411568926,3063,2527,56997.80028379445,0.06533812479581835,2.3125
bspline_temporal_graph,962,extrap_4,13.194961158896554,3063,123.30290714606645,3.4250540505946243,1359,9.769907108301933,1704,0.08082792204232694,3063,2523,26023.14238613855,0.0,2.75
bspline_temporal_graph,962,unif_8,12.497911560964042,3063,105.32165598803955,6.597229129888723,1359,5.9006824310753165,1704,0.05616280949155195,3063,2388,38187.37195552397,0.1960143743874551,4.4375
bspline_temporal_graph,962,extrap_8,11.392598788508323,3063,110.49740332297283,2.9765128174677735,1359,8.416085971040548,1704,0.06358726236317244,3063,2542,24996.81858483657,0.1306762495916367,6.53125
bspline_temporal_graph,962,unif_10,20.98085733749184,3063,147.5921056935495,15.209213821899365,1359,5.771643515592477,1704,0.16819025942569282,3063,2301,93059.04769439282,0.1306762495916367,6.84375
bspline_temporal_graph,962,extrap_10,11.49551123625529,3063,108.79324374286324,3.0725297394133078,1359,8.42298149684198,1704,0.04908279309562958,3063,2516,27367.83930067596,0.0,4.03125
bspline_temporal_graph,962,unif_20,9.819813315101111,3063,96.43253109013494,4.389058775442015,1359,5.4307545396590955,1704,0.05427796240062203,3063,2154,40909.01424613955,0.06533812479581835,6.71875
bspline_temporal_graph,962,extrap_20,8.722572017966241,3063,90.75584906648639,1.8718889429472998,1359,6.850683075018943,1704,0.04252983954001731,3063,2404,16954.691873989424,0.2613524991832734,4.375
bspline_temporal_graph,962,unif_40,3.230431441132319,3063,45.707154702918636,0.9295198623903146,1359,2.300911578742004,1704,0.004737387167008673,3063,1820,7294.043044642414,0.5553740607644561,1.6875
bspline_temporal_graph,962,extrap_40,5.380084904831527,3063,67.35612957173731,1.0584071943265467,1359,4.321677710504981,1704,0.03421215138462713,3063,2249,12859.3143838193,0.3920287487749102,2.5625
bspline_temporal_graph,962,unif_80,2.133638371493143,3063,30.882347582256788,0.4915718945403762,1359,1.6420664769527669,1704,0.002607209852280277,3063,1546,3405.370861103108,0.42469781117281935,1.5
bspline_temporal_graph,962,extrap_80,2.8673652151270534,3063,49.41466287767894,0.5800105778102057,1359,2.287354637316848,1704,0.028911088692105097,3063,2028,9608.127981032985,0.5880431231623653,1.65625
bspline_temporal_graph,962,unif_100,1.2692180067786036,3063,26.82666178601392,0.5603838838828896,1359,0.7088341228957141,1704,0.002297535128385861,3063,1444,2988.1442296375276,0.4900359359686377,0.5
bspline_temporal_graph,962,extrap_100,2.649491309645798,3063,48.61164160731228,0.5792077908747428,1359,2.0702835187710558,1704,0.03181149020753886,3063,1997,8619.99601163533,0.7513884351519111,0.03125
bspline_temporal_graph,962,unif_200,0.6308061869055248,3063,19.89456859422322,0.27706559592138913,1359,0.3537405909841357,1704,0.001294085844031876,3063,1247,2283.1177502316905,0.5227049983665468,0.0625
bspline_temporal_graph,962,extrap_200,1.9404478845138795,3063,42.504726648624185,0.4929123349113121,1359,1.4475355496025675,1704,0.03045599883108378,3063,1876,8401.249701731245,0.8493956223456387,0.125
bspline_temporal_graph,962,unif_300,0.6967263105924273,3063,21.250876615433935,0.44392881396978784,1359,0.25279749662263945,1704,0.001571023377589697,3063,1210,2128.986165214557,0.4900359359686377,0.03125
bspline_temporal_graph,962,extrap_300,1.9404478845138935,3063,42.50472664862447,0.49291233491131237,1359,1.4475355496025812,1704,0.030455998831083755,3063,1876,8401.24970173115,0.8493956223456387,0.125
bspline_temporal_graph,962,unif_500,0.6982853431771864,3063,20.665318654687564,0.47624912796974433,1359,0.22203621520744204,1704,0.0015754694534197858,3063,1139,2002.5894856273994,0.5880431231623653,0.03125
bspline_temporal_graph,962,extrap_500,1.940447884513976,3063,42.504726648625315,0.4929123349113122,1359,1.4475355496026643,1704,0.030455998831084796,3063,1876,8401.249701731485,0.8493956223456387,0.125
bspline_temporal_graph,963,unif_2,17.785125607476367,3041,158.76217343599774,10.702509121782345,1351,7.082616485694024,1690,0.15234781760063076,3041,2557,36824.53582872173,0.0,1.2345679012345678
bspline_temporal_graph,963,extrap_2,16.772143649169493,3041,149.83510710494878,4.059265593962769,1351,12.712878055206724,1690,0.23133397588690163,3041,2635,34823.90848092237,0.0,2.1604938271604937
bspline_temporal_graph,963,unif_4,12.669863452946268,3041,115.06631390814891,4.478136281356593,1351,8.191727171589674,1690,0.05682656963991106,3041,2392,26452.360400953163,0.0,0.0
bspline_temporal_graph,963,extrap_4,14.236647602102465,3041,133.47001177294783,2.959327554080043,1351,11.277320048022423,1690,0.15126824303335204,3041,2500,31011.796556287896,0.0,0.8024691358024691
bspline_temporal_graph,963,unif_8,11.84735445133678,3041,106.53276219423566,3.4031580622465887,1351,8.444196389090193,1690,0.06020611532151461,3041,2190,23792.18396603718,0.0,1.8209876543209877
bspline_temporal_graph,963,extrap_8,10.353545623462798,3041,106.73837926550183,2.8856836478931536,1351,7.467861975569645,1690,0.0867592010503186,3041,2490,27839.631909667693,0.36172311739559354,0.37037037037037035
bspline_temporal_graph,963,unif_10,16.91358088438285,3041,126.20628176590427,10.630930899695366,1351,6.28264998468748,1690,0.10822387782707357,3041,2215,57037.499336417866,0.1644195988161789,4.320987654320987
bspline_temporal_graph,963,extrap_10,9.386048957260584,3041,96.4769293108165,1.9566074227057446,1351,7.429441534554838,1690,0.10976432993088565,3041,2291,31931.11362246752,0.06576783952647156,1.3271604938271604
bspline_temporal_graph,963,unif_20,9.069339776609217,3041,79.34092290795257,3.9582173004176515,1351,5.111122476191567,1690,0.03542088668725704,3041,1991,24118.178397725744,0.09865175928970733,3.611111111111111
bspline_temporal_graph,963,extrap_20,8.876222187457575,3041,86.42193734044744,2.2505822704480787,1351,6.6256399170094955,1690,0.0443742551895277,3041,2326,12497.672885323096,0.591910555738244,1.5740740740740742
bspline_temporal_graph,963,unif_40,4.754817247959078,3041,51.05260665321839,2.8981318601840993,1351,1.8566853877749785,1690,0.026997183392530204,3041,1671,17214.06770170461,0.6247944755014798,3.765432098765432
bspline_temporal_graph,963,extrap_40,3.6617769532672337,3041,55.025321430497705,0.5705105067087858,1351,3.0912664465584476,1690,0.035592303371828074,3041,1994,9578.719073994893,0.5261427162117724,1.728395061728395
bspline_temporal_graph,963,unif_80,1.2446688270367536,3041,29.06497143159708,0.588667468335079,1351,0.6560013587016746,1690,0.0027877837416932457,3041,1454,4864.20056710112,0.6576783952647156,0.5864197530864198
bspline_temporal_graph,963,extrap_80,2.1181018780543464,3041,42.741373918407284,0.20995568534832287,1351,1.9081461927060235,1690,0.03107248484911183,3041,1848,7322.972757148439,0.9207497533706018,0.21604938271604937
bspline_temporal_graph,963,unif_100,0.944975443180284,3041,24.456297649659696,0.7622574998046477,1351,0.18271794337563635,1690,0.002490541688846935,3041,1350,2206.2888803594224,0.7234462347911871,0.5246913580246914
bspline_temporal_graph,963,extrap_100,1.701127239293779,3041,39.327830296951646,0.19930827526302725,1351,1.5018189640307518,1690,0.032391352476039,3041,1851,6658.942809612948,1.5455442288720815,0.0
bspline_temporal_graph,963,unif_200,0.2963572886617925,3041,16.2982366621094,0.2043159769978465,1351,0.09204131166394597,1690,0.0012014889431833493,3041,1168,1557.4901116831695,0.591910555738244,0.6172839506172839
bspline_temporal_graph,963,extrap_200,1.1544985957460527,3041,35.421958995150995,0.1291023945517157,1351,1.025396201194337,1690,0.03253219310176571,3041,1797,6452.643851085433,1.4468924695823742,0.12345679012345678
bspline_temporal_graph,963,unif_300,0.28949412335102637,3041,16.155626572999438,0.1992100116693174,1351,0.09028411168170895,1690,0.0011812306409163774,3041,1128,1420.4252896815922,0.5590266359750082,0.030864197530864196
bspline_temporal_graph,963,extrap_300,1.1544985957459917,3041,35.42195899515049,0.12910239455171524,1351,1.0253962011942765,1690,0.03253219310176503,3041,1797,6452.643851085237,1.4468924695823742,0.12345679012345678
bspline_temporal_graph,963,unif_500,0.2651518865063864,3041,15.511405979790517,0.18600436300183704,1351,0.07914752350454933,1690,0.0010976664151971557,3041,1071,1368.9344219181721,0.6576783952647156,0.030864197530864196
bspline_temporal_graph,963,extrap_500,1.1544985957460325,3041,35.42195899515082,0.12910239455171557,1351,1.0253962011943172,1690,0.03253219310176504,3041,1797,6452.64385108502,1.4468924695823742,0.12345679012345678
bspline_temporal_graph,964,unif_2,17.980467565054834,3070,164.80026478015048,7.54324094303956,1348,10.437226622015272,1722,0.40275490658495533,3070,2754,106405.5708629578,0.06516780710329098,0.0
bspline_temporal_graph,964,extrap_2,18.454285626577548,3070,162.61039309531816,3.8765413597869967,1348,14.577744266790553,1722,0.22720079749801078,3070,2796,41360.241116099554,0.0,1.2195121951219512
bspline_temporal_graph,964,unif_4,16.48480256537391,3070,135.07429560124575,5.467865139795741,1348,11.016937425578172,1722,0.12010182950977966,3070,2517,65261.3997495978,0.39100684261974583,2.4390243902439024
bspline_temporal_graph,964,extrap_4,16.25005386712361,3070,138.12019500917404,3.1736411515789156,1348,13.076412715544695,1722,0.12373121912217006,3070,2632,35494.97117390913,0.0,0.7317073170731707
bspline_temporal_graph,964,unif_8,14.621603807883949,3070,121.3344359971595,4.742708633621846,1348,9.878895174262102,1722,0.1094212406429576,3070,2533,50593.013800967936,0.06516780710329098,4.329268292682927
bspline_temporal_graph,964,extrap_8,12.639552985703052,3070,122.73270256118722,3.0086601059771882,1348,9.630892879725865,1722,0.12402123475172261,3070,2685,45111.72920953512,0.13033561420658196,0.9451219512195121
bspline_temporal_graph,964,unif_10,15.032459680912236,3070,125.31017926044845,8.501897106317651,1348,6.530562574594586,1722,0.06709885394930754,3070,2476,40293.2730524397,0.0,3.4146341463414633
bspline_temporal_graph,964,extrap_10,10.701130682230163,3070,102.20250082109145,1.7881145531855103,1348,8.913016129044655,1722,0.05219482934496122,3070,2560,18081.00594647353,0.2932551319648094,2.1036585365853657
bspline_temporal_graph,964,unif_20,11.503603899276172,3070,94.37015692205782,2.614012556477375,1348,8.8895913427988,1722,0.025317850489898666,3070,2336,20630.641852940462,0.06516780710329098,4.5426829268292686
bspline_temporal_graph,964,extrap_20,9.54483448544272,3070,89.15503542295913,1.5329762485109328,1348,8.011858236931788,1722,0.040163204467088834,3070,2487,14325.628814610554,0.9123492994460737,2.652439024390244
bspline_temporal_graph,964,unif_40,6.4154586651750645,3070,67.09238893337272,2.6852627703396634,1348,3.730195894835401,1722,0.017021984524251636,3070,2074,9828.367975709723,0.06516780710329098,2.347560975609756
bspline_temporal_graph,964,extrap_40,5.483609466069171,3070,69.3775195951973,0.6050443252528511,1348,4.8785651408163195,1722,0.03463451565716017,3070,2379,12484.345579416222,0.7168458781362007,0.5487804878048781
bspline_temporal_graph,964,unif_80,2.4789461084015096,3070,41.79299782454186,1.1590008420066087,1348,1.3199452663949007,1722,0.007630170696810804,3070,1868,4011.4774964753838,0.09775171065493646,1.7682926829268293
bspline_temporal_graph,964,extrap_80,2.8189499498977777,3070,51.7229558212492,0.30910672836869324,1348,2.509843221529084,1722,0.02938158564529308,3070,2230,9291.30617653439,0.9775171065493646,0.8841463414634146
bspline_temporal_graph,964,unif_100,1.2390670986973076,3070,31.96399781731971,0.4569890361804009,1348,0.7820780625169066,1722,0.005269020805390788,3070,1760,2908.5913161931057,0.35842293906810035,0.6097560975609756
bspline_temporal_graph,964,extrap_100,2.678678059062242,3070,48.2714109876748,0.29261708913047785,1348,2.386060969931764,1722,0.027954754366363632,3070,2137,8956.485269161436,0.7820136852394917,0.6097560975609756
bspline_temporal_graph,964,unif_200,1.0020880358773587,3070,27.3088988427449,0.5989465059387248,1348,0.40314152993863395,1722,0.004928074634395704,3070,1580,2266.638384719906,0.19550342130987292,1.4024390243902438
bspline_temporal_graph,964,extrap_200,1.972715640351884,3070,43.906621056342985,0.20958516457693654,1348,1.7631304757749473,1722,0.029091144485660286,3070,2122,8485.850222967103,1.270772238514174,0.5487804878048781
bspline_temporal_graph,964,unif_300,0.9001333410432342,3070,25.377469593417075,0.5133338499736823,1348,0.38679949106955197,1722,0.003911875288095173,3070,1519,2031.1490788544636,0.35842293906810035,0.3048780487804878
bspline_temporal_graph,964,extrap_300,1.9727156403517276,3070,43.906621056342004,0.209585164576938,1348,1.7631304757747897,1722,0.029091144485658412,3070,2122,8485.850222966492,1.270772238514174,0.5487804878048781
bspline_temporal_graph,964,unif_500,0.7349660351058759,3070,22.930381601501658,0.4028618573087811,1348,0.33210417779709483,1722,0.0033002487132331526,3070,1439,1836.2854927810681,0.45617464972303684,0.1524390243902439
bspline_temporal_graph,964,extrap_500,1.9727156403517543,3070,43.9066210563423,0.2095851645769377,1348,1.7631304757748163,1722,0.029091144485659092,3070,2122,8485.850222966743,1.270772238514174,0.5487804878048781
bspline_temporal_graph,965,unif_2,20.53870489288708,3062,173.23457769218996,8.634975637712579,1281,11.903729255174497,1781,0.224413315394735,3062,2873,76189.7273735352,0.13063357282821686,2.4390243902439024
bspline_temporal_graph,965,extrap_2,25.446953625294427,3062,195.6030225765188,3.985794347913495,1281,21.46115927738093,1781,0.4454838398858061,3062,2924,46918.79861930492,1.6982364467668192,0.0
bspline_temporal_graph,965,unif_4,17.941710882954887,3062,146.55220746448504,4.973094778266357,1281,12.96861610468853,1781,0.14070868956073854,3062,2705,54249.53549667338,0.0,1.2195121951219512
bspline_temporal_graph,965,extrap_4,18.85073208839011,3062,142.61674235483184,3.2877511935874804,1281,15.562980894802632,1781,0.09392153961614261,3062,2706,40600.765992862114,0.09797517962116264,0.0
bspline_temporal_graph,965,unif_8,15.152883909819128,3062,130.11992660928058,4.8857362966958044,1281,10.267147613123328,1781,0.06505000034071556,3062,2545,40745.73433594081,0.3919007184846506,0.975609756097561
bspline_temporal_graph,965,extrap_8,16.374311441230457,3062,134.08427706683023,3.006401630299429,1281,13.367909810931028,1781,0.18042421073797602,3062,2714,69731.6006400261,0.0,1.25
bspline_temporal_graph,965,unif_10,16.9090530493723,3062,139.10492475627774,8.345044420351856,1281,8.56400862902044,1781,0.1276703314956223,3062,2660,45690.48898061115,0.06531678641410843,4.2073170731707314
bspline_temporal_graph,965,extrap_10,14.29119148482535,3062,119.73693952423596,2.229807412126957,1281,12.061384072698392,1781,0.09233022813870463,3062,2678,43164.35687233085,0.0,0.6402439024390244
bspline_temporal_graph,965,unif_20,10.924811448906107,3062,98.24656619074555,2.611138116187081,1281,8.313673332719025,1781,0.035505210499565745,3062,2318,27351.533065993273,0.032658393207054215,3.567073170731707
bspline_temporal_graph,965,extrap_20,11.655398134037258,3062,102.94026358976414,1.582992779125953,1281,10.072405354911304,1781,0.05413030389981593,3062,2616,20481.519359417758,0.32658393207054215,1.0060975609756098
bspline_temporal_graph,965,unif_40,5.399710648451733,3062,63.24915051460834,1.4324445945307922,1281,3.967266053920941,1781,0.014792430293395544,3062,2077,14792.000441597476,0.13063357282821686,2.1951219512195124
bspline_temporal_graph,965,extrap_40,6.88011807068964,3062,78.32067287002644,0.8167016805515956,1281,6.063416390138045,1781,0.05465171992695549,3062,2375,14201.849519145013,0.8491182233834096,2.408536585365854
bspline_temporal_graph,965,unif_80,2.357490653902297,3062,38.66424218543725,0.6384786911904087,1281,1.7190119627118885,1781,0.006152685875392345,3062,1722,4366.442047551698,0.32658393207054215,1.4634146341463414
bspline_temporal_graph,965,extrap_80,3.9868524181315794,3062,60.735125098298525,0.5196605778388882,1281,3.4671918402926916,1781,0.05489054435361622,3062,2286,13146.58324018383,1.1757021554539517,0.8841463414634146
bspline_temporal_graph,965,unif_100,1.9839887715196058,3062,36.40514626676878,0.6079550610964191,1281,1.3760337104231868,1781,0.005888952916613578,3062,1683,5023.903858584533,0.457217504898759,0.03048780487804878
bspline_temporal_graph,965,extrap_100,3.369694708327518,3062,55.07556034788872,0.4726206545430542,1281,2.8970740537844635,1781,0.05130971708109018,3062,2224,11842.605636277582,1.3389941214892227,2.5609756097560976
bspline_temporal_graph,965,unif_200,2.5387752816470277,3062,34.7063100843568,1.5837305138224915,1281,0.9550447678245361,1781,0.007337030690165656,3062,1499,3783.6095229859684,0.457217504898759,1.0060975609756098
bspline_temporal_graph,965,extrap_200,2.915761352612832,3062,50.288196160401476,0.38267024224745755,1281,2.533091110365375,1781,0.049887862231410215,3062,2163,11537.19089246239,1.8941868060091442,0.03048780487804878
bspline_temporal_graph,965,unif_300,1.865761546479982,3062,30.03173373390919,1.070710427579559,1281,0.7950511189004228,1781,0.005273943820980376,3062,1435,3290.646086101027,0.5878510777269759,0.0
bspline_temporal_graph,965,extrap_300,2.9157613526129533,3062,50.28819616040133,0.3826702422474586,1281,2.533091110365495,1781,0.04988786223140902,3062,2163,11537.190892462273,1.8941868060091442,0.03048780487804878
bspline_temporal_graph,965,unif_500,1.6385980903749644,3062,28.63567570814169,0.9102973437356318,1281,0.7283007466393326,1781,0.004441016420501119,3062,1391,3160.5660547715793,0.5878510777269759,0.0
bspline_temporal_graph,965,extrap_500,2.9157613526128197,3062,50.28819616040092,0.38267024224745816,1281,2.5330911103653624,1781,0.049887862231409424,3062,2163,11537.19089246195,1.8941868060091442,0.03048780487804878
bspline_temporal_graph,966,unif_2,35.27020903900649,3113,220.57264620983995,11.23177648363436,1487,24.03843255537213,1626,0.9626579658613408,3113,2872,57814.661869221985,0.0,2.4390243902439024
bspline_temporal_graph,966,extrap_2,29.190695471217786,3113,201.5742672349435,5.46986874609081,1487,23.720826725126976,1626,0.29530899068598315,3113,3017,51726.21433357936,0.0,0.0
bspline_temporal_graph,966,unif_4,22.37977978954537,3113,164.37849855171174,8.570985836757178,1487,13.808793952788191,1626,0.1204070276029502,3113,2808,79384.0088869031,0.16061676839061997,3.658536585365854
bspline_temporal_graph,966,extrap_4,26.880494783406544,3113,181.50939908268114,4.77092940519412,1487,22.109565378212427,1626,0.23851597580928838,3113,2981,38550.03359724854,0.9958239640218439,0.09146341463414634
bspline_temporal_graph,966,unif_8,22.093641476908225,3113,149.90356234850051,6.592707894355625,1487,15.500933582552605,1626,0.08273993188229024,3113,2657,41378.35235879321,0.06424670735624799,0.5792682926829268
bspline_temporal_graph,966,extrap_8,21.592836849720705,3113,144.97973564877122,3.602000321484945,1487,17.990836528235757,1626,0.09818582902845706,3113,2776,24619.741103898243,0.6424670735624799,3.902439024390244
bspline_temporal_graph,966,unif_10,23.95802774619244,3113,160.7636129022253,12.426957445356049,1487,11.531070300836394,1626,0.11804158943015809,3113,2603,66033.2532815671,0.06424670735624799,3.4146341463414633
bspline_temporal_graph,966,extrap_10,22.336030263652585,3113,152.45595245024202,4.419579762003717,1487,17.916450501648868,1626,0.12844331294804825,3113,2753,71149.6062416769,0.032123353678123995,4.908536585365853
bspline_temporal_graph,966,unif_20,17.768109353055745,3113,120.18658955651705,5.274347666405738,1487,12.493761686650005,1626,0.07014908874626337,3113,2478,46346.220580484485,0.19274012206874397,5.670731707317073
bspline_temporal_graph,966,extrap_20,16.996714011785063,3113,120.93344915207099,2.5831456743626426,1487,14.413568337422422,1626,0.06519956022172473,3113,2693,43987.64908934203,0.22486347574686796,2.957317073170732
bspline_temporal_graph,966,unif_40,10.429602313017428,3113,84.76352934009734,3.801436674295784,1487,6.628165638721644,1626,0.029750896538306777,3113,2345,18975.25373300313,0.19274012206874397,3.9939024390243905
bspline_temporal_graph,966,extrap_40,9.243826037596762,3113,81.11057621734784,0.9797762426419999,1487,8.264049794954762,1626,0.0333041809892182,3113,2566,19091.465539685647,0.41760359781561196,3.597560975609756
bspline_temporal_graph,966,unif_80,4.826984420037467,3113,51.62081934019483,1.438538683198313,1487,3.388445736839154,1626,0.010545433820604348,3113,2114,8961.48102043529,0.19274012206874397,3.5365853658536586
bspline_temporal_graph,966,extrap_80,5.141403671076681,3113,62.096210531660304,0.5975083819989843,1487,4.543895289077696,1626,0.03126985669784207,3113,2397,17083.365174518214,0.578220366206232,2.225609756097561
bspline_temporal_graph,966,unif_100,2.2022072398191606,3113,37.23558169342784,0.7601719336823769,1487,1.4420353061367834,1626,0.007907273430602175,3113,2038,5389.937843671381,0.4497269514937359,2.4695121951219514
bspline_temporal_graph,966,extrap_100,4.521577455147331,3113,56.76891050277653,0.5920384777089347,1487,3.9295389774383955,1626,0.03188848509725134,3113,2340,14738.355507547263,0.7067137809187279,0.5792682926829268
bspline_temporal_graph,966,unif_200,1.4428092799423469,3113,30.288340395340832,0.5249227392567253,1487,0.9178865406856216,1626,0.006806041051982134,3113,1876,4724.254123581882,0.5460970125281079,1.2804878048780488
bspline_temporal_graph,966,extrap_200,3.4147638276032053,3113,49.82813452345529,0.2856324438927315,1487,3.1291313837104733,1626,0.03243340771232562,3113,2286,13710.063751095495,0.738837134596852,0.3048780487804878
bspline_temporal_graph,966,unif_300,1.0180100329254176,3113,26.303318072831026,0.39093494958624453,1487,0.6270750833391732,1626,0.005566433418899187,3113,1764,3965.824639485827,0.578220366206232,0.823170731707317
bspline_temporal_graph,966,extrap_300,3.4147638276032817,3113,49.82813452345611,0.28563244389273135,1487,3.1291313837105514,1626,0.03243340771232614,3113,2286,13710.063751095675,0.738837134596852,0.3048780487804878
bspline_temporal_graph,966,unif_500,0.8804664424499502,3113,24.38375541913958,0.32770443030876895,1487,0.5527620121411814,1626,0.004875666319917753,3113,1718,3747.2364465681267,0.5460970125281079,0.8841463414634146
bspline_temporal_graph,966,extrap_500,3.41476382760321,3113,49.82813452345556,0.285632443892732,1487,3.1291313837104777,1626,0.032433407712325946,3113,2286,13710.063751095608,0.738837134596852,0.3048780487804878
bspline_learned_graph,957,unif_2,24.554244809787395,3107,173.2519789759369,15.985318499489598,1427,8.5689263102978,1680,0.19469488721954817,3107,2663,82859.80582328903,0.0,1.2345679012345678
bspline_learned_graph,957,extrap_2,21.44691833984291,3107,162.42908219810786,7.257283201483661,1427,14.189635138359252,1680,0.1288864002414903,3107,2769,54170.80201287425,0.0,0.0
bspline_learned_graph,957,unif_4,39.09651247147565,3107,192.86389202069037,29.146463547317587,1427,9.950048924158066,1680,0.1477883736989623,3107,2694,55713.38006422501,0.0321853878339234,8.641975308641975
bspline_learned_graph,957,extrap_4,22.316016644302433,3107,177.18454916959035,7.631630325066028,1427,14.684386319236408,1680,0.21064622604657698,3107,2749,52501.42624534694,0.0965561635017702,2.4691358024691357
bspline_learned_graph,957,unif_8,14.276174429688723,3107,130.12337534417264,7.454893536784981,1427,6.821280892903739,1680,0.15909791234545326,3107,2482,65052.71648526956,0.0643707756678468,3.2098765432098766
bspline_learned_graph,957,extrap_8,15.698898645941998,3107,138.15671568476358,5.096092653633562,1427,10.602805992308436,1680,0.10863051915081545,3107,2666,33998.16282546063,0.160926939169617,2.5925925925925926
bspline_learned_graph,957,unif_10,16.38842002458871,3107,123.88350618955387,6.6441618033315555,1427,9.744258221257153,1680,0.04797594286578456,3107,2516,38089.385122886844,0.0321853878339234,5.493827160493828
bspline_learned_graph,957,extrap_10,16.963145988188224,3107,140.02128670927658,6.825891225241586,1427,10.137254762946638,1680,0.07214505341428876,3107,2662,28680.824625294714,0.1931123270035404,6.296296296296297
bspline_learned_graph,957,unif_20,17.344909512722033,3107,118.81982501921216,12.474617727324386,1427,4.87029178539765,1680,0.05045967900226411,3107,2410,27861.193601224608,0.2252977148374638,6.666666666666667
bspline_learned_graph,957,extrap_20,13.05821144029445,3107,118.9149999223131,4.358248350649114,1427,8.699963089645333,1680,0.06401712959008223,3107,2514,22503.46719590618,0.1287415513356936,4.382716049382716
bspline_learned_graph,957,unif_40,9.125417996694221,3107,87.49098847384984,5.674505721413116,1427,3.450912275281106,1680,0.025569263786960957,3107,2253,14210.670228724357,0.321853878339234,5.5246913580246915
bspline_learned_graph,957,extrap_40,7.961606669089473,3107,89.08286481635207,1.9536630429438413,1427,6.007943626145631,1680,0.049702622898794714,3107,2380,14169.549752142668,0.3540392661731574,2.4074074074074074
bspline_learned_graph,957,unif_80,2.2613020023612735,3107,46.2376569372002,1.4826873651149628,1427,0.7786146372463111,1680,0.01521491743381382,3107,1893,8984.900080842128,0.6115223688445446,1.1419753086419753
bspline_learned_graph,957,extrap_80,4.497086757972582,3107,65.56631172909975,1.2147696108263863,1427,3.282317147146194,1680,0.03240827931559541,3107,2166,12364.760118557402,0.1931123270035404,0.18518518518518517
bspline_learned_graph,957,unif_100,2.081165095231158,3107,42.70181244488076,1.3050419268784217,1427,0.7761231683527365,1680,0.012642741337310841,3107,1885,5933.317123381465,0.5793369810106211,1.0185185185185186
bspline_learned_graph,957,extrap_100,4.108743717943994,3107,64.03059219551139,1.3864026513028198,1427,2.722341066641173,1680,0.031241305294658402,3107,2109,14923.07930546912,0.6758931445123914,0.5246913580246914
bspline_learned_graph,957,unif_200,1.4386566590140877,3107,35.40370568966318,0.995627495415022,1427,0.44302916359906536,1680,0.009024930166932866,3107,1797,4886.6450804765955,0.5471515931766978,0.030864197530864196
bspline_learned_graph,957,extrap_200,2.860708707127492,3107,54.27842680619857,0.8169576450127879,1427,2.043751062114704,1680,0.02949371719410441,3107,2028,10980.162083029576,0.7724493080141616,0.030864197530864196
bspline_learned_graph,957,unif_300,1.1994613129404925,3107,31.10876412414615,0.873675660029983,1427,0.32578565291050965,1680,0.007412165079445072,3107,1545,4123.502840561938,0.4505954296749276,0.06172839506172839
bspline_learned_graph,957,extrap_300,2.8501277171190478,3107,54.205069567535915,0.8160347035127545,1427,2.0340930136062934,1680,0.029500081414360387,3107,2026,10991.584572724627,0.7724493080141616,0.030864197530864196
bspline_learned_graph,957,unif_500,1.0740152972317152,3107,29.40555702851559,0.7868849845506289,1427,0.2871303126810862,1680,0.006519756288013717,3107,1422,3901.130450509678,0.3862246540070808,0.0
bspline_learned_graph,957,extrap_500,2.8501277171186787,3107,54.205069567534835,0.8160347035127378,1427,2.0340930136059407,1680,0.029500081414361046,3107,2026,10991.584572724938,0.7724493080141616,0.030864197530864196
bspline_learned_graph,958,unif_2,18.984556693145684,3169,168.7887505526764,7.614691469333814,1450,11.369865223811868,1719,0.34846273660146004,3169,2736,41104.67428930779,1.104449353108236,0.0
bspline_learned_graph,958,extrap_2,24.008631979839162,3169,162.3038326154573,6.589407601188271,1450,17.419224378650895,1719,0.1315815605734262,3169,2699,56651.76572645315,0.41022404544020197,1.25
bspline_learned_graph,958,unif_4,22.129431742288766,3169,160.3915883915422,7.583123774820448,1450,14.54630796746832,1719,0.15297937264074307,3169,2677,69495.15513795521,0.0,4.75
bspline_learned_graph,958,extrap_4,18.77730762628405,3169,143.53100244159586,4.422501953943129,1450,14.354805672340916,1719,0.10794461191654346,3169,2709,42071.494155920955,0.0,1.25
bspline_learned_graph,958,unif_8,18.096741459569948,3169,139.84487864290716,8.044703221248614,1450,10.052038238321336,1719,0.08753685376610937,3169,2659,48289.44147150947,0.031555695803092455,3.125
bspline_learned_graph,958,extrap_8,16.66369733011416,3169,131.37810023399987,4.38865922296072,1450,12.27503810715344,1719,0.09358003220331154,3169,2602,50330.44122343354,0.0,3.25
bspline_learned_graph,958,unif_10,19.900958543324446,3169,132.68340772134172,11.03862566324674,1450,8.862332880077702,1719,0.056677248643132845,3169,2589,35280.89921545252,0.3155569580309246,6.375
bspline_learned_graph,958,extrap_10,15.976745237520424,3169,121.68773633573612,5.400976565052481,1450,10.575768672467943,1719,0.05872099789947534,3169,2601,42662.20372083121,0.0,1.9375
bspline_learned_graph,958,unif_20,10.553357307839226,3169,101.68082766874073,4.57356305295248,1450,5.979794254886747,1719,0.038692332912317634,3169,2471,18862.222399445196,0.18933417481855475,5.46875
bspline_learned_graph,958,extrap_20,12.726944012094258,3169,108.1544715251276,2.6831749673046223,1450,10.043769044789633,1719,0.06453166793729104,3169,2584,19727.71351315824,0.25244556642473964,5.53125
bspline_learned_graph,958,unif_40,11.456138502083103,3169,82.28161376706021,4.386602819591735,1450,7.0695356824913675,1719,0.015754927032857555,3169,2094,11675.00215587112,0.347112653834017,3.21875
bspline_learned_graph,958,extrap_40,5.999985159158165,3169,74.17134714095789,1.1911138824197538,1450,4.808871276738412,1719,0.04894184952099046,3169,2425,14348.389108899682,0.41022404544020197,3.40625
bspline_learned_graph,958,unif_80,3.782001253158555,3169,44.38571462302071,1.474446767935903,1450,2.3075544852226515,1719,0.006123564778990598,3169,1749,5406.332339915647,0.347112653834017,2.65625
bspline_learned_graph,958,extrap_80,2.726870469821791,3169,53.39459415491215,0.5423036491997753,1450,2.1845668206220155,1719,0.045472522845788274,3169,2109,14575.277515326801,1.104449353108236,1.125
bspline_learned_graph,958,unif_100,2.9589532996064434,3169,41.20816617379302,1.4008736138903572,1450,1.5580796857160861,1719,0.005946311513913961,3169,1776,5062.503879303422,0.3786683496371095,3.6875
bspline_learned_graph,958,extrap_100,2.3946193304496894,3169,49.69382296832858,0.42882181214592163,1450,1.9657975183037681,1719,0.04377857817001843,3169,2089,12754.77149199168,1.1991164405175134,1.4375
bspline_learned_graph,958,unif_200,1.7972015073765322,3169,29.14035419441475,0.6015405689910626,1450,1.1956609383854695,1719,0.004028799388893661,3169,1470,3661.3362965902884,0.6626696118649417,2.15625
bspline_learned_graph,958,extrap_200,2.1364373118887894,3169,45.237652091817246,0.37113072482231413,1450,1.7653065870664755,1719,0.042346896816749774,3169,2012,11647.175756415254,1.230672136320606,0.96875
bspline_learned_graph,958,unif_300,1.2722214834591463,3169,25.800252319871117,0.532086277213946,1450,0.7401352062452005,1719,0.0031250772750002842,3169,1335,3188.609933698257,0.694225307668034,0.59375
bspline_learned_graph,958,extrap_300,2.1158460859157997,3169,45.11120364121591,0.36668910092563495,1450,1.7491569849901647,1719,0.0422922833114784,3169,2009,11622.176606962708,1.2622278321236984,0.9375
bspline_learned_graph,958,unif_500,1.3708147184542248,3169,25.768263225025926,0.5682926106605497,1450,0.8025221077936749,1719,0.002749287823650471,3169,1308,2973.0555314723642,0.41022404544020197,0.875
bspline_learned_graph,958,extrap_500,2.1158460859157544,3169,45.11120364121561,0.3666891009256329,1450,1.749156984990121,1719,0.04229228331147745,3169,2009,11622.176606962897,1.2622278321236984,0.9375
bspline_learned_graph,959,unif_2,41.0740821200107,3144,234.66036861293543,18.675284033287042,1402,22.398798086723655,1742,1.4821275758199526,3144,2809,62546.75517873926,0.0,0.0
bspline_learned_graph,959,extrap_2,25.05446659270793,3144,192.2217968999081,6.438808179391327,1402,18.615658413316602,1742,0.2655923398253302,3144,2885,37943.117447252764,0.5089058524173028,0.0
bspline_learned_graph,959,unif_4,23.236291372714046,3144,164.46512782258782,10.15379681735758,1402,13.082494555356467,1742,0.17384746609429735,3144,2683,84652.78713535417,0.0,4.938271604938271
bspline_learned_graph,959,extrap_4,21.300006350859864,3144,170.34577449603415,6.415619773701095,1402,14.884386577158768,1742,0.182215577887456,3144,2856,45523.297683667384,0.44529262086513993,4.197530864197531
bspline_learned_graph,959,unif_8,15.6212117696452,3144,133.57920440550402,8.547579337034882,1402,7.0736324326103155,1742,0.07830861664691993,3144,2540,77252.46577192115,0.031806615776081425,2.037037037037037
bspline_learned_graph,959,extrap_8,17.209930928442283,3144,137.79449644206886,3.063012807508589,1402,14.146918120933693,1742,0.10990260712326338,3144,2773,40905.65873830021,0.41348600508905853,0.4012345679012346
bspline_learned_graph,959,unif_10,19.928036845864664,3144,133.9300989801003,7.14015443056637,1402,12.787882415298295,1742,0.06318247044711395,3144,2514,31503.41647513837,0.06361323155216285,2.623456790123457
bspline_learned_graph,959,extrap_10,16.45393581956315,3144,125.18883926481192,4.197738668184753,1402,12.2561971513784,1742,0.05761588092560979,3144,2699,33424.651655104186,0.09541984732824428,3.4876543209876543
bspline_learned_graph,959,unif_20,15.72088498238772,3144,107.29211612912465,8.017537527775819,1402,7.7033474546119,1742,0.06514823270190123,3144,2494,78148.11976347424,0.19083969465648856,3.7037037037037037
bspline_learned_graph,959,extrap_20,10.528365519423824,3144,102.31746986709862,1.907139688150385,1402,8.621225831273438,1742,0.04074827721386051,3144,2625,20135.639255727143,0.22264631043256997,3.4876543209876543
bspline_learned_graph,959,unif_40,6.877425408284076,3144,68.21380063355497,1.893428789496529,1402,4.983996618787547,1742,0.011750524932642488,3144,2281,8619.606549348655,0.22264631043256997,3.0246913580246915
bspline_learned_graph,959,extrap_40,6.2820905796959465,3144,80.33253127351745,0.6916328819333523,1402,5.590457697762594,1742,0.04107742076264124,3144,2544,18889.65538135278,0.44529262086513993,4.722222222222222
bspline_learned_graph,959,unif_80,1.8151098029659376,3144,39.39401002363523,1.0111480370404404,1402,0.8039617659254972,1742,0.008647255861983588,3144,2015,5340.570393448968,0.6361323155216285,1.728395061728395
bspline_learned_graph,959,extrap_80,3.2095650327559966,3144,58.97111929122565,0.41536651186338636,1402,2.7941985208926106,1742,0.03562264922921293,3144,2359,12095.976598817018,0.8269720101781171,2.5
bspline_learned_graph,959,unif_100,1.3053599033769052,3144,35.35998667290077,0.6320557342709268,1402,0.6733041691059785,1742,0.00718514873433834,3144,1950,5025.803048216132,0.5725190839694656,0.46296296296296297
bspline_learned_graph,959,extrap_100,3.060900449394607,3144,56.550918642842156,0.3957018741201332,1402,2.6651985752744736,1742,0.03499507132152891,3144,2292,12006.596141156579,0.9223918575063613,2.4691358024691357
bspline_learned_graph,959,unif_200,0.6596346095921789,3144,27.638384399425767,0.31168608439459855,1402,0.34794852519758035,1742,0.004645219899776997,3144,1760,4708.872406986682,0.7951653944020356,2.4691358024691357
bspline_learned_graph,959,extrap_200,2.271929565304263,3144,48.47489007098363,0.2795450645785567,1402,1.9923845007257064,1742,0.02969661226853177,3144,2143,11043.313752426111,1.1450381679389312,2.623456790123457
bspline_learned_graph,959,unif_300,0.5172979553413543,3144,24.28821205597908,0.241514183455324,1402,0.27578377188603026,1742,0.0034767924445901236,3144,1587,3425.849974197932,0.6361323155216285,2.4691358024691357
bspline_learned_graph,959,extrap_300,2.2709918341213156,3144,48.50762617936302,0.2798440353489963,1402,1.9911477987723192,1742,0.029956318939389825,3144,2143,10845.91482293931,1.0814249363867685,2.623456790123457
bspline_learned_graph,959,unif_500,0.48642039585539437,3144,23.26101593947824,0.22521030049298518,1402,0.26121009536240913,1742,0.002945542067136374,3144,1477,3371.0991604342717,0.6679389312977099,2.4691358024691357
bspline_learned_graph,959,extrap_500,2.270991834121289,3144,48.50762617936259,0.2798440353489954,1402,1.991147798772293,1742,0.029956318939389843,3144,2143,10845.914822938754,1.0814249363867685,2.623456790123457
bspline_learned_graph,960,unif_2,22.54832890264764,3132,149.30852449924936,7.92723326962992,1349,14.621095633017717,1783,0.07322225757784875,3132,2658,26942.025497048337,0.1277139208173691,0.0
bspline_learned_graph,960,extrap_2,27.16621002823024,3132,198.37300983080814,6.257498464884299,1349,20.90871156334594,1783,0.6131291125726555,3132,2847,41040.574179909854,0.7662835249042146,0.0
bspline_learned_graph,960,unif_4,19.839525658617358,3132,155.6102832251758,4.2007332049464985,1349,15.63879245367086,1783,0.29375027219093713,3132,2700,72463.42770506725,0.0,2.037037037037037
bspline_learned_graph,960,extrap_4,17.01400907760323,3132,130.1579034971508,2.9150935779082974,1349,14.098915499694934,1783,0.07993638505246713,3132,2669,35665.43703850695,0.2554278416347382,0.0
bspline_learned_graph,960,unif_8,21.655773416040955,3132,143.97667533831117,10.240584514991271,1349,11.415188901049682,1783,0.06754458803721525,3132,2502,43185.26658336297,0.031928480204342274,3.1790123456790123
bspline_learned_graph,960,extrap_8,18.70127780198061,3132,141.23735508088293,3.2412774119986025,1349,15.460000389982007,1783,0.07713614309486601,3132,2832,34393.942072485515,0.1277139208173691,7.191358024691358
bspline_learned_graph,960,unif_10,20.71458379108338,3132,143.99515868796294,7.86493805113534,1349,12.849645739948038,1783,0.11041722780525355,3132,2513,67286.0714258326,0.0,4.444444444444445
bspline_learned_graph,960,extrap_10,16.248434673163146,3132,126.76071027524095,2.829340042888408,1349,13.419094630274738,1783,0.07318500168116579,3132,2556,34395.706400026604,0.41507024265644954,3.3950617283950617
bspline_learned_graph,960,unif_20,16.848191988525173,3132,117.79213209353534,8.244377949409547,1349,8.603814039115623,1783,0.04909519788500005,3132,2285,28852.62065439864,0.351213282247765,7.746913580246914
bspline_learned_graph,960,extrap_20,12.718314163290803,3132,103.47958604746617,2.0743324311336573,1349,10.643981732157146,1783,0.04324605434805265,3132,2497,17334.4561289249,0.44699872286079184,2.685185185185185
bspline_learned_graph,960,unif_40,7.880714553505749,3132,69.41805308807514,1.7719696236879494,1349,6.1087449298177985,1783,0.01099918303920173,3132,2003,8509.52901398821,0.22349936143039592,6.388888888888889
bspline_learned_graph,960,extrap_40,6.226648960741059,3132,72.06035204326618,0.8362642411072503,1349,5.3903847196338095,1783,0.03310495146589941,3132,2305,14589.076316614046,0.5108556832694764,1.7901234567901234
bspline_learned_graph,960,unif_80,4.295433689700698,3132,43.75044705454747,0.7335323700124583,1349,3.561901319688239,1783,0.0030930860862753533,3132,1655,4331.766837756912,0.5108556832694764,2.4382716049382718
bspline_learned_graph,960,extrap_80,5.043032625060065,3132,61.0183481295618,0.5503583050630375,1349,4.492674319997027,1783,0.03375211242449675,3132,2159,11540.483499905393,0.70242656449553,0.37037037037037035
bspline_learned_graph,960,unif_100,2.7967637108017653,3132,36.00058026714116,0.5933902602915866,1349,2.2033734505101785,1783,0.0027552474435621963,3132,1626,3878.7870654003564,0.5427841634738186,0.7716049382716049
bspline_learned_graph,960,extrap_100,4.078045325174712,3132,55.054539272613056,0.4312897445961702,1349,3.646755580578542,1783,0.03485908449016358,3132,2143,11137.428131671842,0.9259259259259259,0.49382716049382713
bspline_learned_graph,960,unif_200,1.5517145890253516,3132,27.40181501979192,0.27481512622718024,1349,1.2768994627981713,1783,0.001734518592621209,3132,1459,2401.660825548003,0.6066411238825032,0.4012345679012346
bspline_learned_graph,960,extrap_200,3.397723129552889,3132,49.51789970214192,0.3283387214341963,1349,3.0693844081186934,1783,0.031795294659487314,3132,2060,9975.817868305749,1.053639846743295,0.6481481481481481
bspline_learned_graph,960,unif_300,1.3618321380872098,3132,24.65549182426703,0.22586668341399602,1349,1.1359654546732139,1783,0.0013283597627434186,3132,1290,2141.1311592461543,0.5427841634738186,0.49382716049382713
bspline_learned_graph,960,extrap_300,3.3977859713783123,3132,49.533037004797286,0.3284622898944035,1349,3.069323681483908,1783,0.03179549477851963,3132,2060,9978.650507861454,1.053639846743295,0.6481481481481481
bspline_learned_graph,960,unif_500,1.1138158777869835,3132,22.993829558414536,0.19841640488983017,1349,0.9153994728971533,1783,0.0011505296998914004,3132,1235,2068.6581651471993,0.5427841634738186,0.46296296296296297
bspline_learned_graph,960,extrap_500,3.3977859713784815,3132,49.533037004796974,0.328462289894407,1349,3.0693236814840748,1783,0.031795494778518285,3132,2060,9978.650507860748,1.053639846743295,0.6481481481481481
bspline_learned_graph,961,unif_2,21.402911128694956,3133,156.36518312753353,7.286072318826623,1357,14.116838809868337,1776,0.07561632679342149,3133,2721,37506.13764835757,0.0,0.0
bspline_learned_graph,961,extrap_2,23.341291536807688,3133,164.75644315267735,4.695083483777096,1357,18.646208053030595,1776,0.12187228157184145,3133,2877,42578.19341197644,0.0,1.2345679012345678
bspline_learned_graph,961,unif_4,21.5691856051846,3133,159.53145891875752,8.406612809640205,1357,13.162572795544394,1776,0.10803599119427301,3133,2775,52575.336076139065,0.0,1.4197530864197532
bspline_learned_graph,961,extrap_4,24.539186193153018,3133,161.5011016395605,5.544293948120397,1357,18.994892245032624,1776,0.10987367772212066,3133,2831,43208.43577369049,0.12775471095496646,1.2345679012345678
bspline_learned_graph,961,unif_8,19.890719718333752,3133,152.49340425260738,7.171835135360409,1357,12.718884582973342,1776,0.10008509340074731,3133,2696,43158.955909479526,0.06387735547748323,2.006172839506173
bspline_learned_graph,961,extrap_8,18.687017159357215,3133,151.4813909499125,3.8902051348213096,1357,14.796812024535907,1776,0.1860179950477625,3133,2798,52886.52324961148,0.2235707441711913,2.5
bspline_learned_graph,961,unif_10,18.61557481791637,3133,145.34882497971353,9.731418428407178,1357,8.884156389509194,1776,0.08035462497567306,3133,2569,44073.363562957136,0.12775471095496646,5.5246913580246915
bspline_learned_graph,961,extrap_10,13.530874220713526,3133,122.30402787183336,3.824703807790484,1357,9.70617041292304,1776,0.07017098695447103,3133,2745,30290.76955503371,0.15969338869370808,4.62962962962963
bspline_learned_graph,961,unif_20,13.462871259854271,3133,114.8246653071879,6.199602699397384,1357,7.263268560456888,1776,0.05280508476737603,3133,2465,34380.624135458944,0.2235707441711913,7.962962962962963
bspline_learned_graph,961,extrap_20,12.979436280549777,3133,107.59921433859184,2.500888807396057,1357,10.47854747315372,1776,0.03979787216556757,3133,2632,16452.68082287984,0.35132545512615776,4.444444444444445
bspline_learned_graph,961,unif_40,6.237006225948632,3133,74.56790193274789,2.7460340619850605,1357,3.4909721639635696,1776,0.018026785572148117,3133,2243,17015.944799163182,0.0,5.308641975308642
bspline_learned_graph,961,extrap_40,8.716989152879025,3133,84.19605033148868,1.4084100052415809,1357,7.308579147637443,1776,0.042447172410137055,3133,2516,12797.897583643235,0.3832641328648994,3.271604938271605
bspline_learned_graph,961,unif_80,2.117224671396773,3133,45.183019763690254,1.0505523199434903,1357,1.0666723514532828,1776,0.009509904477538241,3133,2068,7789.674969844506,0.31938677738741617,1.5123456790123457
bspline_learned_graph,961,extrap_80,4.090230875224514,3133,62.892779304658525,0.5260556043586163,1357,3.564175270865898,1776,0.038546366705282394,3133,2359,12688.25481377873,0.3832641328648994,1.728395061728395
bspline_learned_graph,961,unif_100,1.3067808452993916,3133,39.035528220754045,0.6843700215759041,1357,0.6224108237234875,1776,0.008068401418357532,3133,2048,6526.694379681776,0.415202810603641,1.6358024691358024
bspline_learned_graph,961,extrap_100,2.7308437951179583,3133,54.85187577337729,0.45186910347417497,1357,2.278974691643783,1776,0.034393630406718265,3133,2326,10918.158915700518,0.6387735547748323,1.2037037037037037
bspline_learned_graph,961,unif_200,0.9069218266330955,3133,32.43662514482169,0.47679199277018236,1357,0.4301298338629132,1776,0.006250436740250618,3133,1948,5374.055773793078,0.6707122325135739,1.8209876543209877
bspline_learned_graph,961,extrap_200,2.110589835774571,3133,47.73657191339514,0.2352842537016469,1357,1.8753055820729239,1776,0.03539129413089841,3133,2166,10446.043608587152,0.8942829766847652,0.18518518518518517
bspline_learned_graph,961,unif_300,0.5851919482456693,3133,26.17243714058447,0.26722637324067966,1357,0.31796557500498956,1776,0.004164548327960122,3133,1732,3437.848438874241,0.415202810603641,0.24691358024691357
bspline_learned_graph,961,extrap_300,2.109812400522173,3133,47.73297860582128,0.23526086378196448,1357,1.8745515367402081,1776,0.03538970618686885,3133,2167,10446.051167526552,0.8942829766847652,0.18518518518518517
bspline_learned_graph,961,unif_500,0.4822714591018692,3133,23.817705525725085,0.2219858485797268,1357,0.2602856105221424,1776,0.0032730697012522524,3133,1618,3111.252709972786,0.5110188438198658,0.3395061728395062
bspline_learned_graph,961,extrap_500,2.1098124005220362,3133,47.73297860582144,0.2352608637819565,1357,1.8745515367400798,1776,0.03538970618687066,3133,2167,10446.051167526719,0.8942829766847652,0.18518518518518517
bspline_learned_graph,962,unif_2,13.535364846527719,3063,118.0873625223494,3.39148962461959,1359,10.143875221908129,1704,0.047894772309130154,3063,2470,39265.517007593306,0.0,0.0
bspline_learned_graph,962,extrap_2,16.90637295848181,3063,156.81507834003008,6.481732092576493,1359,10.424640865905316,1704,0.34932085623597964,3063,2575,49348.80872366567,0.1960143743874551,0.0
bspline_learned_graph,962,unif_4,14.640337624456109,3063,138.03740874218227,7.484527954205252,1359,7.155809670250856,1704,0.12115485224951189,3063,2511,57221.24260109964,0.06533812479581835,2.3125
bspline_learned_graph,962,extrap_4,13.187143981329289,3063,124.01111071569709,3.5812785363480257,1359,9.605865444981266,1704,0.08108867162768034,3063,2539,26340.27940841933,0.0,2.21875
bspline_learned_graph,962,unif_8,12.600246541363886,3063,105.30471975869328,6.616153545133922,1359,5.984092996229964,1704,0.05674670083489311,3063,2389,38289.10421886914,0.1306762495916367,4.03125
bspline_learned_graph,962,extrap_8,11.578705845913433,3063,111.71743579924825,3.046836278153995,1359,8.531869567759436,1704,0.06637136799221884,3063,2486,25508.722411803814,0.2613524991832734,6.5
bspline_learned_graph,962,unif_10,21.650802879287916,3063,150.557736533564,15.82137091249024,1359,5.829431966797671,1704,0.17654706665847933,3063,2264,96702.10622228161,0.03266906239790918,6.59375
bspline_learned_graph,962,extrap_10,11.487054546163925,3063,109.56905167360398,3.186381338378594,1359,8.30067320778533,1704,0.05064340260125576,3063,2572,27665.420303514213,0.03266906239790918,4.0625
bspline_learned_graph,962,unif_20,9.869335178430422,3063,97.7236936415154,4.532389347816484,1359,5.3369458306139395,1704,0.056743672937583804,3063,2143,41737.47635093992,0.06533812479581835,7.21875
bspline_learned_graph,962,extrap_20,8.7633485040757,3063,91.21310911423662,1.942614817116405,1359,6.8207336869592945,1704,0.04148275704418414,3063,2416,17099.50445628158,0.1633453119895459,4.125
bspline_learned_graph,962,unif_40,3.3156543136459504,3063,46.7445742019691,0.9618897092123767,1359,2.353764604433574,1704,0.005165622674090196,3063,1866,7637.384366071591,0.5553740607644561,1.71875
bspline_learned_graph,962,extrap_40,5.570481793840601,3063,67.9918306417902,1.0833315162155945,1359,4.487150277625006,1704,0.03231031426307346,3063,2246,13063.235039432282,0.3920287487749102,3.0
bspline_learned_graph,962,unif_80,2.3191400914045004,3063,32.04518566426936,0.529957396399303,1359,1.7891826950051972,1704,0.0025963701820921436,3063,1503,3489.7774991464494,0.359359686377001,1.71875
bspline_learned_graph,962,extrap_80,2.885771031184975,3063,49.870323473831334,0.5816800919512563,1359,2.304090939233719,1704,0.028810871456820052,3063,2017,9826.22952148,0.6207121855602744,1.65625
bspline_learned_graph,962,unif_100,1.3420268710288008,3063,27.449405994862417,0.5755505944598142,1359,0.7664762765689864,1704,0.0023214168940995862,3063,1467,3093.0190205891518,0.4573668735707285,0.625
bspline_learned_graph,962,extrap_100,2.636847955343987,3063,48.61687524535074,0.5732485751422675,1359,2.06359938020172,1704,0.03126933436914103,3063,2009,8740.55315320789,0.6860503103560928,0.125
bspline_learned_graph,962,unif_200,0.6698121464192468,3063,20.844379006432877,0.28506247437245436,1359,0.3847496720467924,1704,0.0013266722151604195,3063,1288,2278.4734499697943,0.5227049983665468,0.09375
bspline_learned_graph,962,extrap_200,1.9314830775818275,3063,42.456776730784384,0.4867722934227776,1359,1.4447107841590499,1704,0.03013801874783556,3063,1872,8454.543823587763,0.8493956223456387,0.09375
bspline_learned_graph,962,unif_300,0.7127409736847098,3063,21.571181804888784,0.4448138067718422,1359,0.2679271669128676,1704,0.001590708872736305,3063,1231,2195.321324268437,0.4900359359686377,0.09375
bspline_learned_graph,962,extrap_300,1.9314830775818421,3063,42.4567767307847,0.486772293422778,1359,1.4447107841590638,1704,0.030138018747835414,3063,1872,8454.543823587623,0.8493956223456387,0.09375
bspline_learned_graph,962,unif_500,0.7044418987323446,3063,20.64819382549593,0.4708402549762226,1359,0.23360164375612208,1704,0.0015601482567697937,3063,1134,2016.470357490161,0.5227049983665468,0.03125
bspline_learned_graph,962,extrap_500,1.9314830775819307,3063,42.45677673078557,0.48677229342278144,1359,1.4447107841591496,1704,0.030138018747836802,3063,1872,8454.543823587948,0.8493956223456387,0.09375
bspline_learned_graph,963,unif_2,17.720712216371204,3041,158.5627958686003,10.685557701384052,1351,7.035154514987148,1690,0.15195951231198626,3041,2555,36862.09204745225,0.0,1.2345679012345678
bspline_learned_graph,963,extrap_2,16.605752102283006,3041,149.00342750472004,4.030259274738692,1351,12.575492827544318,1690,0.22722744540580747,3041,2636,34448.32020243127,0.0,2.0987654320987654
bspline_learned_graph,963,unif_4,12.676379544294281,3041,115.02681768701108,4.471740617849471,1351,8.204638926444812,1690,0.05660998216267977,3041,2394,26442.115090603424,0.0,0.0
bspline_learned_graph,963,extrap_4,14.465421641374352,3041,133.94224909371061,3.0891171738629817,1351,11.376304467511371,1690,0.1502802793757597,3041,2505,30936.911367626948,0.0,0.7716049382716049
bspline_learned_graph,963,unif_8,11.89796606346226,3041,107.26026477011432,3.4113700692973006,1351,8.48659599416496,1690,0.06357557604808313,3041,2196,24060.831793038342,0.0,1.8518518518518519
bspline_learned_graph,963,extrap_8,10.364223008985013,3041,105.9278208389082,2.886847429606817,1351,7.477375579378196,1690,0.08985643236003828,3041,2458,28121.39712397766,0.4603748766853009,0.37037037037037035
bspline_learned_graph,963,unif_10,17.064737885271622,3041,128.45691326226478,10.671110941071028,1351,6.3936269442005935,1690,0.11568383775548793,3041,2266,57584.72769190799,0.49325879644853665,4.2592592592592595
bspline_learned_graph,963,extrap_10,9.414501136954692,3041,97.28506857915164,1.979024300840491,1351,7.435476836114201,1690,0.11044623142775524,3041,2310,31916.812730176083,0.06576783952647156,1.3888888888888888
bspline_learned_graph,963,unif_20,9.22186661071463,3041,80.84508547796514,4.055173688547869,1351,5.16669292216676,1690,0.035978250177498144,3041,2009,24450.252893922414,0.09865175928970733,3.6419753086419755
bspline_learned_graph,963,extrap_20,9.156037390680135,3041,87.58024545851656,2.4253788951751596,1351,6.7306584955049775,1690,0.04459815001561218,3041,2332,12547.501300043878,0.591910555738244,1.5740740740740742
bspline_learned_graph,963,unif_40,4.878163537530393,3041,52.10444894767748,2.9649514238154104,1351,1.913212113714983,1690,0.027238381764376395,3041,1688,17448.863629929332,0.6247944755014798,3.8271604938271606
bspline_learned_graph,963,extrap_40,3.8034456971062403,3041,56.07335721064817,0.6543317962140665,1351,3.1491139008921745,1690,0.03701818983644679,3041,2010,9695.341920815474,0.5261427162117724,1.8209876543209877
bspline_learned_graph,963,unif_80,1.271065537527943,3041,29.380481424278244,0.6066823481640246,1351,0.6643831893639184,1690,0.0030729844609368945,3041,1470,4950.848805923069,0.6247944755014798,0.6481481481481481
bspline_learned_graph,963,extrap_80,2.098691239690438,3041,42.75191132305022,0.21672259686077808,1351,1.8819686428296594,1690,0.030806295773129332,3041,1859,7433.784276292187,0.9207497533706018,0.21604938271604937
bspline_learned_graph,963,unif_100,0.9699788348485939,3041,24.73960377985733,0.786945222357885,1351,0.18303361249070893,1690,0.002592760041025082,3041,1326,2284.57329929797,0.6905623150279513,0.5864197530864198
bspline_learned_graph,963,extrap_100,1.7103421119814786,3041,39.560643484535234,0.20563913864877476,1351,1.504702973332704,1690,0.032472097877358524,3041,1857,6691.579463662307,1.5126603091088457,0.0
bspline_learned_graph,963,unif_200,0.30071664559672795,3041,16.426127717782748,0.20864229670888873,1351,0.09207434888783925,1690,0.001300909701589717,3041,1149,1548.664579165292,0.6247944755014798,0.6481481481481481
bspline_learned_graph,963,extrap_200,1.132923311566919,3041,35.31698131606579,0.13180207783484743,1351,1.0011212337320716,1690,0.03243967825461844,3041,1792,6557.071878723998,1.4140085498191384,0.12345679012345678
bspline_learned_graph,963,unif_300,0.2884441333880338,3041,15.974680299515727,0.2021210314551621,1351,0.08632310193287164,1690,0.001279009552205383,3041,1084,1411.541248229453,0.591910555738244,0.06172839506172839
bspline_learned_graph,963,extrap_300,1.1329233115668722,3041,35.31698131606528,0.1318020778348489,1351,1.0011212337320234,1690,0.032439678254617854,3041,1792,6557.071878723623,1.4140085498191384,0.12345679012345678
bspline_learned_graph,963,unif_500,0.26649674951519964,3041,15.416493355443404,0.18803710239423885,1351,0.07845964712096073,1690,0.0011877338898929998,3041,1057,1322.0943885225547,0.6247944755014798,0.06172839506172839
bspline_learned_graph,963,extrap_500,1.1329233115669046,3041,35.31698131606585,0.13180207783485196,1351,1.0011212337320525,1690,0.03243967825461778,3041,1792,6557.071878723818,1.4140085498191384,0.12345679012345678
bspline_learned_graph,964,unif_2,17.914721235292614,3070,164.67914213411382,7.535106472441372,1348,10.379614762851242,1722,0.40291043453122277,3070,2754,106445.8423860798,0.06516780710329098,0.0
bspline_learned_graph,964,extrap_2,18.371016766968268,3070,162.46682558981166,3.859279258194793,1348,14.511737508773475,1722,0.22894418382802023,3070,2801,41466.39285080136,0.0,1.2195121951219512
bspline_learned_graph,964,unif_4,16.362836635854716,3070,134.58396218216035,5.400244368215205,1348,10.96259226763951,1722,0.1197741608934816,3070,2537,65316.51366692093,0.13033561420658196,2.4390243902439024
bspline_learned_graph,964,extrap_4,16.256896767414453,3070,138.30972140149254,3.1821601075887567,1348,13.074736659825696,1722,0.12464438185685592,3070,2636,35503.059407443834,0.0,0.7317073170731707
bspline_learned_graph,964,unif_8,14.54143249072473,3070,121.51774739538851,4.661819582175724,1348,9.879612908549008,1722,0.11084147372638739,3070,2533,51123.72590883821,0.06516780710329098,4.329268292682927
bspline_learned_graph,964,extrap_8,12.705601074597222,3070,122.4861922923241,3.0641333964393738,1348,9.64146767815785,1722,0.12080378464759914,3070,2688,45225.90244258709,0.13033561420658196,0.9451219512195121
bspline_learned_graph,964,unif_10,15.07712815477413,3070,125.99835100056848,8.51614176303175,1348,6.56098639174238,1722,0.06784884204604204,3070,2487,40526.657975441034,0.0,3.5060975609756095
bspline_learned_graph,964,extrap_10,10.726552738493144,3070,102.97837216849283,1.8101882401881315,1348,8.916364498305013,1722,0.055680491017789574,3070,2557,18378.669211025903,0.13033561420658196,2.1341463414634148
bspline_learned_graph,964,unif_20,12.070439942505777,3070,97.0667620617784,2.7420405509251693,1348,9.328399391580605,1722,0.025877195587598607,3070,2387,21013.72704372857,0.06516780710329098,4.2682926829268295
bspline_learned_graph,964,extrap_20,9.548101654684997,3070,89.87511708995027,1.6092799528515647,1348,7.938821701833431,1722,0.040708125430977606,3070,2515,14523.14281753873,0.9775171065493646,2.6219512195121952
bspline_learned_graph,964,unif_40,6.423402236463189,3070,68.07453340478187,2.686996417524713,1348,3.7364058189384757,1722,0.01728968319097868,3070,2063,9996.618209468605,0.06516780710329098,2.4390243902439024
bspline_learned_graph,964,extrap_40,5.560999605174368,3070,69.70325287587143,0.5989843151277219,1348,4.962015290046646,1722,0.03504929168765098,3070,2351,12353.386188099712,0.6516780710329098,0.6097560975609756
bspline_learned_graph,964,unif_80,2.417825058472626,3070,41.557415554730575,1.053921810072756,1348,1.3639032483998699,1722,0.007624250796556053,3070,1883,3965.9876067321425,0.13033561420658196,1.7073170731707317
bspline_learned_graph,964,extrap_80,3.0355938791340065,3070,52.34816322223697,0.3241827487449634,1348,2.7114111303890427,1722,0.02929836102340247,3070,2214,9248.877668011268,0.9449332029977191,0.9451219512195121
bspline_learned_graph,964,unif_100,1.2561701913615915,3070,32.24559549515711,0.4502473411846631,1348,0.8059228501769284,1722,0.005373788120679918,3070,1760,2949.9007744577575,0.39100684261974583,0.5792682926829268
bspline_learned_graph,964,extrap_100,3.0027523636351705,3070,49.86794400606001,0.30848811796660575,1348,2.694264245668565,1722,0.02963167834280031,3070,2139,9075.630471477823,0.8471814923427826,0.6402439024390244
bspline_learned_graph,964,unif_200,0.9764588698173964,3070,26.55085029355586,0.560800901345552,1348,0.4156579684718442,1722,0.005014355626183575,3070,1548,2221.846662739629,0.2606712284131639,1.4329268292682926
bspline_learned_graph,964,extrap_200,2.1996408883725653,3070,44.84576406268349,0.20722820892011481,1348,1.9924126794524506,1722,0.030036084402223003,3070,2121,8456.451841026492,1.4011078527207559,0.5792682926829268
bspline_learned_graph,964,unif_300,0.8995971821692652,3070,24.683069363093846,0.47740833049690123,1348,0.422188851672364,1722,0.00382692269907976,3070,1420,1977.8293238952917,0.4235907461713913,0.4268292682926829
bspline_learned_graph,964,extrap_300,2.199640888372363,3070,44.84576406268238,0.2072282089201168,1348,1.9924126794522456,1722,0.03003608440222099,3070,2121,8456.4518410259,1.4011078527207559,0.5792682926829268
bspline_learned_graph,964,unif_500,0.7291529318972021,3070,22.54103831784275,0.38131129096991667,1348,0.3478416409272854,1722,0.003284683879037185,3070,1395,1822.2570758603988,0.45617464972303684,0.4268292682926829
bspline_learned_graph,964,extrap_500,2.199640888372417,3070,44.845764062682925,0.20722820892011654,1348,1.9924126794523,1722,0.03003608440222183,3070,2121,8456.451841026143,1.4011078527207559,0.5792682926829268
bspline_learned_graph,965,unif_2,20.75675627805848,3062,173.85782150720067,8.734435703473718,1281,12.02232057458476,1781,0.22380841832524767,3062,2873,76336.76253534864,0.13063357282821686,2.4390243902439024
bspline_learned_graph,965,extrap_2,25.460671607010003,3062,194.1817463737903,3.964535519997203,1281,21.4961360870128,1781,0.43521952136271486,3062,2916,46453.928843274654,1.8615284128020901,0.0
bspline_learned_graph,965,unif_4,17.98480932498167,3062,147.30243528610308,5.093951466513978,1281,12.890857858467692,1781,0.14160170166788255,3062,2717,54651.923527015846,0.0,1.2195121951219512
bspline_learned_graph,965,extrap_4,19.121271690824162,3062,146.0288252491346,3.3309597981463632,1281,15.7903118926778,1781,0.0997884739468489,3062,2758,40868.649466962765,0.0,0.0
bspline_learned_graph,965,unif_8,15.440628721341913,3062,132.35014891747736,5.138722389584578,1281,10.301906331757335,1781,0.06960985756292222,3062,2559,41305.15529167709,0.0,0.975609756097561
bspline_learned_graph,965,extrap_8,16.586139002749565,3062,136.09888867340797,3.138903852102927,1281,13.447235150646641,1781,0.18425465482130557,3062,2725,70824.22909998914,0.0,1.2804878048780488
bspline_learned_graph,965,unif_10,16.959692772190834,3062,140.57711755840737,8.379055594280546,1281,8.580637177910287,1781,0.12884391913037568,3062,2659,46092.070476569,0.0,4.878048780487805
bspline_learned_graph,965,extrap_10,14.3471778694431,3062,120.6178730546358,2.318803502951364,1281,12.028374366491734,1781,0.09174694680765125,3062,2699,43513.87720380223,0.0,0.5487804878048781
bspline_learned_graph,965,unif_20,11.333895894506417,3062,101.23669790949772,2.808950298251101,1281,8.524945596255318,1781,0.03702969449220742,3062,2392,28149.667320476863,0.032658393207054215,3.5365853658536586
bspline_learned_graph,965,extrap_20,11.686366282006928,3062,103.70357457545492,1.6684129641220533,1281,10.017953317884876,1781,0.05280374158264514,3062,2656,20959.287299909578,0.2612671456564337,0.9451219512195121
bspline_learned_graph,965,unif_40,5.6737334238559125,3062,66.60252680320947,1.5604502227858337,1281,4.11328320107008,1781,0.016356358357910543,3062,2134,15763.443906665841,0.13063357282821686,2.1036585365853657
bspline_learned_graph,965,extrap_40,6.922324078737919,3062,79.21315668683718,0.8754532625671394,1281,6.046870816170779,1781,0.052517467453005215,3062,2483,14350.469941776839,0.7184846505551927,2.4695121951219514
bspline_learned_graph,965,unif_80,2.5454788294196344,3062,41.46063726575049,0.7301353723238755,1281,1.8153434570957587,1781,0.0067079186148109055,3062,1834,4871.880596558794,0.32658393207054215,1.4939024390243902
bspline_learned_graph,965,extrap_80,4.154461705144965,3062,62.09316830122738,0.5692533724847805,1281,3.5852083326601845,1781,0.05258597368191861,3062,2340,13302.819984665715,1.0450685826257349,0.39634146341463417
bspline_learned_graph,965,unif_100,2.0466192955225315,3062,38.51510500142403,0.6583036678471512,1281,1.3883156276753803,1781,0.0065709725381493615,3062,1845,5718.289327528948,0.35924232527759636,0.0
bspline_learned_graph,965,extrap_100,3.450864107449118,3062,56.56270228616803,0.5207687043890752,1281,2.930095403060043,1781,0.04961972729801525,3062,2300,11971.789177654813,1.371652514696277,1.920731707317073
bspline_learned_graph,965,unif_200,2.6155516067889883,3062,36.81223368653964,1.713659331157215,1281,0.901892275631774,1781,0.008354511930022065,3062,1649,4446.32542552723,0.457217504898759,0.7621951219512195
bspline_learned_graph,965,extrap_200,3.1464246396940245,3062,51.81069965010725,0.42395067861762525,1281,2.722473961076399,1781,0.048350397236876154,3062,2197,11651.796072297046,1.6655780535597648,0.0
bspline_learned_graph,965,unif_300,2.08905606922056,3062,33.078167135398964,1.1705815876288497,1281,0.9184744815917105,1781,0.006131213726392944,3062,1617,3952.3091991263764,0.48987589810581317,0.5487804878048781
bspline_learned_graph,965,extrap_300,3.1464246396941404,3062,51.810699650106756,0.42395067861762187,1281,2.7224739610765183,1781,0.04835039723687487,3062,2197,11651.79607229699,1.6655780535597648,0.0
bspline_learned_graph,965,unif_500,1.7665899385038077,3062,30.611633862198374,0.9814339771123374,1281,0.7851559613914701,1781,0.0050635428423083705,3062,1518,3691.819230216509,0.3919007184846506,0.5792682926829268
bspline_learned_graph,965,extrap_500,3.1464246396939877,3062,51.81069965010617,0.42395067861762503,1281,2.7224739610763624,1781,0.048350397236875335,3062,2197,11651.796072296565,1.6655780535597648,0.0
bspline_learned_graph,966,unif_2,35.05124279035252,3113,218.96663411210915,11.244491828028224,1487,23.806750962324294,1626,0.9516395387546476,3113,2872,57636.53634536343,0.12849341471249598,2.4390243902439024
bspline_learned_graph,966,extrap_2,29.21747721165348,3113,202.00084771353565,5.504220422250797,1487,23.713256789402685,1626,0.29370844539760554,3113,3019,52167.29590178028,0.0,0.0
bspline_learned_graph,966,unif_4,22.223273749057885,3113,163.53598426829896,8.560095610341559,1487,13.663178138716326,1626,0.11929683659869199,3113,2801,79086.51885638302,0.09637006103437198,3.658536585365854
bspline_learned_graph,966,extrap_4,26.721452648952937,3113,180.89530597281237,4.783455353789849,1487,21.937997295163086,1626,0.2376542526645473,3113,2981,38752.288177863156,0.9637006103437199,0.09146341463414634
bspline_learned_graph,966,unif_8,22.024823410747945,3113,150.43295411054538,6.624721395097005,1487,15.400102015650942,1626,0.0829233264379366,3113,2669,41590.58499323842,0.06424670735624799,0.6097560975609756
bspline_learned_graph,966,extrap_8,21.97279605284448,3113,146.07101299502602,3.7325787936484534,1487,18.240217259196022,1626,0.09920463348436125,3113,2774,24654.849015335392,0.7067137809187279,3.8719512195121952
bspline_learned_graph,966,unif_10,24.392817010224004,3113,163.07291441748978,12.913404046270406,1487,11.4794129639536,1626,0.12298927911506019,3113,2616,67427.07422729791,0.06424670735624799,2.4390243902439024
bspline_learned_graph,966,extrap_10,22.538152613772365,3113,153.59437897945264,4.568043636576439,1487,17.97010897719592,1626,0.1277029878962828,3113,2754,71283.98440026568,0.09637006103437198,5.060975609756097
bspline_learned_graph,966,unif_20,17.929580577692082,3113,121.79206326121506,5.263849424485181,1487,12.665731153206904,1626,0.07149643888820374,3113,2481,46598.00023392838,0.19274012206874397,5.914634146341464
bspline_learned_graph,966,extrap_20,17.363706893820883,3113,121.38024639004114,2.798067412984548,1487,14.565639480836333,1626,0.06034705514604739,3113,2647,44562.79928385624,0.289110183103116,2.5304878048780486
bspline_learned_graph,966,unif_40,10.64127199419463,3113,86.25482006864334,3.8987842936577772,1487,6.742487700536853,1626,0.03092911567377254,3113,2393,20120.29011196004,0.25698682942499196,4.024390243902439
bspline_learned_graph,966,extrap_40,9.34005383876791,3113,82.72174847117262,1.0761914816074665,1487,8.263862357160443,1626,0.03448912998107388,3113,2581,19209.207858374866,0.41760359781561196,3.567073170731707
bspline_learned_graph,966,unif_80,5.270134792324062,3113,53.69923628850691,1.5723214968453365,1487,3.6978132954787264,1626,0.010710260909751221,3113,2081,9026.160149033793,0.22486347574686796,3.475609756097561
bspline_learned_graph,966,extrap_80,5.343352720480514,3113,63.923879204706665,0.6635871265781164,1487,4.679765593902397,1626,0.03313550523249247,3113,2410,17358.548276965492,0.6103437198843559,2.073170731707317
bspline_learned_graph,966,unif_100,2.6674495495092687,3113,38.92227518912466,0.916156793493256,1487,1.7512927560160128,1626,0.007910357292611803,3113,1953,5894.055725919788,0.5460970125281079,2.2865853658536586
bspline_learned_graph,966,extrap_100,4.701029696533328,3113,58.576032769448034,0.6348753549830084,1487,4.066154341550319,1626,0.0333492171963075,3113,2379,14967.187572374776,0.6424670735624799,0.5182926829268293
bspline_learned_graph,966,unif_200,1.5869454548902797,3113,31.179613527507122,0.5519838308766961,1487,1.0349616240135833,1626,0.00663488211896893,3113,1840,5143.062899679223,0.48185030517185995,1.3719512195121952
bspline_learned_graph,966,extrap_200,3.690734057316078,3113,51.92958429073998,0.3285094253562342,1487,3.3622246319598443,1626,0.03338609086958084,3113,2320,13870.430403649501,0.8030838419530999,0.18292682926829268
bspline_learned_graph,966,unif_300,1.2210494805750072,3113,27.102471202195996,0.4138361549616847,1487,0.8072133256133225,1626,0.0054743928320382905,3113,1770,4484.058254573105,0.38548024413748794,0.7621951219512195
bspline_learned_graph,966,extrap_300,3.690734057316273,3113,51.92958429074099,0.3285094253562282,1487,3.3622246319600446,1626,0.033386090869581705,3113,2320,13870.430403649749,0.8030838419530999,0.18292682926829268
bspline_learned_graph,966,unif_500,1.0398974079847139,3113,25.14561002390574,0.34638738241430056,1487,0.6935100255704135,1626,0.004716628585632038,3113,1675,4047.8498351763405,0.41760359781561196,1.1280487804878048
bspline_learned_graph,966,extrap_500,3.6907340573161322,3113,51.92958429074043,0.3285094253562342,1487,3.362224631959898,1626,0.03338609086958143,3113,2320,13870.4304036498,0.8030838419530999,0.18292682926829268
bspline_market_graph,957,unif_2,24.549021785068085,3107,173.20354694324013,15.98823590514892,1427,8.560785879919164,1680,0.1946003006034031,3107,2666,82846.9838311644,0.0,1.2345679012345678
bspline_market_graph,957,extrap_2,21.386190944761623,3107,161.91168102204546,7.181038699771623,1427,14.205152244989998,1680,0.12791990372182638,3107,2761,54023.7995824128,0.0,0.0
bspline_market_graph,957,unif_4,39.28281281146515,3107,195.35605647715144,29.160902900972857,1427,10.121909910492288,1680,0.15404682013177867,3107,2684,56175.784430478154,0.0321853878339234,8.641975308641975
bspline_market_graph,957,extrap_4,22.501492976809338,3107,177.43617547979983,7.646377807755159,1427,14.855115169054177,1680,0.20901888529525559,3107,2767,52295.3301783077,0.1287415513356936,2.4691358024691357
bspline_market_graph,957,unif_8,14.151286748851149,3107,129.41287888097668,7.4020199708582695,1427,6.749266777992879,1680,0.15784520113154257,3107,2466,65022.96196102466,0.0965561635017702,3.117283950617284
bspline_market_graph,957,extrap_8,15.57099042827297,3107,136.87590286022947,5.004253730321832,1427,10.566736697951137,1680,0.10546739439457715,3107,2662,33763.58727195014,0.1931123270035404,2.8395061728395063
bspline_market_graph,957,unif_10,16.13307108895037,3107,121.91459769986909,6.475252501804016,1427,9.657818587146355,1680,0.046753437255278744,3107,2473,37773.480586922764,0.1287415513356936,5.555555555555555
bspline_market_graph,957,extrap_10,16.169407998666607,3107,136.66070298046665,6.065090596013669,1427,10.104317402652937,1680,0.06864749314984897,3107,2630,28666.79509328868,0.41841004184100417,5.462962962962963
bspline_market_graph,957,unif_20,16.17222899809303,3107,113.15191619473224,11.525219582949884,1427,4.647009415143147,1680,0.04557234644948698,3107,2353,26569.127218425438,0.2252977148374638,6.666666666666667
bspline_market_graph,957,extrap_20,12.338742855913864,3107,114.6682222559608,3.707161834899271,1427,8.631581021014593,1680,0.05957358070167339,3107,2503,22257.667640603482,0.28966849050531057,4.166666666666667
bspline_market_graph,957,unif_40,7.794744487366054,3107,78.9443365499497,4.7960533066136986,1427,2.9986911807523566,1680,0.02033262516284668,3107,2122,12622.346453150914,0.3540392661731574,5.709876543209877
bspline_market_graph,957,extrap_40,7.5271675579579425,3107,85.2856991603897,1.5635004279901084,1427,5.963667129967832,1680,0.04548751551854688,3107,2369,13945.346552005143,0.7080785323463148,2.5617283950617282
bspline_market_graph,957,unif_80,1.7489127408514482,3107,40.31179350511464,1.093191280789706,1427,0.6557214600617425,1680,0.010792827669632556,3107,1772,8272.194450405956,0.643707756678468,1.0493827160493827
bspline_market_graph,957,extrap_80,3.993881864010671,3107,61.469022009793655,0.86311515494213,1427,3.1307667090685403,1680,0.030108104282773746,3107,2102,12044.431171423032,0.6115223688445446,0.15432098765432098
bspline_market_graph,957,unif_100,1.6551080829490321,3107,36.91322607508307,0.9538535634658476,1427,0.7012545194831848,1680,0.00842317674597591,3107,1695,5362.455368763862,0.7402639201802381,0.7716049382716049
bspline_market_graph,957,extrap_100,3.3828547730124945,3107,58.35303687659085,0.8964118145113232,1427,2.4864429585011716,1680,0.029800163504544352,3107,2024,12919.78693815279,0.804634695848085,0.2777777777777778
bspline_market_graph,957,unif_200,1.0538495420428267,3107,28.501396932052025,0.6916914324629622,1427,0.3621581095798645,1680,0.004942531662890362,3107,1430,4240.761694529327,0.6115223688445446,0.030864197530864196
bspline_market_graph,957,extrap_200,2.4056523228808944,3107,49.468488658303926,0.5523921909832824,1427,1.8532601318976123,1680,0.028414478546388323,3107,1940,10574.66151153106,0.965561635017702,0.0
bspline_market_graph,957,unif_300,0.793554411412967,3107,24.30927440631836,0.5766400865130957,1427,0.2169143248998712,1680,0.0039004527732875473,3107,1262,3607.7216902730206,0.482780817508851,0.06172839506172839
bspline_market_graph,957,extrap_300,2.4008152313039717,3107,49.41205500933411,0.5520808681236031,1427,1.8487343631803683,1680,0.028413515419178303,3107,1937,10567.476295984256,0.965561635017702,0.0
bspline_market_graph,957,unif_500,0.7170792577007291,3107,22.781098122226908,0.5279329978576308,1427,0.1891462598430984,1680,0.003472971178934905,3107,1181,3428.5954977511938,0.5471515931766978,0.030864197530864196
bspline_market_graph,957,extrap_500,2.4008152313036843,3107,49.4120550093338,0.5520808681236025,1427,1.8487343631800814,1680,0.02841351541917946,3107,1937,10567.47629598465,0.965561635017702,0.0
bspline_market_graph,958,unif_2,18.95153495142171,3169,168.603603384921,7.610722959915837,1450,11.340811991505873,1719,0.3444020157126826,3169,2733,41222.634358570525,1.041337961502051,0.0
bspline_market_graph,958,extrap_2,23.868022550100243,3169,161.44620648325815,6.4398876474803135,1450,17.428134902619927,1719,0.12725194632872164,3169,2711,54200.38573261572,0.5680025244556642,1.25
bspline_market_graph,958,unif_4,21.862595196758978,3169,158.392923821425,7.372165518172366,1450,14.49042967858661,1719,0.14613350028188318,3169,2669,66748.73636964778,0.0,4.59375
bspline_market_graph,958,extrap_4,18.684552529627297,3169,143.0852823556644,4.3405373882731615,1450,14.344015141354138,1719,0.10826613125734921,3169,2708,41881.77436761195,0.0,1.25
bspline_market_graph,958,unif_8,17.532949635523405,3169,136.97980334213787,7.686358921851125,1450,9.846590713672283,1719,0.0833551674117061,3169,2645,47376.79728586267,0.12622278321236982,2.71875
bspline_market_graph,958,extrap_8,16.30153466546587,3169,128.63914001408273,4.094893821257596,1450,12.206640844208277,1719,0.09375110815824673,3169,2576,49791.922614668845,0.09466708740927737,2.96875
bspline_market_graph,958,unif_10,19.310479348471755,3169,130.0221309073397,10.783690075307454,1450,8.526789273164297,1719,0.052590510042517816,3169,2567,33388.403355614595,0.5048911328494793,6.28125
bspline_market_graph,958,extrap_10,15.693278243554309,3169,119.78888883083715,5.2281827926892,1450,10.465095450865107,1719,0.05760008164346927,3169,2625,41685.13216208898,0.0,1.8125
bspline_market_graph,958,unif_20,9.311572025876059,3169,94.58427187864696,4.038218839453258,1450,5.273353186422803,1719,0.0340249658359061,3169,2375,17702.164928470516,0.2208898706216472,5.21875
bspline_market_graph,958,extrap_20,11.853888846947498,3169,101.67100698822456,2.3031989730521394,1450,9.550689873895358,1719,0.060439069384414575,3169,2524,18641.54061684514,0.347112653834017,4.21875
bspline_market_graph,958,unif_40,9.361514242498348,3169,71.57946137025748,3.32825325012452,1450,6.033260992373829,1719,0.012108021609225441,3169,1998,9869.41049201999,0.5048911328494793,1.84375
bspline_market_graph,958,extrap_40,5.320353893220662,3169,67.45681929423174,0.8118298265555579,1450,4.508524066665104,1719,0.04523527969033302,3169,2305,12916.432434740505,0.47333543704638686,2.8125
bspline_market_graph,958,unif_80,2.595537404130038,3169,34.800885135446656,1.1110564517187915,1450,1.4844809524112468,1719,0.004023158299822657,3169,1530,4201.392655058688,0.5680025244556642,1.25
bspline_market_graph,958,extrap_80,2.3576328596807707,3169,47.732505309119034,0.35430440958897685,1450,2.003328450091794,1719,0.04110883568860118,3169,1940,13574.945720948204,1.2937835279267909,0.53125
bspline_market_graph,958,unif_100,1.7924633509684553,3169,29.851292974670073,0.7322602625133267,1450,1.0602030884551286,1719,0.003215137959279369,3169,1466,3287.0966070573777,0.5364468286525718,1.625
bspline_market_graph,958,extrap_100,2.1455130587803932,3169,44.41542729196492,0.26008403695391313,1450,1.88542902182648,1719,0.03963206718261201,3169,1884,11854.82043695829,1.2937835279267909,1.0625
bspline_market_graph,958,unif_200,1.0413161492687468,3169,20.719506544852173,0.3521006581871211,1450,0.6892154910816258,1719,0.0017869367154840343,3169,1121,2328.612577201766,0.5048911328494793,1.6875
bspline_market_graph,958,extrap_200,1.616392864013612,3169,38.82267868203025,0.1956041680844656,1450,1.4207886959291463,1719,0.03809678824955324,3169,1759,10937.547908186487,1.577784790154623,0.53125
bspline_market_graph,958,unif_300,0.4336295821803875,3169,15.751478891360568,0.2246432353740382,1450,0.20898634680634925,1719,0.0011942364265084126,3169,1016,1938.4554811311589,0.757336699274219,1.25
bspline_market_graph,958,extrap_300,1.6137053045304215,3169,38.753378810814844,0.1938357500141719,1450,1.4198695545162499,1719,0.03806095838883039,3169,1754,10922.239181956003,1.577784790154623,0.53125
bspline_market_graph,958,unif_500,0.3753535626102781,3169,14.406641654772717,0.1870978130428681,1450,0.18825574956740998,1719,0.000937613543108361,3169,943,1712.3880175029512,0.5364468286525718,1.28125
bspline_market_graph,958,extrap_500,1.61370530453041,3169,38.753378810814766,0.19383575001417203,1450,1.4198695545162379,1719,0.03806095838882973,3169,1754,10922.23918195628,1.577784790154623,0.53125
bspline_market_graph,959,unif_2,41.18521923980855,3144,234.66958561570272,18.746872029128927,1402,22.43834721067963,1742,1.4804868567182572,3144,2800,62476.38573407429,0.0,0.0
bspline_market_graph,959,extrap_2,25.24497399456193,3144,193.3945507275102,6.491810643382773,1402,18.753163351179165,1742,0.2704609213347327,3144,2890,38075.92967639422,0.5089058524173028,0.0
bspline_market_graph,959,unif_4,23.02556290666439,3144,163.5420340955865,9.991919790990698,1402,13.033643115673692,1742,0.17279629328884488,3144,2687,84462.5927766765,0.0,4.938271604938271
bspline_market_graph,959,extrap_4,21.461268518721912,3144,171.41202499812948,6.4400272510715135,1402,15.021241267650401,1742,0.18691727241873907,3144,2880,45653.84111000641,0.3816793893129771,4.2592592592592595
bspline_market_graph,959,unif_8,15.366871940427405,3144,131.96118870475763,8.435692151925707,1402,6.931179788501697,1742,0.07641164848071486,3144,2527,77091.57083562276,0.031806615776081425,1.9135802469135803
bspline_market_graph,959,extrap_8,16.969453411180083,3144,135.6477472184996,2.9308793214357505,1402,14.038574089744332,1742,0.10477425868667958,3144,2769,40062.86506673637,0.41348600508905853,0.6481481481481481
bspline_market_graph,959,unif_10,19.30044571078232,3144,131.0191456614699,6.874324457240733,1402,12.42612125354159,1742,0.06049729122997582,3144,2483,31172.332630751163,0.06361323155216285,2.345679012345679
bspline_market_graph,959,extrap_10,15.655314494776903,3144,121.66229001625668,3.7055303728690183,1402,11.94978412190788,1742,0.0539012739700955,3144,2681,31788.034672634945,0.09541984732824428,3.580246913580247
bspline_market_graph,959,unif_20,15.481913109965717,3144,103.13990837570682,7.887816076984164,1402,7.594097032981553,1742,0.06125995074294314,3144,2384,77233.97946406371,0.41348600508905853,3.45679012345679
bspline_market_graph,959,extrap_20,10.393402349369223,3144,101.03951315335682,1.7404463426944021,1402,8.65295600667482,1742,0.041939035008739356,3144,2624,19858.226836692276,0.4770992366412214,3.5185185185185186
bspline_market_graph,959,unif_40,6.090595436739027,3144,62.98387368610972,1.4776860084016636,1402,4.612909428337363,1742,0.009442851060381311,3144,2194,7714.582431283473,0.22264631043256997,2.4691358024691357
bspline_market_graph,959,extrap_40,6.084338251493735,3144,75.33559937207835,0.5798243977292763,1402,5.504513853764459,1742,0.03197974104195368,3144,2464,16848.6517295507,0.4770992366412214,4.567901234567901
bspline_market_graph,959,unif_80,1.6062563985340632,3144,34.851350269090936,0.8990926312144518,1402,0.7071637673196112,1742,0.006561224827383445,3144,1814,4174.895198119569,0.6997455470737913,1.6975308641975309
bspline_market_graph,959,extrap_80,3.136709662695629,3144,55.5883422560031,0.3485622724302388,1402,2.78814739026539,1742,0.03199478794342383,3144,2205,11070.70886798298,0.6043256997455471,1.2654320987654322
bspline_market_graph,959,unif_100,0.9327090577968227,3144,29.26809610244435,0.43019042483668524,1402,0.5025186329601377,1742,0.004158297547462768,3144,1704,3730.107219946486,0.7315521628498728,2.623456790123457
bspline_market_graph,959,extrap_100,2.983797676441387,3144,53.094309146129405,0.33163287251799944,1402,2.6521648039233874,1742,0.03160417691834697,3144,2124,11053.77621214095,0.7315521628498728,2.4691358024691357
bspline_market_graph,959,unif_200,0.5549097715828422,3144,22.848558977568764,0.24955945892021147,1402,0.3053503126626308,1742,0.0023469437111162733,3144,1386,2918.7282094628627,0.6679389312977099,2.4691358024691357
bspline_market_graph,959,extrap_200,2.230895620384728,3144,45.504585510954136,0.2356317969018065,1402,1.9952638234829219,1742,0.027679787739551587,3144,1957,10085.907363073942,0.9860050890585241,1.4197530864197532
bspline_market_graph,959,unif_300,0.439205546758498,3144,19.64491471576324,0.1994135526221419,1402,0.23979199413635613,1742,0.0015918770689565046,3144,1195,1953.2524272214664,0.7315521628498728,2.4691358024691357
bspline_market_graph,959,extrap_300,2.2236913689242837,3144,45.38672008459138,0.23557081910946234,1402,1.9881205498148216,1742,0.027677280317281294,3144,1958,9910.18841997232,0.9860050890585241,1.4197530864197532
bspline_market_graph,959,unif_500,0.4228218345013301,3144,18.68458602050714,0.18912486473181772,1402,0.2336969697695124,1742,0.0013352432526357572,3144,1084,1826.1031515489274,0.6361323155216285,1.728395061728395
bspline_market_graph,959,extrap_500,2.2236913689242637,3144,45.386720084591154,0.23557081910946295,1402,1.9881205498148005,1742,0.027677280317281682,3144,1958,9910.188419972172,0.9860050890585241,1.4197530864197532
bspline_market_graph,960,unif_2,22.478885861800148,3132,148.985802062944,7.896380734888548,1349,14.5825051269116,1783,0.0729464462541478,3132,2660,26680.860646087178,0.15964240102171137,0.0
bspline_market_graph,960,extrap_2,26.634188900272086,3132,197.74471839465915,5.964235052621183,1349,20.669953847650905,1783,0.5762030065441781,3132,2927,40821.792422839106,0.22349936143039592,0.0
bspline_market_graph,960,unif_4,18.959126490989895,3132,150.23547299349013,4.008941834208676,1349,14.950184656781222,1783,0.2719585821510863,3132,2652,71825.64657195659,0.0,2.006172839506173
bspline_market_graph,960,extrap_4,17.092293595731338,3132,131.59421375934357,2.8237806057935813,1349,14.268512989937754,1783,0.08544323941343916,3132,2729,35525.52300034332,0.0,0.06172839506172839
bspline_market_graph,960,unif_8,21.19482504752513,3132,141.1453769318259,10.10725404530495,1349,11.087571002220177,1783,0.0667112673428232,3132,2486,42156.63584040968,0.09578544061302682,2.4382716049382718
bspline_market_graph,960,extrap_8,18.447673904798187,3132,138.6173163857018,3.0492748948521333,1349,15.398399009946054,1783,0.07469903950404626,3132,2794,34036.99194093372,0.1277139208173691,6.820987654320987
bspline_market_graph,960,unif_10,20.086707340897618,3132,140.48942467734324,7.589033555836753,1349,12.497673785060863,1783,0.1078264965642997,3132,2488,66589.33904873769,0.031928480204342274,4.444444444444445
bspline_market_graph,960,extrap_10,16.06567825684041,3132,125.32733236001764,2.6503435200047796,1349,13.415334736835632,1783,0.07110899301517894,3132,2548,33676.91590437875,0.41507024265644954,2.5308641975308643
bspline_market_graph,960,unif_20,16.02221948563604,3132,112.62572349192475,7.631083362974212,1349,8.391136122661825,1783,0.042968249684736046,3132,2249,27456.82637402759,0.41507024265644954,7.407407407407407
bspline_market_graph,960,extrap_20,12.273691795814218,3132,99.6366496916879,1.757812082168302,1349,10.515879713645912,1783,0.042980176146966295,3132,2426,16710.13947047645,0.44699872286079184,2.5
bspline_market_graph,960,unif_40,6.962264228612157,3132,62.06925930170329,1.3056429078673923,1349,5.656621320744764,1783,0.008693650254117882,3132,1860,7358.194588803412,0.351213282247765,6.265432098765432
bspline_market_graph,960,extrap_40,5.905185371398814,3132,67.57043912425196,0.6254384260060388,1349,5.279746945392775,1783,0.03205466381027501,3132,2170,13990.63301507419,0.5427841634738186,1.4814814814814814
bspline_market_graph,960,unif_80,3.316163622551585,3132,36.35068195147265,0.5082789619362701,1349,2.807884660615316,1783,0.002071533771815277,3132,1443,3143.792277557181,0.6066411238825032,2.8395061728395063
bspline_market_graph,960,extrap_80,4.7406385239863456,3132,56.68495347734598,0.4035064889746592,1349,4.3371320350116855,1783,0.03374353312810691,3132,1981,10999.56135327783,0.7343550446998723,0.37037037037037035
bspline_market_graph,960,unif_100,2.28533083451829,3132,29.755090195527494,0.4257300713320768,1349,1.8596007631862137,1783,0.0017557177137740591,3132,1345,3032.290937404479,0.6066411238825032,0.2777777777777778
bspline_market_graph,960,extrap_100,3.815604074233283,3132,50.18772044983073,0.3320228094478711,1349,3.483581264785412,1783,0.03327215095627273,3132,1919,10466.371029039768,0.8939974457215837,0.43209876543209874
bspline_market_graph,960,unif_200,0.8904036220458608,3132,19.71854253961884,0.17033207393403701,1349,0.7200715481118237,1783,0.0009138770317412607,3132,1048,1581.5514256005076,0.7662835249042146,0.18518518518518517
bspline_market_graph,960,extrap_200,3.136535825978301,3132,44.914728438337896,0.2708647459119465,1349,2.865671080066354,1783,0.03137636582923342,3132,1778,9419.956684972454,0.9578544061302682,0.5246913580246914
bspline_market_graph,960,unif_300,0.8356970609896248,3132,18.000873700366192,0.1517247171840428,1349,0.6839723438055819,1783,0.0007256114313594027,3132,950,1467.6654575845412,0.6385696040868455,0.2777777777777778
bspline_market_graph,960,extrap_300,3.136775693330466,3132,44.9259029820747,0.27116768574996725,1349,2.865608007580499,1783,0.03137714546694848,3132,1778,9422.904199306386,0.9578544061302682,0.5246913580246914
bspline_market_graph,960,unif_500,0.5707960356201343,3132,16.03199412571364,0.13856469397525598,1349,0.4322313416448783,1783,0.0006534030695171025,3132,850,1343.1161110390153,0.70242656449553,0.2777777777777778
bspline_market_graph,960,extrap_500,3.136775693330677,3132,44.925902982074774,0.2711676857499686,1349,2.865608007580709,1783,0.03137714546694749,3132,1778,9422.904199305987,0.9578544061302682,0.5246913580246914
bspline_market_graph,961,unif_2,21.412072504412563,3133,156.35162161026935,7.287731493361793,1357,14.124341011050767,1776,0.0755846124511097,3133,2720,37514.5151377891,0.0,0.0
bspline_market_graph,961,extrap_2,23.337035572634683,3133,164.66278752195797,4.683920613666416,1357,18.653114958968267,1776,0.12162291805421567,3133,2884,42549.30435095324,0.0,1.2345679012345678
bspline_market_graph,961,unif_4,20.792218322373714,3133,157.30169447465858,8.109543702146123,1357,12.682674620227587,1776,0.10400841503880935,3133,2784,51153.11411052151,0.06387735547748323,1.3580246913580247
bspline_market_graph,961,extrap_4,24.234161705839455,3133,159.63264365620486,5.424751212335034,1357,18.809410493504423,1776,0.10588673717866448,3133,2802,42697.863777013816,0.15969338869370808,1.2345679012345678
bspline_market_graph,961,unif_8,19.728112379102758,3133,150.09934367808228,7.0390551097709775,1357,12.689057269331778,1776,0.09250482982983547,3133,2704,42486.15755797768,0.06387735547748323,3.1481481481481484
bspline_market_graph,961,extrap_8,18.260444670616987,3133,147.30902734146838,3.4744984927642206,1357,14.785946177852766,1776,0.18156640694809326,3133,2779,51826.082010304606,0.2235707441711913,2.5
bspline_market_graph,961,unif_10,17.85009717025138,3133,140.8950192414298,9.053439431238953,1357,8.796657739012428,1776,0.07649324225050039,3133,2534,43018.71312194636,0.1916320664324497,5.185185185185185
bspline_market_graph,961,extrap_10,13.450848280585753,3133,120.43167855520474,3.612864815085448,1357,9.837983465500306,1776,0.06707550302889573,3133,2742,29908.94364348615,0.15969338869370808,4.444444444444445
bspline_market_graph,961,unif_20,12.551002353034217,3133,109.21515069718487,5.705324823226616,1357,6.845677529807599,1776,0.0488558752294588,3133,2462,33455.992318724835,0.28744809964867457,7.777777777777778
bspline_market_graph,961,extrap_20,12.067057740605165,3133,100.76964285812407,1.7215405712502994,1357,10.345517169354865,1776,0.03710562960200415,3133,2586,15561.943774661057,0.3832641328648994,4.444444444444445
bspline_market_graph,961,unif_40,5.552149990495733,3133,67.85150766752783,2.284178723856371,1357,3.267971266639363,1776,0.01399538260704148,3133,2177,15160.163935024882,0.15969338869370808,4.41358024691358
bspline_market_graph,961,extrap_40,8.040400084308729,3133,77.02594188380351,0.8943070096827372,1357,7.146093074625991,1776,0.03857658972962929,3133,2448,11695.624910491308,0.5748961992973491,2.932098765432099
bspline_market_graph,961,unif_80,1.541254041917793,3133,37.322745579553796,0.7030310808273974,1357,0.8382229610903955,1776,0.0063167673254080885,3133,1976,6090.946893864871,0.4471414883423826,1.2345679012345678
bspline_market_graph,961,extrap_80,3.810885027402592,3133,56.243647604353015,0.2525052632042053,1357,3.5583797641983868,1776,0.03498315290764332,3133,2178,11062.349723255818,0.415202810603641,1.3580246913580247
bspline_market_graph,961,unif_100,0.9931639256546109,3133,31.88343117903873,0.4646398260602226,1357,0.5285240995943884,1776,0.0047869104465550275,3133,1879,4658.394294867974,0.28744809964867457,1.2037037037037037
bspline_market_graph,961,extrap_100,2.4617404532660356,3133,48.41468525917889,0.21752733888450113,1357,2.244213114381535,1776,0.03222319708980092,3133,2118,9590.372798682456,0.9262216544235069,0.6172839506172839
bspline_market_graph,961,unif_200,0.43648063417069527,3133,21.648109949574483,0.19618141481403079,1357,0.2402992193566646,1776,0.0026939231335038802,3133,1577,3303.7140689866646,0.8623442989460236,1.2654320987654322
bspline_market_graph,961,extrap_200,1.9465945015684314,3133,42.02530310019052,0.08639324104437571,1357,1.8602012605240552,1776,0.03304510978500108,3133,1942,9157.664707894768,1.245608431810923,0.09259259259259259
bspline_market_graph,961,unif_300,0.30504804971599286,3133,17.60190202772313,0.10290030717553776,1357,0.2021477425404551,1776,0.0015100723160226884,3133,1349,1961.5155793872982,0.35132545512615776,0.12345679012345678
bspline_market_graph,961,extrap_300,1.9459078616354122,3133,42.02137113921615,0.08638593662195951,1357,1.859521925013453,1776,0.03304532056988207,3133,1942,9157.524605556879,1.245608431810923,0.09259259259259259
bspline_market_graph,961,unif_500,0.2147242354834019,3133,15.210990024623197,0.07807031642192554,1357,0.13665391906147636,1776,0.0011280488049308982,3133,1220,1681.5928829139402,0.4471414883423826,0.15432098765432098
bspline_market_graph,961,extrap_500,1.945907861635244,3133,42.02137113921567,0.08638593662195933,1357,1.8595219250132846,1776,0.033045320569883324,3133,1942,9157.524605557064,1.245608431810923,0.09259259259259259
bspline_market_graph,962,unif_2,13.553215896327712,3063,117.84227151958889,3.3953092663478137,1359,10.157906629979898,1704,0.047225347008743306,3063,2456,39219.03015625666,0.0,0.0
bspline_market_graph,962,extrap_2,16.968795557158955,3063,156.92520144752882,6.4353307516208424,1359,10.533464805538113,1704,0.3482404550650576,3063,2584,48615.305660238984,0.0,0.0
bspline_market_graph,962,unif_4,14.551779823819407,3063,137.3757812600774,7.441019289641529,1359,7.110760534177876,1704,0.1194322835712669,3063,2531,57169.63465181488,0.06533812479581835,2.3125
bspline_market_graph,962,extrap_4,13.20010612631013,3063,123.49110943303188,3.4270165571889133,1359,9.773089569121218,1704,0.08064892230854095,3063,2528,26127.908657929867,0.0,1.21875
bspline_market_graph,962,unif_8,12.34700286456784,3063,104.2624087450846,6.475874301413229,1359,5.871128563154611,1704,0.055744421238652114,3063,2385,38081.605636766304,0.1960143743874551,3.96875
bspline_market_graph,962,extrap_8,11.181984231583932,3063,107.59215569163104,2.8349504383955506,1359,8.347033793188382,1704,0.0543043632644481,3063,2500,23264.2145295175,0.22868343678536426,5.84375
bspline_market_graph,962,unif_10,20.13248831428323,3063,144.72960531162263,14.44674675683904,1359,5.685741557444187,1704,0.15663968525156488,3063,2254,84735.411222624,0.2613524991832734,6.84375
bspline_market_graph,962,extrap_10,11.25990153176275,3063,107.06267993794043,2.82384140256491,1359,8.436060129197838,1704,0.0496299587020773,3063,2539,27097.533810807876,0.0,4.0
bspline_market_graph,962,unif_20,9.33450552029244,3063,93.29785795592332,4.0196294973330335,1359,5.314876022959407,1704,0.047662019327324175,3063,2105,38516.23293995144,0.1306762495916367,6.09375
bspline_market_graph,962,extrap_20,8.39071130697994,3063,88.41433062442808,1.6191966056601057,1359,6.771514701319834,1704,0.04086524529794991,3063,2339,16556.180859823216,0.22868343678536426,3.9375
bspline_market_graph,962,unif_40,2.9377551505394512,3063,42.704109724154655,0.7672849775275512,1359,2.1704701730118994,1704,0.004048009814518244,3063,1729,6674.336083457414,0.5227049983665468,1.78125
bspline_market_graph,962,extrap_40,5.193389457434086,3063,64.97928348300663,0.8950922959106352,1359,4.29829716152345,1704,0.03337861965469575,3063,2132,12450.588191152665,0.3920287487749102,1.78125
bspline_market_graph,962,unif_80,1.9244772501287721,3063,28.30493163351381,0.4039962384487847,1359,1.5204810116799876,1704,0.002151163056883311,3063,1397,3239.3345591137527,0.29402156158118264,1.15625
bspline_market_graph,962,extrap_80,2.7661121359938203,3063,47.56326527988135,0.4877462684379794,1359,2.2783658675558405,1704,0.029192893602933208,3063,1896,9081.331970700237,0.6207121855602744,0.34375
bspline_market_graph,962,unif_100,1.1067854609594867,3063,24.40845661059975,0.4880485871259708,1359,0.6187368738335155,1704,0.0018031213289200522,3063,1272,2486.648970601766,0.5553740607644561,0.34375
bspline_market_graph,962,extrap_100,2.5696448814834176,3063,47.02310217027595,0.5030868017183291,1359,2.066558079765089,1704,0.03159014214809208,3063,1863,8529.759477789476,0.718719372754002,0.03125
bspline_market_graph,962,unif_200,0.5486115772284715,3063,17.9324030664743,0.2378658651789192,1359,0.31074571204955237,1704,0.000983407038536891,3063,1037,2019.8468076432825,0.6207121855602744,0.0625
bspline_market_graph,962,extrap_200,1.8454115243468356,3063,40.8862141238193,0.40187380582598264,1359,1.443537718520853,1704,0.030732141978765122,3063,1756,8346.96725120557,0.7840574975498203,0.09375
bspline_market_graph,962,unif_300,0.5657248509159009,3063,18.755182126818763,0.35306306158221273,1359,0.21266178933368818,1704,0.0011890420883948075,3063,1021,1901.3662058915916,0.6207121855602744,0.0625
bspline_market_graph,962,extrap_300,1.8454115243468487,3063,40.886214123819606,0.40187380582598325,1359,1.4435377185208653,1704,0.030732141978765157,3063,1756,8346.967251205466,0.7840574975498203,0.09375
bspline_market_graph,962,unif_500,0.5662117888198869,3063,18.328984933145932,0.3825241115199966,1359,0.18368767729989022,1704,0.0012249552136846973,3063,976,1793.559194871284,0.5553740607644561,0.03125
bspline_market_graph,962,extrap_500,1.845411524346931,3063,40.88621412382043,0.401873805825983,1359,1.4435377185209481,1704,0.030732141978766118,3063,1756,8346.967251205795,0.7840574975498203,0.09375
bspline_market_graph,963,unif_2,17.794534873018314,3041,158.7926811777067,10.703861502650776,1351,7.09067337036754,1690,0.1523814064504385,3041,2557,36836.05828015132,0.0,1.2345679012345678
bspline_market_graph,963,extrap_2,16.828482437491367,3041,150.19305898773393,4.029689349036515,1351,12.798793088454852,1690,0.23518827663601066,3041,2631,34868.64965475219,0.0,2.1604938271604937
bspline_market_graph,963,unif_4,12.660266133235808,3041,114.93640974806684,4.470553580719304,1351,8.189712552516504,1690,0.0567764542276019,3041,2387,26390.236288955202,0.0,0.0
bspline_market_graph,963,extrap_4,14.079918058655666,3041,132.5909055096421,2.829585521591896,1351,11.250332537063768,1690,0.15118604200522218,3041,2477,30998.81001288195,0.0,0.6172839506172839
bspline_market_graph,963,unif_8,11.83311637095299,3041,106.5487759146292,3.3888652473771126,1351,8.444251123575876,1690,0.06043372738307849,3041,2192,24027.739194140602,0.0,1.8209876543209877
bspline_market_graph,963,extrap_8,10.094407649171027,3041,104.00427172383333,2.715792657700425,1351,7.378614991470601,1690,0.07609435709644016,3041,2474,26387.039024023306,0.8549819138441302,0.37037037037037035
bspline_market_graph,963,unif_10,16.751235688728126,3041,125.18431373020476,10.470457690895728,1351,6.280777997832398,1690,0.1074183504468263,3041,2215,56768.48708570489,0.1644195988161789,4.197530864197531
bspline_market_graph,963,extrap_10,9.303375398944148,3041,95.50903998265478,1.8770897594301565,1351,7.42628563951399,1690,0.10967404876076897,3041,2280,31754.722062002715,0.06576783952647156,1.1111111111111112
bspline_market_graph,963,unif_20,8.980220130148103,3041,78.03019544390916,3.877889414424722,1351,5.10233071572338,1690,0.03490440697114514,3041,1975,23789.030403221055,0.09865175928970733,3.302469135802469
bspline_market_graph,963,extrap_20,8.679075042766486,3041,84.60108580439237,2.0772569634979345,1351,6.6018180792685515,1690,0.043513021526756325,3041,2283,12480.740201857554,0.5590266359750082,1.6049382716049383
bspline_market_graph,963,unif_40,4.549738379098317,3041,49.17685016744685,2.719014151870527,1351,1.8307242272277897,1690,0.026564535467487684,3041,1624,16971.273180329208,0.7234462347911871,3.6419753086419755
bspline_market_graph,963,extrap_40,3.5376495306376428,3041,53.47537224615264,0.4702940997240165,1351,3.0673554309136266,1690,0.035086055499900695,3041,1947,9486.945616339195,0.5261427162117724,1.8209876543209877
bspline_market_graph,963,unif_80,1.1208694095003688,3041,27.13049887527371,0.5385344133952381,1351,0.5823349961051305,1690,0.0023710682380687007,3041,1373,4145.617987284879,0.7234462347911871,0.5246913580246914
bspline_market_graph,963,extrap_80,2.0790993387944976,3041,41.91565780625073,0.17708544264343284,1351,1.902013896151065,1690,0.03050168458603742,3041,1808,7341.276320798113,0.9207497533706018,0.24691358024691357
bspline_market_graph,963,unif_100,0.719692601531747,3041,21.16737941504029,0.5641233719703477,1351,0.15556922956139924,1690,0.0018778482119197705,3041,1208,1960.4379795989125,0.591910555738244,0.24691358024691357
bspline_market_graph,963,extrap_100,1.6586539374533498,3041,38.43647075977648,0.16683508614832998,1351,1.4918188513050201,1690,0.03162501234780622,3041,1797,6631.902882311288,1.5784281486353173,0.0
bspline_market_graph,963,unif_200,0.2635510120238538,3041,15.116600437389994,0.18353951161169618,1351,0.0800115004121576,1690,0.0009587230824674289,3041,1020,1461.3111917645663,0.591910555738244,0.43209876543209874
bspline_market_graph,963,extrap_200,1.132521561266234,3041,34.73763743693911,0.11693956391071286,1351,1.0155819973555211,1690,0.03177530034727434,3041,1724,6451.4247577418755,1.5784281486353173,0.12345679012345678
bspline_market_graph,963,unif_300,0.26265032879845096,3041,15.005902588127897,0.19087790315995645,1351,0.07177242563849456,1690,0.00100297567280151,3041,969,1340.6055067280104,0.49325879644853665,0.030864197530864196
bspline_market_graph,963,extrap_300,1.1325215612661739,3041,34.73763743693862,0.11693956391071249,1351,1.0155819973554616,1690,0.03177530034727377,3041,1724,6451.424757741706,1.5784281486353173,0.12345679012345678
bspline_market_graph,963,unif_500,0.24385518972151765,3041,14.514383798070142,0.17761738576377656,1351,0.06623780395774105,1690,0.0009341435656221801,3041,916,1316.3590735983757,0.6576783952647156,0.030864197530864196
bspline_market_graph,963,extrap_500,1.1325215612662147,3041,34.737637436938954,0.116939563910713,1351,1.0155819973555018,1690,0.03177530034727372,3041,1724,6451.424757741501,1.5784281486353173,0.12345679012345678
bspline_market_graph,964,unif_2,17.89426751223909,3070,164.38041914098022,7.455430224139988,1348,10.4388372880991,1722,0.402700552807679,3070,2747,106341.37807030007,0.06516780710329098,0.0
bspline_market_graph,964,extrap_2,18.41520071718491,3070,162.25798412162726,3.8466968719576364,1348,14.568503845227275,1722,0.2260004349030627,3070,2797,41132.33306406281,0.03258390355164549,1.2195121951219512
bspline_market_graph,964,unif_4,16.473005346429343,3070,135.02142944449957,5.458726200426987,1348,11.014279146002353,1722,0.11968991005377885,3070,2528,65026.06154796313,0.22808732486151842,2.4390243902439024
bspline_market_graph,964,extrap_4,16.24413771220177,3070,138.1032124267266,3.1588794151536934,1348,13.08525829704808,1722,0.12413282154878386,3070,2633,35509.78563425847,0.0,0.7317073170731707
bspline_market_graph,964,unif_8,14.219659218768713,3070,119.32023658144108,4.366456148449758,1348,9.853203070318957,1722,0.10673635798026952,3070,2516,49935.74618654092,0.06516780710329098,3.1402439024390243
bspline_market_graph,964,extrap_8,12.561805212830954,3070,121.7988182060764,2.963130311775539,1348,9.598674901055416,1722,0.12218627181870563,3070,2682,44727.62145572594,0.13033561420658196,0.9451219512195121
bspline_market_graph,964,unif_10,14.953730670637333,3070,124.39919710576667,8.463761138277473,1348,6.48996953235986,1722,0.06587655741579773,3070,2447,39883.44787326304,0.0,3.323170731707317
bspline_market_graph,964,extrap_10,10.630387520022797,3070,101.2434847601364,1.7308660249942305,1348,8.899521495028566,1722,0.05232188053142596,3070,2552,17732.580595400133,0.35842293906810035,2.1036585365853657
bspline_market_graph,964,unif_20,10.703409794367149,3070,89.43827460708975,2.0375596457100285,1348,8.665850148657121,1722,0.02203565397049554,3070,2298,19183.11460250519,0.06516780710329098,3.7195121951219514
bspline_market_graph,964,extrap_20,9.469624414146244,3070,87.92534086405696,1.4899098065719463,1348,7.979714607574297,1722,0.0401590016414686,3070,2458,14196.281058699951,0.9449332029977191,2.682926829268293
bspline_market_graph,964,unif_40,5.935248409312376,3070,62.81945130945561,2.3280120612938804,1348,3.6072363480184944,1722,0.013585778584762393,3070,1986,9126.425425604968,0.03258390355164549,2.1646341463414633
bspline_market_graph,964,extrap_40,5.327784977547453,3070,66.56053580511548,0.4684188287258908,1348,4.859366148821563,1722,0.03583801760628916,3070,2301,11878.73177517147,0.9123492994460737,0.36585365853658536
bspline_market_graph,964,unif_80,2.0056300008398447,3070,36.26352566015225,0.805116986341239,1348,1.2005130144986056,1722,0.005598444900241917,3070,1688,3424.7644608799174,0.16291951775822744,1.25
bspline_market_graph,964,extrap_80,2.764533106120483,3070,49.958007736526675,0.2422543520506981,1348,2.5222787540697853,1722,0.032124560048543464,3070,2083,9348.484367900297,1.466275659824047,0.9451219512195121
bspline_market_graph,964,unif_100,0.9721246908747062,3070,26.46453389015941,0.3016900947852881,1348,0.6704345960894181,1722,0.0033275353881490367,3070,1477,2306.346517806126,0.4235907461713913,0.36585365853658536
bspline_market_graph,964,extrap_100,2.6303168738974283,3070,46.677114576764794,0.2274025660715996,1348,2.402914307825829,1722,0.03184086907577682,3070,1990,9052.283710482036,1.1078527207559465,0.6402439024390244
bspline_market_graph,964,unif_200,0.6957656177959505,3070,20.848320221096948,0.4009910918606045,1348,0.29477452593534603,1722,0.002706572108338204,3070,1141,1717.1871762125274,0.19550342130987292,0.975609756097561
bspline_market_graph,964,extrap_200,1.9415122089018135,3070,42.39938358300916,0.16085875885223097,1348,1.7806534500495825,1722,0.03308083653750781,3070,1929,8550.864391165158,1.6943629846855652,0.5182926829268293
bspline_market_graph,964,unif_300,0.6517368681682694,3070,19.17110179057163,0.3576186617381803,1348,0.29411820643008924,1722,0.0020364034040014924,3070,1065,1611.7881826171279,0.39100684261974583,0.03048780487804878
bspline_market_graph,964,extrap_300,1.9415122089016565,3070,42.399383583008174,0.1608587588522325,1348,1.7806534500494242,1722,0.03308083653750599,3070,1929,8550.864391164592,1.6943629846855652,0.5182926829268293
bspline_market_graph,964,unif_500,0.5775174336655284,3070,17.578942000474996,0.317512089392258,1348,0.2600053442732704,1722,0.0017533876040150887,3070,978,1512.273566076795,0.3258390355164549,0.0
bspline_market_graph,964,extrap_500,1.9415122089016836,3070,42.399383583008444,0.16085875885223208,1348,1.7806534500494513,1722,0.03308083653750657,3070,1929,8550.864391164796,1.6943629846855652,0.5182926829268293
bspline_market_graph,965,unif_2,20.5756579119538,3062,173.38827795552652,8.668741351894353,1281,11.906916560059452,1781,0.22503874859392356,3062,2874,76238.04107471838,0.13063357282821686,2.4390243902439024
bspline_market_graph,965,extrap_2,25.414386934819873,3062,195.2205113705191,3.973577630839231,1281,21.440809303980643,1781,0.4422213846696223,3062,2925,46841.35999680332,1.7308948399738733,0.0
bspline_market_graph,965,unif_4,17.948975256975846,3062,146.4876852102375,5.005593022782507,1281,12.94338223419334,1781,0.14070895769325178,3062,2703,54003.44500899788,0.0,1.2195121951219512
bspline_market_graph,965,extrap_4,18.885958342378203,3062,142.9769762538298,3.2941034638154725,1281,15.591854878562728,1781,0.09333398740295097,3062,2727,39964.56190411003,0.09797517962116264,0.0
bspline_market_graph,965,unif_8,15.303223511829856,3062,130.13522926138546,4.905129589884103,1281,10.398093921945755,1781,0.06428948715206045,3062,2544,40276.33371656223,0.06531678641410843,0.9451219512195121
bspline_market_graph,965,extrap_8,16.132717922403348,3062,131.64195107185617,2.9603857101933486,1281,13.172332212210002,1781,0.15325842478684595,3062,2698,63446.5965822688,0.29392553886348793,1.0975609756097562
bspline_market_graph,965,unif_10,16.960514339999737,3062,139.29898167594558,8.388714978396141,1281,8.571799361603597,1781,0.12585459327274975,3062,2650,45522.714186181816,0.0,4.2073170731707314
bspline_market_graph,965,extrap_10,14.1880256361275,3062,118.93558024350669,2.148764555181895,1281,12.039261080945604,1781,0.0917335286236844,3062,2663,43419.46925898337,0.0,0.5792682926829268
bspline_market_graph,965,unif_20,10.845991608386807,3062,97.53469145023234,2.584195829645272,1281,8.261795778741536,1781,0.0346768831340242,3062,2385,26424.637639301374,0.06531678641410843,3.4451219512195124
bspline_market_graph,965,extrap_20,11.505846562833426,3062,100.90170241370248,1.484011567330965,1281,10.021834995502461,1781,0.04893504440742833,3062,2600,20166.29047417172,0.35924232527759636,0.823170731707317
bspline_market_graph,965,unif_40,5.29607214862886,3062,61.6506258636979,1.3835745426092625,1281,3.912497606019598,1781,0.012984717880594205,3062,2090,13940.165426420088,0.32658393207054215,2.073170731707317
bspline_market_graph,965,extrap_40,6.752721854422561,3062,76.54700607662423,0.7596596252342054,1281,5.993062229188356,1781,0.04977830245274854,3062,2366,14286.972632423922,0.914435009797518,2.2865853658536586
bspline_market_graph,965,unif_80,2.200673757370563,3062,37.163718694152095,0.6073545812858727,1281,1.5933191760846903,1781,0.0052925564370117795,3062,1769,4481.383086237999,0.35924232527759636,1.25
bspline_market_graph,965,extrap_80,3.857685222614565,3062,57.98469558831411,0.4786366942805909,1281,3.3790485283339744,1781,0.04704368231241998,3062,2232,12704.062925097727,1.2083605486610058,0.8841463414634146
bspline_market_graph,965,unif_100,1.7118306556944591,3062,33.68844229385279,0.5536737554679031,1281,1.158156900226556,1781,0.004947165682169682,3062,1669,4828.57131447728,0.5551926845199217,0.0
bspline_market_graph,965,extrap_100,3.2535592681187873,3062,52.44617126905797,0.43611931619467287,1281,2.8174399519241144,1781,0.045537174176534044,3062,2151,11587.973747933807,1.5022860875244939,2.5609756097560976
bspline_market_graph,965,unif_200,1.6615483675850413,3062,29.635288300606973,0.923082173978803,1281,0.7384661936062381,1781,0.004384874850773057,3062,1492,3356.357239733641,0.32658393207054215,0.0
bspline_market_graph,965,extrap_200,2.8118465640872468,3062,47.40314003184469,0.3646783013580788,1281,2.447168262729168,1781,0.04404254358254351,3062,2043,11185.348062029321,1.8941868060091442,0.03048780487804878
bspline_market_graph,965,unif_300,1.2058505972155698,3062,25.200444725525415,0.6047647694849857,1281,0.6010858277305839,1781,0.0030743422064890224,3062,1387,2913.768462692841,0.457217504898759,0.0
bspline_market_graph,965,extrap_300,2.811846564087366,3062,47.40314003184451,0.36467830135807955,1281,2.4471682627292872,1781,0.044042543582542275,3062,2043,11185.348062029345,1.8941868060091442,0.03048780487804878
bspline_market_graph,965,unif_500,1.0348675961267924,3062,23.31133517588739,0.5136535255098349,1281,0.5212140706169576,1781,0.002592034882110862,3062,1302,2702.462838548464,0.457217504898759,0.0
bspline_market_graph,965,extrap_500,2.8118465640872365,3062,47.40314003184413,0.3646783013580802,1281,2.447168262729156,1781,0.044042543582542795,3062,2043,11185.348062028941,1.8941868060091442,0.03048780487804878
bspline_market_graph,966,unif_2,35.27523859764635,3113,220.7239488026005,11.254195015434357,1487,24.021043582212,1626,0.9579688750841813,3113,2870,57865.84250608746,0.0,2.4390243902439024
bspline_market_graph,966,extrap_2,29.268843032889293,3113,201.43855479046738,5.499053545188475,1487,23.76978948770082,1626,0.2939926451597836,3113,3016,51812.3467040427,0.41760359781561196,0.0
bspline_market_graph,966,unif_4,22.334699563862294,3113,163.81031296556574,8.548106711665119,1487,13.786592852197174,1626,0.11779665605349031,3113,2808,78954.57037880151,0.09637006103437198,3.658536585365854
bspline_market_graph,966,extrap_4,26.890373333491365,3113,181.5188894062125,4.779951366703802,1487,22.110421966787563,1626,0.23625536871376843,3113,2980,38270.151134477,0.9637006103437199,0.06097560975609756
bspline_market_graph,966,unif_8,21.993874184215645,3113,148.94912234621034,6.552843159890308,1487,15.441031024325342,1626,0.08007005132554422,3113,2675,40794.67246645798,0.12849341471249598,0.5487804878048781
bspline_market_graph,966,extrap_8,21.729316477524566,3113,145.2160939377547,3.6459142955499413,1487,18.08340218197463,1626,0.10111683285642883,3113,2774,24391.553950767346,0.6745904272406039,4.085365853658536
bspline_market_graph,966,unif_10,23.528455123197585,3113,159.56667959086687,12.05371521832094,1487,11.474739904876648,1626,0.11602344790739952,3113,2609,65376.17192499682,0.25698682942499196,3.3841463414634148
bspline_market_graph,966,extrap_10,22.319869289543792,3113,152.39751882624637,4.385925986672053,1487,17.933943302871743,1626,0.1277346293794583,3113,2755,70885.83775652022,0.032123353678123995,4.603658536585366
bspline_market_graph,966,unif_20,17.55777883685648,3113,117.99766023277601,5.006394495221354,1487,12.551384341635126,1626,0.06578056859776014,3113,2463,45452.288728659514,0.289110183103116,5.4573170731707314
bspline_market_graph,966,extrap_20,16.75237400931192,3113,119.61310000900112,2.401033463665703,1487,14.351340545646222,1626,0.06633154837406297,3113,2678,43198.20304215397,0.38548024413748794,2.591463414634146
bspline_market_graph,966,unif_40,9.24578651749644,3113,79.19483816220968,3.154702112977037,1487,6.0910844045194015,1626,0.02414520135340055,3113,2335,17236.345237288457,0.48185030517185995,3.3536585365853657
bspline_market_graph,966,extrap_40,9.166502340930613,3113,80.09337100130068,0.871946903986673,1487,8.29455543694394,1626,0.03518151458079827,3113,2534,18641.395720795146,0.8673305493093479,3.5365853658536586
bspline_market_graph,966,unif_80,4.0371397796740105,3113,45.49059701189004,1.015970219334306,1487,3.021169560339705,1626,0.007731326334971363,3113,1944,7908.808694637155,0.289110183103116,3.3841463414634148
bspline_market_graph,966,extrap_80,4.654383563354077,3113,58.508649384113596,0.33428363889975343,1487,4.320099924454323,1626,0.03265861960474212,3113,2279,16389.06078480177,0.6424670735624799,1.920731707317073
bspline_market_graph,966,unif_100,1.6205637010655802,3113,30.65775643066457,0.4523241228275592,1487,1.1682395782380208,1626,0.00535932718584955,3113,1804,4455.6090802911585,0.35335689045936397,1.7073170731707317
bspline_market_graph,966,extrap_100,4.022612262480915,3113,53.75582551984364,0.3021581722728842,1487,3.7204540902080305,1626,0.03510008125278942,3113,2229,14384.336840392778,1.2528107934468358,0.39634146341463417
bspline_market_graph,966,unif_200,0.8141434332604593,3113,23.221768021971798,0.29288646171220917,1487,0.5212569715482501,1626,0.003759414955416428,3113,1507,3774.176324086818,0.578220366206232,0.975609756097561
bspline_market_graph,966,extrap_200,3.069848955626428,3113,46.949177457088894,0.13409355515901739,1487,2.9357554004674107,1626,0.03560437114488387,3113,2087,13370.979357940936,0.9315772566655959,0.06097560975609756
bspline_market_graph,966,unif_300,0.5386335886320676,3113,19.232526840274268,0.21154040340957497,1487,0.32709318522249264,1626,0.0027356651688751985,3113,1357,3106.7555693511035,0.578220366206232,0.39634146341463417
bspline_market_graph,966,extrap_300,3.0698489556265036,3113,46.94917745708969,0.13409355515901733,1487,2.9357554004674866,1626,0.03560437114488439,3113,2087,13370.979357941123,0.9315772566655959,0.06097560975609756
bspline_market_graph,966,unif_500,0.4499186601467998,3113,17.666245892550208,0.18750695455330454,1487,0.26241170559349525,1626,0.002393994158965354,3113,1301,2937.89337314549,0.6424670735624799,0.36585365853658536
bspline_market_graph,966,extrap_500,3.0698489556264303,3113,46.94917745708915,0.13409355515901739,1487,2.9357554004674133,1626,0.03560437114488415,3113,2087,13370.979357941233,0.9315772566655959,0.06097560975609756
bspline_pca_graph,957,unif_2,24.56026771885577,3107,173.3420837669453,15.988449842362215,1427,8.571817876493554,1680,0.1947808752645096,3107,2666,82858.34564875772,0.0,1.2345679012345678
bspline_pca_graph,957,extrap_2,21.488158072515386,3107,162.40193290616804,7.24817729769779,1427,14.2399807748176,1680,0.12825849353207167,3107,2762,54175.45571502021,0.0,0.0
bspline_pca_graph,957,unif_4,39.329658572117744,3107,195.54905956872494,29.20252762665534,1427,10.127130945462396,1680,0.15399210261638682,3107,2690,56193.916586443556,0.0321853878339234,8.641975308641975
bspline_pca_graph,957,extrap_4,22.633425946828417,3107,178.3953711826456,7.750112934526241,1427,14.883313012302176,1680,0.2112174872941114,3107,2772,52413.34188851522,0.0965561635017702,2.4691358024691357
bspline_pca_graph,957,unif_8,14.229167508852354,3107,130.07082124045797,7.458415969081172,1427,6.770751539771184,1680,0.15934302225896851,3107,2484,65115.072212408806,0.0321853878339234,3.1790123456790123
bspline_pca_graph,957,extrap_8,15.679462546169997,3107,138.0603246222944,5.080334256308009,1427,10.599128289861989,1680,0.10853330412225282,3107,2670,33930.70814832206,0.160926939169617,2.623456790123457
bspline_pca_graph,957,unif_10,16.374664611689905,3107,123.89606522144948,6.642014530101399,1427,9.732650081588508,1680,0.04800415805287564,3107,2493,37957.66678214071,0.0,5.493827160493828
bspline_pca_graph,957,extrap_10,16.971806838098,3107,140.30497787431116,6.832494813966199,1427,10.139312024131804,1680,0.07204663708693099,3107,2661,28637.039582535162,0.1931123270035404,6.820987654320987
bspline_pca_graph,957,unif_20,17.22670244400702,3107,118.216790542556,12.537287192051165,1427,4.689415251955855,1680,0.050939747002782046,3107,2403,27950.88293332854,0.2252977148374638,6.697530864197531
bspline_pca_graph,957,extrap_20,13.149030889684353,3107,119.71621917082463,4.4201712661204935,1427,8.728859623563858,1680,0.06504851039678615,3107,2539,22622.1558058732,0.1287415513356936,4.537037037037037
bspline_pca_graph,957,unif_40,9.067060588643198,3107,86.7650291806579,5.610385566589639,1427,3.4566750220535583,1680,0.025558430601447076,3107,2205,13890.234394140258,0.321853878339234,5.58641975308642
bspline_pca_graph,957,extrap_40,8.08709114648206,3107,90.75480206385923,1.9765503431436062,1427,6.110540803338453,1680,0.051591860170005915,3107,2425,14479.155412904134,0.28966849050531057,2.5617283950617282
bspline_pca_graph,957,unif_80,2.1953759600949305,3107,45.569378168700865,1.4506633904203259,1427,0.7447125696746046,1680,0.014596424914585713,3107,1943,8910.592362441352,0.5793369810106211,1.1728395061728396
bspline_pca_graph,957,extrap_80,4.425885889974643,3107,66.4409171382413,1.2379393571165433,1427,3.1879465328581,1680,0.03305202217740907,3107,2256,12649.524799346505,0.2574831026713872,0.24691358024691357
bspline_pca_graph,957,unif_100,2.0479385840862205,3107,42.801805362160486,1.27600180366354,1427,0.7719367804226804,1680,0.01246530800869524,3107,1903,6151.079221686418,0.6115223688445446,1.0802469135802468
bspline_pca_graph,957,extrap_100,3.913548052940188,3107,64.27996060318932,1.3579297273755706,1427,2.5556183255646174,1680,0.03277656305379181,3107,2197,15138.714495686858,0.6758931445123914,0.5864197530864198
bspline_pca_graph,957,unif_200,1.4265030858489005,3107,34.934588162916285,0.9964659381146577,1427,0.43003714773424256,1680,0.00885941657043119,3107,1715,5032.586576684555,0.5793369810106211,0.030864197530864196
bspline_pca_graph,957,extrap_200,2.6962440149297557,3107,54.12851740113734,0.809072212871863,1427,1.8871718020578931,1680,0.0298679732856728,3107,2115,11224.766311598833,0.7080785323463148,0.0
bspline_pca_graph,957,unif_300,1.1585732289858788,3107,31.0788225447254,0.8625634021510559,1427,0.2960098268348229,1680,0.00737399797410055,3107,1587,4473.783804375888,0.5149662053427744,0.09259259259259259
bspline_pca_graph,957,extrap_300,2.6912751635320844,3107,54.066164978486405,0.8086229700147118,1427,1.8826521935173726,1680,0.029867699434196968,3107,2115,11224.98016227677,0.7080785323463148,0.0
bspline_pca_graph,957,unif_500,1.0300866309476688,3107,29.218807557539648,0.7762915510611252,1427,0.25379507988654354,1680,0.006472342943386293,3107,1502,4226.47170753566,0.482780817508851,0.0
bspline_pca_graph,957,extrap_500,2.6912751635317957,3107,54.066164978486114,0.8086229700147113,1427,1.8826521935170843,1680,0.02986769943419801,3107,2115,11224.980162277141,0.7080785323463148,0.0
bspline_pca_graph,958,unif_2,18.95312061874407,3169,168.57327936315096,7.609229217234885,1450,11.343891401509184,1719,0.34486436393771713,3169,2734,41075.065479847784,1.104449353108236,0.0
bspline_pca_graph,958,extrap_2,24.012536995734234,3169,162.65908123445024,6.56355392339636,1450,17.448983072337867,1719,0.13121109900280598,3169,2711,56801.28290934376,0.347112653834017,1.25
bspline_pca_graph,958,unif_4,21.87856873980367,3169,158.66527520535192,7.3791757502958,1450,14.49939298950787,1719,0.14647638979905994,3169,2669,66795.29084364043,0.0,4.75
bspline_pca_graph,958,extrap_4,18.792667729634356,3169,143.8127831246687,4.445410469969771,1450,14.347257259664588,1719,0.10852419089016789,3169,2712,41944.862441220765,0.0,1.25
bspline_pca_graph,958,unif_8,17.965224096866514,3169,139.37834349282295,8.048414899777796,1450,9.916809197088718,1719,0.08513786499621168,3169,2652,48330.32895283833,0.0,3.3125
bspline_pca_graph,958,extrap_8,16.612533351769766,3169,131.10312226469958,4.342690922631488,1450,12.269842429138277,1719,0.09431016283310216,3169,2604,50508.88350854053,0.06311139160618491,3.21875
bspline_pca_graph,958,unif_10,19.51406810746941,3169,131.83197882163304,10.908862116553468,1450,8.605205990915945,1719,0.05489447321932215,3169,2586,35240.331218392945,0.3155569580309246,6.375
bspline_pca_graph,958,extrap_10,15.948514947439968,3169,122.21018484281808,5.431340029213084,1450,10.517174918226884,1719,0.059442139508221,3169,2639,42435.35661816347,0.0,2.0
bspline_pca_graph,958,unif_20,10.597671480599368,3169,101.54453544976707,4.668960385228171,1450,5.928711095371199,1719,0.03794504423162316,3169,2412,18743.90448920808,0.12622278321236982,5.4375
bspline_pca_graph,958,extrap_20,12.240177870107017,3169,105.92085750553562,2.637148098180568,1450,9.603029771926447,1719,0.06326570979087007,3169,2589,19603.137304292228,0.25244556642473964,4.8125
bspline_pca_graph,958,unif_40,10.999387735498887,3169,79.10556085978843,4.102650556240679,1450,6.896737179258208,1719,0.015302894693039798,3169,2095,11037.790598290248,0.3786683496371095,2.84375
bspline_pca_graph,958,extrap_40,5.759227744121246,3169,72.29385428381681,1.1234811787743684,1450,4.635746565346878,1719,0.04879581943476372,3169,2385,13568.419402330863,0.4417797412432944,3.28125
bspline_pca_graph,958,unif_80,3.254384656821667,3169,40.937216476812495,1.3214875631077403,1450,1.9328970937139267,1719,0.005922152099662776,3169,1746,5023.55928884598,0.3786683496371095,2.1875
bspline_pca_graph,958,extrap_80,2.593177179524188,3169,52.255385056309784,0.5313750953015872,1450,2.0618020842226006,1719,0.04511918441634552,3169,2124,14346.041528568743,1.167560744714421,1.0
bspline_pca_graph,958,unif_100,2.3062932608160427,3169,36.699949628454526,0.9743595717630031,1450,1.331933689053039,1719,0.005406973828382039,3169,1746,4107.24244753642,0.5995582202587567,2.75
bspline_pca_graph,958,extrap_100,2.3615721861175434,3169,48.84164955950909,0.41646375715389106,1450,1.9451084289636524,1719,0.04345514947875794,3169,2054,12532.575153665937,1.2937835279267909,1.375
bspline_pca_graph,958,unif_200,1.6864270609617806,3169,28.083710613566268,0.5702191695069475,1450,1.116207891454833,1719,0.003835528322541172,3169,1447,3189.280560621897,0.5048911328494793,2.15625
bspline_pca_graph,958,extrap_200,1.7973709827891764,3169,42.92527804088662,0.31212511046677616,1450,1.4852458723224,1719,0.04172401051105445,3169,1947,11545.140936313253,1.451562006942253,0.625
bspline_pca_graph,958,unif_300,0.748238183358066,3169,21.95508974383415,0.36776190854709356,1450,0.38047627481097246,1719,0.0029745574949044144,3169,1325,2717.3991908642424,0.694225307668034,0.1875
bspline_pca_graph,958,extrap_300,1.7941344329662203,3169,42.839463624277,0.3096702831492028,1450,1.4844641498170177,1719,0.04167539012917941,3169,1944,11523.110941007963,1.451562006942253,0.625
bspline_pca_graph,958,unif_500,0.6535027668888882,3169,20.216795568354268,0.2974848329007666,1450,0.3560179339881216,1719,0.00242557369125552,3169,1232,2437.6609684572954,0.5048911328494793,0.125
bspline_pca_graph,958,extrap_500,1.7941344329662088,3169,42.8394636242769,0.3096702831492031,1450,1.484464149817006,1719,0.04167539012917869,3169,1944,11523.11094100813,1.451562006942253,0.625
bspline_pca_graph,959,unif_2,41.213084350017475,3144,235.0859460060597,18.75545587971844,1402,22.457628470299035,1742,1.4832719600497795,3144,2802,62903.03458257243,0.0,0.0
bspline_pca_graph,959,extrap_2,25.27003372317057,3144,193.576517856152,6.504096774334167,1402,18.765936948836405,1742,0.27045708526576495,3144,2889,38087.837515434076,0.5089058524173028,0.0
bspline_pca_graph,959,unif_4,23.134085730266357,3144,164.07000547935445,10.012362697712089,1402,13.121723032554272,1742,0.17291014599993554,3144,2695,84557.32043068144,0.0,4.938271604938271
bspline_pca_graph,959,extrap_4,21.588417903173887,3144,172.11270517883628,6.507910975512004,1402,15.080506927661883,1742,0.18702050512330343,3144,2880,45703.132325780076,0.3816793893129771,4.2592592592592595
bspline_pca_graph,959,unif_8,15.696638168971901,3144,133.70216100503046,8.590207337980136,1402,7.106430830991767,1742,0.07720765394241688,3144,2540,77214.05918422749,0.031806615776081425,1.9135802469135803
bspline_pca_graph,959,extrap_8,17.24244319158453,3144,137.6972894282892,3.1307033827531883,1402,14.111739808831341,1742,0.10689674096954388,3144,2784,40507.128411888814,0.31806615776081426,0.4012345679012346
bspline_pca_graph,959,unif_10,19.77887849693041,3144,133.15349128279163,7.155673009436481,1402,12.623205487493925,1742,0.06131723718068026,3144,2497,31654.589989858374,0.06361323155216285,2.5308641975308643
bspline_pca_graph,959,extrap_10,16.29324513006987,3144,124.99629570035866,4.127279921419304,1402,12.165965208650565,1742,0.05686723280424666,3144,2723,32914.683603896614,0.09541984732824428,3.580246913580247
bspline_pca_graph,959,unif_20,15.882156298298415,3144,106.85346967680718,8.116802717137357,1402,7.765353581161059,1742,0.06407471462130201,3144,2447,78344.35207998149,0.19083969465648856,3.611111111111111
bspline_pca_graph,959,extrap_20,10.677005149266616,3144,104.17676166900685,1.9310328782322723,1402,8.745972271034343,1742,0.04447814153474245,3144,2669,20431.649879477656,0.22264631043256997,3.425925925925926
bspline_pca_graph,959,unif_40,6.862277117583496,3144,68.39197433008013,1.877721332068435,1402,4.98455578551506,1742,0.011851947851281438,3144,2301,8519.462471123214,0.2544529262086514,2.993827160493827
bspline_pca_graph,959,extrap_40,6.248632318609893,3144,79.66492029026935,0.6860154813329564,1402,5.562616837276937,1742,0.037911910949163914,3144,2605,18637.295477128457,0.31806615776081426,4.691358024691358
bspline_pca_graph,959,unif_80,1.7775648654082925,3144,39.09997548566408,0.9934448198589398,1402,0.7841200455493526,1742,0.008993012821722223,3144,2038,5048.405016682656,0.6043256997455471,1.7592592592592593
bspline_pca_graph,959,extrap_80,3.2521357064352254,3144,59.60813689504539,0.4184292543115869,1402,2.833706452123639,1742,0.03609326070327622,3144,2399,11637.298982235396,0.8269720101781171,2.5
bspline_pca_graph,959,unif_100,1.347375054444033,3144,35.44881292060333,0.6403400533356248,1402,0.7070350011084082,1742,0.0070001966807618455,3144,2035,4601.414665516936,0.6043256997455471,0.49382716049382713
bspline_pca_graph,959,extrap_100,3.089656181308123,3144,57.098788543030544,0.3932969219031863,1402,2.6963592594049364,1742,0.03589657348168643,3144,2344,11564.807946760695,1.0178117048346056,2.4691358024691357
bspline_pca_graph,959,unif_200,0.6644246409736819,3144,27.690700928311543,0.3083350864903678,1402,0.3560895544833143,1742,0.004855843262153149,3144,1778,3730.923282119904,0.7951653944020356,2.5308641975308643
bspline_pca_graph,959,extrap_200,2.295700070056882,3144,48.94318785370073,0.2756918197978397,1402,2.020008250259042,1742,0.0300385170435101,3144,2182,10614.771872842452,1.1450381679389312,2.5925925925925926
bspline_pca_graph,959,unif_300,0.522141908930675,3144,24.301299371628097,0.24135399523902346,1402,0.2807879136916516,1742,0.0036721027929941417,3144,1637,2687.172682564368,0.6043256997455471,2.4691358024691357
bspline_pca_graph,959,extrap_300,2.2880169139580504,3144,48.80498206571379,0.2755972203489807,1402,2.0124196936090692,1742,0.030034794123598035,3144,2183,10395.024967917916,1.1450381679389312,2.5925925925925926
bspline_pca_graph,959,unif_500,0.48825139118499633,3144,23.0296088992497,0.22535670649997852,1402,0.2628946846850178,1742,0.003081215474123075,3144,1531,2467.1588956591854,0.8269720101781171,2.4691358024691357
bspline_pca_graph,959,extrap_500,2.288016913958029,3144,48.80498206571356,0.27559722034898104,1402,2.012419693609048,1742,0.03003479412359845,3144,2183,10395.024967917769,1.1450381679389312,2.5925925925925926
bspline_pca_graph,960,unif_2,22.484983010423406,3132,149.09153551759306,7.89569932245831,1349,14.589283687965093,1783,0.0735905345810913,3132,2660,26725.219373255226,0.1277139208173691,0.0
bspline_pca_graph,960,extrap_2,26.75563802053599,3132,198.34123869263095,6.038619591782529,1349,20.717018428753462,1783,0.5770853727863509,3132,2923,41033.79003755584,0.22349936143039592,0.0
bspline_pca_graph,960,unif_4,19.075233955176987,3132,151.25509829160876,4.09577456786044,1349,14.979459387316547,1783,0.2735765518596134,3132,2656,72010.99001275926,0.0,2.037037037037037
bspline_pca_graph,960,extrap_4,17.2583763134393,3132,132.53100186696744,2.9239763131865995,1349,14.3344000002527,1783,0.08536636819614485,3132,2728,35696.89655024184,0.0,0.06172839506172839
bspline_pca_graph,960,unif_8,21.60470300862285,3132,143.2594775365485,10.396659607194808,1349,11.208043401428043,1783,0.06845595591929277,3132,2479,43607.73871554817,0.031928480204342274,3.117283950617284
bspline_pca_graph,960,extrap_8,18.690830682746736,3132,141.1593075765265,3.222623404002852,1349,15.468207278743881,1783,0.07752216319398822,3132,2822,34315.00891323374,0.1277139208173691,7.253086419753086
bspline_pca_graph,960,unif_10,20.633390991529186,3132,143.93728392638695,7.898659395943553,1349,12.734731595585632,1783,0.1105878208563639,3132,2518,67239.23624740445,0.0,4.444444444444445
bspline_pca_graph,960,extrap_10,16.30671824395412,3132,127.290476291082,2.852217396889765,1349,13.454500847064356,1783,0.07126856688803615,3132,2548,34187.94989035225,0.41507024265644954,3.3641975308641974
bspline_pca_graph,960,unif_20,16.68551675242801,3132,117.12932736838937,7.949853593290389,1349,8.735663159137625,1783,0.04729333811907348,3132,2308,28335.089856934876,0.351213282247765,8.08641975308642
bspline_pca_graph,960,extrap_20,12.702863065205765,3132,103.69419768611303,2.0605199595877877,1349,10.642343105617979,1783,0.0445288555598212,3132,2500,17353.048251784687,0.44699872286079184,2.654320987654321
bspline_pca_graph,960,unif_40,7.94108209723907,3132,69.38397521476686,1.7987660960889211,1349,6.142316001150148,1783,0.010763157080542339,3132,1984,8409.669665778642,0.22349936143039592,6.450617283950617
bspline_pca_graph,960,extrap_40,6.231571271674357,3132,71.64909760873327,0.8480308232488486,1349,5.383540448425509,1783,0.03297099109782728,3132,2310,14384.400162890832,0.5108556832694764,1.6049382716049383
bspline_pca_graph,960,unif_80,4.232155335658868,3132,42.915367706736625,0.6700112912102842,1349,3.5621440444485843,1783,0.0029661201429936157,3132,1641,3842.1173291569994,0.5108556832694764,2.962962962962963
bspline_pca_graph,960,extrap_80,4.949994427315642,3132,60.65351522023424,0.5531576782680276,1349,4.396836749047614,1783,0.03468926877076122,3132,2169,11441.19444928431,0.70242656449553,0.43209876543209874
bspline_pca_graph,960,unif_100,2.8068496805386265,3132,35.89532468193964,0.5962436666543266,1349,2.2106060138843002,1783,0.0026919868304213783,3132,1577,3826.1004813430773,0.5427841634738186,0.7407407407407407
bspline_pca_graph,960,extrap_100,3.9853704787007036,3132,53.83341729137717,0.4392931680675099,1349,3.546077310633194,1783,0.03446859859661169,3132,2096,10919.645596704522,0.9259259259259259,0.46296296296296297
bspline_pca_graph,960,unif_200,1.5312437141685775,3132,26.80866630651936,0.27700828687126916,1349,1.2542354272973084,1783,0.0017451916563529179,3132,1409,2244.6902287365833,0.70242656449553,0.3395061728395062
bspline_pca_graph,960,extrap_200,3.2790190209048373,3132,48.1491384317016,0.34723174074371205,1349,2.931787280161125,1783,0.031923520710412726,3132,2021,9738.803298772305,1.053639846743295,0.5864197530864198
bspline_pca_graph,960,unif_300,1.3966991917865594,3132,24.55580568028363,0.23465082734249587,1349,1.1620483644440636,1783,0.0013690102175561106,3132,1309,2059.449811036123,0.5427841634738186,0.49382716049382713
bspline_pca_graph,960,extrap_300,3.279097637918253,3132,48.14993866084072,0.3473459561440349,1349,2.9317516817742186,1783,0.03192373645065962,3132,2021,9740.501678988014,1.053639846743295,0.5864197530864198
bspline_pca_graph,960,unif_500,1.1516002882345684,3132,22.534183901687108,0.20207761169673155,1349,0.949522676537837,1783,0.0011707331293266728,3132,1214,1860.4535800302283,0.5427841634738186,0.46296296296296297
bspline_pca_graph,960,extrap_500,3.2790976379184675,3132,48.149938660840775,0.3473459561440366,1349,2.931751681774431,1783,0.031923736450658595,3132,2021,9740.50167898752,1.053639846743295,0.5864197530864198
bspline_pca_graph,961,unif_2,21.412992603212608,3133,156.37941671164833,7.288445231152887,1357,14.124547372059721,1776,0.07561951584336363,3133,2720,37517.193011279625,0.0,0.0
bspline_pca_graph,961,extrap_2,23.343370235586836,3133,164.69553154547276,4.688297294575277,1357,18.655072941011557,1776,0.12165238992775787,3133,2884,42550.56375337168,0.0,1.2345679012345678
bspline_pca_graph,961,unif_4,21.395742323318586,3133,160.15370586258524,8.641820644302893,1357,12.753921679015695,1776,0.10973538855274674,3133,2781,53342.920870180315,0.0,1.4197530864197532
bspline_pca_graph,961,extrap_4,24.384756149017324,3133,161.1509832578615,5.520902866168944,1357,18.863853282848382,1776,0.10957762053070408,3133,2817,43083.253256889504,0.15969338869370808,1.2345679012345678
bspline_pca_graph,961,unif_8,20.124051946649896,3133,152.80212537418032,7.317866280589117,1357,12.806185666060777,1776,0.09951143141226021,3133,2706,43385.34725639312,0.06387735547748323,3.1790123456790123
bspline_pca_graph,961,extrap_8,18.834538237380453,3133,150.383746310605,3.965962898006496,1357,14.868575339373955,1776,0.18317520675061874,3133,2785,52658.762722479994,0.2235707441711913,2.5
bspline_pca_graph,961,unif_10,18.717357197386786,3133,144.68511507262866,9.758955783394324,1357,8.958401413992462,1776,0.07908435720585583,3133,2548,43811.046897050386,0.12775471095496646,5.462962962962963
bspline_pca_graph,961,extrap_10,13.808156188889972,3133,123.08083154888801,3.9250896183259174,1357,9.883066570564056,1776,0.06859295283533443,3133,2751,30271.10736686874,0.09581603321622485,4.691358024691358
bspline_pca_graph,961,unif_20,13.698325852324258,3133,116.41904400216194,6.523833155023807,1357,7.174492697300451,1776,0.054825921742543346,3133,2498,35619.32875496676,0.2235707441711913,7.932098765432099
bspline_pca_graph,961,extrap_20,13.131827566281444,3133,107.65963485687419,2.53646012021221,1357,10.595367446069234,1776,0.039616174498753966,3133,2643,16120.105140696427,0.35132545512615776,4.41358024691358
bspline_pca_graph,961,unif_40,6.311827335338457,3133,74.96197057043972,2.727419679682708,1357,3.584407655655749,1776,0.018197417092111264,3133,2287,16737.571147283412,0.0,5.185185185185185
bspline_pca_graph,961,extrap_40,8.788097596336575,3133,83.82841568111644,1.3733164501613884,1357,7.414781146175185,1776,0.0413897625324647,3133,2531,12614.584165094886,0.3832641328648994,3.271604938271605
bspline_pca_graph,961,unif_80,2.066082042926253,3133,44.99247817799413,1.049778858278799,1357,1.0163031846474542,1776,0.009725225769089543,3133,2144,7644.00815035835,0.31938677738741617,1.4197530864197532
bspline_pca_graph,961,extrap_80,4.180717254820806,3133,63.14035950536995,0.5256236906752142,1357,3.6550935641455924,1776,0.037834830460643405,3133,2412,12400.615103541455,0.35132545512615776,1.728395061728395
bspline_pca_graph,961,unif_100,1.3766034851277866,3133,39.894032142807845,0.7321145752477989,1357,0.6444889098799876,1776,0.00841295385409781,3133,2106,6206.592998388372,0.415202810603641,1.728395061728395
bspline_pca_graph,961,extrap_100,2.773721558094385,3133,55.059586603897365,0.46494939159492177,1357,2.3087721664994634,1776,0.03437145040726575,3133,2371,10577.394167715436,0.6387735547748323,1.1419753086419753
bspline_pca_graph,961,unif_200,0.8400396039254292,3133,31.42889029312431,0.45476112190687756,1357,0.38527848201855164,1776,0.006188286173100939,3133,1918,4988.4228079494715,0.6068348770360907,1.728395061728395
bspline_pca_graph,961,extrap_200,2.1601795690784416,3133,48.11494925756166,0.24235564294710848,1357,1.9178239261313328,1776,0.03490897761809519,3133,2226,10058.242997821399,0.9581603321622485,0.12345679012345678
bspline_pca_graph,961,unif_300,0.6218660381456914,3133,26.920380676519798,0.2916243929413111,1357,0.3302416452043804,1776,0.004195412029350719,3133,1773,3219.753950135602,0.35132545512615776,0.12345679012345678
bspline_pca_graph,961,extrap_300,2.1594736768093274,3133,48.11127452743068,0.24233342187864104,1357,1.9171402549306864,1776,0.03490924811022835,3133,2227,10058.048372264293,0.9581603321622485,0.12345679012345678
bspline_pca_graph,961,unif_500,0.4796481419759019,3133,23.99078975506997,0.22593274615971803,1357,0.25371539581618374,1776,0.003374628581153732,3133,1669,2851.526531385298,0.4471414883423826,0.21604938271604937
bspline_pca_graph,961,extrap_500,2.1594736768091547,3133,48.111274527430226,0.24233342187864074,1357,1.9171402549305139,1776,0.034909248110229454,3133,2227,10058.048372264328,0.9581603321622485,0.12345679012345678
bspline_pca_graph,962,unif_2,13.558227054389826,3063,118.01788240820879,3.39372569438067,1359,10.164501360009156,1704,0.04739886202616016,3063,2464,39244.69050371009,0.0,0.0
bspline_pca_graph,962,extrap_2,16.983112961083293,3063,157.07986114029063,6.444976664393339,1359,10.538136296689954,1704,0.3489821729144306,3063,2586,49074.66327635804,0.0,0.0
bspline_pca_graph,962,unif_4,14.599812333862856,3063,137.77865053233447,7.452566893549311,1359,7.1472454403135455,1704,0.11978393784388355,3063,2531,57206.423231957735,0.06533812479581835,2.3125
bspline_pca_graph,962,extrap_4,13.338633270347012,3063,124.30551598958974,3.560652081514376,1359,9.777981188832637,1704,0.0817486044233147,3063,2531,26175.884610743527,0.0,2.96875
bspline_pca_graph,962,unif_8,12.523189005212604,3063,105.36943347383979,6.600355453576961,1359,5.9228335516356445,1704,0.05651337010275922,3063,2374,38227.54274935337,0.1306762495916367,4.4375
bspline_pca_graph,962,extrap_8,11.435383681654452,3063,109.58494936694218,3.0481959850108686,1359,8.387187696643583,1704,0.058111444518376035,3063,2500,25208.16361485207,0.1306762495916367,6.59375
bspline_pca_graph,962,unif_10,21.358651718571792,3063,149.1639533121081,15.52722972024781,1359,5.831421998323984,1704,0.1731804897383258,3063,2271,95241.6323819781,0.1306762495916367,6.84375
bspline_pca_graph,962,extrap_10,11.639189967290001,3063,109.99148872170692,3.1932098193376226,1359,8.445980147952378,1704,0.05042350228672519,3063,2531,27625.389780549813,0.0,4.28125
bspline_pca_graph,962,unif_20,10.020332067433113,3063,97.86898308884469,4.532310798791659,1359,5.488021268641453,1704,0.05647771796312344,3063,2154,41697.055058629165,0.03266906239790918,6.875
bspline_pca_graph,962,extrap_20,8.842618300457652,3063,91.74290595338445,1.9640827376725323,1359,6.878535562785119,1704,0.04239842994363918,3063,2406,17090.96626538195,0.2613524991832734,4.28125
bspline_pca_graph,962,unif_40,3.3647845899441964,3063,46.40666687372802,0.9801397281176821,1359,2.3846448618265144,1704,0.0048191541395088,3063,1837,7363.924986743866,0.5553740607644561,1.96875
bspline_pca_graph,962,extrap_40,5.441556359542293,3063,67.97718021146535,1.083555025811029,1359,4.358001333731264,1704,0.03394067289662958,3063,2245,13041.281168770589,0.3920287487749102,3.09375
bspline_pca_graph,962,unif_80,2.2334194145968174,3063,31.9040611343956,0.5351203867211217,1359,1.6982990278756955,1704,0.002658213954671894,3063,1546,3464.1471660904626,0.359359686377001,1.84375
bspline_pca_graph,962,extrap_80,2.8739503995902798,3063,49.546872732596285,0.5787492298731078,1359,2.2952011697171715,1704,0.02863868753404285,3063,2039,9714.909085000138,0.6207121855602744,1.75
bspline_pca_graph,962,unif_100,1.3338886226633704,3063,27.329587610520722,0.5829517360031657,1359,0.7509368866602046,1704,0.0023458884213615992,3063,1433,3033.014161587188,0.4573668735707285,0.59375
bspline_pca_graph,962,extrap_100,2.654843445475582,3063,48.721718415708736,0.5710845294369916,1359,2.0837589160385903,1704,0.031297919862320556,3063,2030,8703.865392927903,0.7513884351519111,0.09375
bspline_pca_graph,962,unif_200,0.6760765515361613,3063,20.18918728922453,0.2819800732450285,1359,0.39409647829113287,1704,0.001295248087282119,3063,1242,2319.8381853371734,0.5227049983665468,0.0625
bspline_pca_graph,962,extrap_200,1.940010934475587,3063,42.619013515774434,0.48304582300750004,1359,1.4569651114680868,1704,0.03015578536100315,3063,1917,8415.840584339574,0.8493956223456387,0.125
bspline_pca_graph,962,unif_300,0.71209486955457,3063,21.44266894931197,0.43944686538104794,1359,0.27264800417352203,1704,0.0015600730566002175,3063,1248,2162.0610271206633,0.5227049983665468,0.03125
bspline_pca_graph,962,extrap_300,1.9400109344756005,3063,42.619013515774725,0.4830458230075005,1359,1.4569651114681,1704,0.030155785361003162,3063,1917,8415.840584339512,0.8493956223456387,0.125
bspline_pca_graph,962,unif_500,0.7122362595920269,3063,20.814081397279068,0.4676346802866752,1359,0.24460157930535176,1704,0.001550338737435819,3063,1184,2010.949730527132,0.5227049983665468,0.03125
bspline_pca_graph,962,extrap_500,1.9400109344756824,3063,42.61901351577555,0.48304582300750004,1359,1.456965111468182,1704,0.030155785361004064,3063,1917,8415.840584339807,0.8493956223456387,0.125
bspline_pca_graph,963,unif_2,17.79361032914744,3041,158.79778897221175,10.703871205925978,1351,7.089739123221464,1690,0.15240026360269554,3041,2556,36837.12559600794,0.0,1.2345679012345678
bspline_pca_graph,963,extrap_2,16.896426574633757,3041,150.56568506753024,4.0909274676489105,1351,12.805499106984845,1690,0.23499507144905493,3041,2640,34882.76211205657,0.0,2.4691358024691357
bspline_pca_graph,963,unif_4,12.670079235478418,3041,115.15021402879414,4.478684574156189,1351,8.19139466132223,1690,0.05700347258774656,3041,2390,26482.09499514218,0.0,0.0
bspline_pca_graph,963,extrap_4,14.470617446048788,3041,134.38183284097022,3.137866824863622,1351,11.332750621185165,1690,0.15109695584683666,3041,2504,30988.321204007003,0.0,0.7407407407407407
bspline_pca_graph,963,unif_8,11.895962049817948,3041,107.2000420333614,3.4114301041680064,1351,8.48453194564994,1690,0.061960171372246964,3041,2200,24152.500550442608,0.0,1.8209876543209877
bspline_pca_graph,963,extrap_8,10.34959030720518,3041,106.55625214524521,2.878771871151131,1351,7.470818436054049,1690,0.08730683846119251,3041,2478,28236.787753039993,0.36172311739559354,0.37037037037037035
bspline_pca_graph,963,unif_10,16.91542837063973,3041,126.53844937669521,10.615403897544553,1351,6.300024473095174,1690,0.10870810408912623,3041,2247,57226.661460688985,0.1644195988161789,4.228395061728395
bspline_pca_graph,963,extrap_10,9.42593634451003,3041,96.99699981122629,1.9870078677450906,1351,7.438928476764939,1690,0.11045537966909334,3041,2299,31954.447029434665,0.06576783952647156,1.4197530864197532
bspline_pca_graph,963,unif_20,9.272259909263141,3041,80.5309557484532,4.102394772097583,1351,5.169865137165558,1690,0.03569552979790913,3041,1971,24280.640331100498,0.09865175928970733,3.765432098765432
bspline_pca_graph,963,extrap_20,9.20283907977779,3041,87.35951823089019,2.533677801398883,1351,6.669161278378906,1690,0.04414680383713416,3041,2321,12445.544974413579,0.5590266359750082,1.5432098765432098
bspline_pca_graph,963,unif_40,4.888400186337963,3041,51.8378520797356,2.996803339058607,1351,1.8915968472793565,1690,0.027234675264409768,3041,1684,17281.062052015364,0.6247944755014798,3.7962962962962963
bspline_pca_graph,963,extrap_40,3.8049398121308586,3041,55.77362625493215,0.6775868465043259,1351,3.1273529656265326,1690,0.035886559611274065,3041,2001,9602.088841929175,0.5261427162117724,1.7901234567901234
bspline_pca_graph,963,unif_80,1.2933342957763945,3041,29.266812379632093,0.6157544795700279,1351,0.6775798162063664,1690,0.00297485211886465,3041,1466,4876.482148103416,0.6576783952647156,0.6481481481481481
bspline_pca_graph,963,extrap_80,2.1356938509964793,3041,42.82471087716,0.22067533321771582,1351,1.9150185177787635,1690,0.030706366199100252,3041,1855,7322.9846024473445,0.9207497533706018,0.21604938271604937
bspline_pca_graph,963,unif_100,0.9873990984373309,3041,24.73074062592044,0.800492272684898,1351,0.1869068257524329,1690,0.0025837102949012756,3041,1373,2221.190554938108,0.7234462347911871,0.5864197530864198
bspline_pca_graph,963,extrap_100,1.7134998141300215,3041,39.37280882726878,0.20883037309710428,1351,1.504669441032917,1690,0.032036942172704946,3041,1850,6607.632959923747,1.5126603091088457,0.0
bspline_pca_graph,963,unif_200,0.303198268614758,3041,16.433074298204335,0.20896339662793526,1351,0.09423487198682275,1690,0.0012932573112064791,3041,1173,1515.5479096341478,0.6247944755014798,0.6172839506172839
bspline_pca_graph,963,extrap_200,1.1571089920521511,3041,35.3097273055865,0.1311767409454553,1351,1.0259322511066957,1690,0.03217094132516978,3041,1786,6414.207562152471,1.4140085498191384,0.12345679012345678
bspline_pca_graph,963,unif_300,0.2922077010624371,3041,16.17663716958768,0.19945698689213942,1351,0.09275071417029766,1690,0.0012677291933810382,3041,1134,1400.8808925309747,0.5590266359750082,0.030864197530864196
bspline_pca_graph,963,extrap_300,1.1571089920520887,3041,35.30972730558597,0.1311767409454547,1351,1.025932251106634,1690,0.032170941325169115,3041,1786,6414.207562152272,1.4140085498191384,0.12345679012345678
bspline_pca_graph,963,unif_500,0.2678277636874879,3041,15.526579039624497,0.1868608812663268,1351,0.08096688242116105,1690,0.0011639212948458756,3041,1086,1349.3846376200772,0.6247944755014798,0.030864197530864196
bspline_pca_graph,963,extrap_500,1.1571089920521311,3041,35.30972730558632,0.13117674094545506,1351,1.0259322511066757,1690,0.03217094132516915,3041,1786,6414.2075621521035,1.4140085498191384,0.12345679012345678
bspline_pca_graph,964,unif_2,18.006013923016525,3070,164.89582678030325,7.571175017597566,1348,10.43483890541896,1722,0.4029865619730931,3070,2750,106474.22787587432,0.06516780710329098,0.0
bspline_pca_graph,964,extrap_2,18.470650608054413,3070,162.78803968905285,3.883383758485688,1348,14.587266849568723,1722,0.2285834932285397,3070,2798,41490.2718119573,0.0,1.2195121951219512
bspline_pca_graph,964,unif_4,16.49297547325081,3070,135.17471521866582,5.47151041960281,1348,11.021465053648,1722,0.12016766500606516,3070,2517,65349.02471372077,0.13033561420658196,2.4390243902439024
bspline_pca_graph,964,extrap_4,16.272838676211254,3070,138.27226134224367,3.1826884281625754,1348,13.09015024804868,1722,0.12410091840264774,3070,2641,35502.45120604383,0.0,0.7317073170731707
bspline_pca_graph,964,unif_8,14.730188565822855,3070,121.92025544701634,4.7720893575155054,1348,9.958099208307353,1722,0.11026322907573462,3070,2519,50888.63085312846,0.06516780710329098,4.298780487804878
bspline_pca_graph,964,extrap_8,12.740140905648612,3070,123.30106820457269,3.0620080418599556,1348,9.678132863788656,1722,0.12388007735253379,3070,2686,45153.72092980327,0.13033561420658196,0.9451219512195121
bspline_pca_graph,964,unif_10,15.074184937277698,3070,125.54745467298176,8.500343503870557,1348,6.573841433407143,1722,0.06685377642224756,3070,2478,40478.415363888154,0.0,3.475609756097561
bspline_pca_graph,964,extrap_10,10.765806710095973,3070,102.7008686075111,1.8148443780773886,1348,8.95096233201858,1722,0.05222394448063028,3070,2555,18069.631790818687,0.09775171065493646,2.1341463414634148
bspline_pca_graph,964,unif_20,11.994810533948176,3070,96.46564130707719,2.8000274031400845,1348,9.19478313080809,1722,0.025770066485348027,3070,2360,20959.537982223934,0.06516780710329098,4.664634146341464
bspline_pca_graph,964,extrap_20,9.653955429732282,3070,90.05982273872898,1.589787955175803,1348,8.06416747455648,1722,0.04120465378001091,3070,2488,14406.823977633925,0.9123492994460737,2.7439024390243905
bspline_pca_graph,964,unif_40,6.578547380683943,3070,68.21142139560018,2.765021007334387,1348,3.8135263733495566,1722,0.0173590560363473,3070,2100,9972.164368032049,0.03258390355164549,2.4390243902439024
bspline_pca_graph,964,extrap_40,5.503844208634023,3070,69.73073613467754,0.5944353042438612,1348,4.909408904390162,1722,0.036050689640370656,3070,2394,12375.521221930234,0.6190941674812642,0.5792682926829268
bspline_pca_graph,964,unif_80,2.612073243555152,3070,42.21232626207383,1.1823841704922171,1348,1.4296890730629341,1722,0.007692537530283807,3070,1854,3985.0720937457104,0.13033561420658196,1.7378048780487805
bspline_pca_graph,964,extrap_80,2.8501667257328394,3070,52.187442452643644,0.31742650871758277,1348,2.532740217015256,1722,0.030454684561324597,3070,2229,9417.813606875383,1.0101010101010102,0.9146341463414634
bspline_pca_graph,964,unif_100,1.262818646720864,3070,31.788923520087668,0.4502122053933738,1348,0.81260644132749,1722,0.005241635442580703,3070,1698,2669.084716717843,0.4235907461713913,0.6402439024390244
bspline_pca_graph,964,extrap_100,2.7090424112908993,3070,48.87121203069418,0.298892563508085,1348,2.4101498477828143,1722,0.029373668016237267,3070,2147,9125.99381873815,0.8471814923427826,0.6402439024390244
bspline_pca_graph,964,unif_200,1.006094504928172,3070,26.629481063848267,0.5775756239721024,1348,0.4285188809560695,1722,0.004853586139093454,3070,1512,2039.6462107956145,0.2606712284131639,1.4329268292682926
bspline_pca_graph,964,extrap_200,1.9836464737489363,3070,44.06660649930415,0.20425973416504786,1348,1.7793867395838885,1722,0.0301270468395306,3070,2100,8596.947014847487,1.4336917562724014,0.5487804878048781
bspline_pca_graph,964,unif_300,0.9002434570579779,3070,24.835545776589285,0.4861611567417543,1348,0.4140823003162236,1722,0.0038163977986411823,3070,1423,1908.1176840284033,0.39100684261974583,0.36585365853658536
bspline_pca_graph,964,extrap_300,1.9836464737487804,3070,44.06660649930318,0.20425973416504906,1348,1.7793867395837313,1722,0.03012704683952886,3070,2100,8596.94701484695,1.4336917562724014,0.5487804878048781
bspline_pca_graph,964,unif_500,0.7366185711049088,3070,22.460221528269706,0.3840160355973052,1348,0.35260253550760357,1722,0.003203843891548728,3070,1335,1715.715630727783,0.45617464972303684,0.24390243902439024
bspline_pca_graph,964,extrap_500,1.9836464737488084,3070,44.066606499303454,0.2042597341650489,1348,1.7793867395837593,1722,0.030127046839529447,3070,2100,8596.947014847154,1.4336917562724014,0.5487804878048781
bspline_pca_graph,965,unif_2,20.587411791422284,3062,173.50726508899112,8.689397145495454,1281,11.89801464592683,1781,0.22451253107932162,3062,2875,76272.95871319104,0.13063357282821686,2.4390243902439024
bspline_pca_graph,965,extrap_2,25.525630805014874,3062,196.2594178385042,4.028080933593032,1281,21.497549871421842,1781,0.45324187680465566,3062,2925,47031.63006229564,1.6982364467668192,0.0
bspline_pca_graph,965,unif_4,18.002574840488567,3062,147.05888011499917,5.046219338469568,1281,12.956355502019003,1781,0.14164710107081524,3062,2713,54631.92009662174,0.0,1.2195121951219512
bspline_pca_graph,965,extrap_4,18.985505099729078,3062,143.85993598804728,3.348342064275706,1281,15.637163035453373,1781,0.09530263899521366,3062,2728,40806.73513843301,0.09797517962116264,0.0
bspline_pca_graph,965,unif_8,15.437853670550156,3062,131.2961879689372,4.955381096168124,1281,10.482472574382035,1781,0.06610412367710851,3062,2540,40848.70527776201,0.0,0.975609756097561
bspline_pca_graph,965,extrap_8,16.563252206669233,3062,135.22427598774905,3.173382465284998,1281,13.389869741384233,1781,0.1818312815641214,3062,2706,71208.93491093384,0.0,1.25
bspline_pca_graph,965,unif_10,17.1569261519427,3062,140.9371791044365,8.448661811283216,1281,8.708264340659483,1781,0.12955052330993932,3062,2658,45822.14486799592,0.0,4.237804878048781
bspline_pca_graph,965,extrap_10,14.40603227612951,3062,120.88023797555167,2.299333442067805,1281,12.106698834061707,1781,0.09342805017478654,3062,2687,43685.90771165879,0.0,0.6097560975609756
bspline_pca_graph,965,unif_20,11.251343784345131,3062,101.11573223976475,2.7282358510285576,1281,8.523107933316572,1781,0.03693284810394607,3062,2398,28393.210957010553,0.032658393207054215,3.567073170731707
bspline_pca_graph,965,extrap_20,11.794058076026184,3062,104.25123512309719,1.6976117130030253,1281,10.096446363023157,1781,0.05274181882854405,3062,2635,21683.956364452635,0.32658393207054215,0.8841463414634146
bspline_pca_graph,965,unif_40,5.639042662338944,3062,65.75935606865173,1.5442907443940765,1281,4.094751917944867,1781,0.016137937088569275,3062,2169,15655.50577480135,0.13063357282821686,2.073170731707317
bspline_pca_graph,965,extrap_40,6.927128386460481,3062,79.522995634279,0.8770755214123257,1281,6.050052865048155,1781,0.05290369875053269,3062,2480,14523.191454463977,0.7511430437622469,2.408536585365854
bspline_pca_graph,965,unif_80,2.532658212271956,3062,41.91426532618485,0.7487395506671077,1281,1.7839186616048486,1781,0.007151549384204248,3062,1866,5187.3270919510815,0.29392553886348793,1.5548780487804879
bspline_pca_graph,965,extrap_80,4.043250778260632,3062,61.83061833497246,0.6038134348613343,1281,3.4394373433992973,1781,0.05217494611325259,3062,2357,13079.335208894641,1.077726975832789,0.8841463414634146
bspline_pca_graph,965,unif_100,2.083533530886182,3062,38.34049966974334,0.6726829082765683,1281,1.4108506226096142,1781,0.006661114153882447,3062,1817,5578.032587900338,0.35924232527759636,0.0
bspline_pca_graph,965,extrap_100,3.412402640718168,3062,55.90779336200073,0.5396632395148866,1281,2.8727394012032814,1781,0.04955300820271446,3062,2295,11878.904814525615,1.3063357282821686,2.5609756097560976
bspline_pca_graph,965,unif_200,2.7488536506811942,3062,37.172983134458406,1.7610337302296046,1281,0.9878199204515898,1781,0.008727580104885791,3062,1692,4384.265266049487,0.457217504898759,0.4878048780487805
bspline_pca_graph,965,extrap_200,2.9636021754023467,3062,50.52807282294435,0.44642602325274455,1281,2.517176152149602,1781,0.047889000620435516,3062,2188,11362.55315281217,1.6329196603527107,0.03048780487804878
bspline_pca_graph,965,unif_300,2.0604466529665904,3062,32.56161325979273,1.240569532386818,1281,0.8198771205797725,1781,0.006421226369693742,3062,1628,3853.5665340527066,0.48987589810581317,0.0
bspline_pca_graph,965,extrap_300,2.9636021754024675,3062,50.52807282294424,0.4464260232527454,1281,2.5171761521497222,1781,0.04788900062043438,3062,2188,11362.553152812077,1.6329196603527107,0.03048780487804878
bspline_pca_graph,965,unif_500,1.7734737283630224,3062,30.27694712481582,1.0249847853804328,1281,0.74848894298259,1781,0.005343048443013693,3062,1545,3533.2923483099976,0.48987589810581317,0.0
bspline_pca_graph,965,extrap_500,2.963602175402335,3062,50.52807282294384,0.44642602325274533,1281,2.5171761521495895,1781,0.047889000620434906,3062,2188,11362.553152811743,1.6329196603527107,0.03048780487804878
bspline_pca_graph,966,unif_2,35.27709803737556,3113,220.7327954461131,11.254200000966643,1487,24.022898036408918,1626,0.9579234912688086,3113,2870,57866.99743397613,0.0,2.4390243902439024
bspline_pca_graph,966,extrap_2,29.365949577173865,3113,202.52708358694582,5.537356850535298,1487,23.828592726638565,1626,0.2992978141008603,3113,3012,51929.93145183662,0.0,0.0
bspline_pca_graph,966,unif_4,22.393878846974758,3113,164.36325427687808,8.566750127318262,1487,13.827128719656493,1626,0.12023158038733624,3113,2808,79102.67380171767,0.09637006103437198,3.658536585365854
bspline_pca_graph,966,extrap_4,26.904126734495936,3113,181.71543070367656,4.794551106573611,1487,22.109575627922325,1626,0.23699346936025423,3113,2983,38665.53202960806,0.9958239640218439,0.09146341463414634
bspline_pca_graph,966,unif_8,22.21668339887786,3113,150.89386959810838,6.66270721090715,1487,15.55397618797071,1626,0.08369112265083542,3113,2674,41808.04769411924,0.06424670735624799,0.6097560975609756
bspline_pca_graph,966,extrap_8,21.89911346651294,3113,146.45587116720415,3.7688119785650755,1487,18.130301487947865,1626,0.10103691334130707,3113,2778,24525.356871831522,0.578220366206232,3.932926829268293
bspline_pca_graph,966,unif_10,24.606041419471765,3113,163.4366482093885,13.016296022866582,1487,11.589745396605185,1626,0.12165883011861148,3113,2610,67081.95757908133,0.06424670735624799,3.3841463414634148
bspline_pca_graph,966,extrap_10,22.64794314423504,3113,153.78106196293683,4.577808624021427,1487,18.070134520213614,1626,0.12443764694067203,3113,2755,71162.55016712908,0.032123353678123995,5.060975609756097
bspline_pca_graph,966,unif_20,18.192107113517896,3113,122.3198637684545,5.329461512819886,1487,12.862645600698015,1626,0.07178684096710665,3113,2515,46958.80949704218,0.19274012206874397,5.640243902439025
bspline_pca_graph,966,extrap_20,17.49339689933162,3113,123.68297145593235,2.8440887044893985,1487,14.649308194842222,1626,0.06704742614103901,3113,2694,44354.59856582532,0.22486347574686796,2.8963414634146343
bspline_pca_graph,966,unif_40,10.811059668945871,3113,86.98754690747296,3.9460603510757006,1487,6.864999317870171,1626,0.03052470710449634,3113,2392,19966.06437216887,0.16061676839061997,4.146341463414634
bspline_pca_graph,966,extrap_40,9.548136452793381,3113,83.42484075452771,1.0975392932179067,1487,8.450597159575473,1626,0.03457292748774965,3113,2585,19198.845470726097,0.5139736588499839,3.6890243902439024
bspline_pca_graph,966,unif_80,5.021773395305606,3113,52.4864824974334,1.4598735211085205,1487,3.561899874197084,1626,0.01048939557173884,3113,2080,8923.015962679472,0.16061676839061997,3.5365853658536586
bspline_pca_graph,966,extrap_80,5.311143730038976,3113,63.18560392951856,0.6578356021960232,1487,4.653308127842953,1626,0.03147717960351128,3113,2399,17318.33471857127,0.578220366206232,2.0121951219512195
bspline_pca_graph,966,unif_100,2.401209665622932,3113,38.00380015665944,0.7891150209881067,1487,1.6120946446348252,1626,0.007885934771178146,3113,2027,5512.579178509484,0.19274012206874397,2.042682926829268
bspline_pca_graph,966,extrap_100,4.652276107303086,3113,57.89879386792077,0.6362927071027387,1487,4.015983400200346,1626,0.033011065785093975,3113,2368,15178.384203240606,0.8030838419530999,0.4573170731707317
bspline_pca_graph,966,unif_200,1.6189751860319928,3113,31.26683029820946,0.539358857406902,1487,1.0796163286250906,1626,0.00667636601023787,3113,1884,4869.781844183186,0.35335689045936397,1.1280487804878048
bspline_pca_graph,966,extrap_200,3.53651231109327,3113,50.59921535034041,0.31103554783464343,1487,3.2254767632586256,1626,0.032981543618936,3113,2277,14032.925783184663,0.8352071956312239,0.1524390243902439
bspline_pca_graph,966,unif_300,1.1396200566950874,3113,26.888776003309594,0.394295458798926,1487,0.7453245978961615,1626,0.00540974860712097,3113,1806,4140.65109228105,0.32123353678123995,0.6097560975609756
bspline_pca_graph,966,extrap_300,3.5365123110933454,3113,50.59921535034118,0.31103554783464293,1487,3.225476763258702,1626,0.03298154361893652,3113,2277,14032.925783184946,0.8352071956312239,0.1524390243902439
bspline_pca_graph,966,unif_500,0.9829911715357738,3113,24.84883289966931,0.32617009115111134,1487,0.6568210803846622,1626,0.004718662453489003,3113,1715,3841.5449488787035,0.32123353678123995,0.6097560975609756
bspline_pca_graph,966,extrap_500,3.5365123110932752,3113,50.59921535034067,0.3110355478346438,1487,3.2254767632586305,1626,0.032981543618936335,3113,2277,14032.92578318494,0.8352071956312239,0.1524390243902439
bspline_temporal_graph_interp,957,unif_2,20.239306964425683,3107,164.22236383432912,11.543591077550913,1427,8.695715886874769,1680,0.22114371551370712,3107,2611,83547.90577053087,0.2252977148374638,0.0
bspline_temporal_graph_interp,957,extrap_2,21.495969766966347,3107,163.7047603064488,7.5007560250543985,1427,13.995213741911947,1680,0.1336691967845271,3107,2732,52965.39451903414,0.0,0.0
bspline_temporal_graph_interp,957,unif_4,29.28372669123961,3107,173.1105632549625,20.359323944563226,1427,8.924402746676389,1680,0.10541579716496915,3107,2610,47698.35978913659,0.0,1.2345679012345678
bspline_temporal_graph_interp,957,extrap_4,21.15216655763187,3107,173.16560526108708,7.03843827124482,1427,14.113728286387047,1680,0.20416344523471308,3107,2760,51566.60026489514,0.0965561635017702,2.4691358024691357
bspline_temporal_graph_interp,957,unif_8,12.349827454900728,3107,123.28009252275722,6.679938924722002,1427,5.669888530178726,1680,0.10850516322253442,3107,2544,50043.85219558081,0.0,1.5123456790123457
bspline_temporal_graph_interp,957,extrap_8,15.431184815940247,3107,134.32575356883663,4.840687315181781,1427,10.590497500758465,1680,0.10134140631873498,3107,2668,33541.719942032614,0.160926939169617,0.9259259259259259
bspline_temporal_graph_interp,957,unif_10,14.399641108356969,3107,117.59642046074211,5.71465712031074,1427,8.684983988046227,1680,0.042260998585608285,3107,2493,36452.46728376378,0.0,2.8395061728395063
bspline_temporal_graph_interp,957,extrap_10,15.905827610809473,3107,136.2570906548436,6.209527654587394,1427,9.696299956222079,1680,0.07236865246751911,3107,2658,30548.096706711913,0.1931123270035404,5.154320987654321
bspline_temporal_graph_interp,957,unif_20,14.361426743202788,3107,110.32538824577539,10.306139278114388,1427,4.055287465088395,1680,0.04295043728543162,3107,2414,24746.482387024287,0.2252977148374638,4.753086419753086
bspline_temporal_graph_interp,957,extrap_20,12.209911322385926,3107,112.98397189166887,3.962579174628421,1427,8.247332147757506,1680,0.05182550164270909,3107,2585,23147.174993258923,0.321853878339234,2.685185185185185
bspline_temporal_graph_interp,957,unif_40,8.461910093542567,3107,84.66849555122772,5.27201854891213,1427,3.189891544630438,1680,0.02342437446394175,3107,2271,14198.201202645774,0.321853878339234,4.753086419753086
bspline_temporal_graph_interp,957,extrap_40,7.286094219004599,3107,83.11265728516469,1.7508312842208689,1427,5.53526293478373,1680,0.041138836976274844,3107,2390,13152.742853367907,0.28966849050531057,1.6666666666666667
bspline_temporal_graph_interp,957,unif_80,2.0894609324896245,3107,45.036670553677126,1.3317215381315437,1427,0.7577393943580808,1680,0.013453591305034936,3107,2046,9038.381348791236,0.4505954296749276,0.2777777777777778
bspline_temporal_graph_interp,957,extrap_80,4.012121743297428,3107,61.32951699328568,1.1207244582003393,1427,2.8913972850970886,1680,0.027595194245483512,3107,2242,11495.347374883706,0.2574831026713872,0.06172839506172839
bspline_temporal_graph_interp,957,unif_100,1.8844815806955584,3107,42.15948365858107,1.1835057481262983,1427,0.7009758325692601,1680,0.011411748844049666,3107,2012,5833.073730064801,0.482780817508851,0.5246913580246914
bspline_temporal_graph_interp,957,extrap_100,3.737155600707165,3107,59.97758805912922,1.2460087566876041,1427,2.49114684401956,1680,0.027859626182997706,3107,2167,14116.311458881348,0.6115223688445446,0.3395061728395062
bspline_temporal_graph_interp,957,unif_200,1.377743609164014,3107,34.67961456226519,0.930901852954086,1427,0.44684175620992816,1680,0.007765533152656524,3107,1766,4979.814823875344,0.6115223688445446,0.0
bspline_temporal_graph_interp,957,extrap_200,2.490952202836584,3107,49.86284198632106,0.7312878034095314,1427,1.7596643994270529,1680,0.02527234978267112,3107,2072,9902.13503727816,0.8368200836820083,0.0
bspline_temporal_graph_interp,957,unif_300,1.124874494175455,3107,30.741182807057836,0.7702976993105857,1427,0.35457679486486926,1680,0.006338930192593574,3107,1663,4241.02781416974,0.643707756678468,0.0
bspline_temporal_graph_interp,957,extrap_300,2.4863768896607668,3107,49.77862626454104,0.730573814190943,1427,1.7558030754698242,1680,0.02529639756330839,3107,2072,9852.054356292374,0.8690054715159318,0.0
bspline_temporal_graph_interp,957,unif_500,1.000364092598489,3107,28.856299164000895,0.6946010736996041,1427,0.30576301889888474,1680,0.005520518571219008,3107,1579,4029.6285724806994,0.5793369810106211,0.0
bspline_temporal_graph_interp,957,extrap_500,2.48637688966047,3107,49.778626264540655,0.7305738141909429,1427,1.7558030754695264,1680,0.02529639756330907,3107,2072,9852.05435629257,0.8690054715159318,0.0
bspline_temporal_graph_interp,958,unif_2,17.289799337008855,3169,161.26674631775734,6.2075902446416045,1450,11.08220909236725,1719,0.2753273585111615,3169,2845,39890.77778356544,0.9782265698958662,0.0
bspline_temporal_graph_interp,958,extrap_2,22.665767676783833,3169,161.18025399467177,5.657045555240243,1450,17.00872212154359,1719,0.1497575164651785,3169,2814,54114.96814802896,0.3155569580309246,1.25
bspline_temporal_graph_interp,958,unif_4,19.91317044691404,3169,150.93585745377771,6.318150878998417,1450,13.595019567915623,1719,0.12002927879607578,3169,2668,63246.60076327958,0.0,2.5
bspline_temporal_graph_interp,958,extrap_4,19.10838324882157,3169,147.34509277884447,4.437811795855479,1450,14.670571452966088,1719,0.11324631990826042,3169,2773,45083.75513650045,0.18933417481855475,0.0
bspline_temporal_graph_interp,958,unif_8,16.686103158366855,3169,133.2688582663874,7.070183633676496,1450,9.615919524690364,1719,0.07425464996760198,3169,2636,45910.42667203597,0.0,0.5
bspline_temporal_graph_interp,958,extrap_8,16.39696650590372,3169,129.21792328442075,4.023349713916589,1450,12.37361679198713,1719,0.08480639419963408,3169,2677,46042.70760936405,0.12622278321236982,1.75
bspline_temporal_graph_interp,958,unif_10,15.779211674086865,3169,121.85507888229793,8.253451662464633,1450,7.525760011622235,1719,0.045045576577388,3169,2564,35391.28633707708,0.18933417481855475,5.34375
bspline_temporal_graph_interp,958,extrap_10,14.527593110466494,3169,116.42467956801676,4.729283669975111,1450,9.798309440491385,1719,0.056798156027464894,3169,2631,38676.62438585728,0.0,1.375
bspline_temporal_graph_interp,958,unif_20,9.02566371613037,3169,92.28455305577884,3.2666119916349823,1450,5.7590517244953885,1719,0.02896208913863071,3169,2442,17086.06930229966,0.12622278321236982,4.78125
bspline_temporal_graph_interp,958,extrap_20,12.109912600497857,3169,103.54475445985716,2.4625341412162034,1450,9.64737845928165,1719,0.06156790758044052,3169,2564,18227.7449127699,0.18933417481855475,3.0625
bspline_temporal_graph_interp,958,unif_40,10.160349847051108,3169,76.8143745226558,3.6274793209286442,1450,6.532870526122464,1719,0.014251951597558857,3169,2154,10223.64726245827,0.47333543704638686,1.59375
bspline_temporal_graph_interp,958,extrap_40,5.529160232005419,3169,69.58846828489116,1.1052615168354847,1450,4.423898715169933,1719,0.04825982421698967,3169,2373,12605.772988327635,0.41022404544020197,2.5
bspline_temporal_graph_interp,958,unif_80,2.9920292582867423,3169,41.87634216747086,1.263703092359713,1450,1.7283261659270295,1719,0.006253075600358709,3169,1899,5344.876785979834,0.4417797412432944,1.09375
bspline_temporal_graph_interp,958,extrap_80,2.5022988560191046,3169,50.9457153173353,0.5716225675564989,1450,1.9306762884626054,1719,0.04737092755995296,3169,2179,12968.148430389021,1.1360050489113285,0.65625
bspline_temporal_graph_interp,958,unif_100,2.3079792834268686,3169,39.283263708429885,0.984281098941242,1450,1.3236981844856266,1719,0.005888455319597879,3169,1932,4763.8586879069235,0.5048911328494793,1.625
bspline_temporal_graph_interp,958,extrap_100,2.2158478751570443,3169,47.81313436262214,0.4367812526286753,1450,1.7790666225283693,1719,0.045403231353471955,3169,2091,11546.591333539174,1.451562006942253,0.90625
bspline_temporal_graph_interp,958,unif_200,1.5227460566286595,3169,29.657296311579746,0.5579091986515032,1450,0.9648368579771563,1719,0.004036616562921784,3169,1608,3447.074035658883,0.5364468286525718,1.9375
bspline_temporal_graph_interp,958,extrap_200,1.7716601451931029,3169,42.32783466691487,0.328519936573181,1450,1.443140208619922,1719,0.04432142546966001,3169,1999,10530.883462851598,1.6724518775639003,0.0625
bspline_temporal_graph_interp,958,unif_300,0.7736598026620687,3169,23.54416331166034,0.3843970661531281,1450,0.38926273650894067,1719,0.00312534923222384,3169,1409,2869.8540676154294,0.7257810034711265,0.15625
bspline_temporal_graph_interp,958,extrap_300,1.7682601863727143,3169,42.236358121363224,0.3258851505307331,1450,1.4423750358419813,1719,0.04423174124728808,3169,1989,10496.530461308816,1.6724518775639003,0.0625
bspline_temporal_graph_interp,958,unif_500,0.6971329257304291,3169,22.015575357274113,0.3090087239733066,1450,0.38812420175712253,1719,0.0025473492168639937,3169,1334,2560.064149734001,0.5048911328494793,0.0625
bspline_temporal_graph_interp,958,extrap_500,1.7682601863726914,3169,42.2363581213631,0.3258851505307331,1450,1.4423750358419585,1719,0.0442317412472877,3169,1989,10496.530461309067,1.6724518775639003,0.0625
bspline_temporal_graph_interp,959,unif_2,30.021339628000735,3144,202.7837935437628,13.150821747156225,1402,16.87051788084451,1742,0.8391408780782705,3144,2817,53546.781932191865,0.2544529262086514,0.0
bspline_temporal_graph_interp,959,extrap_2,22.43477111849599,3144,169.46291995773964,5.6635016377590155,1402,16.771269480736976,1742,0.1323567783287702,3144,2870,44930.60367663117,0.2862595419847328,0.0
bspline_temporal_graph_interp,959,unif_4,19.863233089198072,3144,155.41817056502097,8.06696580439025,1402,11.796267284807824,1742,0.1384733863824444,3144,2729,80338.70435972513,0.06361323155216285,2.4691358024691357
bspline_temporal_graph_interp,959,extrap_4,18.747446090352074,3144,151.82641198868495,5.10933105016241,1402,13.638115040189662,1742,0.11060383971941315,3144,2785,39247.22553134506,0.34987277353689566,2.4691358024691357
bspline_temporal_graph_interp,959,unif_8,14.391446480688508,3144,125.69672721319992,7.306382625656484,1402,7.085063855032023,1742,0.0708776974837958,3144,2497,76498.34026090449,0.031806615776081425,0.3395061728395062
bspline_temporal_graph_interp,959,extrap_8,15.866760304336909,3144,124.47576982024736,2.654481260856085,1402,13.212279043480821,1742,0.07093575990637838,3144,2716,28781.104505576353,0.22264631043256997,0.09259259259259259
bspline_temporal_graph_interp,959,unif_10,17.64131405330109,3144,124.91833028608211,5.610981057103938,1402,12.030332996197155,1742,0.04729885146475789,3144,2495,30893.35082436727,0.031806615776081425,1.2962962962962963
bspline_temporal_graph_interp,959,extrap_10,15.719229736812574,3144,120.85687463843774,3.635790036844379,1402,12.083439699968194,1742,0.05195310096597646,3144,2663,30968.3688299269,0.06361323155216285,2.345679012345679
bspline_temporal_graph_interp,959,unif_20,14.541292230202497,3144,105.04097073196004,6.875058572683594,1402,7.666233657518904,1742,0.05227791367294038,3144,2456,73715.07188569958,0.09541984732824428,2.2839506172839505
bspline_temporal_graph_interp,959,extrap_20,10.303324616720763,3144,99.90867202551821,1.804655570110426,1402,8.498669046610338,1742,0.04125296737935712,3144,2620,19272.2550694819,0.31806615776081426,3.0246913580246915
bspline_temporal_graph_interp,959,unif_40,6.539743349412418,3144,65.79106226438977,1.681490145024496,1402,4.858253204387923,1742,0.010176837589178263,3144,2197,8772.20661432597,0.2544529262086514,1.9753086419753085
bspline_temporal_graph_interp,959,extrap_40,5.43668464825683,3144,71.71201151688015,0.5978559845307201,1402,4.83882866372611,1742,0.030005013993223202,3144,2400,19789.933229136455,0.2862595419847328,4.197530864197531
bspline_temporal_graph_interp,959,unif_80,1.9237774582225395,3144,40.150645088113244,0.9258577381208152,1402,0.9979197201017246,1742,0.007494924986411265,3144,1960,6443.667391879381,0.5407124681933843,1.2962962962962963
bspline_temporal_graph_interp,959,extrap_80,3.1988572231687815,3144,55.55949353720365,0.40114120428820577,1402,2.7977160188805756,1742,0.029784630525060078,3144,2304,11755.735006492756,1.049618320610687,1.2654320987654322
bspline_temporal_graph_interp,959,unif_100,1.4429402789835966,3144,35.3569250866845,0.5769286746977759,1402,0.8660116042858208,1742,0.005626064045333115,3144,1864,6429.8261627954125,0.44529262086513993,0.43209876543209874
bspline_temporal_graph_interp,959,extrap_100,3.0417432606291452,3144,53.637668995997,0.3713037196568589,1402,2.670439540972287,1742,0.029690614642343217,3144,2238,11474.30561346078,1.1768447837150127,2.4691358024691357
bspline_temporal_graph_interp,959,unif_200,0.8459529052733358,3144,29.06370699523319,0.30383614518509905,1402,0.5421167600882366,1742,0.003719727364340921,3144,1740,5776.5496014035925,0.8269720101781171,2.4691358024691357
bspline_temporal_graph_interp,959,extrap_200,2.2741689469508892,3144,46.24880780582396,0.2617085740994543,1402,2.012460372851435,1742,0.026216761809539087,3144,2116,10042.578462537438,1.4312977099236641,1.3271604938271604
bspline_temporal_graph_interp,959,unif_300,0.6732776256625119,3144,25.642521685004272,0.23239340936221733,1402,0.4408842163002946,1742,0.002709951407546707,3144,1613,4510.912524648678,0.6043256997455471,1.2345679012345678
bspline_temporal_graph_interp,959,extrap_300,2.271986173132463,3144,46.20044689246118,0.26175066254640694,1402,2.0102355105860563,1742,0.026275935892337492,3144,2114,10043.579049300039,1.494910941475827,1.3271604938271604
bspline_temporal_graph_interp,959,unif_500,0.6181408451307102,3144,24.481790840775005,0.2170136732389446,1402,0.4011271718917656,1742,0.002281169369734459,3144,1542,4104.956308242339,0.6679389312977099,2.037037037037037
bspline_temporal_graph_interp,959,extrap_500,2.2719861731324276,3144,46.200446892460874,0.26175066254640655,1402,2.0102355105860212,1742,0.026275935892337943,3144,2114,10043.57904929988,1.494910941475827,1.3271604938271604
bspline_temporal_graph_interp,960,unif_2,22.85779223564096,3132,162.5270156392854,7.319036297452477,1349,15.538755938188483,1783,0.15272345516327696,3132,2687,29118.0715808417,0.351213282247765,0.0
bspline_temporal_graph_interp,960,extrap_2,25.558587857236166,3132,194.2248780760062,5.768974345542809,1349,19.789613511693357,1783,0.5383780170682557,3132,2913,40096.84896524735,0.2554278416347382,0.0
bspline_temporal_graph_interp,960,unif_4,18.24257663361146,3132,145.70676576299957,3.7485346098097896,1349,14.494042023801669,1783,0.18507654101047416,3132,2668,54599.78625227919,0.0,0.09259259259259259
bspline_temporal_graph_interp,960,extrap_4,16.357819028593543,3132,126.42818967176382,2.6782661529831144,1349,13.67955287561043,1783,0.07849621815534515,3132,2731,28343.64930666862,0.0,0.0
bspline_temporal_graph_interp,960,unif_8,19.354697635320992,3132,140.6438195608948,8.088355384105215,1349,11.266342251215779,1783,0.06621530129973532,3132,2633,41078.945188298574,0.0,1.3580246913580247
bspline_temporal_graph_interp,960,extrap_8,16.292860355441196,3132,130.36532358048024,2.7002949792614097,1349,13.592565376179788,1783,0.0666656292687728,3132,2776,32235.96796294606,0.06385696040868455,2.5617283950617282
bspline_temporal_graph_interp,960,unif_10,18.301638511004764,3132,135.36253872106542,6.487739619251514,1349,11.813898891753245,1783,0.09048107505565917,3132,2570,58830.67297073368,0.0,3.3641975308641974
bspline_temporal_graph_interp,960,extrap_10,15.59945987860574,3132,123.40510638108984,2.616779386711129,1349,12.982680491894612,1783,0.06939463350030972,3132,2657,30689.18708019851,0.44699872286079184,1.4197530864197532
bspline_temporal_graph_interp,960,unif_20,13.82736760701777,3132,105.26408473359899,6.80556204560819,1349,7.021805561409577,1783,0.036899589615339214,3132,2280,24926.868057216045,0.2554278416347382,4.567901234567901
bspline_temporal_graph_interp,960,extrap_20,12.125807573084298,3132,99.11742501803701,1.7700187056985544,1349,10.355788867385744,1783,0.03976546829455398,3132,2518,16324.940524950087,0.5427841634738186,1.1419753086419753
bspline_temporal_graph_interp,960,unif_40,6.548349430583736,3132,64.89820657891106,1.372675772130453,1349,5.175673658453284,1783,0.008844947090766973,3132,2077,8227.785449163797,0.06385696040868455,5.246913580246914
bspline_temporal_graph_interp,960,extrap_40,5.932842160622041,3132,67.81637517401292,0.745307058844502,1349,5.187535101777539,1783,0.030089014077406558,3132,2296,12485.609011744154,0.28735632183908044,0.6172839506172839
bspline_temporal_graph_interp,960,unif_80,3.4104117652041412,3132,41.519023458264996,0.5648552251338339,1349,2.8455565400703087,1783,0.0033390088570433747,3132,1754,4481.141459145509,0.5427841634738186,1.6666666666666667
bspline_temporal_graph_interp,960,extrap_80,4.804797700055827,3132,58.18002173410317,0.4919831161242776,1349,4.31281458393155,1783,0.0341693980808555,3132,2212,11206.119126272211,0.9259259259259259,0.15432098765432098
bspline_temporal_graph_interp,960,unif_100,2.603875855630692,3132,35.98357097614563,0.5298362298256134,1349,2.0740396258050784,1783,0.0030545843879641746,3132,1628,4597.41448443927,0.5427841634738186,0.2777777777777778
bspline_temporal_graph_interp,960,extrap_100,3.895647679072521,3132,52.38097420578186,0.4064976586588133,1349,3.489150020413708,1783,0.03475003183991423,3132,2152,10848.517614042132,1.0217113665389528,0.2777777777777778
bspline_temporal_graph_interp,960,unif_200,1.4557989093834136,3132,28.181877937800174,0.2672673159999711,1349,1.1885315933834426,1783,0.00209731092539477,3132,1494,2979.8815946179575,0.8301404853128991,0.30864197530864196
bspline_temporal_graph_interp,960,extrap_200,3.2089021324021645,3132,46.97177840771572,0.3003104472752908,1349,2.908591685126874,1783,0.03275083039677824,3132,2050,9609.351850316565,1.277139208173691,0.2777777777777778
bspline_temporal_graph_interp,960,unif_300,1.3269375495770201,3132,26.13730618224072,0.23067685751725775,1349,1.0962606920597628,1783,0.0016527117153054996,3132,1390,2631.8791782229628,0.5747126436781609,0.37037037037037035
bspline_temporal_graph_interp,960,extrap_300,3.208976346930264,3132,46.98531679975429,0.3005110718492208,1349,2.908465275081043,1783,0.032752095280767425,3132,2052,9611.182462962768,1.277139208173691,0.2777777777777778
bspline_temporal_graph_interp,960,unif_500,1.1194110255479288,3132,24.12372396343093,0.20373841518885177,1349,0.915672610359077,1783,0.0014205396257740818,3132,1324,2355.417034008332,0.6704980842911877,0.3395061728395062
bspline_temporal_graph_interp,960,extrap_500,3.2089763469304904,3132,46.98531679975472,0.30051107184922277,1349,2.9084652750812685,1783,0.03275209528076622,3132,2052,9611.1824629625,1.277139208173691,0.2777777777777778
bspline_temporal_graph_interp,961,unif_2,20.144376436014962,3133,157.7723480396528,6.379621411206612,1357,13.764755024808348,1776,0.09610921683020371,3133,2846,37352.44333122566,0.0,0.0
bspline_temporal_graph_interp,961,extrap_2,22.614188029669073,3133,159.72723728299266,4.519687013053925,1357,18.094501016615144,1776,0.10034730750770038,3133,2885,43496.70009003382,0.0,0.0
bspline_temporal_graph_interp,961,unif_4,19.894954903627127,3133,154.46281200627385,7.520663534856807,1357,12.374291368770319,1776,0.09820728576213725,3133,2773,49427.99665295523,0.06387735547748323,0.030864197530864196
bspline_temporal_graph_interp,961,extrap_4,23.534264028248035,3133,158.8280693207808,5.0888165729982235,1357,18.44544745524981,1776,0.10352841704096573,3133,2815,41604.67997160352,0.15969338869370808,1.2345679012345678
bspline_temporal_graph_interp,961,unif_8,18.073330819927676,3133,144.1698493912048,6.033195019120578,1357,12.040135800807098,1776,0.0764411536664756,3133,2757,39270.73167409537,0.0,0.46296296296296297
bspline_temporal_graph_interp,961,extrap_8,17.313346758626448,3133,140.9821728257674,3.5142670574894685,1357,13.799079701136979,1776,0.13208020885702668,3133,2774,41872.68168655874,0.5429575215586074,1.2345679012345678
bspline_temporal_graph_interp,961,unif_10,16.813059567688608,3133,141.1206113015134,8.108580031681726,1357,8.704479536006886,1776,0.07265907300453117,3133,2620,42102.35073714935,0.031938677738741615,2.623456790123457
bspline_temporal_graph_interp,961,extrap_10,12.58847180970981,3133,115.06668771160157,3.5409193513713153,1357,9.047552458338494,1776,0.04929245744896568,3133,2659,29903.325326684724,0.3832641328648994,1.5432098765432098
bspline_temporal_graph_interp,961,unif_20,12.305147530451492,3133,110.97875646768314,5.363540330725791,1357,6.941607199725703,1776,0.04634145401859853,3133,2456,33007.06597606822,0.06387735547748323,6.111111111111111
bspline_temporal_graph_interp,961,extrap_20,12.7525138023062,3133,105.33793690283207,2.2210159012998845,1357,10.531497901006317,1776,0.03877468812782786,3133,2595,17043.860208142214,0.35132545512615776,4.135802469135802
bspline_temporal_graph_interp,961,unif_40,5.607820205396532,3133,71.62186133811667,2.315365423294436,1357,3.292454782102096,1776,0.015221669560977204,3133,2246,15442.026549425329,0.0,2.7777777777777777
bspline_temporal_graph_interp,961,extrap_40,8.43070198829183,3133,80.96360219212681,1.2427450550499122,1357,7.187956933241917,1776,0.04037454578571967,3133,2474,12250.359441362727,0.4471414883423826,1.3580246913580247
bspline_temporal_graph_interp,961,unif_80,2.1432238773074475,3133,45.53802539501095,0.987561057163729,1357,1.1556628201437187,1776,0.008357643350203163,3133,1992,7765.511125411589,0.28744809964867457,0.6790123456790124
bspline_temporal_graph_interp,961,extrap_80,4.186568692411185,3133,61.04999842921379,0.4598937545355223,1357,3.726674937875662,1776,0.03703456272388798,3133,2263,10046.372910452525,0.6387735547748323,1.0185185185185186
bspline_temporal_graph_interp,961,unif_100,1.4044271545968303,3133,39.23992278895706,0.6209206835530185,1357,0.7835064710438118,1776,0.00683491512866558,3133,1960,6219.763314723767,0.3832641328648994,1.0185185185185186
bspline_temporal_graph_interp,961,extrap_100,3.021053079628102,3133,55.0461373697251,0.40882425605832934,1357,2.6122288235697724,1776,0.03629378835402569,3133,2235,10570.857765871684,0.8623442989460236,0.43209876543209874
bspline_temporal_graph_interp,961,unif_200,0.8685450288760619,3133,30.89900611327341,0.39024178669528997,1357,0.4783032421807719,1776,0.004831987643701227,3133,1738,5226.265065590928,0.7665282657297988,1.1419753086419753
bspline_temporal_graph_interp,961,extrap_200,2.3516458285681408,3133,48.51542653206154,0.22093114135702052,1357,2.1307146872111202,1776,0.03757797811055277,3133,2161,10137.201793654329,1.2136697540721815,0.12345679012345678
bspline_temporal_graph_interp,961,unif_300,0.6686584446125602,3133,26.731950063277193,0.256157054602956,1357,0.4125013900096042,1776,0.0032425726582471946,3133,1624,3431.4302126554057,0.4471414883423826,0.15432098765432098
bspline_temporal_graph_interp,961,extrap_300,2.35106325516758,3133,48.512822937885545,0.2209160694360979,1357,2.130147185731482,1776,0.03757792787664227,3133,2161,10136.966479583296,1.2136697540721815,0.12345679012345678
bspline_temporal_graph_interp,961,unif_500,0.522416196799098,3133,23.738685112543166,0.19500366171704614,1357,0.3274125350820519,1776,0.002596539831340122,3133,1572,3060.6063070171876,0.47908016608112425,0.21604938271604937
bspline_temporal_graph_interp,961,extrap_500,2.351063255167397,3133,48.51282293788511,0.2209160694360976,1357,2.1301471857312992,1776,0.03757792787664301,3133,2161,10136.966479583223,1.2136697540721815,0.12345679012345678
bspline_temporal_graph_interp,962,unif_2,13.100740158992334,3063,118.55276917751041,3.2768683684422713,1359,9.823871790550061,1704,0.06382568726127329,3063,2527,46607.59642603461,0.0,0.0
bspline_temporal_graph_interp,962,extrap_2,15.573436236100804,3063,151.7805982117634,5.786367509839006,1359,9.787068726261797,1704,0.29249073470099596,3063,2642,48850.448381394606,0.0,0.0
bspline_temporal_graph_interp,962,unif_4,12.562370394872854,3063,128.068070769707,5.890170930362439,1359,6.672199464510415,1704,0.09619494129797956,3063,2526,50263.09420773072,0.1633453119895459,1.25
bspline_temporal_graph_interp,962,extrap_4,12.262817032729872,3063,116.43171153073084,3.1312943746644675,1359,9.131522658065405,1704,0.0667585263610704,3063,2527,22971.760979887797,0.0,0.28125
bspline_temporal_graph_interp,962,unif_8,11.0434986683611,3063,99.80952360585464,5.252197688386621,1359,5.79130097997448,1704,0.044550073945344826,3063,2391,34042.138956096496,0.1960143743874551,2.34375
bspline_temporal_graph_interp,962,extrap_8,10.821293615246569,3063,107.57632958975744,2.728242964397044,1359,8.093050650849527,1704,0.06342960832932226,3063,2580,24919.87676418432,0.09800718719372754,1.6875
bspline_temporal_graph_interp,962,unif_10,17.016548834724997,3063,138.28470297988574,12.327775584739666,1359,4.688773249985334,1704,0.14352365223011043,3063,2337,93287.98417016177,0.06533812479581835,5.53125
bspline_temporal_graph_interp,962,extrap_10,10.691970984568407,3063,104.72236917315858,2.9253139557600187,1359,7.766657028808386,1704,0.042579360013782784,3063,2508,28253.748783174782,0.06533812479581835,3.53125
bspline_temporal_graph_interp,962,unif_20,9.149797074576917,3063,93.8972214280104,4.210355589342348,1359,4.939441485234568,1704,0.051066917508455004,3063,2201,40575.7576012666,0.03266906239790918,5.4375
bspline_temporal_graph_interp,962,extrap_20,8.205282084033644,3063,86.69069332582151,1.7295344364555745,1359,6.475747647578068,1704,0.04030142862603974,3063,2393,14530.409844839296,0.09800718719372754,2.09375
bspline_temporal_graph_interp,962,unif_40,3.0166681102582142,3063,47.19116594813641,0.9432990685616002,1359,2.073369041696614,1704,0.005572324814969704,3063,1933,8106.646611737293,0.42469781117281935,1.09375
bspline_temporal_graph_interp,962,extrap_40,4.951144237266574,3063,65.11113675556604,0.9251978464407824,1359,4.025946390825791,1704,0.03334614320958919,3063,2283,12575.52445509665,0.5553740607644561,1.5625
bspline_temporal_graph_interp,962,unif_80,1.983602775417535,3063,34.15781845752162,0.5486128255792018,1359,1.434989949838333,1704,0.0033340251754487423,3063,1671,4216.5035743034,0.359359686377001,0.8125
bspline_temporal_graph_interp,962,extrap_80,2.636197314264595,3063,47.945067523791124,0.5163214119211237,1359,2.1198759023434715,1704,0.029052154467868713,3063,1998,9874.044020224734,0.9800718719372754,0.125
bspline_temporal_graph_interp,962,unif_100,1.156378219615756,3063,30.041892652499207,0.5483774868873789,1359,0.6080007327283772,1704,0.0031009943708343295,3063,1631,3878.1582000295816,0.5553740607644561,0.1875
bspline_temporal_graph_interp,962,extrap_100,2.3526361991683165,3063,47.035143900684815,0.49930691114701464,1359,1.8533292880213021,1704,0.031893347459192894,3063,2023,8770.438192830188,0.9800718719372754,0.09375
bspline_temporal_graph_interp,962,unif_200,0.6899509759729993,3063,23.63629986096149,0.3249055765243875,1359,0.3650453994486117,1704,0.0019980867242930986,3063,1416,3117.711084703056,0.5880431231623653,0.09375
bspline_temporal_graph_interp,962,extrap_200,1.7351500133566613,3063,41.27382992342262,0.4183643510565701,1359,1.3167856623000913,1704,0.031095427398122294,3063,1923,8399.395186755268,1.1434171839268212,0.15625
bspline_temporal_graph_interp,962,unif_300,0.6836659515520107,3063,23.567733507090338,0.41033818842039804,1359,0.2733277631316128,1704,0.0019184181233862514,3063,1389,2746.557346507685,0.5880431231623653,0.09375
bspline_temporal_graph_interp,962,extrap_300,1.7351500133566775,3063,41.27382992342292,0.4183643510565709,1359,1.3167856623001066,1704,0.031095427398122353,3063,1923,8399.395186755208,1.1434171839268212,0.15625
bspline_temporal_graph_interp,962,unif_500,0.6623819552779381,3063,22.745258640714074,0.41673474362752283,1359,0.2456472116504153,1704,0.001784122016976843,3063,1316,2582.480069582837,0.5880431231623653,0.125
bspline_temporal_graph_interp,962,extrap_500,1.7351500133567397,3063,41.273829923423726,0.4183643510565702,1359,1.3167856623001695,1704,0.031095427398123085,3063,1923,8399.395186755455,1.1434171839268212,0.15625
bspline_temporal_graph_interp,963,unif_2,13.923897686030653,3041,139.99757217731164,7.5343826075894285,1351,6.3895150784412245,1690,0.11988491352266842,3041,2512,33616.25623920352,0.0,1.2345679012345678
bspline_temporal_graph_interp,963,extrap_2,14.68939681508975,3041,137.26941665930883,3.4988222838087473,1351,11.190574531281005,1690,0.16814369882008073,3041,2593,32360.544044545328,0.0,0.12345679012345678
bspline_temporal_graph_interp,963,unif_4,11.661044402097312,3041,115.61394911344806,3.7334613894206674,1351,7.927583012676646,1690,0.05787108687970148,3041,2571,26336.460953064627,0.0,0.0
bspline_temporal_graph_interp,963,extrap_4,13.675933220892826,3041,130.9625395650688,2.8667888048900263,1351,10.809144416002802,1690,0.1511620959891268,3041,2504,30560.140497623033,0.0,0.4012345679012346
bspline_temporal_graph_interp,963,unif_8,11.118370096169874,3041,102.71508252843552,3.186258609692164,1351,7.932111486477711,1690,0.0478772326257506,3041,2310,23505.264865667188,0.06576783952647156,1.4814814814814814
bspline_temporal_graph_interp,963,extrap_8,9.942311837772682,3041,106.23938667663637,2.696491383838709,1351,7.245820453933974,1690,0.08431944755883797,3041,2516,27594.314397763414,0.4274909569220651,0.0
bspline_temporal_graph_interp,963,unif_10,13.810602467789618,3041,117.80486619630342,7.870416354237889,1351,5.94018611355173,1690,0.08946842998765345,3041,2275,51246.23656019943,0.19730351857941467,3.7037037037037037
bspline_temporal_graph_interp,963,extrap_10,8.807394383883267,3041,96.64086234534622,1.8922151091583812,1351,6.915179274724885,1690,0.093313523110733,3041,2402,27990.121587808273,0.06576783952647156,0.43209876543209874
bspline_temporal_graph_interp,963,unif_20,8.277096020539272,3041,77.67700567444746,3.1746878216355103,1351,5.1024081989037615,1690,0.026447382913108417,3041,2067,21997.651091466003,0.09865175928970733,1.9753086419753085
bspline_temporal_graph_interp,963,extrap_20,9.087954219634542,3041,87.27731711444586,2.2338585994511364,1351,6.854095620183404,1690,0.04513273315797133,3041,2361,12537.798777656328,0.5590266359750082,1.1111111111111112
bspline_temporal_graph_interp,963,unif_40,4.51339476015207,3041,52.99844896708237,2.512835688588691,1351,2.000559071563379,1690,0.0205011019763843,3041,1782,15558.013480702457,0.591910555738244,3.271604938271605
bspline_temporal_graph_interp,963,extrap_40,3.881268308989429,3041,56.62994246430759,0.6305539244358895,1351,3.250714384553539,1690,0.034142143099301296,3041,2118,9446.64859272015,0.6576783952647156,0.8024691358024691
bspline_temporal_graph_interp,963,unif_80,1.3653466247385695,3041,32.41476930349959,0.6296392699900123,1351,0.735707354748557,1690,0.003473854234957899,3041,1636,5284.354719825238,0.7892140743176587,0.5246913580246914
bspline_temporal_graph_interp,963,extrap_80,2.2856604090652866,3041,44.60718264424027,0.24962032637979056,1351,2.036040082685496,1690,0.03143402615190834,3041,1982,7546.378313668025,1.1509371917132523,0.3395061728395062
bspline_temporal_graph_interp,963,unif_100,1.1700819236078486,3041,30.340134960034195,0.8126051706516533,1351,0.35747675295619546,1690,0.0033069102774086227,3041,1619,3090.323739206653,0.5261427162117724,0.12345679012345678
bspline_temporal_graph_interp,963,extrap_100,1.7157146172430822,3041,40.36206798084662,0.22818318770656265,1351,1.4875314295365198,1690,0.03312855514831495,3041,1975,6975.154562797615,1.5784281486353173,0.0
bspline_temporal_graph_interp,963,unif_200,0.44125276726441787,3041,21.01946004178783,0.23845445358170886,1351,0.202798313682709,1690,0.0018493093059619298,3041,1391,2479.686818362376,0.591910555738244,0.5864197530864198
bspline_temporal_graph_interp,963,extrap_200,1.2331435299580404,3041,36.96616389577598,0.15847482393473172,1351,1.0746687060233087,1690,0.03371590963822725,3041,1930,6831.484988289965,1.7099638276882605,0.15432098765432098
bspline_temporal_graph_interp,963,unif_300,0.4184348695447164,3041,20.914997369668185,0.2360602874026401,1351,0.18237458214207636,1690,0.0017830067761437107,3041,1385,2438.585599421434,0.6247944755014798,0.09259259259259259
bspline_temporal_graph_interp,963,extrap_300,1.2331435299579703,3041,36.96616389577548,0.15847482393473117,1351,1.074668706023239,1690,0.033715909638226654,3041,1930,6831.484988289834,1.7099638276882605,0.15432098765432098
bspline_temporal_graph_interp,963,unif_500,0.38209859583441463,3041,19.977922710610198,0.21776842474672825,1351,0.16433017108768636,1690,0.001645321511591209,3041,1331,2377.310315069843,0.6905623150279513,0.12345679012345678
bspline_temporal_graph_interp,963,extrap_500,1.2331435299580114,3041,36.96616389577587,0.1584748239347314,1351,1.0746687060232798,1690,0.033715909638226606,3041,1930,6831.48498828958,1.7099638276882605,0.15432098765432098
bspline_temporal_graph_interp,964,unif_2,16.678342267500433,3070,158.15850439322926,6.984590602962351,1348,9.69375166453808,1722,0.3366635098852983,3070,2755,107287.07685612372,0.06516780710329098,0.0
bspline_temporal_graph_interp,964,extrap_2,16.790284617780024,3070,149.6457452574278,3.4472352859534072,1348,13.343049331826618,1722,0.15647725702694434,3070,2807,35971.187120494535,0.0,0.0
bspline_temporal_graph_interp,964,unif_4,13.833496691809646,3070,126.1904128190043,3.9197534628799873,1348,9.913743228929658,1722,0.0764310656770498,3070,2592,49625.733433895584,0.3258390355164549,2.4390243902439024
bspline_temporal_graph_interp,964,extrap_4,15.927754830569624,3070,135.69466312953617,3.0915782788490653,1348,12.836176551720563,1722,0.11446129368869802,3070,2620,35105.87109381004,0.09775171065493646,0.0
bspline_temporal_graph_interp,964,unif_8,13.067095562871708,3070,117.25737999839652,4.4131161638351095,1348,8.653979399036599,1722,0.07935818715105306,3070,2484,42722.76010131857,0.06516780710329098,0.9451219512195121
bspline_temporal_graph_interp,964,extrap_8,12.312769630549639,3070,122.48895753832562,2.763447455371864,1348,9.549322175177773,1722,0.10671495848105592,3070,2723,39650.05118605682,0.22808732486151842,0.18292682926829268
bspline_temporal_graph_interp,964,unif_10,11.84622080852834,3070,116.38537715790964,6.258904400692891,1348,5.58731640783545,1722,0.057542544372472346,3070,2552,37567.11811462969,0.0,2.682926829268293
bspline_temporal_graph_interp,964,extrap_10,10.701864428671904,3070,105.08284725791998,1.7783214324466259,1348,8.92354299622528,1722,0.059443938903068025,3070,2605,17417.33200671978,0.19550342130987292,1.1585365853658536
bspline_temporal_graph_interp,964,unif_20,11.297038155895756,3070,94.30929124619232,2.472350401355218,1348,8.82468775454054,1722,0.023773431966354352,3070,2372,20463.463569428564,0.03258390355164549,2.225609756097561
bspline_temporal_graph_interp,964,extrap_20,9.216557469135722,3070,89.1367158969365,1.4977505842490535,1348,7.7188068848866696,1722,0.041231665389526585,3070,2460,14151.762653449015,1.075268817204301,1.4939024390243902
bspline_temporal_graph_interp,964,unif_40,5.959831018341425,3070,66.76732163135314,2.486593834561755,1348,3.4732371837796707,1722,0.016337942821237884,3070,2143,9447.42581468253,0.0,1.0670731707317074
bspline_temporal_graph_interp,964,extrap_40,5.429453966516964,3070,68.1914673835146,0.6514379971996132,1348,4.77801596931735,1722,0.03282673060293929,3070,2389,12456.793555669348,0.7494297816878462,0.12195121951219512
bspline_temporal_graph_interp,964,unif_80,2.5100995102073997,3070,43.63054246466104,1.108054792186195,1348,1.4020447180212048,1722,0.008121647097403524,3070,1941,4206.093849513301,0.16291951775822744,1.3414634146341464
bspline_temporal_graph_interp,964,extrap_80,2.7721844176861596,3070,50.887701069869344,0.32638685209901014,1348,2.445797565587149,1722,0.029216336007634725,3070,2249,9273.172732690728,1.1730205278592376,0.6402439024390244
bspline_temporal_graph_interp,964,unif_100,1.3469100539260737,3070,33.880815545409014,0.46896253655063624,1348,0.8779475173754373,1722,0.00575300605049893,3070,1836,3061.3085792372503,0.35842293906810035,0.3048780487804878
bspline_temporal_graph_interp,964,extrap_100,2.70570443873421,3070,48.23064728052169,0.3276680796550663,1348,2.378036359079144,1722,0.027983723756154953,3070,2146,8781.584123415476,1.0101010101010102,0.36585365853658536
bspline_temporal_graph_interp,964,unif_200,1.1030801660926661,3070,29.38108635110686,0.5906197515668615,1348,0.5124604145258045,1722,0.005352041738935326,3070,1706,2517.013071047657,0.3258390355164549,0.3048780487804878
bspline_temporal_graph_interp,964,extrap_200,1.9980741488892586,3070,43.491207408608794,0.22465176387566937,1348,1.773422385013589,1722,0.029647646024160066,3070,2100,8256.171891402064,1.4336917562724014,0.27439024390243905
bspline_temporal_graph_interp,964,unif_300,0.9449529198169535,3070,26.58747485623497,0.5018084051329746,1348,0.44314451468397886,1722,0.004277834411673617,3070,1618,2184.983331222984,0.35842293906810035,0.12195121951219512
bspline_temporal_graph_interp,964,extrap_300,1.9980741488891138,3070,43.49120740860797,0.22465176387567057,1348,1.7734223850134434,1722,0.029647646024158356,3070,2100,8256.171891401522,1.4336917562724014,0.27439024390243905
bspline_temporal_graph_interp,964,unif_500,0.7869731926219338,3070,24.050902182073706,0.4048946618254695,1348,0.3820785307964641,1722,0.0035984987042597992,3070,1538,1990.050808475917,0.39100684261974583,0.09146341463414634
bspline_temporal_graph_interp,964,extrap_500,1.9980741488891325,3070,43.49120740860819,0.22465176387567032,1348,1.7734223850134623,1722,0.029647646024158897,3070,2100,8256.171891401758,1.4336917562724014,0.27439024390243905
bspline_temporal_graph_interp,965,unif_2,16.591629697410546,3062,154.81817576084842,6.3319100348004715,1281,10.259719662610074,1781,0.14605445490613403,3062,2792,62791.10618677117,0.13063357282821686,1.2195121951219512
bspline_temporal_graph_interp,965,extrap_2,25.284500662912833,3062,194.22887250573245,3.9750123525421714,1281,21.309488310370664,1781,0.44787297417474253,3062,2922,47492.223429352176,1.7635532331809276,0.0
bspline_temporal_graph_interp,965,unif_4,17.111373220225012,3062,141.94745147155544,4.5539247377114425,1281,12.557448482513571,1781,0.12013866376781848,3062,2649,48939.8370259311,0.0,0.0
bspline_temporal_graph_interp,965,extrap_4,18.87590498641072,3062,148.01063567353748,3.157661001021965,1281,15.71824398538876,1781,0.12009931436810108,3062,2827,40956.01084080053,0.06531678641410843,0.0
bspline_temporal_graph_interp,965,unif_8,14.5177828925664,3062,127.52047846540935,4.369935651026788,1281,10.147847241539612,1781,0.05735743336879041,3062,2608,38675.55318185102,0.13063357282821686,0.7621951219512195
bspline_temporal_graph_interp,965,extrap_8,15.526085222131528,3062,130.60017568719695,2.806062445315532,1281,12.720022776815997,1781,0.15277288132394634,3062,2781,62189.61763896691,0.0,0.09146341463414634
bspline_temporal_graph_interp,965,unif_10,15.912069175583493,3062,136.69641436787026,7.440511548318818,1281,8.471557627264678,1781,0.11378269088650295,3062,2642,44696.581124332704,0.0,3.475609756097561
bspline_temporal_graph_interp,965,extrap_10,14.131775139785196,3062,120.70796685133834,2.166314086249194,1281,11.965461053536004,1781,0.08385598289593857,3062,2792,37379.92939344563,0.06531678641410843,0.03048780487804878
bspline_temporal_graph_interp,965,unif_20,10.777897295123594,3062,96.69163316402094,2.4830037658757824,1281,8.294893529247814,1781,0.03203222234053213,3062,2334,27607.80678737796,0.0,2.2865853658536586
bspline_temporal_graph_interp,965,extrap_20,11.474712824424822,3062,102.32940733465594,1.5192556401293071,1281,9.955457184295517,1781,0.05436655013037971,3062,2651,18906.808787945032,0.16329196603527107,0.6097560975609756
bspline_temporal_graph_interp,965,unif_40,5.468654548322583,3062,63.83024175453683,1.3983801997687002,1281,4.070274348553883,1781,0.013720045550477174,3062,2128,14676.755751897083,0.16329196603527107,0.4878048780487805
bspline_temporal_graph_interp,965,extrap_40,6.396562025786163,3062,76.55904973910567,0.79012535871115,1281,5.606436667075013,1781,0.0546598499792425,3062,2440,13724.129445058934,1.2083605486610058,0.823170731707317
bspline_temporal_graph_interp,965,unif_80,2.4972572735965652,3062,40.308519682389374,0.6412889206501499,1281,1.8559683529464153,1781,0.006145440525039451,3062,1860,4513.849470921353,0.29392553886348793,0.6402439024390244
bspline_temporal_graph_interp,965,extrap_80,3.7083133570835987,3062,58.654618611737874,0.4953314889966006,1281,3.212981868086998,1781,0.05521230858559424,3062,2353,13041.048355558789,1.6002612671456564,0.0
bspline_temporal_graph_interp,965,unif_100,2.0149598669930104,3062,37.637495476544515,0.6048948515936046,1281,1.410065015399406,1781,0.005890539776890684,3062,1816,5354.575158705183,0.5551926845199217,0.0
bspline_temporal_graph_interp,965,extrap_100,3.1804529199944414,3062,54.03568252702249,0.44242906146192806,1281,2.7380238585325136,1781,0.05239991952471494,3062,2296,11906.997849361287,1.7962116263879817,0.12195121951219512
bspline_temporal_graph_interp,965,unif_200,2.1747828742966138,3062,35.47990226997709,1.2290522425386305,1281,0.9457306317579828,1781,0.0064024747332856995,3062,1707,3896.519185435156,0.6858262573481385,0.21341463414634146
bspline_temporal_graph_interp,965,extrap_200,2.7911865206046977,3062,49.65173234543062,0.36119711648601055,1281,2.4299894041186874,1781,0.05164512059531234,3062,2231,11455.904466144635,1.9595035924232527,0.0
bspline_temporal_graph_interp,965,unif_300,1.684676189126233,3062,30.542334489121075,0.86915554755951,1281,0.8155206415667229,1781,0.004846858534719156,3062,1575,3374.4998780757614,0.5878510777269759,0.0
bspline_temporal_graph_interp,965,extrap_300,2.791186520604835,3062,49.65173234543047,0.36119711648601155,1281,2.4299894041188237,1781,0.05164512059531084,3062,2231,11455.904466144571,1.9595035924232527,0.0
bspline_temporal_graph_interp,965,unif_500,1.4983715393966888,3062,29.233338989265896,0.7570424269017078,1281,0.7413291124949809,1781,0.004154897121293749,3062,1532,3219.716011332281,0.5878510777269759,0.0
bspline_temporal_graph_interp,965,extrap_500,2.791186520604694,3062,49.65173234543006,0.36119711648601155,1281,2.429989404118683,1781,0.05164512059531173,3062,2231,11455.9044661442,1.9595035924232527,0.0
bspline_temporal_graph_interp,966,unif_2,24.784964874316746,3113,183.3331742824536,7.26406158886309,1487,17.520903285453656,1626,0.39687448298271666,3113,2838,57686.01349395686,0.0,0.0
bspline_temporal_graph_interp,966,extrap_2,28.252413351735793,3113,196.498364344449,5.211180570455444,1487,23.04123278128035,1626,0.2719062164087457,3113,3017,49697.34705132938,0.0,0.0
bspline_temporal_graph_interp,966,unif_4,21.532849119783663,3113,163.11042808283543,7.891549452445264,1487,13.6412996673384,1626,0.11672306727818306,3113,2840,78187.18216143844,0.09637006103437198,0.0
bspline_temporal_graph_interp,966,extrap_4,25.719348322869468,3113,177.4897782282897,4.4668431034562905,1487,21.25250521941317,1626,0.21432939067149337,3113,3010,35518.11472743164,0.6103437198843559,0.0
bspline_temporal_graph_interp,966,unif_8,20.974311907865392,3113,147.74967944080865,5.760233159110187,1487,15.214078748755204,1626,0.08084249359419642,3113,2683,40774.437923292266,0.0,0.5182926829268293
bspline_temporal_graph_interp,966,extrap_8,21.38340779696213,3113,144.92372966421576,3.4353470295096864,1487,17.948060767452443,1626,0.09696331389169253,3113,2793,22906.56471520771,0.38548024413748794,1.798780487804878
bspline_temporal_graph_interp,966,unif_10,22.410843028365218,3113,158.19464777952828,11.350491657308341,1487,11.060351371056873,1626,0.10786373920446114,3113,2662,65700.05467256389,0.06424670735624799,2.4390243902439024
bspline_temporal_graph_interp,966,extrap_10,21.42039362347259,3113,152.12683142558078,4.02828455232642,1487,17.39210907114617,1626,0.13418414157528455,3113,2801,71466.27318265777,0.032123353678123995,3.1707317073170733
bspline_temporal_graph_interp,966,unif_20,16.753957549960212,3113,117.82158363933942,4.490102980574371,1487,12.263854569385842,1626,0.06336289705799178,3113,2443,45050.13205071252,0.16061676839061997,4.359756097560975
bspline_temporal_graph_interp,966,extrap_20,16.549895541578493,3113,122.16049431243809,2.414836862324821,1487,14.135058679253673,1626,0.06760743587872946,3113,2704,40856.734355789304,0.32123353678123995,0.975609756097561
bspline_temporal_graph_interp,966,unif_40,9.837128428959586,3113,86.65373043820276,3.5671567247686014,1487,6.2699717041909855,1626,0.027476255756361333,3113,2431,19182.610356141675,0.19274012206874397,2.042682926829268
bspline_temporal_graph_interp,966,extrap_40,9.480020623205164,3113,83.59682383872565,1.032874200630974,1487,8.447146422574189,1626,0.03308456826577964,3113,2580,19222.354585525212,0.5139736588499839,1.829268292682927
bspline_temporal_graph_interp,966,unif_80,4.885471796477768,3113,54.74281036246579,1.3152903959035283,1487,3.5701814005742394,1626,0.010660843408158963,3113,2172,8843.070890283103,0.19274012206874397,2.652439024390244
bspline_temporal_graph_interp,966,extrap_80,5.437480715126334,3113,64.32626304682597,0.640046569889908,1487,4.797434145236427,1626,0.030768796985287138,3113,2482,17593.951518128044,0.8673305493093479,0.3353658536585366
bspline_temporal_graph_interp,966,unif_100,2.3707241946620887,3113,40.91763110816928,0.7233742585432636,1487,1.647349936118825,1626,0.008882935969732525,3113,2124,5932.7437919109225,0.25698682942499196,0.8536585365853658
bspline_temporal_graph_interp,966,extrap_100,4.792421150898304,3113,59.10586722938198,0.6316750259586695,1487,4.160746124939634,1626,0.03139252759146757,3113,2439,14742.165069964132,0.8673305493093479,0.1524390243902439
bspline_temporal_graph_interp,966,unif_200,1.6261645306835495,3113,33.823801063841564,0.4913688861282214,1487,1.134795644555328,1626,0.007081856282560975,3113,2016,5049.466509807615,0.578220366206232,0.5182926829268293
bspline_temporal_graph_interp,966,extrap_200,3.7209354782571435,3113,51.95090422708477,0.3181187642434894,1487,3.402816714013654,1626,0.03214907886228456,3113,2359,13680.319858765877,1.12431737873434,0.03048780487804878
bspline_temporal_graph_interp,966,unif_300,1.1325503051201744,3113,28.791976812033763,0.3696474844474723,1487,0.762902820672702,1626,0.005805379891314085,3113,1907,4179.242528557603,0.48185030517185995,0.21341463414634146
bspline_temporal_graph_interp,966,extrap_300,3.7209354782572026,3113,51.95090422708544,0.3181187642434894,1487,3.4028167140137136,1626,0.03214907886228469,3113,2359,13680.319858766106,1.12431737873434,0.03048780487804878
bspline_temporal_graph_interp,966,unif_500,0.9562745571350785,3113,26.417056719204034,0.29742472246645896,1487,0.6588498346686192,1626,0.005003084744085836,3113,1840,3878.9402370209723,0.41760359781561196,0.21341463414634146
bspline_temporal_graph_interp,966,extrap_500,3.7209354782571347,3113,51.950904227084926,0.31811876424348984,1487,3.4028167140136443,1626,0.032149078862284595,3113,2359,13680.319858766181,1.12431737873434,0.03048780487804878
ssvi_data,957,unif_2,203.56378114869725,3107,637.6413416794823,77.92644396233824,1427,125.63733718635902,1680,6.8588097367909775,3107,3083,88177.43209220468,0.0,0.0
ssvi_data,957,extrap_2,203.56378114869725,3107,637.6413416794823,77.92644396233824,1427,125.63733718635902,1680,6.8588097367909775,3107,3083,88177.43209220468,0.0,0.0
ssvi_data,957,unif_4,203.56378114869725,3107,637.6413416794823,77.92644396233824,1427,125.63733718635902,1680,6.8588097367909775,3107,3083,88177.43209220468,0.0,0.0
ssvi_data,957,extrap_4,203.56378114869725,3107,637.6413416794823,77.92644396233824,1427,125.63733718635902,1680,6.8588097367909775,3107,3083,88177.43209220468,0.0,0.0
ssvi_data,957,unif_8,5.784083829179092,3107,73.61122980427488,2.573699198763423,1427,3.21038463041567,1680,0.012745874942615316,3107,2126,12963.081728214165,0.0,0.0
ssvi_data,957,extrap_8,7.833579014142719,3107,93.80730225948889,3.3093499904543773,1427,4.524229023688344,1680,0.12399267944477384,3107,2517,14125.101277811546,0.0,0.0
ssvi_data,957,unif_10,3.880758246619777,3107,64.64317113318974,2.2921119472337725,1427,1.5886462993860049,1680,0.01207649670560851,3107,2081,13817.387899014804,0.0,0.0
ssvi_data,957,extrap_10,5.583020473995567,3107,76.64119363473225,2.0513349331739708,1427,3.531685540821596,1680,0.08027936743360183,3107,2316,13622.384771569976,0.0,0.0
ssvi_data,957,unif_20,3.5718923110983596,3107,58.63155782170275,2.0445173680562543,1427,1.5273749430421055,1680,0.009360297683313125,3107,2058,9864.339117203166,0.0,0.0
ssvi_data,957,extrap_20,5.2584061188563735,3107,74.48742998101827,1.771933022242009,1427,3.4864730966143633,1680,0.1423610691979111,3107,2173,15182.526646090839,0.0,0.0
ssvi_data,957,unif_40,4.286266096732155,3107,60.32842911366649,1.929010097367445,1427,2.3572559993647095,1680,0.0092213725841529,3107,2043,10449.359081496154,0.0,0.0
ssvi_data,957,extrap_40,6.294758358400696,3107,80.53806272991037,1.8855263774643782,1427,4.409231980936317,1680,0.21747385534189445,3107,2298,14263.225215782077,0.0,0.0
ssvi_data,957,unif_80,4.231250173796683,3107,61.11352224059016,2.0490094178029223,1427,2.182240755993761,1680,0.009252904281505936,3107,2004,11891.998604431155,0.0,0.0
ssvi_data,957,extrap_80,5.574575094742265,3107,75.73049594647449,1.9259397705945696,1427,3.6486353241476945,1680,0.10719040558858238,3107,2262,14080.331587991903,0.0,0.0
ssvi_data,957,unif_100,3.167096628858101,3107,56.434194655023084,2.019529438506167,1427,1.147567190351934,1680,0.009175986570014744,3107,1973,12659.762933393697,0.0,0.0
ssvi_data,957,extrap_100,5.251109644636699,3107,77.83140429646286,2.0104097086617796,1427,3.24069993597492,1680,0.1589756781126182,3107,2342,15174.115546900299,0.0,0.0
ssvi_data,957,unif_200,3.2375846610868555,3107,56.33211422909169,2.0283249786684436,1427,1.2092596824184114,1680,0.009017318492281465,3107,1975,11405.487043961395,0.0,0.0
ssvi_data,957,extrap_200,4.778276591032467,3107,74.07871569431688,1.8602670421522023,1427,2.9180095488802644,1680,0.15472434518105524,3107,2247,14799.189746061598,0.0,0.0
ssvi_data,957,unif_300,3.2180337316410674,3107,56.20281359027077,2.0227819051946456,1427,1.1952518264464216,1680,0.00897587003568455,3107,1985,11854.897787804,0.0,0.0
ssvi_data,957,extrap_300,5.727817447917895,3107,81.03105310261333,1.912636705313214,1427,3.8151807426046807,1680,0.1913030428875735,3107,2301,15273.149238894075,0.0,0.0
ssvi_data,957,unif_500,3.1567042588576166,3107,55.82872117079596,2.0011699103994607,1427,1.1555343484581564,1680,0.00895804172737584,3107,1981,11608.680561498953,0.0,0.0
ssvi_data,957,extrap_500,4.876546028287545,3107,75.01896285440914,1.7986494402215014,1427,3.077896588066043,1680,0.1804940952783261,3107,2212,15050.539106365655,0.0,0.0
ssvi_data,958,unif_2,205.55421456362683,3169,653.6555927604695,79.05493495515321,1450,126.49927960847363,1719,6.245193563534979,3169,3167,94045.72104375638,0.0,0.0
ssvi_data,958,extrap_2,205.55421456362683,3169,653.6555927604695,79.05493495515321,1450,126.49927960847363,1719,6.245193563534979,3169,3167,94045.72104375638,0.0,0.0
ssvi_data,958,unif_4,205.55421456362683,3169,653.6555927604695,79.05493495515321,1450,126.49927960847363,1719,6.245193563534979,3169,3167,94045.72104375638,0.0,0.0
ssvi_data,958,extrap_4,205.55421456362683,3169,653.6555927604695,79.05493495515321,1450,126.49927960847363,1719,6.245193563534979,3169,3167,94045.72104375638,0.0,0.0
ssvi_data,958,unif_8,7.140369367564966,3169,84.48943140781778,2.967823154705062,1450,4.172546212859904,1719,0.049786138341888025,3169,2355,23356.472133103005,0.0,0.0
ssvi_data,958,extrap_8,12.618100309697377,3169,122.3942134365209,2.8632526974367316,1450,9.754847612260646,1719,0.29639864945576394,3169,2726,18812.111731154284,0.0,0.0
ssvi_data,958,unif_10,6.503401146729967,3169,69.92442736670137,2.1028565303544227,1450,4.400544616375545,1719,0.011649544139154906,3169,2173,9961.511953860909,0.0,0.0
ssvi_data,958,extrap_10,9.841562694616123,3169,108.18470303898323,2.348511034083333,1450,7.493051660532791,1719,0.33299277930666665,3169,2608,18550.66359526109,0.0,0.0
ssvi_data,958,unif_20,4.849516575979291,3169,63.55239434148723,1.4941582895243553,1450,3.3553582864549347,1719,0.010435655377636528,3169,2202,13615.979792771324,0.0,0.0
ssvi_data,958,extrap_20,8.920865581367492,3169,94.13840376452022,2.1818562356337545,1450,6.739009345733736,1719,0.1952000528370839,3169,2479,18716.581322752296,0.0,0.0
ssvi_data,958,unif_40,5.041227247336072,3169,62.273760434421625,1.5759418937846867,1450,3.4652853535513852,1719,0.009324721126863444,3169,2139,12922.191845908725,0.0,0.0
ssvi_data,958,extrap_40,8.49236794568166,3169,88.90696246829683,2.046923847470983,1450,6.445444098210675,1719,0.1980938969148277,3169,2376,16734.429062104326,0.0,0.0
ssvi_data,958,unif_80,5.196615065835824,3169,63.111393906582585,1.5968670433652576,1450,3.599748022470567,1719,0.008627479466039197,3169,2112,14013.509407019905,0.0,0.0
ssvi_data,958,extrap_80,6.953434494527417,3169,80.1010786291564,1.6715053695909186,1450,5.281929124936498,1719,0.14428134678398594,3169,2368,13486.193704043344,0.0,0.0
ssvi_data,958,unif_100,5.26718522948196,3169,63.563224725637525,1.6128596089969467,1450,3.6543256204850127,1719,0.008713079183759638,3169,2083,13541.491741172318,0.0,0.0
ssvi_data,958,extrap_100,8.099427156532695,3169,87.84572509821723,1.9570471581602509,1450,6.142379998372444,1719,0.17390503424533654,3169,2420,14669.222151367323,0.0,0.0
ssvi_data,958,unif_200,5.259645463569041,3169,62.72491604255725,1.592121431082724,1450,3.667524032486317,1719,0.008206933783353805,3169,2080,11859.887347752723,0.0,0.0
ssvi_data,958,extrap_200,7.302612858028668,3169,81.21637927749309,1.7652094864854977,1450,5.53740337154317,1719,0.13428779697071097,3169,2387,13082.312081350956,0.0,0.0
ssvi_data,958,unif_300,3.5316925271376087,3169,54.51724891900629,1.4088958232197262,1450,2.122796703917882,1719,0.007161437614091446,3169,2027,11363.83181743664,0.0,0.0
ssvi_data,958,extrap_300,5.49054443193947,3169,71.91135600437109,1.5359451515628764,1450,3.9545992803765926,1719,0.11487603386481894,3169,2277,12876.289665370481,0.0,0.0
ssvi_data,958,unif_500,3.5837789597946212,3169,54.71669997353186,1.4343559823969236,1450,2.1494229773976974,1719,0.007105401928245478,3169,2019,11018.29220173772,0.0,0.0
ssvi_data,958,extrap_500,5.431232427911549,3169,71.65667081537478,1.5184608127512542,1450,3.9127716151602954,1719,0.11251478558783122,3169,2298,12885.669921013216,0.0,0.0
ssvi_data,959,unif_2,221.76734302713973,3144,677.5546298010834,83.6023582348682,1402,138.16498479227147,1742,6.85683496718917,3144,3139,85973.13743970406,0.0,0.0
ssvi_data,959,extrap_2,221.76734302713973,3144,677.5546298010834,83.6023582348682,1402,138.16498479227147,1742,6.85683496718917,3144,3139,85973.13743970406,0.0,0.0
ssvi_data,959,unif_4,221.76734302713973,3144,677.5546298010834,83.6023582348682,1402,138.16498479227147,1742,6.85683496718917,3144,3139,85973.13743970406,0.0,0.0
ssvi_data,959,extrap_4,221.76734302713973,3144,677.5546298010834,83.6023582348682,1402,138.16498479227147,1742,6.85683496718917,3144,3139,85973.13743970406,0.0,0.0
ssvi_data,959,unif_8,8.856639958645657,3144,82.73461693016435,2.272907955117807,1402,6.583732003527851,1742,0.02090489814598712,3144,2392,13271.925345105104,0.0,0.0
ssvi_data,959,extrap_8,12.332482892456843,3144,115.59363232600327,2.5097085619925927,1402,9.822774330464254,1742,0.24559479336353876,3144,2667,16092.08765575405,0.0,0.0
ssvi_data,959,unif_10,4.681077135425382,3144,65.11466589101201,1.2217785131405439,1402,3.4592986222848383,1742,0.01988098837219227,3144,2163,10702.496738741807,0.0,0.0
ssvi_data,959,extrap_10,7.69747121473177,3144,89.10624887798382,1.7528178637175473,1402,5.944653351014222,1742,0.1128231569754349,3144,2488,14614.570628327838,0.0,0.0
ssvi_data,959,unif_20,6.166837977111748,3144,63.154921140633846,1.478435152150219,1402,4.688402824961528,1742,0.007558618050103336,3144,2088,11434.912078390375,0.0,0.0
ssvi_data,959,extrap_20,8.371092818153256,3144,89.8427701625039,1.5791913181591053,1402,6.79190149999415,1742,0.13493195314133685,3144,2533,13107.341706033594,0.0,0.0
ssvi_data,959,unif_40,3.5349894769991743,3144,54.42536670419305,1.112941976356842,1402,2.422047500642331,1742,0.007990228742399162,3144,2109,10372.13315756684,0.0,0.0
ssvi_data,959,extrap_40,8.015920145484607,3144,82.45170370293026,1.5428615258061165,1402,6.473058619678491,1742,0.14079358907107145,3144,2405,10801.156788300723,0.0,0.0
ssvi_data,959,unif_80,3.2582940130105293,3144,51.99637654574738,1.0693565498940023,1402,2.1889374631165275,1742,0.006488078441273274,3144,2039,9346.485645269995,0.0,0.0
ssvi_data,959,extrap_80,6.163467510908333,3144,74.71135431709523,1.2598393691947847,1402,4.903628141713548,1742,0.13020740280724777,3144,2353,10301.536406723479,0.0,0.0
ssvi_data,959,unif_100,3.3711044234122487,3144,52.700200290226235,1.0792868977113432,1402,2.291817525700907,1742,0.006579940280856058,3144,2037,9627.543342935267,0.0,0.0
ssvi_data,959,extrap_100,5.364015277129582,3144,75.65803966997456,1.0306060522988947,1402,4.333409224830687,1742,0.1782852899432006,3144,2420,11021.89847691275,0.0,0.0
ssvi_data,959,unif_200,3.4728838976939245,3144,53.03319484605582,1.108933472834663,1402,2.363950424859262,1742,0.006447099465300984,3144,1996,10179.736528442922,0.0,0.0
ssvi_data,959,extrap_200,5.101412038519276,3144,73.04244498426485,0.9979294436056219,1402,4.103482594913654,1742,0.16588932633270562,3144,2393,10395.988958208669,0.0,0.0
ssvi_data,959,unif_300,3.495226457444146,3144,52.913518938737596,1.1187356069812915,1402,2.3764908504628544,1742,0.006274536097384479,3144,2038,9371.091744975816,0.0,0.0
ssvi_data,959,extrap_300,5.071354405405147,3144,73.17279308354092,1.006510971177452,1402,4.0648434342276945,1742,0.16130524538148255,3144,2401,10612.88847205631,0.0,0.0
ssvi_data,959,unif_500,3.301398175809536,3144,52.20625576606345,1.0907452531189934,1402,2.2106529226905427,1742,0.006401844131297317,3144,2031,9528.66165664108,0.0,0.0
ssvi_data,959,extrap_500,5.153876627295367,3144,73.64084341941737,1.0145320510103444,1402,4.139344576285022,1742,0.16281667561710256,3144,2397,10572.650126758368,0.0,0.0
ssvi_data,960,unif_2,223.36097704891404,3132,687.0609292569452,80.40561903679543,1349,142.95535801211858,1783,6.888802497414451,3132,3128,82258.0225154632,0.0,0.0
ssvi_data,960,extrap_2,223.36097704891404,3132,687.0609292569452,80.40561903679543,1349,142.95535801211858,1783,6.888802497414451,3132,3128,82258.0225154632,0.0,0.0
ssvi_data,960,unif_4,223.36097704891404,3132,687.0609292569452,80.40561903679543,1349,142.95535801211858,1783,6.888802497414451,3132,3128,82258.0225154632,0.0,0.0
ssvi_data,960,extrap_4,223.36097704891404,3132,687.0609292569452,80.40561903679543,1349,142.95535801211858,1783,6.888802497414451,3132,3128,82258.0225154632,0.0,0.0
ssvi_data,960,unif_8,7.018956929647861,3132,81.06886314034604,2.018118146247024,1349,5.000838783400836,1783,0.03895427096715176,3132,2312,14443.914278062548,0.0,0.0
ssvi_data,960,extrap_8,12.041225980248951,3132,108.37080229926825,2.1090066473781186,1349,9.93221933287083,1783,0.13200624360178154,3132,2704,15590.995434005215,0.0,0.0
ssvi_data,960,unif_10,10.160294859867967,3132,85.05296994574613,1.8693970597695477,1349,8.29089780009842,1783,0.01414282184679384,3132,2384,11824.920445235464,0.0,0.0
ssvi_data,960,extrap_10,13.1110076923604,3132,114.81435241092456,2.0445942472243663,1349,11.066413445136035,1783,0.20319376301590783,3132,2713,17902.047936880026,0.0,0.0
ssvi_data,960,unif_20,6.369773244016219,3132,67.02896664858545,1.444168084191314,1349,4.9256051598249035,1783,0.01037621350781099,3132,2025,13869.394290960605,0.0,0.0
ssvi_data,960,extrap_20,10.169248628964738,3132,92.43807817689986,1.4934533018432652,1349,8.675795327121472,1783,0.14082036427604655,3132,2540,12473.376931146724,0.0,0.0
ssvi_data,960,unif_40,7.006490156114482,3132,68.00402680427297,1.3852283802007952,1349,5.621261775913688,1783,0.00857083676578455,3132,2080,10792.195968322705,0.0,0.0
ssvi_data,960,extrap_40,8.331873437964559,3132,82.21198193632209,1.3240044221557878,1349,7.007869015808771,1783,0.10794978241897757,3132,2442,10049.386862923135,0.0,0.0
ssvi_data,960,unif_80,6.58537216621437,3132,65.64443302609122,1.263305542779546,1349,5.322066623434824,1783,0.00780108972607209,3132,2069,9954.727126017855,0.0,0.0
ssvi_data,960,extrap_80,8.10199977658093,3132,82.07086246067061,1.2440750809275491,1349,6.85792469565338,1783,0.10987143477677352,3132,2406,10866.84342615731,0.0,0.0
ssvi_data,960,unif_100,6.028606897089117,3132,63.847833291931664,1.2482593310214716,1349,4.780347566067645,1783,0.008043898363589581,3132,2046,9931.17932356347,0.0,0.0
ssvi_data,960,extrap_100,9.092219030163369,3132,91.84471274859025,1.3585964724088684,1349,7.733622557754499,1783,0.15400549865895688,3132,2517,12259.544238165097,0.0,0.0
ssvi_data,960,unif_200,6.527266638920541,3132,65.98769788426577,1.292099129482851,1349,5.23516750943769,1783,0.008037333465091886,3132,2081,10296.095189134066,0.0,0.0
ssvi_data,960,extrap_200,9.073755903364974,3132,90.38852366138315,1.3088609650219685,1349,7.764894938343004,1783,0.16715813857224185,3132,2460,12311.293534603861,0.0,0.0
ssvi_data,960,unif_300,6.1173718221759845,3132,64.53591705519,1.290777028407656,1349,4.826594793768327,1783,0.008090316304323168,3132,2065,10848.408790059373,0.0,0.0
ssvi_data,960,extrap_300,8.657109956419255,3132,88.82147491023233,1.3115524106214689,1349,7.345557545797785,1783,0.16976589324161492,3132,2460,12444.619153888601,0.0,0.0
ssvi_data,960,unif_500,6.144973348662097,3132,64.59927485731835,1.2812475967615715,1349,4.863725751900525,1783,0.008063929617665447,3132,2042,10545.954164584733,0.0,0.0
ssvi_data,960,extrap_500,8.594457225959557,3132,88.53126495070241,1.2398973035690044,1349,7.354559922390552,1783,0.16738417803193564,3132,2451,12449.223847772304,0.0,0.0
ssvi_data,961,unif_2,205.77241547388417,3133,660.4283745874696,73.84210423999929,1357,131.93031123388488,1776,6.28728986059123,3133,3128,82205.89988419006,0.0,0.0
ssvi_data,961,extrap_2,205.77241547388417,3133,660.4283745874696,73.84210423999929,1357,131.93031123388488,1776,6.28728986059123,3133,3128,82205.89988419006,0.0,0.0
ssvi_data,961,unif_4,205.77241547388417,3133,660.4283745874696,73.84210423999929,1357,131.93031123388488,1776,6.28728986059123,3133,3128,82205.89988419006,0.0,0.0
ssvi_data,961,extrap_4,205.77241547388417,3133,660.4283745874696,73.84210423999929,1357,131.93031123388488,1776,6.28728986059123,3133,3128,82205.89988419006,0.0,0.0
ssvi_data,961,unif_8,8.284999979729832,3133,85.64315561426005,2.264594701447389,1357,6.020405278282441,1776,0.02708331988712133,3133,2468,11480.995158359852,0.0,0.0
ssvi_data,961,extrap_8,16.266698336711535,3133,127.3780482392531,2.5581737772768536,1357,13.708524559434682,1776,0.43903148732187597,3133,2700,16826.397183699184,0.0,0.0
ssvi_data,961,unif_10,8.133919502847318,3133,77.34265941621244,1.5681344674835151,1357,6.565785035363804,1776,0.011736592840337533,3133,2311,9532.986527126843,0.0,0.0
ssvi_data,961,extrap_10,14.162203826824495,3133,98.80801546728546,2.1259991370010676,1357,12.036204689823425,1776,0.09914152999471054,3133,2463,9592.613778319397,0.0,0.0
ssvi_data,961,unif_20,8.01019899193003,3133,77.5246546069519,1.7645114648409899,1357,6.245687527089041,1776,0.011256306981245932,3133,2218,10428.271764780891,0.0,0.0
ssvi_data,961,extrap_20,12.299777349660577,3133,111.27014470953165,1.9441639084771214,1357,10.355613441183454,1776,0.2707165131866238,3133,2666,14079.117520942882,0.0,0.0
ssvi_data,961,unif_40,6.612573974451851,3133,70.71089432795678,1.570269745401744,1357,5.042304229050107,1776,0.010256897462612182,3133,2292,9915.444114176864,0.0,0.0
ssvi_data,961,extrap_40,11.146937002566611,3133,101.6333919083489,1.6305206447450882,1357,9.516416357821523,1776,0.23857656421126797,3133,2521,13306.307777487998,0.0,0.0
ssvi_data,961,unif_80,5.962799743292859,3133,70.635845517441,1.705563438779541,1357,4.257236304513318,1776,0.011111447430455286,3133,2282,11712.23371361918,0.0,0.0
ssvi_data,961,extrap_80,10.905073866270826,3133,100.4106570813511,1.5984300761641947,1357,9.306643790106628,1776,0.227110234369277,3133,2557,13592.892284358313,0.0,0.0
ssvi_data,961,unif_100,5.9620640637907805,3133,69.08548980882931,1.5739643491414066,1357,4.388099714649375,1776,0.009685464391476056,3133,2235,10757.276474129463,0.0,0.0
ssvi_data,961,extrap_100,10.688085763160279,3133,100.18012548544618,1.5779458404063813,1357,9.110139922753898,1776,0.21878289169489723,3133,2545,13776.699859988159,0.0,0.0
ssvi_data,961,unif_200,6.116236822836758,3133,69.55429110664302,1.5948568097558282,1357,4.52138001308093,1776,0.009632230967004435,3133,2241,10444.848615839843,0.0,0.0
ssvi_data,961,extrap_200,10.412292647571793,3133,98.49216147384539,1.5324650741189147,1357,8.879827573452879,1776,0.2123600876102428,3133,2523,13403.96619408669,0.0,0.0
ssvi_data,961,unif_300,6.019065194407502,3133,69.37756280184557,1.599861164332393,1357,4.419204030075109,1776,0.009751300203411625,3133,2248,10742.03673163263,0.0,0.0
ssvi_data,961,extrap_300,10.634183193476897,3133,98.46077613572542,1.5899563728782933,1357,9.044226820598606,1776,0.19206797072396756,3133,2538,13242.533905410502,0.0,0.0
ssvi_data,961,unif_500,6.103045402070274,3133,69.68141001051929,1.6047919802051627,1357,4.49825342186511,1776,0.009701424143911492,3133,2241,10924.6720110819,0.0,0.0
ssvi_data,961,extrap_500,10.234024858362423,3133,97.2393126381883,1.5341713413542872,1357,8.699853517008133,1776,0.2434498431503991,3133,2509,13163.883583635547,0.0,0.0
ssvi_data,962,unif_2,193.55958929554208,3063,628.6257981104659,73.94558554646132,1359,119.61400374908078,1704,6.602821579280641,3063,3036,80943.02042538089,0.0,0.0
ssvi_data,962,extrap_2,193.55958929554208,3063,628.6257981104659,73.94558554646132,1359,119.61400374908078,1704,6.602821579280641,3063,3036,80943.02042538089,0.0,0.0
ssvi_data,962,unif_4,193.55958929554208,3063,628.6257981104659,73.94558554646132,1359,119.61400374908078,1704,6.602821579280641,3063,3036,80943.02042538089,0.0,0.0
ssvi_data,962,extrap_4,193.55958929554208,3063,628.6257981104659,73.94558554646132,1359,119.61400374908078,1704,6.602821579280641,3063,3036,80943.02042538089,0.0,0.0
ssvi_data,962,unif_8,4.297344609852273,3063,66.33225201061985,1.6196697938118914,1359,2.677674816040381,1704,0.0151717378428088,3063,2273,9010.090305670896,0.0,0.0
ssvi_data,962,extrap_8,7.202872808857938,3063,91.13528173105584,1.7637953928291614,1359,5.439077416028778,1704,0.14422499546681655,3063,2529,12765.35472201024,0.0,0.0
ssvi_data,962,unif_10,3.7856591249314633,3063,65.83541961070866,1.5748030157930764,1359,2.2108561091383874,1704,0.03665310838479275,3063,2284,16187.254167666086,0.0,0.0
ssvi_data,962,extrap_10,7.39469302147843,3063,90.93388572203415,1.343274130222671,1359,6.051418891255761,1704,0.39093493388642886,3063,2474,14073.676576024931,0.0,0.0
ssvi_data,962,unif_20,3.057931132914667,3063,53.545631511691,1.2995459766335467,1359,1.7583851562811197,1704,0.01625693570368443,3063,2090,8034.075990074849,0.0,0.0
ssvi_data,962,extrap_20,6.34760309900758,3063,86.93954828908316,1.2924932392488557,1359,5.0551098597587245,1704,0.2667160586888216,3063,2471,11937.580620211716,0.0,0.0
ssvi_data,962,unif_40,2.319953044553107,3063,48.28634905919585,1.187851434292717,1359,1.1321016102603898,1704,0.009010164858453903,3063,2005,6941.883617477756,0.0,0.0
ssvi_data,962,extrap_40,5.627156345851196,3063,78.09070115094673,0.9459964247656379,1359,4.681159921085559,1704,0.2345910098183337,3063,2355,12086.832346880965,0.0,0.0
ssvi_data,962,unif_80,2.483396000271716,3063,50.319474308455796,1.293152482255451,1359,1.190243518016265,1704,0.00971571798193579,3063,2051,8068.194108070304,0.0,0.0
ssvi_data,962,extrap_80,5.047670160299072,3063,74.4796992943132,0.9955463032659593,1359,4.052123857033113,1704,0.18716205616431592,3063,2354,11201.493552727672,0.0,0.0
ssvi_data,962,unif_100,3.458098220157054,3063,55.683925535905146,1.298823310968609,1359,2.159274909188445,1704,0.010955786459693407,3063,2104,8318.099301809632,0.0,0.0
ssvi_data,962,extrap_100,5.196937231900721,3063,73.50340912723027,1.0182871574110417,1359,4.17865007448968,1704,0.18094788775109288,3063,2319,8661.76524053813,0.0,0.0
ssvi_data,962,unif_200,2.343548867018538,3063,49.015558019369706,1.2528552724528605,1359,1.0906935945656777,1704,0.00959512275392185,3063,2050,8594.62642354309,0.0,0.0
ssvi_data,962,extrap_200,5.015224964517094,3063,73.75621896339561,1.019414655987443,1359,3.9958103085296504,1704,0.1987621051652684,3063,2317,11278.431645023873,0.0,0.0
ssvi_data,962,unif_300,2.3922334772686913,3063,49.4100358430315,1.2793734856506551,1359,1.112859991618036,1704,0.009426268301615023,3063,2050,8330.08589685246,0.0,0.0
ssvi_data,962,extrap_300,4.683089591252562,3063,72.89100462463959,0.9645476143961528,1359,3.718541976856409,1704,0.2319339029566202,3063,2315,11588.43531638035,0.0,0.0
ssvi_data,962,unif_500,2.363595852308454,3063,48.997574711117515,1.2741465343629408,1359,1.0894493179455136,1704,0.009342550764635506,3063,2056,8060.088206969332,0.0,0.0
ssvi_data,962,extrap_500,5.025881176698786,3063,74.11698889546639,1.0174604951282762,1359,4.0084206815705095,1704,0.2108875555246663,3063,2323,11510.571529203626,0.0,0.0
ssvi_data,963,unif_2,189.2437047570649,3041,619.7404305025063,72.55696180068722,1351,116.68674295637769,1690,6.653793300330473,3041,3031,71880.31241577305,0.0,0.0
ssvi_data,963,extrap_2,189.2437047570649,3041,619.7404305025063,72.55696180068722,1351,116.68674295637769,1690,6.653793300330473,3041,3031,71880.31241577305,0.0,0.0
ssvi_data,963,unif_4,189.2437047570649,3041,619.7404305025063,72.55696180068722,1351,116.68674295637769,1690,6.653793300330473,3041,3031,71880.31241577305,0.0,0.0
ssvi_data,963,extrap_4,189.2437047570649,3041,619.7404305025063,72.55696180068722,1351,116.68674295637769,1690,6.653793300330473,3041,3031,71880.31241577305,0.0,0.0
ssvi_data,963,unif_8,4.460648166276338,3041,70.23723652460843,2.192868865747097,1351,2.2677793005292415,1690,0.030264333923098553,3041,2246,8020.951864719942,0.0,0.0
ssvi_data,963,extrap_8,6.993655047031973,3041,87.5119331962565,2.0895357875895177,1351,4.9041192594424565,1690,0.17393093320162772,3041,2537,9186.680039565726,0.0,0.0
ssvi_data,963,unif_10,3.8807798273499947,3041,61.532769786253716,1.8996445150733154,1351,1.9811353122766793,1690,0.014002091316506239,3041,2163,7813.345153351366,0.0,0.0
ssvi_data,963,extrap_10,6.549893305146545,3041,84.73348641806086,1.8226375873255163,1351,4.72725571782103,1690,0.24597742936518172,3041,2428,11039.71738773635,0.0,0.0
ssvi_data,963,unif_20,3.0915963606398082,3041,55.22920291847973,1.610336666899682,1351,1.4812596937401257,1690,0.009400621644380623,3041,2104,7224.382445692865,0.0,0.0
ssvi_data,963,extrap_20,5.362930317023264,3041,79.62444416157652,1.5577031905860936,1351,3.8052271264371704,1690,0.2696402887791872,3041,2421,9188.92667603146,0.0,0.0
ssvi_data,963,unif_40,2.284911947677458,3041,50.35351829324558,1.4478862752976092,1351,0.8370256723798487,1690,0.008678910513349923,3041,2029,7332.159510957755,0.0,0.0
ssvi_data,963,extrap_40,4.142988190807232,3041,67.02940326041131,1.2923813645302804,1351,2.8506068262769526,1690,0.13178394266698532,3041,2323,7831.806345224997,0.0,0.0
ssvi_data,963,unif_80,2.3578736705604064,3041,50.38249993990983,1.375170293560049,1351,0.9827033770003576,1690,0.007703371962208314,3041,2032,6861.329305191305,0.0,0.0
ssvi_data,963,extrap_80,3.6158674819697816,3041,63.40044591238218,1.0797670379409494,1351,2.5361004440288317,1690,0.15239427845736184,3041,2292,7503.123776383164,0.0,0.0
ssvi_data,963,unif_100,2.3962414635500893,3041,50.92726519695647,1.446602891605714,1351,0.9496385719443753,1690,0.008125930471038344,3041,2009,7415.845302339807,0.0,0.0
ssvi_data,963,extrap_100,3.604414429969975,3041,63.844530338544885,1.246434818278706,1351,2.3579796116912695,1690,0.08930715484425118,3041,2313,7662.184365516103,0.0,0.0
ssvi_data,963,unif_200,2.2759714510353426,3041,50.64392099287299,1.4120359347206701,1351,0.8639355163146724,1690,0.007910995022080798,3041,2040,7411.4214251755275,0.0,0.0
ssvi_data,963,extrap_200,3.974619088828983,3041,65.64199359165065,1.1210313355339159,1351,2.8535877532950673,1690,0.13016021459189017,3041,2279,7944.159103929266,0.0,0.0
ssvi_data,963,unif_300,2.2712340784571508,3041,50.61011044896084,1.4102780839737736,1351,0.8609559944833773,1690,0.00792892441661422,3041,2037,7284.442663015651,0.0,0.0
ssvi_data,963,extrap_300,3.932494390564302,3041,65.45968609645692,1.107774286565872,1351,2.8247201039984295,1690,0.13353472798185173,3041,2277,7817.294456044083,0.0,0.0
ssvi_data,963,unif_500,2.221445535323944,3041,50.151088454650704,1.4233773263841463,1351,0.7980682089397978,1690,0.00754451178672053,3041,2035,7527.38072096318,0.0,0.0
ssvi_data,963,extrap_500,3.786939295047154,3041,65.59640203804496,1.080318458704951,1351,2.7066208363422026,1690,0.16528726328811538,3041,2294,8040.787643440352,0.0,0.0
ssvi_data,964,unif_2,203.29608248144905,3070,636.330803864468,74.36163566312196,1348,128.9344468183271,1722,6.95140155721101,3070,3061,77709.50130699473,0.0,0.0
ssvi_data,964,extrap_2,203.29608248144905,3070,636.330803864468,74.36163566312196,1348,128.9344468183271,1722,6.95140155721101,3070,3061,77709.50130699473,0.0,0.0
ssvi_data,964,unif_4,203.29608248144905,3070,636.330803864468,74.36163566312196,1348,128.9344468183271,1722,6.95140155721101,3070,3061,77709.50130699473,0.0,0.0
ssvi_data,964,extrap_4,203.29608248144905,3070,636.330803864468,74.36163566312196,1348,128.9344468183271,1722,6.95140155721101,3070,3061,77709.50130699473,0.0,0.0
ssvi_data,964,unif_8,7.44628838483018,3070,79.17125904163538,1.903054268220128,1348,5.543234116610051,1722,0.03459907382616141,3070,2322,10626.805303584806,0.0,0.0
ssvi_data,964,extrap_8,12.689052419097296,3070,118.86873349681738,2.2415529232498543,1348,10.447499495847442,1722,0.3526551385679128,3070,2637,15859.14895614813,0.0,0.0
ssvi_data,964,unif_10,3.8353162000983527,3070,62.83708527526347,1.661623983654635,1348,2.1736922164437176,1722,0.012223067751482002,3070,2231,10886.663449945674,0.0,0.0
ssvi_data,964,extrap_10,6.541260027844298,3070,82.30619068758385,1.7356980584644017,1348,4.805561969379897,1722,0.10188430932969998,3070,2544,8257.142442083816,0.0,0.0
ssvi_data,964,unif_20,3.49864510327482,3070,59.300988283445164,1.4845100181183821,1348,2.0141350851564375,1722,0.00997270530488387,3070,2181,8469.396821218957,0.0,0.0
ssvi_data,964,extrap_20,6.013008520657166,3070,80.28161179848539,1.3551555938373006,1348,4.657852926819865,1722,0.14292645515801988,3070,2471,10119.529743682873,0.0,0.0
ssvi_data,964,unif_40,3.3895554132371912,3070,57.90745873781171,1.3659757925887437,1348,2.023579620648447,1722,0.008645911940302457,3070,2138,9764.632127625686,0.0,0.0
ssvi_data,964,extrap_40,5.1279692275410085,3070,72.069965137145,1.4195576213062022,1348,3.708411606234806,1722,0.0656808958830095,3070,2415,9571.274402627254,0.0,0.0
ssvi_data,964,unif_80,2.787653423209251,3070,54.36986203266774,1.3624487228586895,1348,1.4252047003505617,1722,0.007720265780629515,3070,2110,8080.208880511442,0.0,0.0
ssvi_data,964,extrap_80,5.58436800343631,3070,79.5243593229666,1.0135181300096068,1348,4.570849873426704,1722,0.20217862642591597,3070,2502,10629.834378953892,0.0,0.0
ssvi_data,964,unif_100,2.6734664722192356,3070,54.5522298060139,1.4473005642467596,1348,1.226165907972476,1722,0.008574456168411805,3070,2110,9285.176670529203,0.0,0.0
ssvi_data,964,extrap_100,4.697058433783921,3070,69.267577329375,1.2507085056487663,1348,3.4463499281351546,1722,0.0683776046997338,3070,2348,9398.174350897338,0.0,0.0
ssvi_data,964,unif_200,2.8987923525215393,3070,55.31101998790157,1.4586650602815592,1348,1.4401272922399795,1722,0.00795235773686652,3070,2090,8662.202170623752,0.0,0.0
ssvi_data,964,extrap_200,5.084156908841351,3070,75.66052837977406,0.961794982325299,1348,4.122361926516052,1722,0.17879619651140827,3070,2432,9725.879415755575,0.0,0.0
ssvi_data,964,unif_300,2.924413424127478,3070,55.278980951217164,1.43240754021536,1348,1.4920058839121173,1722,0.007746708714413099,3070,2090,8721.311627340594,0.0,0.0
ssvi_data,964,extrap_300,5.068189837200078,3070,75.75352442999741,1.0038913292006368,1348,4.0642985079994425,1722,0.17363350927982144,3070,2454,10039.407864670087,0.0,0.0
ssvi_data,964,unif_500,2.7794595405394866,3070,55.09081114216553,1.461018900459011,1348,1.3184406400804751,1722,0.008247362161795242,3070,2111,8762.167222250404,0.0,0.0
ssvi_data,964,extrap_500,5.211070108413492,3070,76.44690971665126,1.002554532402156,1348,4.208515576011337,1722,0.17494393978851897,3070,2447,9804.44298745115,0.0,0.0
ssvi_data,965,unif_2,188.63026497740077,3062,621.1806624207264,60.894154824919546,1281,127.73611015248122,1781,6.836033875827795,3062,3047,89668.85653650216,0.0,0.0
ssvi_data,965,extrap_2,188.63026497740077,3062,621.1806624207264,60.894154824919546,1281,127.73611015248122,1781,6.836033875827795,3062,3047,89668.85653650216,0.0,0.0
ssvi_data,965,unif_4,188.63026497740077,3062,621.1806624207264,60.894154824919546,1281,127.73611015248122,1781,6.836033875827795,3062,3047,89668.85653650216,0.0,0.0
ssvi_data,965,extrap_4,188.63026497740077,3062,621.1806624207264,60.894154824919546,1281,127.73611015248122,1781,6.836033875827795,3062,3047,89668.85653650216,0.0,0.0
ssvi_data,965,unif_8,6.520072687731304,3062,86.67298429638123,1.9834331489279127,1281,4.536639538803389,1781,0.16984001636046514,3062,2359,13375.375511990716,0.0,0.0
ssvi_data,965,extrap_8,12.792215761499243,3062,114.34697249212107,2.040248575268228,1281,10.751967186231017,1781,0.46882833669892027,3062,2706,15025.150605210609,0.0,0.0
ssvi_data,965,unif_10,4.524238832132363,3062,69.10555270683594,1.9203184082094977,1281,2.603920423922866,1781,0.018351993084528947,3062,2307,10979.797040602902,0.0,0.0
ssvi_data,965,extrap_10,8.395450019265926,3062,91.76034896730101,1.2724568298571308,1281,7.122993189408795,1781,0.1687046969637624,3062,2579,10981.75078711045,0.0,0.0
ssvi_data,965,unif_20,4.7451655288873456,3062,68.59007873169959,1.961625053475414,1281,2.7835404754119315,1781,0.01361789292617025,3062,2163,11669.75384837312,0.0,0.0
ssvi_data,965,extrap_20,6.431530669986401,3062,76.57667715629559,1.054460261666076,1281,5.377070408320324,1781,0.06008628395274126,3062,2504,10311.24575149715,0.0,0.0
ssvi_data,965,unif_40,3.61306066978519,3062,62.35653989395804,1.7283935209551304,1281,1.884667148830059,1781,0.012001169776491094,3062,2086,12817.626131600571,0.0,0.0
ssvi_data,965,extrap_40,6.198868807262285,3062,77.01752128867186,1.030829480446289,1281,5.168039326815995,1781,0.08494004597863099,3062,2555,11258.651025473953,0.0,0.0
ssvi_data,965,unif_80,3.5334301100571,3062,62.11747818917554,1.752509840455008,1281,1.7809202696020923,1781,0.011556883999195631,3062,2095,12653.09103389227,0.0,0.0
ssvi_data,965,extrap_80,6.016547152044508,3062,79.05086833285475,0.9353323065162745,1281,5.081214845528233,1781,0.11205697076083067,3062,2532,12092.824221924646,0.0,0.0
ssvi_data,965,unif_100,3.5276662430266135,3062,61.40313027608425,1.7095792213506675,1281,1.818087021675946,1781,0.011386776222176442,3062,2074,10890.782882741412,0.0,0.0
ssvi_data,965,extrap_100,6.043614489175055,3062,77.8385512953388,0.9670758637647693,1281,5.0765386254102856,1781,0.09403452093251474,3062,2505,12090.31234202657,0.0,0.0
ssvi_data,965,unif_200,3.637663181438175,3062,62.84881810275562,1.790724533366063,1281,1.8469386480721126,1781,0.011952973652304712,3062,2071,13454.007157384829,0.0,0.0
ssvi_data,965,extrap_200,4.967930173682204,3062,71.87021294922923,0.8433771958480087,1281,4.1245529778341945,1781,0.07455077915272626,3062,2526,11362.906414621672,0.0,0.0
ssvi_data,965,unif_300,3.6213600031885784,3062,62.66426846419513,1.7624510391430879,1281,1.8589089640454903,1781,0.011697793527061129,3062,2076,13057.030447584177,0.0,0.0
ssvi_data,965,extrap_300,5.4289010970229965,3062,74.94686292298084,0.8439046587983482,1281,4.58499643822465,1781,0.09607369793173645,3062,2502,11350.334987155511,0.0,0.0
ssvi_data,965,unif_500,3.6194887806444247,3062,62.4577883411446,1.7557045443267492,1281,1.863784236317675,1781,0.011628339246505769,3062,2069,12580.341736057282,0.0,0.0
ssvi_data,965,extrap_500,5.014398127770438,3062,71.77960749089007,0.8502277161595881,1281,4.16417041161085,1781,0.07230112758885202,3062,2523,10806.212914081834,0.0,0.0
ssvi_data,966,unif_2,204.03926995491884,3113,638.2298169612338,73.77311656657386,1487,130.266153388345,1626,7.618897910670833,3113,3103,93539.355215141,0.0,0.0
ssvi_data,966,extrap_2,204.03926995491884,3113,638.2298169612338,73.77311656657386,1487,130.266153388345,1626,7.618897910670833,3113,3103,93539.355215141,0.0,0.0
ssvi_data,966,unif_4,204.03926995491884,3113,638.2298169612338,73.77311656657386,1487,130.266153388345,1626,7.618897910670833,3113,3103,93539.355215141,0.0,0.0
ssvi_data,966,extrap_4,204.03926995491884,3113,638.2298169612338,73.77311656657386,1487,130.266153388345,1626,7.618897910670833,3113,3103,93539.355215141,0.0,0.0
ssvi_data,966,unif_8,7.151673281742393,3113,80.36746084993274,2.3873853146901904,1487,4.764287967052203,1626,0.024094169468306982,3113,2333,14081.025612922731,0.0,0.0
ssvi_data,966,extrap_8,13.191883938141359,3113,111.47114583179935,2.0082209755470655,1487,11.183662962594292,1626,0.15514626772175127,3113,2693,16598.011235958882,0.0,0.0
ssvi_data,966,unif_10,6.126284999494995,3113,76.74010878984765,2.491383449663332,1487,3.6349015498316644,1626,0.0157972503286843,3113,2249,15435.885523805893,0.0,0.0
ssvi_data,966,extrap_10,10.028618285817396,3113,100.54846115488917,1.600201203865968,1487,8.428417081951428,1626,0.2923482678234499,3113,2671,14228.127035797785,0.0,0.0
ssvi_data,966,unif_20,4.979344773253284,3113,69.70381865414531,1.858045389843956,1487,3.1212993834093274,1626,0.014222295453153637,3113,2251,13907.778100937336,0.0,0.0
ssvi_data,966,extrap_20,8.2608566003761,3113,91.29261512208717,1.3616775384814301,1487,6.899179061894668,1626,0.10109955163189308,3113,2680,14651.169519151294,0.0,0.0
ssvi_data,966,unif_40,5.334778039593092,3113,70.23824893837478,1.924396592236698,1487,3.4103814473563943,1626,0.011574777855129354,3113,2225,16377.57307090003,0.0,0.0
ssvi_data,966,extrap_40,7.773408065495245,3113,88.6029159715105,1.278891208903444,1487,6.494516856591802,1626,0.10940149988865655,3113,2679,13790.726163384712,0.0,0.0
ssvi_data,966,unif_80,5.724117962793382,3113,73.36800263951379,2.2036269023008703,1487,3.5204910604925113,1626,0.013797069743685244,3113,2150,16616.6600041829,0.0,0.0
ssvi_data,966,extrap_80,7.424505547371227,3113,88.64983719214177,1.1766357892638122,1487,6.2478697581074165,1626,0.11757592455546632,3113,2641,14498.766141004682,0.0,0.0
ssvi_data,966,unif_100,5.160332930248449,3113,69.65158174428365,2.1020721363106745,1487,3.058260793937775,1626,0.011438174710801625,3113,2131,15013.427751902702,0.0,0.0
ssvi_data,966,extrap_100,6.941517996715535,3113,85.48373046313512,1.1368437038002177,1487,5.804674292915317,1626,0.10107637526399255,3113,2706,14469.680486959342,0.0,0.0
ssvi_data,966,unif_200,5.082862717173507,3113,70.11289344901196,2.1294458253177173,1487,2.953416891855789,1626,0.01146395690322043,3113,2140,15893.251755247107,0.0,0.0
ssvi_data,966,extrap_200,7.4205072535989025,3113,86.97192539895715,1.2393255112026422,1487,6.18118174239626,1626,0.09446366338120218,3113,2683,14448.276041219358,0.0,0.0
ssvi_data,966,unif_300,5.038181262920431,3113,69.89426335175555,2.1422050704454736,1487,2.895976192474957,1626,0.0114499056478324,3113,2146,15855.328974332286,0.0,0.0
ssvi_data,966,extrap_300,7.462403301438226,3113,87.21132352020024,1.2318057108191165,1487,6.230597590619109,1626,0.09330933635438343,3113,2671,14464.758525257012,0.0,0.0
ssvi_data,966,unif_500,5.082237471943203,3113,70.27147750450084,2.1907966211094054,1487,2.8914408508337983,1626,0.011612695650312171,3113,2123,15999.334286089215,0.0,0.0
ssvi_data,966,extrap_500,7.678314780988866,3113,88.70921400969628,1.2239442232062627,1487,6.454370557782603,1626,0.1103547614874906,3113,2652,14509.654820293417,0.0,0.0
ssvi_temporal,957,unif_2,19.038354859220973,3107,148.3121191851715,6.917929811864322,1427,12.120425047356651,1680,0.19563930798902623,3107,2639,41077.14111647111,0.0,0.0
ssvi_temporal,957,extrap_2,20.088231866975995,3107,198.0322312644729,6.506488032402862,1427,13.581743834573135,1680,0.8591612026044694,3107,2812,91154.28529877786,0.0,0.0
ssvi_temporal,957,unif_4,15.141970849554273,3107,129.28235673879925,4.584687282836505,1427,10.557283566717768,1680,0.21917877630644686,3107,2485,36570.47023893291,0.0,0.0
ssvi_temporal,957,extrap_4,13.425033650345767,3107,133.47545804090828,4.313369078225548,1427,9.111664572120219,1680,0.29054717970745497,3107,2658,34834.459484660896,0.0,0.0
ssvi_temporal,957,unif_8,4.499807251815226,3107,75.68946364908419,2.739835014320068,1427,1.7599722374951576,1680,0.028121143079785103,3107,2410,15594.941736508628,0.0,0.0
ssvi_temporal,957,extrap_8,9.56720324127376,3107,106.32828632841745,4.269105350889952,1427,5.298097890383809,1680,0.12625540779379588,3107,2530,18031.180398680728,0.0,0.0
ssvi_temporal,957,unif_10,4.987825855932135,3107,73.75890776657785,3.002360093147612,1427,1.9854657627845222,1680,0.024783794210764216,3107,2312,14672.346888891172,0.0,0.0
ssvi_temporal,957,extrap_10,7.241651077183016,3107,90.79598329058616,3.044991573024279,1427,4.196659504158737,1680,0.09766958492165012,3107,2481,15268.121067968004,0.0,0.0
ssvi_temporal,957,unif_20,4.938995963366711,3107,68.05799348665902,2.305766361827314,1427,2.6332296015393966,1680,0.017730616520782175,3107,2307,9796.15894199873,0.0,0.0
ssvi_temporal,957,extrap_20,7.428621613825811,3107,91.25510012838762,2.6196622462531653,1427,4.808959367572646,1680,0.16793227695814342,3107,2472,15754.977172222625,0.0,0.0
ssvi_temporal,957,unif_40,4.640698157250806,3107,65.21366032067584,2.2110984744465556,1427,2.429599682804249,1680,0.015029783659968375,3107,2222,10030.408097564103,0.0,0.0
ssvi_temporal,957,extrap_40,7.8618073428226865,3107,92.52601486119497,2.6787002488543608,1427,5.183107093968326,1680,0.21228689413128043,3107,2512,14495.460971135712,0.0,0.0
ssvi_temporal,957,unif_80,4.6668533580002185,3107,65.6482369086319,2.176341673097347,1427,2.490511684902872,1680,0.015671084522278222,3107,2309,9941.284003824734,0.0,0.0
ssvi_temporal,957,extrap_80,8.140929409183302,3107,92.35294623744167,3.0150069148219574,1427,5.125922494361344,1680,0.11544476714935756,3107,2428,14350.503624135557,0.0,0.0
ssvi_temporal,957,unif_100,3.406581939371708,3107,60.87114021302024,2.1017498519263076,1427,1.3048320874454007,1680,0.016127225031775706,3107,2277,10303.994700649779,0.0,0.0
ssvi_temporal,957,extrap_100,7.472094257111331,3107,93.19762819962835,2.952029985220197,1427,4.520064271891135,1680,0.161764398797596,3107,2462,15385.467396272665,0.0,0.0
ssvi_temporal,957,unif_200,3.5383314804950228,3107,61.69982251561289,2.1771293667146345,1427,1.3612021137803882,1680,0.016022135231930086,3107,2276,10635.184023043848,0.0,0.0
ssvi_temporal,957,extrap_200,7.292785848222939,3107,91.38247965442639,2.856856218808886,1427,4.435929629414054,1680,0.1566575030976195,3107,2439,15087.269614773193,0.0,0.0
ssvi_temporal,957,unif_300,3.6112738367580577,3107,61.941126507229534,2.205157205910036,1427,1.406116630848021,1680,0.015906906690574235,3107,2298,10360.601087258568,0.0,0.0
ssvi_temporal,957,extrap_300,7.493312448006439,3107,92.46958080330106,2.8719030158880736,1427,4.621409432118366,1680,0.17072421330882406,3107,2424,15406.213142116463,0.0,0.0
ssvi_temporal,957,unif_500,3.584938572815777,3107,61.80157716730243,2.1853485693836294,1427,1.3995900034321476,1680,0.015829594490163,3107,2282,10262.796280799339,0.0,0.0
ssvi_temporal,957,extrap_500,6.399073326231482,3107,88.24282076490344,2.5873220160935255,1427,3.811751310137959,1680,0.17676447758887096,3107,2475,15159.983321719163,0.0,0.0
ssvi_temporal,958,unif_2,15.145498937248533,3169,141.1756154395677,4.298196143250478,1450,10.847302793998054,1719,0.28383093662601727,3169,2651,74721.09191680595,0.0,0.0
ssvi_temporal,958,extrap_2,23.424211565920082,3169,188.19044388266678,5.858316916631825,1450,17.565894649288254,1719,0.5351332084248347,3169,2917,44976.15452665513,0.0,0.0
ssvi_temporal,958,unif_4,12.541865386483607,3169,117.17425198342768,4.9883633352458805,1450,7.553502051237725,1719,0.08344880767918798,3169,2581,23316.817360671874,0.0,0.0
ssvi_temporal,958,extrap_4,19.29276720631282,3169,154.77846022567257,4.131552326352042,1450,15.161214879960776,1719,0.4025241816407531,3169,2686,39916.73929166189,0.0,0.0
ssvi_temporal,958,unif_8,8.689458835212415,3169,95.25611462644449,3.1928074219475002,1450,5.496651413264915,1719,0.07301262362307762,3169,2515,19407.692915048992,0.0,0.0
ssvi_temporal,958,extrap_8,13.802081762707564,3169,121.65510682472257,3.4376172426691998,1450,10.364464520038364,1719,0.32723916348376125,3169,2721,17310.177710324515,0.0,0.0
ssvi_temporal,958,unif_10,5.025940244098342,3169,72.57148107534519,1.7687215874691449,1450,3.2572186566291963,1719,0.01880600795750352,3169,2377,17821.605768629568,0.0,0.0
ssvi_temporal,958,extrap_10,10.16176517815116,3169,111.9084170087545,2.3135846997913196,1450,7.848180478359842,1719,0.4289460065189588,3169,2704,18888.010341303627,0.0,0.0
ssvi_temporal,958,unif_20,5.293414465424498,3169,68.77364399641193,1.720581462565991,1450,3.5728330028585065,1719,0.016923744565033035,3169,2273,13168.90038313322,0.0,0.0
ssvi_temporal,958,extrap_20,8.22072644778496,3169,90.80748439418379,2.0668960580635853,1450,6.153830389721374,1719,0.1623577662926367,3169,2524,18839.487395302946,0.0,0.0
ssvi_temporal,958,unif_40,5.457764746708104,3169,65.11592659459662,1.5173978613849273,1450,3.9403668853231775,1719,0.011093466130607875,3169,2302,9574.056965522263,0.0,0.0
ssvi_temporal,958,extrap_40,8.356327563793227,3169,91.9999238790506,1.9187874494008639,1450,6.437540114392364,1719,0.22550631795243767,3169,2486,16992.326277945394,0.0,0.0
ssvi_temporal,958,unif_80,5.166929858016244,3169,66.20155557439314,1.5925005707542674,1450,3.5744292872619767,1719,0.012716065523669263,3169,2310,12358.326939753239,0.0,0.0
ssvi_temporal,958,extrap_80,7.190710425025047,3169,83.4650857386197,1.7350846997659541,1450,5.455625725259093,1719,0.1652864770268246,3169,2425,13201.014288983662,0.0,0.0
ssvi_temporal,958,unif_100,5.315343927007153,3169,65.7581101009253,1.590155127819125,1450,3.725188799188028,1719,0.011570599715704183,3169,2280,11497.009020172696,0.0,0.0
ssvi_temporal,958,extrap_100,7.917052948269422,3169,89.91017713509723,1.8894785728938246,1450,6.027574375375599,1719,0.18342752653609395,3169,2506,14521.84710907221,0.0,0.0
ssvi_temporal,958,unif_200,5.366612009972041,3169,65.94956411164188,1.6124264141686007,1450,3.75418559580344,1719,0.011898842542808367,3169,2292,11683.831569759626,0.0,0.0
ssvi_temporal,958,extrap_200,7.263344424058547,3169,83.6036606828411,1.7676219521231324,1450,5.495722471935414,1719,0.14369194196434992,3169,2453,12704.535649871585,0.0,0.0
ssvi_temporal,958,unif_300,3.61327081147736,3169,57.87830891314524,1.4087499603180327,1450,2.2045208511593275,1719,0.010327841945477725,3169,2200,10978.838372678329,0.0,0.0
ssvi_temporal,958,extrap_300,5.256010923420709,3169,73.39314431746071,1.481361486479984,1450,3.7746494369407255,1719,0.12055719188898295,3169,2328,12599.280871776373,0.0,0.0
ssvi_temporal,958,unif_500,3.5139917351800736,3169,57.4615816077547,1.3974778530334155,1450,2.116513882146658,1719,0.010348317838895784,3169,2193,10894.033718603388,0.0,0.0
ssvi_temporal,958,extrap_500,5.194678240894525,3169,73.06945420203284,1.4627979772535098,1450,3.7318802636410155,1719,0.1184103960288616,3169,2329,12604.182278401446,0.0,0.0
ssvi_temporal,959,unif_2,20.415735608836044,3144,159.29578252025274,6.665078242772106,1402,13.750657366063939,1742,0.20474938976480436,3144,2752,52523.386893109375,0.0,0.0
ssvi_temporal,959,extrap_2,22.698081948560898,3144,172.5056291644603,5.859026197899187,1402,16.839055750661707,1742,0.41723683183563853,3144,2793,53815.008237976974,0.0,0.0
ssvi_temporal,959,unif_4,13.677229914424903,3144,131.31609876009355,3.2479834101942657,1402,10.429246504230637,1742,0.5188998187108711,3144,2576,81658.24125787751,0.0,0.0
ssvi_temporal,959,extrap_4,14.396510069066402,3144,129.52716471116318,2.538617248243789,1402,11.85789282082261,1742,0.3010359129540288,3144,2722,21512.94475867421,0.0,0.0
ssvi_temporal,959,unif_8,7.627985531206999,3144,88.5141806019839,2.1631113582475305,1402,5.46487417295947,1742,0.06060176569212955,3144,2506,14999.184008062735,0.0,0.0
ssvi_temporal,959,extrap_8,13.60013923733915,3144,122.90192804858343,3.1716667703068953,1402,10.428472467032256,1742,0.20676785851187673,3144,2706,17278.393963213886,0.0,0.0
ssvi_temporal,959,unif_10,7.967181490068613,3144,80.82532936904478,1.9851117246615972,1402,5.982069765407016,1742,0.015515547559236672,3144,2406,13789.722639737332,0.0,0.0
ssvi_temporal,959,extrap_10,9.771784186991363,3144,96.87588927675769,2.5285786409982003,1402,7.243205545993163,1742,0.06864762139715166,3144,2610,14620.610737890012,0.0,0.0
ssvi_temporal,959,unif_20,6.091364810702368,3144,70.10463641224729,1.5604485341155458,1402,4.530916276586821,1742,0.012250931119342346,3144,2341,17016.419392329663,0.0,0.0
ssvi_temporal,959,extrap_20,7.947989795856095,3144,87.09884284820689,1.9137651972520935,1402,6.034224598604003,1742,0.07117507200313031,3144,2574,15962.132120434315,0.0,0.0
ssvi_temporal,959,unif_40,6.798447424610889,3144,72.01288668475277,1.6727801723920914,1402,5.125667252218798,1742,0.012036740369054305,3144,2279,13553.755687636429,0.0,0.0
ssvi_temporal,959,extrap_40,8.121786390210126,3144,85.2032860559043,1.8348892067726945,1402,6.286897183437431,1742,0.08140363290621254,3144,2590,11725.63702516804,0.0,0.0
ssvi_temporal,959,unif_80,5.2536212489152465,3144,64.28107854488728,1.5040486227577388,1402,3.7495726261575077,1742,0.011876652820787346,3144,2329,12019.366865614964,0.0,0.0
ssvi_temporal,959,extrap_80,7.079033797398033,3144,82.97131530940226,1.709483946654418,1402,5.369549850743614,1742,0.11157274815153206,3144,2508,11471.346498246527,0.0,0.0
ssvi_temporal,959,unif_100,3.670465211706898,3144,58.65392429856094,1.2011304775458203,1402,2.4693347341610785,1742,0.011774815202500266,3144,2317,11478.34300553416,0.0,0.0
ssvi_temporal,959,extrap_100,6.302431408464891,3144,84.47257946780125,1.554855053281388,1402,4.747576355183502,1742,0.13949932382433125,3144,2565,12252.07427920089,0.0,0.0
ssvi_temporal,959,unif_200,3.744425984645333,3144,58.692321751523934,1.1904600761290143,1402,2.553965908516319,1742,0.011617518733990837,3144,2276,12248.918589749945,0.0,0.0
ssvi_temporal,959,extrap_200,5.642547015426414,3144,79.70725861381104,1.4241462201154746,1402,4.218400795310939,1742,0.13476174222647067,3144,2501,11363.082508280522,0.0,0.0
ssvi_temporal,959,unif_300,3.729874886632076,3144,58.355406066317585,1.2008094964135798,1402,2.5290653902184963,1742,0.011222728981454426,3144,2278,11402.488328407357,0.0,0.0
ssvi_temporal,959,extrap_300,5.878515580845596,3144,80.96334441161395,1.4684591537798595,1402,4.4100564270657365,1742,0.1285658993856411,3144,2504,11751.328364394776,0.0,0.0
ssvi_temporal,959,unif_500,3.731412354965113,3144,58.42151794533366,1.1979101907773353,1402,2.5335021641877784,1742,0.011348349931452999,3144,2287,11481.424600123522,0.0,0.0
ssvi_temporal,959,extrap_500,5.965474612399856,3144,81.48069296872295,1.479940618435454,1402,4.485533993964402,1742,0.12906338566287892,3144,2515,11719.871603614249,0.0,0.0
ssvi_temporal,960,unif_2,13.933523734338953,3132,127.77564160272291,4.087797776545291,1349,9.84572595779366,1783,0.10206335843504769,3132,2607,47290.40442039901,0.0,0.0
ssvi_temporal,960,extrap_2,19.313351393930226,3132,167.58003961875443,3.2614382668756297,1349,16.051913127054597,1783,0.5149064198852801,3132,2895,32888.16466700999,0.0,0.0
ssvi_temporal,960,unif_4,12.706846971722758,3132,105.33439156566732,2.7923155213566893,1349,9.914531450366066,1783,0.03418450657514524,3132,2437,17541.28259902251,0.0,0.0
ssvi_temporal,960,extrap_4,19.54265989692514,3132,146.16012188056612,3.180081658085191,1349,16.36257823883995,1783,0.4268827036181669,3132,2677,74020.28612836836,0.0,0.0
ssvi_temporal,960,unif_8,8.621224929141931,3132,89.88256157896109,2.3218557425965094,1349,6.299369186545421,1783,0.02907378663669168,3132,2459,14933.203305441126,0.0,0.0
ssvi_temporal,960,extrap_8,13.167444007469237,3132,118.27099796614166,2.354064938618736,1349,10.813379068850503,1783,0.17374415822927225,3132,2760,16442.839115651375,0.0,0.0
ssvi_temporal,960,unif_10,8.431333304815738,3132,83.85092683291559,1.8824484948189373,1349,6.5488848099968,1783,0.02458959191323809,3132,2345,16520.916087327372,0.0,0.0
ssvi_temporal,960,extrap_10,9.750806969306026,3132,97.16562487267488,1.7422612158959225,1349,8.008545753410104,1783,0.11641490888826343,3132,2635,20607.20328062508,0.0,0.0
ssvi_temporal,960,unif_20,6.384317496501849,3132,69.65588614542906,1.4723676873482312,1349,4.911949809153618,1783,0.015596705895741825,3132,2267,11778.449782184382,0.0,0.0
ssvi_temporal,960,extrap_20,8.173552450657473,3132,82.79300829001409,1.5036494331591443,1349,6.669903017498328,1783,0.08364380178460523,3132,2497,10912.178147077931,0.0,0.0
ssvi_temporal,960,unif_40,6.091893261760551,3132,64.99746193816745,1.209554202394636,1349,4.882339059365917,1783,0.010370718179741077,3132,2145,9213.784610471846,0.0,0.0
ssvi_temporal,960,extrap_40,6.996438758268845,3132,74.1561588087832,1.1972698430572022,1349,5.799168915211645,1783,0.05950521632170185,3132,2376,9715.889224917428,0.0,0.0
ssvi_temporal,960,unif_80,6.381042251626324,3132,66.16130301038845,1.2461964224743027,1349,5.13484582915202,1783,0.009295616106716061,3132,2157,9647.285983601418,0.0,0.0
ssvi_temporal,960,extrap_80,8.01635374972921,3132,80.28718384135195,1.271330084679571,1349,6.74502366504964,1783,0.06401093149807839,3132,2438,10592.338406292996,0.0,0.0
ssvi_temporal,960,unif_100,6.768234240107517,3132,68.06063431682665,1.321102887586902,1349,5.447131352520614,1783,0.009373336925071956,3132,2163,10611.327661581141,0.0,0.0
ssvi_temporal,960,extrap_100,8.246533151286313,3132,83.09408874576737,1.3129556706699272,1349,6.9335774806163855,1783,0.10170156252805937,3132,2415,11691.582433043975,0.0,0.0
ssvi_temporal,960,unif_200,6.400812120403691,3132,66.59807281096398,1.2822398001266408,1349,5.11857232027705,1783,0.009660086743176602,3132,2152,10793.93189702262,0.0,0.0
ssvi_temporal,960,extrap_200,8.458084503559297,3132,85.91079776329953,1.2714338808211099,1349,7.1866506227381866,1783,0.11465938684471877,3132,2458,11939.980718770772,0.0,0.0
ssvi_temporal,960,unif_300,6.158722389086404,3132,65.90013026037606,1.2821372467899679,1349,4.876585142296436,1783,0.009589042338667787,3132,2111,10902.314893776867,0.0,0.0
ssvi_temporal,960,extrap_300,8.414030319913975,3132,85.93704300007253,1.322601186969332,1349,7.091429132944643,1783,0.1181603297046725,3132,2471,12087.887439117314,0.0,0.0
ssvi_temporal,960,unif_500,6.06696865451608,3132,65.23929690876197,1.2526713883521112,1349,4.814297266163969,1783,0.009376073243859927,3132,2137,10592.907994266054,0.0,0.0
ssvi_temporal,960,extrap_500,8.39252909678169,3132,86.10813513236226,1.2534717486843237,1349,7.139057348097365,1783,0.1185737090213959,3132,2470,12121.381922204899,0.0,0.0
ssvi_temporal,961,unif_2,17.74112085462429,3133,154.67023375002907,5.0974728128338995,1357,12.64364804179039,1776,0.29650872969820324,3133,2757,50347.23463638043,0.0,0.0
ssvi_temporal,961,extrap_2,28.22148156370529,3133,211.78182397330863,5.327502185790575,1357,22.893979377914718,1776,1.2569027298850808,3133,2893,57743.5949669252,0.0,0.0
ssvi_temporal,961,unif_4,16.124881830650345,3133,136.18304024901994,3.6244697832667714,1357,12.500412047383573,1776,0.39617115780018425,3133,2648,25528.915917912258,0.0,0.0
ssvi_temporal,961,extrap_4,21.474163248355552,3133,170.88169888901393,4.322576978883034,1357,17.151586269472514,1776,0.40937819185228097,3133,2833,49704.52587606403,0.0,0.0
ssvi_temporal,961,unif_8,10.799502764126824,3133,89.61357422717258,2.358887429589978,1357,8.440615334536846,1776,0.023461777541616196,3133,2411,11408.282989368414,0.0,0.0
ssvi_temporal,961,extrap_8,11.976227789145025,3133,112.0948102198142,2.1058307089480275,1357,9.870397080196996,1776,0.18163224030355232,3133,2716,19385.988350907686,0.0,0.0
ssvi_temporal,961,unif_10,11.50687370298318,3133,91.57077151583776,2.2983180951051443,1357,9.208555607878035,1776,0.0207468091723677,3133,2441,12520.980733230748,0.0,0.0
ssvi_temporal,961,extrap_10,15.176350706750153,3133,115.90275438383055,2.460245174912469,1357,12.71610553183768,1776,0.2735487100801442,3133,2681,12438.676503161232,0.0,0.0
ssvi_temporal,961,unif_20,6.432425355231722,3133,80.29848367487355,2.6447117753930103,1357,3.787713579838712,1776,0.02932288945698052,3133,2347,11866.86648025672,0.0,0.0
ssvi_temporal,961,extrap_20,10.95831284696746,3133,109.30439453955277,2.2747955097951484,1357,8.683517337172312,1776,0.1760081186663528,3133,2764,14569.32800959168,0.0,0.0
ssvi_temporal,961,unif_40,6.989685794938761,3133,78.49322032722027,2.0981875820672897,1357,4.891498212871471,1776,0.016845346089336383,3133,2302,10465.093579751841,0.0,0.0
ssvi_temporal,961,extrap_40,9.589803140370007,3133,99.84240327791942,1.72749289214133,1357,7.8623102482286775,1776,0.1855779283089529,3133,2618,13944.992625076777,0.0,0.0
ssvi_temporal,961,unif_80,6.3553360727888935,3133,76.55052084626595,2.0998844911810512,1357,4.255451581607843,1776,0.017742597188958303,3133,2283,11713.259731694518,0.0,0.0
ssvi_temporal,961,extrap_80,9.176713768807772,3133,97.83830535469033,1.703220507589266,1357,7.473493261218507,1776,0.1596090556329586,3133,2658,14148.119113550129,0.0,0.0
ssvi_temporal,961,unif_100,6.377612256015096,3133,76.00107672841384,2.0277299043891617,1357,4.349882351625936,1776,0.017293240748500242,3133,2299,10622.028249588748,0.0,0.0
ssvi_temporal,961,extrap_100,9.574720914712543,3133,99.64763464398712,1.7083089363663693,1357,7.866411978346174,1776,0.17521233170806683,3133,2628,14614.103265640695,0.0,0.0
ssvi_temporal,961,unif_200,6.084595917807215,3133,75.03918759251543,2.029456975354738,1357,4.055138942452478,1776,0.017743838560606486,3133,2267,11588.080774566195,0.0,0.0
ssvi_temporal,961,extrap_200,9.082408926788258,3133,97.51134513049631,1.6740708526159906,1357,7.408338074172269,1776,0.16747564368614953,3133,2623,14070.953591356305,0.0,0.0
ssvi_temporal,961,unif_300,6.0055734119635344,3133,74.88282199373202,2.0381589061376144,1357,3.9674145058259196,1776,0.017828712374210326,3133,2239,11418.201183631747,0.0,0.0
ssvi_temporal,961,extrap_300,9.193938708062147,3133,96.97859465939412,1.7317316009626371,1357,7.462207107099509,1776,0.13960571820215073,3133,2640,13891.88207822934,0.0,0.0
ssvi_temporal,961,unif_500,6.011093867356912,3133,74.82325479608595,2.037359505689839,1357,3.9737343616670735,1776,0.01794918513266798,3133,2248,11437.776725973315,0.0,0.0
ssvi_temporal,961,extrap_500,9.311634407038763,3133,97.39554532675204,1.7689681098677854,1357,7.542666297170977,1776,0.13542180000726067,3133,2637,13933.698193216114,0.0,0.0
ssvi_temporal,962,unif_2,10.782960971261975,3063,114.57480606003804,3.4971900596100607,1359,7.285770911651912,1704,0.11902887003884789,3063,2475,34225.55327239611,0.0,0.0
ssvi_temporal,962,extrap_2,16.570897092176885,3063,160.12603594730427,3.2784815521332225,1359,13.292415540043665,1704,0.8454973827042828,3063,2667,44639.687236034966,0.0,0.0
ssvi_temporal,962,unif_4,9.52002888452266,3063,111.6598233550948,3.3693226259350935,1359,6.150706258587565,1704,0.14968058610584853,3063,2484,33333.4644280979,0.0,0.0
ssvi_temporal,962,extrap_4,15.03782460475017,3063,142.18180375308,2.69069693473703,1359,12.34712767001314,1704,0.5318557646859755,3063,2601,28446.67032135551,0.0,0.0
ssvi_temporal,962,unif_8,5.086796132703854,3063,75.74504236427727,2.3581023440428686,1359,2.7286937886609857,1704,0.026005722964475037,3063,2351,13755.822777100475,0.0,0.0
ssvi_temporal,962,extrap_8,6.3826650020737095,3063,84.6517571777157,1.8309764764707501,1359,4.551688525602959,1704,0.07754198118236062,3063,2519,11719.959942597266,0.0,0.0
ssvi_temporal,962,unif_10,4.080120164492516,3063,73.87810513322059,1.913440415104983,1359,2.1666797493875323,1704,0.05074860988885897,3063,2417,14797.925008215689,0.0,0.0
ssvi_temporal,962,extrap_10,7.5498641196594605,3063,93.52487609473768,1.5275610538714914,1359,6.02230306578797,1704,0.347623154815804,3063,2555,13991.462467224355,0.0,0.0
ssvi_temporal,962,unif_20,3.148966041162388,3063,55.76294283616635,1.3583956788318519,1359,1.7905703623305358,1704,0.01080388198430872,3063,2131,10519.71168744384,0.0,0.0
ssvi_temporal,962,extrap_20,7.29495123332895,3063,90.65563942237912,1.492481308851531,1359,5.802469924477419,1704,0.40490469451595523,3063,2392,12122.2213003626,0.0,0.0
ssvi_temporal,962,unif_40,3.6340466458591107,3063,58.91964672392203,1.4441406091665343,1359,2.1899060366925767,1704,0.012732471461678514,3063,2217,8242.353995386327,0.0,0.0
ssvi_temporal,962,extrap_40,6.581459028541889,3063,82.17884453171047,1.2897307694636702,1359,5.291728259078218,1704,0.2946512930997461,3063,2325,11404.579800336785,0.0,0.0
ssvi_temporal,962,unif_80,3.6412556944665546,3063,57.89073366453809,1.3282233668607193,1359,2.313032327605836,1704,0.011369029128209019,3063,2176,8613.288601024426,0.0,0.0
ssvi_temporal,962,extrap_80,5.9835581904095525,3063,81.0627336501984,1.1293915945020465,1359,4.854166595907506,1704,0.27871502656858366,3063,2419,11512.855532134989,0.0,0.0
ssvi_temporal,962,unif_100,3.55517132188012,3063,57.05419586970692,1.3842551898196631,1359,2.1709161320604564,1704,0.011545144365582752,3063,2190,8018.938938969054,0.0,0.0
ssvi_temporal,962,extrap_100,5.600796528524805,3063,76.90336460521345,1.2419636457356653,1359,4.358832882789139,1704,0.2610830158493468,3063,2370,8981.777476988715,0.0,0.0
ssvi_temporal,962,unif_200,2.399077268315321,3063,49.745707809201484,1.2507836621329893,1359,1.1482936061823314,1704,0.009886122182808536,3063,2134,8238.462617194695,0.0,0.0
ssvi_temporal,962,extrap_200,5.627763111320396,3063,78.44240716451802,1.1306950258757866,1359,4.49706808544461,1704,0.25513605221695074,3063,2380,11485.181282300204,0.0,0.0
ssvi_temporal,962,unif_300,2.36144926910498,3063,49.48021275768843,1.3055967705406468,1359,1.055852498564333,1704,0.00997895033280777,3063,2121,8612.008301167156,0.0,0.0
ssvi_temporal,962,extrap_300,5.241966642378829,3063,77.31285330679627,1.0703435662497809,1359,4.171623076129049,1704,0.2809933410828352,3063,2396,11793.913566671123,0.0,0.0
ssvi_temporal,962,unif_500,2.350092407869972,3063,49.30293917630006,1.3097469997896165,1359,1.040345408080356,1704,0.009884946331875592,3063,2113,8506.56087061256,0.0,0.0
ssvi_temporal,962,extrap_500,5.343407589255914,3063,77.02921805268925,1.1045907307512945,1359,4.23881685850462,1704,0.24231843232739875,3063,2360,11637.173324504081,0.0,0.0
ssvi_temporal,963,unif_2,11.259896489181543,3041,123.17581444920496,4.357631299899405,1351,6.9022651892821365,1690,0.17556990403888625,3041,2612,36597.056518743164,0.0,0.0
ssvi_temporal,963,extrap_2,15.461585829476697,3041,160.71393397427795,3.899588822509738,1351,11.561997006966958,1690,0.7562632538717305,3041,2716,37127.17676969663,0.0,0.0
ssvi_temporal,963,unif_4,5.975129851738208,3041,90.88936403101022,2.724569909426295,1351,3.250559942311913,1690,0.17109376400088672,3041,2496,12435.0698169869,0.0,0.0
ssvi_temporal,963,extrap_4,11.601831157573315,3041,132.88942655757688,2.434564015897629,1351,9.167267141675685,1690,0.363829637153188,3041,2679,29563.698979770634,0.0,0.0
ssvi_temporal,963,unif_8,4.364383661732446,3041,66.33495450535453,2.02419900762211,1351,2.340184654110336,1690,0.01595891057816149,3041,2185,7514.379200320733,0.0,0.0
ssvi_temporal,963,extrap_8,7.13058028314664,3041,87.02273373271382,2.226124090620357,1351,4.904456192526283,1690,0.1783865270545339,3041,2483,9064.846246436457,0.0,0.0
ssvi_temporal,963,unif_10,3.865668523447911,3041,61.301012668423034,1.787556897314793,1351,2.0781116261331176,1690,0.010415831984636123,3041,2140,9852.66360842808,0.0,0.0
ssvi_temporal,963,extrap_10,7.365015840630418,3041,88.60644981662419,1.951212434762666,1351,5.413803405867753,1690,0.3110100832971723,3041,2421,11297.558936178892,0.0,0.0
ssvi_temporal,963,unif_20,2.851397938841831,3041,55.042487549243596,1.5139749265633793,1351,1.3374230122784514,1690,0.009693604208783707,3041,2105,7975.6630014920665,0.0,0.0
ssvi_temporal,963,extrap_20,5.4015332632996325,3041,79.62090556709236,1.7037758332363553,1351,3.697757430063277,1690,0.25562654630716813,3041,2361,9229.070780773436,0.0,0.0
ssvi_temporal,963,unif_40,2.479503773314738,3041,52.018226678290304,1.4099987161144245,1351,1.0695050572003129,1690,0.008617493361092809,3041,2059,7973.422127732876,0.0,0.0
ssvi_temporal,963,extrap_40,4.204961896804002,3041,67.26204695428697,1.3601612139188268,1351,2.844800682885175,1690,0.12629155804812553,3041,2290,7822.035333624237,0.0,0.0
ssvi_temporal,963,unif_80,2.1928507295391193,3041,51.059199066682275,1.4050058208025153,1351,0.787844908736604,1690,0.008817512846608814,3041,2072,7310.7048075052835,0.0,0.0
ssvi_temporal,963,extrap_80,3.6686304725425685,3041,63.488219343680186,1.1315246125698832,1351,2.537105859972686,1690,0.1489619876097594,3041,2238,7469.039216598916,0.0,0.0
ssvi_temporal,963,unif_100,2.2941854942996165,3041,51.1946359296887,1.3422088892759174,1351,0.9519766050236986,1690,0.008471739552716386,3041,2096,7328.839705315008,0.0,0.0
ssvi_temporal,963,extrap_100,3.3244873122140635,3041,60.39095845028011,1.2535391045159614,1351,2.070948207698102,1690,0.055039414305752016,3041,2256,7539.350846528277,0.0,0.0
ssvi_temporal,963,unif_200,2.29704572534929,3041,52.03944422720115,1.423441970137468,1351,0.8736037552118219,1690,0.008684923206162997,3041,2079,7870.772213408756,0.0,0.0
ssvi_temporal,963,extrap_200,4.015666677222329,3041,65.47047458471773,1.1763775920430577,1351,2.8392890851792725,1690,0.12377829651801493,3041,2246,7881.922717465162,0.0,0.0
ssvi_temporal,963,unif_300,2.2634125652552672,3041,51.47575708693698,1.3944412747724158,1351,0.8689712904828518,1690,0.008365469902470541,3041,2066,7463.723090245163,0.0,0.0
ssvi_temporal,963,extrap_300,3.9717874824471218,3041,65.28725954193541,1.1630368868652838,1351,2.808750595581839,1690,0.12700291926227042,3041,2235,7752.386634186585,0.0,0.0
ssvi_temporal,963,unif_500,2.283770006263432,3041,51.610487244697126,1.4154810144339962,1351,0.868288991829436,1690,0.008485819891447909,3041,2055,7688.074546506428,0.0,0.0
ssvi_temporal,963,extrap_500,3.8172561966715506,3041,65.23787711145084,1.1292264470384854,1351,2.6880297496330643,1690,0.15840139404913037,3041,2249,7954.153745855889,0.0,0.0
ssvi_temporal,964,unif_2,13.266609740495213,3070,139.78509379236323,6.03061089825027,1348,7.235998842244941,1722,0.14939315190146,3070,2638,33527.582269468454,0.0,0.0
ssvi_temporal,964,extrap_2,16.05207825896221,3070,163.79893900510814,3.624351889093494,1348,12.427726369868717,1722,0.6297973625851115,3070,2787,60977.67261955693,0.0,0.0
ssvi_temporal,964,unif_4,7.848579393271732,3070,88.74815420584474,2.4291348690424357,1348,5.419444524229297,1722,0.03294506157651026,3070,2451,15614.150817677224,0.0,0.0
ssvi_temporal,964,extrap_4,14.449445068942643,3070,140.5191405576681,2.829694880003175,1348,11.619750188939467,1722,0.4425872665874478,3070,2674,76773.39407594514,0.0,0.0
ssvi_temporal,964,unif_8,7.696452440172562,3070,81.40885669397647,1.905227772586733,1348,5.791224667585829,1722,0.018318305902896993,3070,2390,14831.516137531478,0.0,0.0
ssvi_temporal,964,extrap_8,10.345224333492894,3070,107.80034871801507,2.0871840694886767,1348,8.258040264004217,1722,0.13492750683943766,3070,2724,15377.748015769957,0.0,0.0
ssvi_temporal,964,unif_10,4.046136582669434,3070,67.94133660478477,1.910132908192319,1348,2.136003674477115,1722,0.017795731641617546,3070,2374,8432.977292519463,0.0,0.0
ssvi_temporal,964,extrap_10,6.6261297193058235,3070,82.54938029639355,1.963123017227272,1348,4.663006702078551,1722,0.07567884399372886,3070,2515,7729.390010236259,0.0,0.0
ssvi_temporal,964,unif_20,4.065783377413738,3070,64.51436619298228,1.612487514826433,1348,2.4532958625873054,1722,0.013704206793761723,3070,2222,9017.170804357296,0.0,0.0
ssvi_temporal,964,extrap_20,5.276989968470942,3070,73.25048378283975,1.4757465787881439,1348,3.801243389682799,1722,0.042158187565805486,3070,2375,9050.902477071699,0.0,0.0
ssvi_temporal,964,unif_40,4.5459967454752395,3070,67.08366914433664,1.7685749484030557,1348,2.777421797072184,1722,0.014242469302111264,3070,2254,9908.692323159408,0.0,0.0
ssvi_temporal,964,extrap_40,5.502264743837197,3070,74.4427706806995,1.6238945039017587,1348,3.8783702399354394,1722,0.04876547744928199,3070,2449,9184.910059113048,0.0,0.0
ssvi_temporal,964,unif_80,4.103825585822805,3070,62.77773044741065,1.613585675140405,1348,2.490239910682401,1722,0.011066159449897608,3070,2189,9505.448412574584,0.0,0.0
ssvi_temporal,964,extrap_80,5.444863396611643,3070,76.45331398244628,1.536223392903781,1348,3.9086400037078626,1722,0.08042788415493715,3070,2488,9855.63875748694,0.0,0.0
ssvi_temporal,964,unif_100,3.5705074598632867,3070,60.35536141971943,1.6348868578867903,1348,1.9356206019764957,1722,0.010387357957915545,3070,2198,9415.1345223548,0.0,0.0
ssvi_temporal,964,extrap_100,5.197821068921792,3070,72.7664925428364,1.466271693678053,1348,3.731549375243739,1722,0.05412832048138576,3070,2380,9474.793631454919,0.0,0.0
ssvi_temporal,964,unif_200,3.283839438805249,3070,58.68788446413805,1.4932015738690256,1348,1.7906378649362231,1722,0.010667525326432873,3070,2198,8590.217586102672,0.0,0.0
ssvi_temporal,964,extrap_200,5.220980368243675,3070,75.20255932865985,1.3099180791026015,1348,3.9110622891410727,1722,0.08043958121753064,3070,2477,9323.50170231083,0.0,0.0
ssvi_temporal,964,unif_300,3.4043823121968027,3070,59.84174074414243,1.5445448736741927,1348,1.8598374385226102,1722,0.010963874390502486,3070,2196,9332.594180382455,0.0,0.0
ssvi_temporal,964,extrap_300,5.155602031324742,3070,75.08626102479514,1.3119655744229373,1348,3.8436364569018036,1722,0.08133135794852453,3070,2487,9689.0626557074,0.0,0.0
ssvi_temporal,964,unif_500,3.355730243917443,3070,59.390767604047014,1.5196934549726653,1348,1.836036788944778,1722,0.010763789864893712,3070,2211,8834.591189311272,0.0,0.0
ssvi_temporal,964,extrap_500,5.285762956372438,3070,75.67452613186391,1.3118674844849572,1348,3.9738954718874817,1722,0.08146857742983944,3070,2489,9447.383294707184,0.0,0.0
ssvi_temporal,965,unif_2,22.573364315059813,3062,189.7075964384115,6.790462960245582,1281,15.78290135481423,1781,0.9237100312156832,3062,2788,135739.75333780743,0.0,0.0
ssvi_temporal,965,extrap_2,20.845027885405983,3062,184.57538950304922,2.980361076412879,1281,17.864666808993107,1781,0.725357071984403,3062,2879,50095.25715300859,0.0,0.0
ssvi_temporal,965,unif_4,11.686439757675755,3062,120.80618681279772,3.291524971606811,1281,8.394914786068943,1781,0.16955155169794942,3062,2649,38257.005230760944,0.0,0.0
ssvi_temporal,965,extrap_4,19.974379431655993,3062,160.56328942086697,2.429373700150782,1281,17.54500573150521,1781,0.9498865243567439,3062,2779,63619.84741134323,0.0,0.0
ssvi_temporal,965,unif_8,7.5400227778750555,3062,88.38765761975297,2.6843605356080475,1281,4.855662242267008,1781,0.030140322460899815,3062,2459,13727.595757340208,0.0,0.0
ssvi_temporal,965,extrap_8,9.669151616301354,3062,102.67969127633336,1.7583519070578948,1281,7.910799709243459,1781,0.23090198767605152,3062,2632,16900.01253549966,0.0,0.0
ssvi_temporal,965,unif_10,6.171126608834406,3062,80.99706356123428,2.443338241131927,1281,3.7277883677024795,1781,0.032538877317997816,3062,2527,11314.129294184466,0.0,0.0
ssvi_temporal,965,extrap_10,8.396676838674582,3062,98.37057938508008,1.510037231960334,1281,6.8866396067142475,1781,0.2680987100595264,3062,2737,11806.120214376497,0.0,0.0
ssvi_temporal,965,unif_20,4.9213411245444,3062,72.9303008562644,2.4614842084822346,1281,2.459856916062164,1781,0.01936557725243234,3062,2260,12427.420807459403,0.0,0.0
ssvi_temporal,965,extrap_20,5.437864954586745,3062,75.41567151784643,1.5522584431440034,1281,3.885606511442742,1781,0.042079680205026886,3062,2468,10424.387301446885,0.0,0.0
ssvi_temporal,965,unif_40,4.784635198332939,3062,72.25478186847305,2.4054775604616094,1281,2.37915763787133,1781,0.017775251049192684,3062,2209,14370.711243709055,0.0,0.0
ssvi_temporal,965,extrap_40,6.503929415918647,3062,86.89413851762916,1.3332458699189054,1281,5.170683545999742,1781,0.16934283212562634,3062,2594,12285.692728164764,0.0,0.0
ssvi_temporal,965,unif_80,4.825194343332031,3062,73.42196184258992,2.569043857895608,1281,2.256150485436423,1781,0.01973652894555506,3062,2243,15344.641963971355,0.0,0.0
ssvi_temporal,965,extrap_80,5.8939361198621425,3062,84.84785017569999,1.3757154635503903,1281,4.518220656311752,1781,0.14788308504866446,3062,2700,12624.531086404077,0.0,0.0
ssvi_temporal,965,unif_100,4.659401630549589,3062,71.63700638840032,2.492034857100883,1281,2.167366773448706,1781,0.01842799484747766,3062,2197,14869.589602350443,0.0,0.0
ssvi_temporal,965,extrap_100,6.086440156795936,3062,84.85754642176713,1.3884327266556697,1281,4.698007430140265,1781,0.17166371642297765,3062,2559,12806.507824530543,0.0,0.0
ssvi_temporal,965,unif_200,4.071354536101946,3062,68.66093554408621,2.3510855259703756,1281,1.720269010131571,1781,0.017860862168707765,3062,2179,14670.157095975315,0.0,0.0
ssvi_temporal,965,extrap_200,5.5728028551546664,3062,83.40783003086409,1.2511502353005168,1281,4.321652619854149,1781,0.15083943320293702,3062,2647,12443.40149963485,0.0,0.0
ssvi_temporal,965,unif_300,4.242607803299783,3062,69.67207049187756,2.4399454748665743,1281,1.8026623284332088,1781,0.018664629141361144,3062,2171,14114.359626818972,0.0,0.0
ssvi_temporal,965,extrap_300,5.48921684010378,3062,81.17052393369161,1.3216805619688003,1281,4.16753627813498,1781,0.13635731124810221,3062,2536,11994.052854969126,0.0,0.0
ssvi_temporal,965,unif_500,4.092002339854459,3062,68.48505872888352,2.3528679586232975,1281,1.7391343812311617,1781,0.017801628248057984,3062,2164,13682.720889206976,0.0,0.0
ssvi_temporal,965,extrap_500,5.604419660908757,3062,83.33561390774662,1.2507820054219332,1281,4.353637655486823,1781,0.15384783096232932,3062,2632,11933.15560672967,0.0,0.0
ssvi_temporal,966,unif_2,37.00048028639162,3113,226.73356186100176,10.694837661428366,1487,26.305642624963248,1626,0.46201336017156774,3113,2774,67788.00968179057,0.0,0.0
ssvi_temporal,966,extrap_2,22.25169903763463,3113,172.55319036329843,4.254094233328746,1487,17.997604804305887,1626,0.39529350156593135,3113,2906,46694.55607655547,0.0,0.0
ssvi_temporal,966,unif_4,13.138895349466145,3113,108.47691701696144,3.00597997049611,1487,10.132915378970036,1626,0.031039026793537122,3113,2552,23108.439777408414,0.0,0.0
ssvi_temporal,966,extrap_4,22.867591264208475,3113,163.73166299344294,4.780616296885155,1487,18.08697496732332,1626,0.20478847016539287,3113,2825,47417.7006311203,0.0,0.0
ssvi_temporal,966,unif_8,10.407943192003199,3113,101.96702216236599,3.3765951202528615,1487,7.031348071750339,1626,0.04023712385018065,3113,2508,20913.72700617162,0.0,0.0
ssvi_temporal,966,extrap_8,15.337156405061998,3113,124.15002146278586,2.5771253483055534,1487,12.760031056756445,1626,0.24702222858383224,3113,2808,18078.980903627787,0.0,0.0
ssvi_temporal,966,unif_10,6.474812012510322,3113,80.22998896068951,2.0825750322925565,1487,4.392236980217766,1626,0.02228464213436377,3113,2403,14446.927984695083,0.0,0.0
ssvi_temporal,966,extrap_10,8.50608805106225,3113,92.65012687658853,1.824806585775701,1487,6.681281465286548,1626,0.127945547016682,3113,2551,14997.040823597432,0.0,0.0
ssvi_temporal,966,unif_20,6.276720171038111,3113,75.80932659775925,1.9823418340233152,1487,4.2943783370147965,1626,0.01483765538667611,3113,2349,14587.140758136396,0.0,0.0
ssvi_temporal,966,extrap_20,7.966165523935246,3113,88.92995580851593,1.4989867954978102,1487,6.4671787284374345,1626,0.08815241417100007,3113,2670,14002.554534296005,0.0,0.0
ssvi_temporal,966,unif_40,5.8977983240506795,3113,74.83166121566354,2.0923266862643617,1487,3.805471637786318,1626,0.014982688056335047,3113,2387,16068.225875995335,0.0,0.0
ssvi_temporal,966,extrap_40,8.518616820563638,3113,92.77503411089006,1.4863652808596026,1487,7.032251539704037,1626,0.10131544153454883,3113,2733,14107.754609763619,0.0,0.0
ssvi_temporal,966,unif_80,5.948998934582013,3113,75.5143305665726,2.150766760995187,1487,3.7982321735868263,1626,0.017328382017828048,3113,2286,16293.285098949742,0.0,0.0
ssvi_temporal,966,extrap_80,7.892428186159978,3113,89.56995312012722,1.4005761856011247,1487,6.491852000558852,1626,0.10412551194682865,3113,2643,14499.0978161388,0.0,0.0
ssvi_temporal,966,unif_100,5.556344191276142,3113,74.21839191795262,2.151748183758363,1487,3.404596007517779,1626,0.01653899984682279,3113,2308,16774.48049927572,0.0,0.0
ssvi_temporal,966,extrap_100,6.67325162054543,3113,80.80457887473086,1.2115308364809336,1487,5.461720784064497,1626,0.07033278192045776,3113,2514,14566.979518873028,0.0,0.0
ssvi_temporal,966,unif_200,5.184275106197708,3113,72.69039711965391,2.1645006027585953,1487,3.0197745034391126,1626,0.01440646510735952,3113,2336,17249.055631204796,0.0,0.0
ssvi_temporal,966,extrap_200,7.1134942349172,3113,81.90291989984892,1.334172783812691,1487,5.779321451104509,1626,0.05804270920615372,3113,2509,14498.066022184164,0.0,0.0
ssvi_temporal,966,unif_300,5.157262369152147,3113,72.76321452777974,2.1732957305694844,1487,2.983966638582663,1626,0.014700821692467338,3113,2337,17305.10775988708,0.0,0.0
ssvi_temporal,966,extrap_300,6.989724642334648,3113,81.14531108721516,1.3523058149926348,1487,5.637418827342013,1626,0.05138471261137767,3113,2499,14475.142844934158,0.0,0.0
ssvi_temporal,966,unif_500,5.155048461745427,3113,72.8343428728681,2.1642447684631776,1487,2.9908036932822486,1626,0.015086414974405542,3113,2351,17225.092999566783,0.0,0.0
ssvi_temporal,966,extrap_500,7.641820298699142,3113,87.69983104973258,1.4049343135596244,1487,6.236885985139518,1626,0.08612061798097864,3113,2624,14696.94663136421,0.0,0.0
ssvi_temporal_graph,957,unif_2,19.038354859220973,3107,148.3121191851715,6.917929811864322,1427,12.120425047356651,1680,0.19563930798902623,3107,2639,41077.14111647111,0.0,0.0
ssvi_temporal_graph,957,extrap_2,20.088231866975995,3107,198.0322312644729,6.506488032402862,1427,13.581743834573135,1680,0.8591612026044694,3107,2812,91154.28529877786,0.0,0.0
ssvi_temporal_graph,957,unif_4,15.141970849554273,3107,129.28235673879925,4.584687282836505,1427,10.557283566717768,1680,0.21917877630644686,3107,2485,36570.47023893291,0.0,0.0
ssvi_temporal_graph,957,extrap_4,13.425033650345767,3107,133.47545804090828,4.313369078225548,1427,9.111664572120219,1680,0.29054717970745497,3107,2658,34834.459484660896,0.0,0.0
ssvi_temporal_graph,957,unif_8,4.661573548661596,3107,79.19719135930045,2.8870514187907492,1427,1.7745221298708467,1680,0.033932221705502946,3107,2466,17320.309823296964,0.0,0.0
ssvi_temporal_graph,957,extrap_8,9.565958673695967,3107,106.53238575663724,4.294021403326105,1427,5.271937270369861,1680,0.12483245288516304,3107,2531,18117.112380009727,0.0,0.0
ssvi_temporal_graph,957,unif_10,5.134062950500484,3107,75.62095825288972,3.1071367163409933,1427,2.0269262341594922,1680,0.02805013717925813,3107,2336,14829.271009110485,0.0,0.0
ssvi_temporal_graph,957,extrap_10,7.26386438970329,3107,90.75071134426753,3.079903334424996,1427,4.183961055278295,1680,0.09595855499927812,3107,2469,15113.524410630493,0.0,0.0
ssvi_temporal_graph,957,unif_20,5.089648670940687,3107,69.79764950783655,2.3907688988611353,1427,2.6988797720795517,1680,0.020468141444762406,3107,2307,10071.041509557981,0.0,0.0
ssvi_temporal_graph,957,extrap_20,7.463581227195693,3107,91.55248636265743,2.62977877440204,1427,4.833802452793654,1680,0.16997877189623323,3107,2476,15772.445019263783,0.0,0.0
ssvi_temporal_graph,957,unif_40,4.802516131503905,3107,67.80424548763202,2.320683634288586,1427,2.4818324972153194,1680,0.017997609948266387,3107,2269,12272.228035124705,0.0,0.0
ssvi_temporal_graph,957,extrap_40,7.899785631446107,3107,92.81363515450325,2.697813198027755,1427,5.201972433418351,1680,0.21391314153466084,3107,2502,14740.239188421448,0.0,0.0
ssvi_temporal_graph,957,unif_80,4.872280858746713,3107,68.21166909859578,2.3024903686109517,1427,2.56979049013576,1680,0.01915660356172967,3107,2281,11241.603855416743,0.0,0.0
ssvi_temporal_graph,957,extrap_80,8.180549136206547,3107,92.57707170043616,3.035073975281571,1427,5.145475160924976,1680,0.11633522317454967,3107,2413,14456.498679172051,0.0,0.0
ssvi_temporal_graph,957,unif_100,3.540194490388142,3107,63.06554312476911,2.2043592086364394,1427,1.335835281751703,1680,0.01918436893361183,3107,2301,11288.285332828318,0.0,0.0
ssvi_temporal_graph,957,extrap_100,7.499504947492209,3107,93.5020926242743,2.965108560203994,1427,4.534396387288216,1680,0.16319376329934132,3107,2479,15647.72412674921,0.0,0.0
ssvi_temporal_graph,957,unif_200,3.7075883835895382,3107,64.32756124025876,2.308766666410906,1427,1.398821717178633,1680,0.019737588265151294,3107,2282,12454.996076785283,0.0,0.0
ssvi_temporal_graph,957,extrap_200,7.321560019856114,3107,91.5800150922536,2.8725489701033053,1427,4.449011049752809,1680,0.15776392070065826,3107,2429,15252.631605041968,0.0,0.0
ssvi_temporal_graph,957,unif_300,3.7664121874918592,3107,64.31832413308786,2.326851052531615,1427,1.4395611349602442,1680,0.019212355743357012,3107,2290,11868.36196616156,0.0,0.0
ssvi_temporal_graph,957,extrap_300,7.526064674378301,3107,92.64662412713056,2.8894844855181208,1427,4.636580188860179,1680,0.17185815968780735,3107,2445,15526.249133118432,0.0,0.0
ssvi_temporal_graph,957,unif_500,3.7482702407076958,3107,64.31523249562413,2.312699216568405,1427,1.435571024139291,1680,0.01939196124684539,3107,2290,11797.689829841667,0.0,0.0
ssvi_temporal_graph,957,extrap_500,6.421943442515641,3107,88.57994491060032,2.5956658185015526,1427,3.826277624014088,1680,0.17918428985514495,3107,2476,15316.688881530707,0.0,0.0
ssvi_temporal_graph,958,unif_2,15.145498937248533,3169,141.1756154395677,4.298196143250478,1450,10.847302793998054,1719,0.28383093662601727,3169,2651,74721.09191680595,0.0,0.0
ssvi_temporal_graph,958,extrap_2,23.424211565920082,3169,188.19044388266678,5.858316916631825,1450,17.565894649288254,1719,0.5351332084248347,3169,2917,44976.15452665513,0.0,0.0
ssvi_temporal_graph,958,unif_4,12.541865386483607,3169,117.17425198342768,4.9883633352458805,1450,7.553502051237725,1719,0.08344880767918798,3169,2581,23316.817360671874,0.0,0.0
ssvi_temporal_graph,958,extrap_4,19.29276720631282,3169,154.77846022567257,4.131552326352042,1450,15.161214879960776,1719,0.4025241816407531,3169,2686,39916.73929166189,0.0,0.0
ssvi_temporal_graph,958,unif_8,8.668034352082788,3169,95.51418229045562,3.132824512297585,1450,5.535209839785203,1719,0.0791273892021407,3169,2528,18271.940833868597,0.0,0.0
ssvi_temporal_graph,958,extrap_8,13.80485247137132,3169,121.7487156096751,3.449426359260321,1450,10.355426112111,1719,0.3263232884512585,3169,2716,17340.71658163368,0.0,0.0
ssvi_temporal_graph,958,unif_10,5.071672088430906,3169,73.28852916756794,1.7396880430266408,1450,3.331984045404265,1719,0.0205739577602965,3169,2398,16768.383348774292,0.0,0.0
ssvi_temporal_graph,958,extrap_10,10.188819903710359,3169,112.26786896620764,2.321844854901689,1450,7.866975048808671,1719,0.4295629629581486,3169,2705,19061.49525892,0.0,0.0
ssvi_temporal_graph,958,unif_20,5.405217949577271,3169,70.42114820460806,1.714581705367018,1450,3.6906362442102534,1719,0.019966414633928176,3169,2350,12644.366597856186,0.0,0.0
ssvi_temporal_graph,958,extrap_20,8.255388391780404,3169,91.27236039176711,2.0805103660702207,1450,6.174878025710182,1719,0.16227822165632508,3169,2533,19001.963084208826,0.0,0.0
ssvi_temporal_graph,958,unif_40,5.511499890496082,3169,65.84581099055166,1.5134347547503493,1450,3.9980651357457337,1719,0.012353831511404529,3169,2314,9137.12476507404,0.0,0.0
ssvi_temporal_graph,958,extrap_40,8.37169068187117,3169,92.23054511242391,1.9219631541366977,1450,6.449727527734472,1719,0.22590128545158214,3169,2487,17013.594980618254,0.0,0.0
ssvi_temporal_graph,958,unif_80,5.189086410974095,3169,66.60161104805006,1.578892864839391,1450,3.6101935461347034,1719,0.014042316364338532,3169,2333,11653.1011507592,0.0,0.0
ssvi_temporal_graph,958,extrap_80,7.203833090421846,3169,83.6603228635724,1.739028366473745,1450,5.4648047239481015,1719,0.16542813640172346,3169,2433,13198.355738730892,0.0,0.0
ssvi_temporal_graph,958,unif_100,5.351993480890301,3169,66.4136604140301,1.5752411380559477,1450,3.7767523428343526,1719,0.013000813945579639,3169,2336,10859.695641006254,0.0,0.0
ssvi_temporal_graph,958,extrap_100,7.937522623001804,3169,90.20962636945802,1.8971337412258333,1450,6.040388881775971,1719,0.18356686547905451,3169,2522,14492.572956994716,0.0,0.0
ssvi_temporal_graph,958,unif_200,5.396797299521284,3169,66.56427536803005,1.5970277827013575,1450,3.7997695168199273,1719,0.01336453161164389,3169,2350,11097.448216600786,0.0,0.0
ssvi_temporal_graph,958,extrap_200,7.281732091012744,3169,83.90180956551109,1.7734177204698378,1450,5.508314370542907,1719,0.1439187814512967,3169,2466,12698.77413786721,0.0,0.0
ssvi_temporal_graph,958,unif_300,3.6379317133089115,3169,58.45884149611443,1.3922595930060397,1450,2.2456721203028724,1719,0.011754364488011797,3169,2250,10303.778064270344,0.0,0.0
ssvi_temporal_graph,958,extrap_300,5.2745983069899856,3169,73.69045143149827,1.4879169580456804,1450,3.7866813489443065,1719,0.12067626949156326,3169,2339,12592.599979388491,0.0,0.0
ssvi_temporal_graph,958,unif_500,3.5363301247775634,3169,57.989353241243386,1.3793546603920972,1450,2.156975464385466,1719,0.011779950343275516,3169,2259,10197.052700328732,0.0,0.0
ssvi_temporal_graph,958,extrap_500,5.2130482678135825,3169,73.3587142658492,1.4690906247318285,1450,3.743957643081753,1719,0.11853808510745781,3169,2336,12598.519987819338,0.0,0.0
ssvi_temporal_graph,959,unif_2,20.415735608836044,3144,159.29578252025274,6.665078242772106,1402,13.750657366063939,1742,0.20474938976480436,3144,2752,52523.386893109375,0.0,0.0
ssvi_temporal_graph,959,extrap_2,22.698081948560898,3144,172.5056291644603,5.859026197899187,1402,16.839055750661707,1742,0.41723683183563853,3144,2793,53815.008237976974,0.0,0.0
ssvi_temporal_graph,959,unif_4,13.677229914424903,3144,131.31609876009355,3.2479834101942657,1402,10.429246504230637,1742,0.5188998187108711,3144,2576,81658.24125787751,0.0,0.0
ssvi_temporal_graph,959,extrap_4,14.396510069066402,3144,129.52716471116318,2.538617248243789,1402,11.85789282082261,1742,0.3010359129540288,3144,2722,21512.94475867421,0.0,0.0
ssvi_temporal_graph,959,unif_8,7.635722075900876,3144,89.21160704030473,2.193922916607089,1402,5.4417991592937875,1742,0.06458944295548677,3144,2514,15894.13967815337,0.0,0.0
ssvi_temporal_graph,959,extrap_8,13.612742039880397,3144,123.01002456184956,3.1776014330282725,1402,10.435140606852125,1742,0.20901695665796993,3144,2692,17154.265903656164,0.0,0.0
ssvi_temporal_graph,959,unif_10,8.017518075691841,3144,81.75818832515674,2.0341449832063896,1402,5.983373092485451,1742,0.016415078507690993,3144,2423,14209.532208177501,0.0,0.0
ssvi_temporal_graph,959,extrap_10,9.78181282370846,3144,96.92719457590991,2.5470906644322495,1402,7.2347221592762105,1742,0.06809481092284467,3144,2616,14722.061165758985,0.0,0.0
ssvi_temporal_graph,959,unif_20,6.180956680342362,3144,71.42041183694172,1.622497909431889,1402,4.558458770910473,1742,0.013609614156606742,3144,2368,18931.038151670185,0.0,0.0
ssvi_temporal_graph,959,extrap_20,7.960666354880896,3144,87.17253177636739,1.925754497090932,1402,6.034911857789963,1742,0.07131342418274755,3144,2567,15902.692259223548,0.0,0.0
ssvi_temporal_graph,959,unif_40,6.873197096497789,3144,73.4526227076965,1.7311046627466697,1402,5.1420924337511185,1742,0.013308071537728521,3144,2318,15236.537166969141,0.0,0.0
ssvi_temporal_graph,959,extrap_40,8.136129675141236,3144,85.372107285147,1.8479411348849653,1402,6.288188540256271,1742,0.08169184809655411,3144,2581,12132.166710353307,0.0,0.0
ssvi_temporal_graph,959,unif_80,5.357713058201042,3144,66.22443417759665,1.583087416899584,1402,3.7746256413014576,1742,0.013361368701759855,3144,2336,14247.872291035133,0.0,0.0
ssvi_temporal_graph,959,extrap_80,7.095620416118338,3144,83.26195529143708,1.72378816553834,1402,5.371832250579999,1742,0.1119139693307514,3144,2497,12023.568809014825,0.0,0.0
ssvi_temporal_graph,959,unif_100,3.7333009203896266,3144,60.11720899203412,1.2599561758187534,1402,2.473344744570873,1742,0.012939596319918943,3144,2353,12980.971416810458,0.0,0.0
ssvi_temporal_graph,959,extrap_100,6.316905826923552,3144,84.78403040600591,1.570253813161337,1402,4.7466520137622155,1742,0.13963298712476066,3144,2569,12814.827081542964,0.0,0.0
ssvi_temporal_graph,959,unif_200,3.8236676407758354,3144,60.46384977446857,1.2629448387528357,1402,2.560722802023,1742,0.013010911833781178,3144,2309,14484.129890195094,0.0,0.0
ssvi_temporal_graph,959,extrap_200,5.652071535343939,3144,79.95033205205458,1.4373118355766885,1402,4.21475969976725,1742,0.13492363797805748,3144,2504,11871.493158179368,0.0,0.0
ssvi_temporal_graph,959,unif_300,3.809527347665829,3144,60.10491430894386,1.2728335977316485,1402,2.5366937499341797,1742,0.012554379261529153,3144,2306,13443.793987783412,0.0,0.0
ssvi_temporal_graph,959,extrap_300,5.890372948632711,3144,81.21962720322843,1.4831722847220477,1402,4.407200663910664,1742,0.12864835400584404,3144,2505,12262.369590917886,0.0,0.0
ssvi_temporal_graph,959,unif_500,3.803888723013181,3144,60.11157655561083,1.2650693571804823,1402,2.5388193658326985,1742,0.012683175977284179,3144,2315,13637.738972753103,0.0,0.0
ssvi_temporal_graph,959,extrap_500,5.976910965214743,3144,81.74791240212592,1.4945070957799564,1402,4.482403869434787,1742,0.12915890592564463,3144,2519,12258.47040657642,0.0,0.0
ssvi_temporal_graph,960,unif_2,13.933523734338953,3132,127.77564160272291,4.087797776545291,1349,9.84572595779366,1783,0.10206335843504769,3132,2607,47290.40442039901,0.0,0.0
ssvi_temporal_graph,960,extrap_2,19.313351393930226,3132,167.58003961875443,3.2614382668756297,1349,16.051913127054597,1783,0.5149064198852801,3132,2895,32888.16466700999,0.0,0.0
ssvi_temporal_graph,960,unif_4,12.706846971722758,3132,105.33439156566732,2.7923155213566893,1349,9.914531450366066,1783,0.03418450657514524,3132,2437,17541.28259902251,0.0,0.0
ssvi_temporal_graph,960,extrap_4,19.54265989692514,3132,146.16012188056612,3.180081658085191,1349,16.36257823883995,1783,0.4268827036181669,3132,2677,74020.28612836836,0.0,0.0
ssvi_temporal_graph,960,unif_8,8.67338037656187,3132,91.26506745008678,2.2829601604261907,1349,6.390420216135679,1783,0.03573605802496764,3132,2438,15191.039638963015,0.0,0.0
ssvi_temporal_graph,960,extrap_8,13.189470999233034,3132,118.42415017307891,2.3637708797728134,1349,10.82570011946022,1783,0.1738573521527465,3132,2758,16420.519030179108,0.0,0.0
ssvi_temporal_graph,960,unif_10,8.47373707450893,3132,84.548105900324,1.8883864554278684,1349,6.585350619081061,1783,0.02750739570683165,3132,2381,16713.658025514196,0.0,0.0
ssvi_temporal_graph,960,extrap_10,9.738017130013748,3132,97.34300150265652,1.7423705948922692,1349,7.995646535121479,1783,0.11680445113884415,3132,2655,21244.606903483815,0.0,0.0
ssvi_temporal_graph,960,unif_20,6.384086207981574,3132,70.16577448185377,1.4841793700222548,1349,4.899906837959318,1783,0.017077178881168085,3132,2277,11507.10948415197,0.0,0.0
ssvi_temporal_graph,960,extrap_20,8.16904446891619,3132,82.81677253244379,1.5067851151784253,1349,6.662259353737764,1783,0.08330494708013722,3132,2500,10916.925088647775,0.0,0.0
ssvi_temporal_graph,960,unif_40,6.076187376265703,3132,65.43114096285154,1.2108089677383373,1349,4.8653784085273655,1783,0.010926929577780103,3132,2173,9285.123752874226,0.0,0.0
ssvi_temporal_graph,960,extrap_40,6.9919375511711,3132,74.19501640757665,1.198992850656735,1349,5.792944700514364,1783,0.059553166727551565,3132,2368,9701.798507306989,0.0,0.0
ssvi_temporal_graph,960,unif_80,6.390522024696373,3132,66.51322148168754,1.255106836590306,1349,5.135415188106067,1783,0.00973118456443501,3132,2172,9741.748808798655,0.0,0.0
ssvi_temporal_graph,960,extrap_80,8.013907479213737,3132,80.34599399132924,1.275029537249756,1349,6.738877941963982,1783,0.06379673848313878,3132,2445,10631.881974150489,0.0,0.0
ssvi_temporal_graph,960,unif_100,6.7829620767895555,3132,68.6471964644833,1.3353639698300297,1349,5.447598106959526,1783,0.010045714772362619,3132,2198,11001.443419582236,0.0,0.0
ssvi_temporal_graph,960,extrap_100,8.244943829997318,3132,83.14325127856439,1.3167192983662077,1349,6.92822453163111,1783,0.10159046944659485,3132,2426,11663.29087048604,0.0,0.0
ssvi_temporal_graph,960,unif_200,6.405649579087622,3132,67.13462831930971,1.2919259790713928,1349,5.113723600016228,1783,0.01040867817024072,3132,2195,10909.864484871523,0.0,0.0
ssvi_temporal_graph,960,extrap_200,8.459905441030969,3132,86.00052561609826,1.2751266999111681,1349,7.1847787411198,1783,0.11434353314287343,3132,2468,11960.187508775332,0.0,0.0
ssvi_temporal_graph,960,unif_300,6.160297669650783,3132,66.40241828738698,1.291190176667302,1349,4.869107492983481,1783,0.010254759603497105,3132,2149,11103.28142384174,0.0,0.0
ssvi_temporal_graph,960,extrap_300,8.416043569869302,3132,86.01976059029525,1.3267506119158148,1349,7.089292957953488,1783,0.11779693862330737,3132,2477,12080.680448338742,0.0,0.0
ssvi_temporal_graph,960,unif_500,6.070569966595759,3132,65.71379504268677,1.260990198149516,1349,4.809579768446244,1783,0.009978793946401034,3132,2160,10751.017771149425,0.0,0.0
ssvi_temporal_graph,960,extrap_500,8.39415582943991,3132,86.20228183803258,1.2571782091230819,1349,7.136977620316827,1783,0.11821117021780407,3132,2471,12142.156079213073,0.0,0.0
ssvi_temporal_graph,961,unif_2,17.74112085462429,3133,154.67023375002907,5.0974728128338995,1357,12.64364804179039,1776,0.29650872969820324,3133,2757,50347.23463638043,0.0,0.0
ssvi_temporal_graph,961,extrap_2,28.22148156370529,3133,211.78182397330863,5.327502185790575,1357,22.893979377914718,1776,1.2569027298850808,3133,2893,57743.5949669252,0.0,0.0
ssvi_temporal_graph,961,unif_4,16.124881830650345,3133,136.18304024901994,3.6244697832667714,1357,12.500412047383573,1776,0.39617115780018425,3133,2648,25528.915917912258,0.0,0.0
ssvi_temporal_graph,961,extrap_4,21.474163248355552,3133,170.88169888901393,4.322576978883034,1357,17.151586269472514,1776,0.40937819185228097,3133,2833,49704.52587606403,0.0,0.0
ssvi_temporal_graph,961,unif_8,10.84825618566422,3133,90.08022667531667,2.3674173336943247,1357,8.480838851969896,1776,0.02448473400318146,3133,2432,11250.29160370753,0.0,0.0
ssvi_temporal_graph,961,extrap_8,12.009653504759688,3133,112.58984363664582,2.1184895009628777,1357,9.891164003796812,1776,0.18410177478668222,3133,2718,19488.565891637616,0.0,0.0
ssvi_temporal_graph,961,unif_10,11.61200352200687,3133,91.3338114211661,2.2815899840706177,1357,9.330413537936252,1776,0.020112319567964543,3133,2440,11889.594764403724,0.0,0.0
ssvi_temporal_graph,961,extrap_10,15.194667776067806,3133,116.31859118485426,2.4678343389727777,1357,12.72683343709503,1776,0.2751422175831878,3133,2689,12476.703350857497,0.0,0.0
ssvi_temporal_graph,961,unif_20,6.4601758012176616,3133,80.605681230502,2.6793032279512454,1357,3.7808725732664152,1776,0.03162105768789622,3133,2319,11268.568353830833,0.0,0.0
ssvi_temporal_graph,961,extrap_20,10.975816801932929,3133,109.44298874558129,2.291778124621297,1357,8.684038677311632,1776,0.17595964104643189,3133,2762,14539.051425920044,0.0,0.0
ssvi_temporal_graph,961,unif_40,7.0049385617373625,3133,78.75294532298487,2.1051153367755973,1357,4.899823224961765,1776,0.0173767454231653,3133,2307,10204.520768547727,0.0,0.0
ssvi_temporal_graph,961,extrap_40,9.602513801090044,3133,100.03810126426075,1.7387779343949288,1357,7.863735866695114,1776,0.18575269230291155,3133,2629,13857.980944363071,0.0,0.0
ssvi_temporal_graph,961,unif_80,6.359377324470993,3133,76.79879078313203,2.114273292963533,1357,4.245104031507459,1776,0.018959042496957262,3133,2298,11206.376358013844,0.0,0.0
ssvi_temporal_graph,961,extrap_80,9.188220687477353,3133,98.0142688104992,1.7130795533453262,1357,7.4751411341320235,1776,0.15976426387235948,3133,2664,14046.788054075074,0.0,0.0
ssvi_temporal_graph,961,unif_100,6.383298183274075,3133,76.28433388586011,2.0416683041449057,1357,4.3416298791291705,1776,0.018490824598871015,3133,2309,10266.1027430361,0.0,0.0
ssvi_temporal_graph,961,extrap_100,9.585879029537864,3133,99.80161788569188,1.7198065303844499,1357,7.8660724991534146,1776,0.17521444784557968,3133,2638,14519.78302990224,0.0,0.0
ssvi_temporal_graph,961,unif_200,6.086045184298981,3133,75.17327053985682,2.0369847804159047,1357,4.049060403883076,1776,0.018847660566435196,3133,2259,11087.711814187365,0.0,0.0
ssvi_temporal_graph,961,extrap_200,9.093457445866306,3133,97.66875313646457,1.6838768573279042,1357,7.409580588538402,1776,0.16762435790536578,3133,2626,13959.674959074953,0.0,0.0
ssvi_temporal_graph,961,unif_300,6.007550036481197,3133,75.0722370606746,2.049433195800334,1357,3.958116840680863,1776,0.018963062487018116,3133,2270,10972.90337501884,0.0,0.0
ssvi_temporal_graph,961,extrap_300,9.203976834573002,3133,97.13404281321135,1.741215168549061,1357,7.462761666023939,1776,0.13975487070193487,3133,2631,13779.591782617634,0.0,0.0
ssvi_temporal_graph,961,unif_500,6.013730343963808,3133,74.99185925258827,2.0481208217488076,1357,3.9656095222149994,1776,0.019128946127742134,3133,2264,10943.837600730876,0.0,0.0
ssvi_temporal_graph,961,extrap_500,9.322203314049226,3133,97.55507161133762,1.7788989593617877,1357,7.543304354687437,1776,0.1355290838286202,3133,2633,13821.7987232616,0.0,0.0
ssvi_temporal_graph,962,unif_2,10.782960971261975,3063,114.57480606003804,3.4971900596100607,1359,7.285770911651912,1704,0.11902887003884789,3063,2475,34225.55327239611,0.0,0.0
ssvi_temporal_graph,962,extrap_2,16.570897092176885,3063,160.12603594730427,3.2784815521332225,1359,13.292415540043665,1704,0.8454973827042828,3063,2667,44639.687236034966,0.0,0.0
ssvi_temporal_graph,962,unif_4,9.52002888452266,3063,111.6598233550948,3.3693226259350935,1359,6.150706258587565,1704,0.14968058610584853,3063,2484,33333.4644280979,0.0,0.0
ssvi_temporal_graph,962,extrap_4,15.03782460475017,3063,142.18180375308,2.69069693473703,1359,12.34712767001314,1704,0.5318557646859755,3063,2601,28446.67032135551,0.0,0.0
ssvi_temporal_graph,962,unif_8,5.114918008044893,3063,76.4259308716237,2.3584163749009317,1359,2.7565016331439613,1704,0.0295694381513059,3063,2320,15111.513422654754,0.0,0.0
ssvi_temporal_graph,962,extrap_8,6.403514120595737,3063,84.84831586459202,1.8434124200333848,1359,4.560101700562353,1704,0.07788238300584413,3063,2525,11770.092224445401,0.0,0.0
ssvi_temporal_graph,962,unif_10,4.152388185246834,3063,75.10217011931154,1.87031368051256,1359,2.282074504734274,1704,0.06323596439704487,3063,2397,14832.254657185762,0.0,0.0
ssvi_temporal_graph,962,extrap_10,7.561292426958185,3063,93.61829115222328,1.5298140322854266,1359,6.03147839467276,1704,0.3488378895328134,3063,2548,13963.983144399604,0.0,0.0
ssvi_temporal_graph,962,unif_20,3.1493647853879665,3063,55.62976743814667,1.3563188650409175,1359,1.7930459203470492,1704,0.01058762974276074,3063,2128,10041.950837850967,0.0,0.0
ssvi_temporal_graph,962,extrap_20,7.2976082284525585,3063,90.65916666981605,1.4950379592800611,1359,5.802570269172499,1704,0.40529421687768624,3063,2389,12125.232158725714,0.0,0.0
ssvi_temporal_graph,962,unif_40,3.596999826546407,3063,58.76272307301414,1.4228754387915707,1359,2.174124387754837,1704,0.012871176877040707,3063,2232,8243.63577237603,0.0,0.0
ssvi_temporal_graph,962,extrap_40,6.5831025298686185,3063,82.24502134498496,1.2952336080668247,1359,5.287868921801794,1704,0.294415846108974,3063,2344,11427.501810245602,0.0,0.0
ssvi_temporal_graph,962,unif_80,3.6527926975231635,3063,58.22330814242176,1.33804916190513,1359,2.314743535618032,1704,0.011571782787081888,3063,2178,8706.313733225023,0.0,0.0
ssvi_temporal_graph,962,extrap_80,5.98521554100677,3063,81.12039016309076,1.1323773177521523,1359,4.8528382232546186,1704,0.2785180110306191,3063,2424,11541.08478367871,0.0,0.0
ssvi_temporal_graph,962,unif_100,3.5598829266613587,3063,57.329077766835056,1.3896499436189353,1359,2.1702329830424234,1704,0.011754971646352232,3063,2218,8057.597380116274,0.0,0.0
ssvi_temporal_graph,962,extrap_100,5.604105690245767,3063,77.02426058714175,1.2474781118291245,1359,4.356627578416642,1704,0.26086845759719013,3063,2369,9038.60207785829,0.0,0.0
ssvi_temporal_graph,962,unif_200,2.407972610052792,3063,50.08451064558889,1.259673562150665,1359,1.148299047902127,1704,0.010117482797842192,3063,2143,8478.636211633158,0.0,0.0
ssvi_temporal_graph,962,extrap_200,5.628904237532522,3063,78.50163891397298,1.1339528441682267,1359,4.494951393364294,1704,0.25489101760905386,3063,2385,11510.71129450484,0.0,0.0
ssvi_temporal_graph,962,unif_300,2.3697164764720857,3063,49.77676363044572,1.3143741492668042,1359,1.0553423272052818,1704,0.010198216362656339,3063,2148,8830.678371053378,0.0,0.0
ssvi_temporal_graph,962,extrap_300,5.244142632815434,3063,77.37277850259284,1.0736085742028367,1359,4.1705340586125965,1704,0.280751107882717,3063,2395,11808.042015061485,0.0,0.0
ssvi_temporal_graph,962,unif_500,2.3595355055233784,3063,49.64456564920061,1.3195955839258215,1359,1.0399399215975573,1704,0.010117662439032326,3063,2126,8773.421792197658,0.0,0.0
ssvi_temporal_graph,962,extrap_500,5.344679573866176,3063,77.08328911208622,1.1078078439560413,1359,4.236871729910136,1704,0.24208782662998293,3063,2358,11655.404733874486,0.0,0.0
ssvi_temporal_graph,963,unif_2,11.259896489181543,3041,123.17581444920496,4.357631299899405,1351,6.9022651892821365,1690,0.17556990403888625,3041,2612,36597.056518743164,0.0,0.0
ssvi_temporal_graph,963,extrap_2,15.461585829476697,3041,160.71393397427795,3.899588822509738,1351,11.561997006966958,1690,0.7562632538717305,3041,2716,37127.17676969663,0.0,0.0
ssvi_temporal_graph,963,unif_4,5.975129851738208,3041,90.88936403101022,2.724569909426295,1351,3.250559942311913,1690,0.17109376400088672,3041,2496,12435.0698169869,0.0,0.0
ssvi_temporal_graph,963,extrap_4,11.601831157573315,3041,132.88942655757688,2.434564015897629,1351,9.167267141675685,1690,0.363829637153188,3041,2679,29563.698979770634,0.0,0.0
ssvi_temporal_graph,963,unif_8,4.364001692454484,3041,66.16694681624429,2.018174215369346,1351,2.3458274770851384,1690,0.015878588648160066,3041,2190,7475.775466139546,0.0,0.0
ssvi_temporal_graph,963,extrap_8,7.132382020176668,3041,87.05500167256122,2.228071790810185,1351,4.904310229366484,1690,0.17818374225897507,3041,2479,9093.143255415169,0.0,0.0
ssvi_temporal_graph,963,unif_10,3.873005590021149,3041,61.68275873351665,1.8020093838086995,1351,2.0709962062124494,1690,0.010513387295944563,3041,2143,10510.236101043756,0.0,0.0
ssvi_temporal_graph,963,extrap_10,7.370957834563446,3041,88.6725824571993,1.957238934032617,1351,5.413718900530828,1690,0.3105356765229814,3041,2426,11287.474348092626,0.0,0.0
ssvi_temporal_graph,963,unif_20,2.8618698693695075,3041,55.50967420731412,1.5204021179615348,1351,1.341467751407972,1690,0.009886380063013192,3041,2121,8215.242118015864,0.0,0.0
ssvi_temporal_graph,963,extrap_20,5.408504428286623,3041,79.7049470081802,1.7105551303035216,1351,3.697949297983101,1690,0.25530690810916895,3041,2360,9229.289898039,0.0,0.0
ssvi_temporal_graph,963,unif_40,2.491196874659405,3041,52.35496322368156,1.418544532483449,1351,1.0726523421759557,1690,0.00873165370647225,3041,2066,8205.291022730395,0.0,0.0
ssvi_temporal_graph,963,extrap_40,4.208229330643548,3041,67.29970124232806,1.3633600231169,1351,2.844869307526648,1690,0.12606787445078133,3041,2288,7826.510598482187,0.0,0.0
ssvi_temporal_graph,963,unif_80,2.200278861071046,3041,51.37207642296876,1.4151634082854017,1351,0.785115452785644,1690,0.009002468320295798,3041,2081,7394.321534596394,0.0,0.0
ssvi_temporal_graph,963,extrap_80,3.6720162777760716,3041,63.50645328342943,1.1347654110917975,1351,2.5372508666842744,1690,0.14873622725428995,3041,2241,7466.4918572594515,0.0,0.0
ssvi_temporal_graph,963,unif_100,2.3029390067980198,3041,51.50091185633997,1.3491554364614702,1351,0.9537835703365498,1690,0.008591573147410162,3041,2089,7520.277771826974,0.0,0.0
ssvi_temporal_graph,963,extrap_100,3.326332363503996,3041,60.42192138191619,1.2552914632425516,1351,2.071040900261445,1690,0.05491987450913723,3041,2255,7544.938837315693,0.0,0.0
ssvi_temporal_graph,963,unif_200,2.3030843952392597,3041,52.33213645709358,1.429223603474686,1351,0.8738607917645742,1690,0.008839030808092233,3041,2085,7980.663620196975,0.0,0.0
ssvi_temporal_graph,963,extrap_200,4.018062906585645,3041,65.47641768784493,1.1792628264635039,1351,2.838800080122142,1690,0.12351728638318575,3041,2236,7880.402952971119,0.0,0.0
ssvi_temporal_graph,963,unif_300,2.271355904413863,3041,51.82045885272798,1.4013772854770818,1351,0.8699786189367812,1690,0.008518303109641967,3041,2071,7665.5704339662625,0.0,0.0
ssvi_temporal_graph,963,extrap_300,3.9741160110547114,3041,65.29337478550923,1.1659487577656313,1351,2.8081672532890805,1690,0.126734018829565,3041,2228,7750.570417768384,0.0,0.0
ssvi_temporal_graph,963,unif_500,2.292486760281219,3041,51.94800798264455,1.4234173670614392,1351,0.86906939321978,1690,0.008641310419914557,3041,2065,7888.392063675017,0.0,0.0
ssvi_temporal_graph,963,extrap_500,3.8192743161232707,3041,65.23314798905122,1.1318346776554398,1351,2.6874396384678314,1690,0.1581153461195947,3041,2251,7950.901824481316,0.0,0.0
ssvi_temporal_graph,964,unif_2,13.266609740495213,3070,139.78509379236323,6.03061089825027,1348,7.235998842244941,1722,0.14939315190146,3070,2638,33527.582269468454,0.0,0.0
ssvi_temporal_graph,964,extrap_2,16.05207825896221,3070,163.79893900510814,3.624351889093494,1348,12.427726369868717,1722,0.6297973625851115,3070,2787,60977.67261955693,0.0,0.0
ssvi_temporal_graph,964,unif_4,7.848579393271732,3070,88.74815420584474,2.4291348690424357,1348,5.419444524229297,1722,0.03294506157651026,3070,2451,15614.150817677224,0.0,0.0
ssvi_temporal_graph,964,extrap_4,14.449445068942643,3070,140.5191405576681,2.829694880003175,1348,11.619750188939467,1722,0.4425872665874478,3070,2674,76773.39407594514,0.0,0.0
ssvi_temporal_graph,964,unif_8,7.741121710352719,3070,82.55412208098015,1.937695447657982,1348,5.803426262694737,1722,0.01987393180069189,3070,2412,15885.781055741347,0.0,0.0
ssvi_temporal_graph,964,extrap_8,10.399437174647751,3070,108.55887596737396,2.1112532920009963,1348,8.288183882646758,1722,0.13725749775378734,3070,2729,15522.889538758436,0.0,0.0
ssvi_temporal_graph,964,unif_10,4.239199473279433,3070,70.87653061262056,2.0224570107793287,1348,2.216742462500104,1722,0.023070752298211726,3070,2449,9038.096452467722,0.0,0.0
ssvi_temporal_graph,964,extrap_10,6.649208982449889,3070,82.76364318150416,1.9810411283339064,1348,4.668167854115984,1722,0.07566832800560913,3070,2504,7738.635615394593,0.0,0.0
ssvi_temporal_graph,964,unif_20,4.162411680616097,3070,66.02940696073821,1.6646982096648193,1348,2.497713470951278,1722,0.015376787107673267,3070,2233,9502.235658046793,0.0,0.0
ssvi_temporal_graph,964,extrap_20,5.301463624486608,3070,73.57114775803905,1.4886539596280537,1348,3.8128096648585554,1722,0.042710667875987124,3070,2380,9045.99916366514,0.0,0.0
ssvi_temporal_graph,964,unif_40,4.613356741369074,3070,68.43184613525503,1.8116060779210563,1348,2.8017506634480176,1722,0.015834574473497016,3070,2290,10201.38024339796,0.0,0.0
ssvi_temporal_graph,964,extrap_40,5.5192573139763725,3070,74.54206790954646,1.6393090415407587,1348,3.879948272435615,1722,0.04826182963525644,3070,2447,9133.242919102508,0.0,0.0
ssvi_temporal_graph,964,unif_80,4.1972706458616384,3070,64.46897809872569,1.6679347445310393,1348,2.529335901330599,1722,0.01271040989832292,3070,2253,9960.213848833353,0.0,0.0
ssvi_temporal_graph,964,extrap_80,5.466694354884398,3070,76.67165770484401,1.5516903685892849,1348,3.915003986295112,1722,0.08023507622421985,3070,2496,9822.666208155242,0.0,0.0
ssvi_temporal_graph,964,unif_100,3.667103483961945,3070,62.151003739708,1.6948067334290038,1348,1.9722967505329414,1722,0.012006044058886858,3070,2249,10046.662020449905,0.0,0.0
ssvi_temporal_graph,964,extrap_100,5.22073745866047,3070,72.92811971732733,1.4820935651898872,1348,3.7386438934705843,1722,0.053994717766516875,3070,2383,9420.811804446077,0.0,0.0
ssvi_temporal_graph,964,unif_200,3.38126933571993,3070,60.29633482744959,1.5501464440003967,1348,1.8311228917195335,1722,0.012196312060975305,3070,2221,9004.764264659998,0.0,0.0
ssvi_temporal_graph,964,extrap_200,5.249702779636242,3070,75.45659425326289,1.328775244862627,1348,3.9209275347736154,1722,0.08036815980695877,3070,2484,9279.428231659735,0.0,0.0
ssvi_temporal_graph,964,unif_300,3.5190832916316763,3070,61.64419732635703,1.6124459368485635,1348,1.9066373547831132,1722,0.012612055019969988,3070,2237,9835.909949423183,0.0,0.0
ssvi_temporal_graph,964,extrap_300,5.185031470510531,3070,75.33708273831994,1.3313600948520472,1348,3.8536713756584833,1722,0.08123873778861447,3070,2490,9643.163996785257,0.0,0.0
ssvi_temporal_graph,964,unif_500,3.4718541610731233,3070,61.247517657665114,1.5886487000755953,1348,1.883205460997528,1722,0.01246392958682983,3070,2245,9327.143060547876,0.0,0.0
ssvi_temporal_graph,964,extrap_500,5.3151736130367615,3070,75.92492623526196,1.3313888718570213,1348,3.9837847411797402,1722,0.08136101119369665,3070,2491,9403.120120604512,0.0,0.0
ssvi_temporal_graph,965,unif_2,22.573364315059813,3062,189.7075964384115,6.790462960245582,1281,15.78290135481423,1781,0.9237100312156832,3062,2788,135739.75333780743,0.0,0.0
ssvi_temporal_graph,965,extrap_2,20.845027885405983,3062,184.57538950304922,2.980361076412879,1281,17.864666808993107,1781,0.725357071984403,3062,2879,50095.25715300859,0.0,0.0
ssvi_temporal_graph,965,unif_4,11.686439757675755,3062,120.80618681279772,3.291524971606811,1281,8.394914786068943,1781,0.16955155169794942,3062,2649,38257.005230760944,0.0,0.0
ssvi_temporal_graph,965,extrap_4,19.974379431655993,3062,160.56328942086697,2.429373700150782,1281,17.54500573150521,1781,0.9498865243567439,3062,2779,63619.84741134323,0.0,0.0
ssvi_temporal_graph,965,unif_8,7.646188394167339,3062,88.95763477346055,2.7075657311041015,1281,4.938622663063239,1781,0.03239861205677098,3062,2456,13582.88518774504,0.0,0.0
ssvi_temporal_graph,965,extrap_8,9.727457118074323,3062,103.05379658154118,1.770128600831491,1281,7.957328517242835,1781,0.23363393739706173,3062,2643,16437.395386839926,0.0,0.0
ssvi_temporal_graph,965,unif_10,6.072635207358394,3062,80.98286912952429,2.355082756826979,1281,3.7175524505314144,1781,0.03772151402869715,3062,2530,11036.669374893363,0.0,0.0
ssvi_temporal_graph,965,extrap_10,8.448055150586104,3062,98.85881594257886,1.5229629754295622,1281,6.92509217515654,1781,0.27087618987805195,3062,2743,11931.716878155552,0.0,0.0
ssvi_temporal_graph,965,unif_20,4.948883485359517,3062,73.14539169041515,2.471247139081018,1281,2.4776363462784996,1781,0.020171314431299457,3062,2270,11794.106495870556,0.0,0.0
ssvi_temporal_graph,965,extrap_20,5.467528655862327,3062,75.81888930882876,1.5567765388413415,1281,3.9107521170209854,1781,0.04339144008520025,3062,2478,10458.226366699935,0.0,0.0
ssvi_temporal_graph,965,unif_40,4.800002706935947,3062,72.44320794228915,2.4130571229592874,1281,2.38694558397666,1781,0.01818674936706049,3062,2221,14371.363921726495,0.0,0.0
ssvi_temporal_graph,965,extrap_40,6.518873155560553,3062,87.23186827057972,1.3336134734817877,1281,5.185259682078765,1781,0.17051566999741377,3062,2606,12497.122937329863,0.0,0.0
ssvi_temporal_graph,965,unif_80,4.838834822162961,3062,73.57086415607576,2.5731735310278308,1281,2.2656612911351313,1781,0.020155801741445767,3062,2242,15163.215393237566,0.0,0.0
ssvi_temporal_graph,965,extrap_80,5.916229377211803,3062,85.17681309689692,1.3791744656018166,1281,4.537054911609986,1781,0.14897460931924622,3062,2711,12680.4208716917,0.0,0.0
ssvi_temporal_graph,965,unif_100,4.6733950498837435,3062,71.75385005392911,2.4970479116101063,1281,2.1763471382736372,1781,0.01903289657718417,3062,2194,14506.213990434067,0.0,0.0
ssvi_temporal_graph,965,extrap_100,6.102575368039872,3062,85.12473950609011,1.3898013621765437,1281,4.712774005863329,1781,0.17261459330886178,3062,2557,12921.251154276757,0.0,0.0
ssvi_temporal_graph,965,unif_200,4.089563331352599,3062,68.82852108390856,2.3592367847542834,1281,1.7303265465983153,1781,0.018525685179144,3062,2183,14264.439751467096,0.0,0.0
ssvi_temporal_graph,965,extrap_200,5.588867888595317,3062,83.67360237392457,1.2526784300977902,1281,4.336189458497525,1781,0.1517988413235354,3062,2653,12536.254672141487,0.0,0.0
ssvi_temporal_graph,965,unif_300,4.262268437541462,3062,69.79759372730426,2.4483536394335466,1281,1.8139147981079151,1781,0.01930419981659468,3062,2178,13698.031389397604,0.0,0.0
ssvi_temporal_graph,965,extrap_300,5.505379059364259,3062,81.44124204589386,1.322951779167159,1281,4.182427280197099,1781,0.13735309818834798,3062,2548,12071.514303124144,0.0,0.0
ssvi_temporal_graph,965,unif_500,4.1098517898489115,3062,68.60980473428641,2.3605104981815153,1281,1.7493412916673967,1781,0.01838210095430585,3062,2169,13316.243978020324,0.0,0.0
ssvi_temporal_graph,965,extrap_500,5.6204564167761575,3062,83.58741914161646,1.2524268410137183,1281,4.3680295757624386,1781,0.1547897348456474,3062,2642,11999.753557227532,0.0,0.0
ssvi_temporal_graph,966,unif_2,37.00048028639162,3113,226.73356186100176,10.694837661428366,1487,26.305642624963248,1626,0.46201336017156774,3113,2774,67788.00968179057,0.0,0.0
ssvi_temporal_graph,966,extrap_2,22.25169903763463,3113,172.55319036329843,4.254094233328746,1487,17.997604804305887,1626,0.39529350156593135,3113,2906,46694.55607655547,0.0,0.0
ssvi_temporal_graph,966,unif_4,13.138895349466145,3113,108.47691701696144,3.00597997049611,1487,10.132915378970036,1626,0.031039026793537122,3113,2552,23108.439777408414,0.0,0.0
ssvi_temporal_graph,966,extrap_4,22.867591264208475,3113,163.73166299344294,4.780616296885155,1487,18.08697496732332,1626,0.20478847016539287,3113,2825,47417.7006311203,0.0,0.0
ssvi_temporal_graph,966,unif_8,10.779504877482747,3113,105.21008706964156,3.5548972035570934,1487,7.224607673925652,1626,0.04336718133580392,3113,2513,22070.877544340357,0.0,0.0
ssvi_temporal_graph,966,extrap_8,15.401362296493389,3113,125.20991395377993,2.616900931102527,1487,12.78446136539086,1626,0.25016441923459637,3113,2797,18037.500546707997,0.0,0.0
ssvi_temporal_graph,966,unif_10,6.830432165107555,3113,85.27175722738205,2.2958258770698086,1487,4.534606288037747,1626,0.029840838124826092,3113,2452,16653.56345265634,0.0,0.0
ssvi_temporal_graph,966,extrap_10,8.548024797520512,3113,93.0929150114652,1.8551004325540605,1487,6.69292436496645,1626,0.12785722417897996,3113,2560,15241.520497836244,0.0,0.0
ssvi_temporal_graph,966,unif_20,6.332061240463752,3113,77.10902652239437,2.0314653496803303,1487,4.300595890783423,1626,0.01664264057702327,3113,2386,15262.12830319689,0.0,0.0
ssvi_temporal_graph,966,extrap_20,7.995171069660796,3113,89.28512824687141,1.5159332218122992,1487,6.4792378478484975,1626,0.08957067070394827,3113,2675,14003.915788860872,0.0,0.0
ssvi_temporal_graph,966,unif_40,6.0559082445243115,3113,77.45124925784029,2.208099841510777,1487,3.847808403013535,1626,0.018336906540138746,3113,2399,18119.758176312513,0.0,0.0
ssvi_temporal_graph,966,extrap_40,8.555450962034076,3113,93.43031863247661,1.5204138732045613,1487,7.035037088829515,1626,0.10059521492096073,3113,2749,14251.33837319531,0.0,0.0
ssvi_temporal_graph,966,unif_80,6.193529601402509,3113,79.48251352720607,2.3303818638204135,1487,3.863147737582095,1626,0.022255145226638164,3113,2376,18163.600440438517,0.0,0.0
ssvi_temporal_graph,966,extrap_80,7.922891817817813,3113,90.03731400175991,1.4280640722075946,1487,6.49482774561022,1626,0.10389679605668145,3113,2670,14554.256044008702,0.0,0.0
ssvi_temporal_graph,966,unif_100,5.741850208308466,3113,77.1182011417072,2.2842496135780817,1487,3.457600594730385,1626,0.020396319975417347,3113,2359,18278.356634729764,0.0,0.0
ssvi_temporal_graph,966,extrap_100,6.710338041912707,3113,81.27175422195515,1.2387547232353389,1487,5.471583318677368,1626,0.07163629735709276,3113,2528,14637.590450237809,0.0,0.0
ssvi_temporal_graph,966,unif_200,5.3645220484191185,3113,75.69304746915401,2.3038472229165405,1487,3.060674825502577,1626,0.01812444818751442,3113,2383,19265.3695879947,0.0,0.0
ssvi_temporal_graph,966,extrap_200,7.153592197270961,3113,82.4400947601774,1.3643275841527143,1487,5.789264613118247,1626,0.05954786792726383,3113,2519,14571.952211488657,0.0,0.0
ssvi_temporal_graph,966,unif_300,5.327831004233064,3113,75.57569181439078,2.3024989035714447,1487,3.0253321006616187,1626,0.018303902621780978,3113,2389,19125.67883893878,0.0,0.0
ssvi_temporal_graph,966,extrap_300,7.029805387237498,3113,81.66289174301053,1.3829182108900904,1487,5.6468871763474064,1626,0.052807138019832604,3113,2511,14552.90053136973,0.0,0.0
ssvi_temporal_graph,966,unif_500,5.303852739369609,3113,75.274292778966,2.2707577034464475,1487,3.0330950359231608,1626,0.018373782414603246,3113,2398,18755.279542339005,0.0,0.0
ssvi_temporal_graph,966,extrap_500,7.672536657871467,3113,88.14836986795306,1.4323667373569509,1487,6.240169920514516,1626,0.08584876573833791,3113,2644,14737.078066699763,0.0,0.0
kalman_pca,957,unif_2,8.412913718971357,3107,109.85758436440685,3.760324296179635,1427,4.6525894227917215,1680,0.25986411542906696,3107,2632,20813.641295368696,5.922111361441905,1.1419753086419753
kalman_pca,957,extrap_2,9.055463492743726,3107,108.82092403665683,3.438761750114465,1427,5.61670174262926,1680,0.2097505021014076,3107,2570,17150.767579856507,6.565819118120373,1.6975308641975309
kalman_pca,957,unif_4,9.471449546226232,3107,102.89973876138455,3.230310423933639,1427,6.2411391222925925,1680,0.32155129643164443,3107,2504,15864.86597206223,5.02092050209205,0.7407407407407407
kalman_pca,957,extrap_4,8.823479431980463,3107,97.2210989166532,2.378620160675185,1427,6.444859271305278,1680,0.5172872321985933,3107,2443,19613.5016638513,5.889925973607982,1.7901234567901234
kalman_pca,957,unif_8,6.681434189576573,3107,82.79037710586657,2.538787989188303,1427,4.1426462003882705,1680,0.25136440866892185,3107,2417,14571.496672257039,5.503701319600901,0.5864197530864198
kalman_pca,957,extrap_8,15.213203598934498,3107,101.12320804300758,1.9694182466088517,1427,13.243785352325645,1680,1.620225724702297,3107,2569,18589.798260907908,6.694560669456067,1.1728395061728396
kalman_pca,957,unif_10,5.998382815413869,3107,84.82689592320955,2.5342191533243787,1427,3.4641636620894904,1680,0.19960212060927687,3107,2450,19136.980411421864,6.404892178950757,1.4197530864197532
kalman_pca,957,extrap_10,17.890038323115526,3107,103.99426535554686,2.17570184756515,1427,15.714336475550375,1680,1.8668869101798697,3107,2563,19051.956980017007,7.0807853234631475,2.2222222222222223
kalman_pca,957,unif_20,5.892606071403392,3107,84.53644512897006,2.438073849953318,1427,3.4545322214500747,1680,0.19203105770936815,3107,2460,15999.466258661456,5.600257483102672,0.46296296296296297
kalman_pca,957,extrap_20,17.82230684419904,3107,107.98347529682404,2.33465478025097,1427,15.48765206394807,1680,1.7411565589492342,3107,2475,17549.133067782714,7.112970711297071,1.6666666666666667
kalman_pca,957,unif_40,4.733774438351069,3107,76.8368460015304,2.259830692454531,1427,2.4739437458965376,1680,0.1028353865344852,3107,2468,17009.679845193034,6.050852912777599,0.5555555555555556
kalman_pca,957,extrap_40,13.070572793021588,3107,98.90036476817195,1.803262453605813,1427,11.267310339415772,1680,1.3175890272182385,3107,2508,19122.272093896856,6.952043772127454,1.4506172839506173
kalman_pca,957,unif_80,4.542019372630814,3107,76.5660584619357,2.152903898501516,1427,2.389115474129299,1680,0.07463337582375941,3107,2395,16342.94865566993,5.825555197940135,0.49382716049382713
kalman_pca,957,extrap_80,23.324855393328967,3107,100.85583245427007,1.6566851204896096,1427,21.668170272839355,1680,2.9681443861176877,3107,2377,17136.482542615373,7.563566140971998,1.5432098765432098
kalman_pca,957,unif_100,5.870752133268224,3107,79.47995938929536,2.0172442527878682,1427,3.8535078804803558,1680,0.3267291406009653,3107,2474,17599.25055034365,6.308336015448986,0.8024691358024691
kalman_pca,957,extrap_100,23.61996243039153,3107,103.37347941247734,1.6332871615710172,1427,21.986675268820523,1680,2.960322458117682,3107,2429,18456.844644240722,7.7888638558094625,1.9753086419753085
kalman_pca,957,unif_200,4.313585142762847,3107,74.17751556282573,2.0046243819511527,1427,2.3089607608116935,1680,0.059388194114962684,3107,2431,14900.93798756057,5.664628258770518,0.5555555555555556
kalman_pca,957,extrap_200,28.543481100164833,3107,109.29329925382854,1.5858276215746585,1427,26.957653478590178,1680,3.6441831911433935,3107,2479,17890.110602952846,8.175088509816543,1.6049382716049383
kalman_pca,957,unif_300,4.28938324583373,3107,75.01104285838795,1.963600152161088,1427,2.3257830936726425,1680,0.06890400996984164,3107,2481,15579.622566131035,5.664628258770518,0.6172839506172839
kalman_pca,957,extrap_300,28.287539990294817,3107,109.17491757592178,1.5858395148117437,1427,26.701700475483072,1680,3.614068034103239,3107,2486,17860.76198393036,8.04634695848085,1.6358024691358024
kalman_pca,957,unif_500,4.274723721636292,3107,74.3608993865171,1.9760398188242414,1427,2.2986839028120514,1680,0.06358830243055494,3107,2460,15391.500556209268,5.696813646604442,0.6172839506172839
kalman_pca,957,extrap_500,28.287539990295432,3107,109.17491757592113,1.5858395148117461,1427,26.70170047548369,1680,3.6140680341032936,3107,2486,17860.76198393033,8.04634695848085,1.6358024691358024
kalman_pca,958,unif_2,8.018802785704638,3169,102.67159306502947,3.4181560817364502,1450,4.600646703968187,1719,0.2047586885883772,3169,2604,22634.434899678537,7.3524771221205425,0.90625
kalman_pca,958,extrap_2,8.709479909568719,3169,111.26821132322183,2.851665129569645,1450,5.857814779999075,1719,0.29166277619814446,3169,2743,24632.098783219015,6.468917639633954,0.9375
kalman_pca,958,unif_4,11.076372758262071,3169,115.97875258003091,4.323686476433785,1450,6.752686281828285,1719,0.12889801411829066,3169,2808,24013.471160819405,6.058693594193752,0.46875
kalman_pca,958,extrap_4,5.58466888838827,3169,84.43548026741952,1.9237064089614284,1450,3.6609624794268423,1719,0.1502709134299278,3169,2569,17421.579547468587,6.027137898390659,0.6875
kalman_pca,958,unif_8,9.446792478577546,3169,97.05162149476692,3.268183283253959,1450,6.1786091953235855,1719,0.35206703466827566,3169,2564,19342.9123091702,6.658251814452509,1.28125
kalman_pca,958,extrap_8,8.003687088318767,3169,93.90063993195193,2.0851087921403004,1450,5.918578296178467,1719,0.2464829114565822,3169,2569,19447.445163174132,7.131587251498895,1.40625
kalman_pca,958,unif_10,6.05715827399522,3169,82.97600700157955,2.026477779291289,1450,4.030680494703931,1719,0.11016509282264977,3169,2578,14434.91452209415,6.090249289996844,0.1875
kalman_pca,958,extrap_10,8.4431140903603,3169,90.5264550954129,1.8603490841225123,1450,6.582765006237787,1719,0.5718135717450248,3169,2524,17498.68547373965,6.658251814452509,1.28125
kalman_pca,958,unif_20,7.186793074226275,3169,89.1414448781795,2.6936475843501038,1450,4.493145489876169,1719,0.22705933036221715,3169,2565,18610.392373996176,5.711580940359735,1.3125
kalman_pca,958,extrap_20,8.02063174957022,3169,91.2045528413149,1.4901081028243508,1450,6.530523646745871,1719,0.585506291956887,3169,2608,18907.100675193564,6.468917639633954,1.1875
kalman_pca,958,unif_40,5.400314749014839,3169,79.98319753324081,1.700368778976901,1450,3.6999459700379393,1719,0.1319139734844037,3169,2553,16133.153797970841,5.616913852950457,0.6875
kalman_pca,958,extrap_40,10.895457634588041,3169,95.32634305610998,1.4820670426144749,1450,9.413390591973567,1719,1.0955239207545984,3169,2508,20954.59860899162,7.163142947301988,1.46875
kalman_pca,958,unif_80,4.674289060786254,3169,79.17086579413943,1.6990749363963835,1450,2.97521412438987,1719,0.07323848489885715,3169,2533,17634.81705285307,5.9009151151782895,0.65625
kalman_pca,958,extrap_80,13.445600891428816,3169,93.03270068280757,1.4392036657988154,1450,12.006397225630002,1719,1.4985454298070655,3169,2455,17035.93778874752,7.4155885137267274,1.34375
kalman_pca,958,unif_100,4.83998006517304,3169,77.90577828341341,1.6963178902578497,1450,3.1436621749151903,1719,0.08795672786847888,3169,2520,16689.9419058903,5.711580940359735,0.125
kalman_pca,958,extrap_100,16.777800102718658,3169,99.43944356595146,1.4149225433243067,1450,15.362877559394349,1719,1.9740937737273871,3169,2447,16282.865582915962,7.06847585989271,0.90625
kalman_pca,958,unif_200,4.459315225878935,3169,76.34568156133264,1.6041353155505012,1450,2.8551799103284337,1719,0.0591330073500617,3169,2525,16337.993128289892,5.964026506784474,0.21875
kalman_pca,958,extrap_200,13.49039992663552,3169,96.39907069606451,1.389430570824962,1450,12.100969355810559,1719,1.5341207143224573,3169,2509,16684.142070331174,7.2893657305143575,1.0625
kalman_pca,958,unif_300,4.413264444992988,3169,75.463817186883,1.555709381693355,1450,2.8575550632996327,1719,0.052897053876821434,3169,2485,16158.311803276512,5.9009151151782895,0.3125
kalman_pca,958,extrap_300,13.579999946800523,3169,96.57584093232165,1.3893336418746811,1450,12.190666304925841,1719,1.5493264902473172,3169,2515,16568.421173583603,7.257810034711265,1.0625
kalman_pca,958,unif_500,4.408504162046947,3169,75.2689333836397,1.5576958066114284,1450,2.850808355435519,1719,0.05315571272323271,3169,2480,15985.500864690868,5.8378037235721045,0.21875
kalman_pca,958,extrap_500,13.579999946800491,3169,96.57584093232181,1.3893336418746798,1450,12.190666304925813,1719,1.549326490247275,3169,2515,16568.42117358355,7.257810034711265,1.0625
kalman_pca,959,unif_2,29.816259300264377,3144,191.41867748339905,13.06838592985359,1402,16.747873370410787,1742,0.5544486914598439,3144,2873,44663.495241409924,10.782442748091603,3.3333333333333335
kalman_pca,959,extrap_2,9.749988974967128,3144,113.77979245484812,2.950529738187255,1402,6.799459236779872,1742,0.3700408835388293,3144,2662,24017.618990877978,7.251908396946565,1.2962962962962963
kalman_pca,959,unif_4,10.74863774770417,3144,120.78279267605981,4.71660612492526,1402,6.0320316227789075,1742,0.23995405992056906,3144,2802,26079.378222194016,7.251908396946565,1.4506172839506173
kalman_pca,959,extrap_4,8.491541377079148,3144,88.52952243045151,1.5704432295240656,1402,6.921098147555082,1742,0.591061729181035,3144,2526,12829.27348221737,6.711195928753181,0.7716049382716049
kalman_pca,959,unif_8,11.618551205182383,3144,101.37539275666435,2.747313699847828,1402,8.871237505334554,1742,0.7545977266818833,3144,2533,18212.251083319905,8.396946564885496,1.9753086419753085
kalman_pca,959,extrap_8,7.080616676484484,3144,92.11058377765784,1.5598160901894451,1402,5.520800586295039,1742,0.26464332604498003,3144,2609,18524.07829735522,7.729007633587786,1.9444444444444444
kalman_pca,959,unif_10,8.043720417978056,3144,89.64180465293589,1.6986913780985868,1402,6.345029039879469,1742,0.4739662645994593,3144,2429,14824.766184174247,7.729007633587786,1.3271604938271604
kalman_pca,959,extrap_10,6.648102650708804,3144,88.6981026462443,1.4791374410886662,1402,5.168965209620138,1742,0.253262314728023,3144,2488,17006.37063867766,7.410941475826972,0.7407407407407407
kalman_pca,959,unif_20,8.1034021592716,3144,90.12501770604464,2.338038415084055,1402,5.765363744187544,1742,0.29696485309682075,3144,2581,16474.721076956106,7.029262086513995,0.8641975308641975
kalman_pca,959,extrap_20,8.723601100079563,3144,88.22713540178643,1.2988204259216503,1402,7.424780674157914,1742,0.7031330941268286,3144,2475,15578.503298330208,7.506361323155216,1.3271604938271604
kalman_pca,959,unif_40,5.305807500467314,3144,81.11762530637827,1.5788217020195239,1402,3.7269857984477905,1742,0.09497567315083391,3144,2576,17319.8156227469,6.552162849872774,0.5246913580246914
kalman_pca,959,extrap_40,16.09169946397573,3144,96.2390707163801,1.2216768343126585,1402,14.870022629663072,1742,1.7559779579539463,3144,2480,14345.719918592302,6.965648854961832,0.49382716049382713
kalman_pca,959,unif_80,5.067303399116927,3144,76.77843630487845,1.4287534412767704,1402,3.6385499578401577,1742,0.0869879424641143,3144,2464,13304.331810834683,6.106870229007634,0.46296296296296297
kalman_pca,959,extrap_80,14.951225503369567,3144,92.73050142112528,1.177034202376987,1402,13.77419130099258,1742,1.7260832950913905,3144,2471,14648.627817091092,6.902035623409669,0.9567901234567902
kalman_pca,959,unif_100,5.2402487054559,3144,77.72928020572029,1.3485890060960963,1402,3.8916596993598036,1742,0.16795495949762984,3144,2463,14990.47796158282,6.838422391857506,0.49382716049382713
kalman_pca,959,extrap_100,15.339154402524608,3144,97.47469344985335,1.1693228324788438,1402,14.169831570045766,1742,1.7746345510327894,3144,2517,14278.792036553998,7.6653944020356235,0.9259259259259259
kalman_pca,959,unif_200,4.646232845366512,3144,75.23931211314648,1.3246658577646695,1402,3.321566987601842,1742,0.08259117326493845,3144,2450,14748.404073962161,6.806615776081425,0.5555555555555556
kalman_pca,959,extrap_200,16.30136908473464,3144,98.61179682940997,1.1559698001541412,1402,15.1453992845805,1742,1.9402059813369914,3144,2516,14755.625891408734,7.60178117048346,1.0493827160493827
kalman_pca,959,unif_300,4.559237388229879,3144,74.18231360850073,1.335644104279298,1402,3.2235932839505805,1742,0.055837126101329834,3144,2394,13857.467222359515,6.647582697201018,0.30864197530864196
kalman_pca,959,extrap_300,16.301369084733626,3144,98.61179682940828,1.1559698001541423,1402,15.145399284579481,1742,1.940205981336821,3144,2516,14755.625891408548,7.60178117048346,1.0493827160493827
kalman_pca,959,unif_500,4.541388934862404,3144,74.38770422907501,1.3344190114454118,1402,3.2069699234169913,1742,0.056277389363204006,3144,2409,14258.449661187793,6.583969465648855,0.2777777777777778
kalman_pca,959,extrap_500,16.301369084732578,3144,98.61179682940781,1.1559698001541423,1402,15.145399284578435,1742,1.9402059813366872,3144,2516,14755.625891408683,7.60178117048346,1.0493827160493827
kalman_pca,960,unif_2,12.200089964354387,3132,119.61235047059999,4.02894028035038,1349,8.171149684004005,1783,0.5423531373762756,3132,2675,16203.469582723017,7.1519795657726695,0.43209876543209874
kalman_pca,960,extrap_2,9.06677428725883,3132,114.8283368410554,2.527819585724166,1349,6.538954701534664,1783,0.30041229339615383,3132,2747,20378.931982705555,7.694763729246488,0.5555555555555556
kalman_pca,960,unif_4,12.578605715144246,3132,108.86818073211481,2.9709128932253988,1349,9.607692821918848,1783,0.7228621309874259,3132,2729,15389.389182044857,6.545338441890166,0.5246913580246914
kalman_pca,960,extrap_4,6.378274108480799,3132,86.97338406982607,2.2524099069521775,1349,4.125864201528621,1783,0.12843140333308936,3132,2561,13405.255905720893,7.598978288633461,1.0493827160493827
kalman_pca,960,unif_8,12.102592124693615,3132,91.80899947826964,1.6836396791230033,1349,10.418952445570612,1783,1.3096291826778272,3132,2578,13844.36709980413,7.120051085568327,0.43209876543209874
kalman_pca,960,extrap_8,9.532065845099716,3132,91.37214495206405,1.3855667686815512,1349,8.146499076418163,1783,0.658070464167077,3132,2597,13579.188707270772,6.257982120051086,0.6790123456790124
kalman_pca,960,unif_10,7.1363606345574615,3132,89.62659605415152,1.6787571320894734,1349,5.457603502467989,1783,0.19148904681896683,3132,2578,15794.564713225636,7.790549169859514,0.7098765432098766
kalman_pca,960,extrap_10,15.194103458672332,3132,105.59293662500247,1.7553463059607384,1349,13.438757152711595,1783,1.1304769791943154,3132,2592,15013.858774516557,6.992337164750958,1.1111111111111112
kalman_pca,960,unif_20,15.138462722188576,3132,105.24148265606499,3.451919586725326,1349,11.68654313546325,1783,1.2909290056043383,3132,2553,16218.384950902713,8.84418901660281,1.3271604938271604
kalman_pca,960,extrap_20,16.46575514452453,3132,97.00857494225168,1.1117568267198386,1349,15.353998317804693,1783,1.6624076460809234,3132,2533,13269.860131496684,7.056194125159642,0.8641975308641975
kalman_pca,960,unif_40,6.4665430253786775,3132,81.67887102117456,1.2330275482441018,1349,5.233515477134575,1783,0.3494684311670816,3132,2543,13486.824896943224,7.247765006385696,0.6481481481481481
kalman_pca,960,extrap_40,18.188141039162275,3132,93.55426934398443,1.018319019755861,1349,17.169822019406418,1783,2.232081294961157,3132,2528,12771.085047854514,7.598978288633461,0.9259259259259259
kalman_pca,960,unif_80,4.6761870337292155,3132,76.37447908429397,1.2296533369605211,1349,3.4465336967686935,1783,0.06706047907767548,3132,2494,13012.348838653837,6.449553001277139,0.24691358024691357
kalman_pca,960,extrap_80,22.053759237582,3132,102.75205663532051,0.9937886691770459,1349,21.05997056840495,1783,2.640218270844648,3132,2584,15351.872296255977,7.343550446998723,0.49382716049382713
kalman_pca,960,unif_100,4.730722085594612,3132,76.94275688462096,1.2502317350693146,1349,3.4804903505252973,1783,0.08266623599917748,3132,2531,13551.199981991122,6.73690932311622,0.37037037037037035
kalman_pca,960,extrap_100,19.33793572339334,3132,100.36989535904212,0.9833023718268965,1349,18.354633351566438,1783,2.3625963447156986,3132,2609,14065.21653032173,7.535121328224776,0.8950617283950617
kalman_pca,960,unif_200,4.565340487052094,3132,75.04841913415372,1.248578566516414,1349,3.31676192053568,1783,0.051478248245787304,3132,2438,13382.390371498457,6.864623243933589,0.43209876543209874
kalman_pca,960,extrap_200,24.735053906877685,3132,105.09681660181218,0.9651248234110148,1349,23.769929083466675,1783,3.08511535601153,3132,2637,14524.597747159487,7.950191570881226,0.8333333333333334
kalman_pca,960,unif_300,4.521217248437692,3132,74.54516794883551,1.2346690932333664,1349,3.2865481552043256,1783,0.05787595009839997,3132,2466,13035.492319772333,6.960408684546616,0.4012345679012346
kalman_pca,960,extrap_300,24.785132470957986,3132,105.1873670373206,0.9648075564011185,1349,23.82032491455687,1783,3.0921755822950936,3132,2637,14517.712138303012,7.950191570881226,0.8333333333333334
kalman_pca,960,unif_500,4.499011506114696,3132,74.49838663106027,1.23840691614213,1349,3.2606045899725657,1783,0.052387331241340346,3132,2488,13148.39749529042,6.960408684546616,0.30864197530864196
kalman_pca,960,extrap_500,24.785132470958768,3132,105.18736703732213,0.964807556401117,1349,23.820324914557652,1783,3.0921755822952086,3132,2637,14517.712138302599,7.950191570881226,0.8333333333333334
kalman_pca,961,unif_2,9.192854256935828,3133,108.49001994708152,3.4176302119911814,1357,5.775224044944648,1776,0.2892740323715897,3133,2712,14465.114999361609,6.1641648035771315,0.43209876543209874
kalman_pca,961,extrap_2,9.666679066842242,3133,116.8306994276206,3.0716643514664352,1357,6.595014715375806,1776,0.38461565160630035,3133,2746,19025.16754606292,6.004471414883424,0.4012345679012346
kalman_pca,961,unif_4,7.284151423258541,3133,95.15100985680456,2.979019807131309,1357,4.305131616127231,1776,0.10916686255752402,3133,2702,14620.930813256906,7.090386458000639,0.3395061728395062
kalman_pca,961,extrap_4,6.768556633653467,3133,92.85942718896686,1.879129451667978,1357,4.889427181985488,1776,0.12977507364184257,3133,2686,17398.49363334926,5.71702331523475,0.37037037037037035
kalman_pca,961,unif_8,9.73429539840841,3133,89.59517295097737,1.5805839499576515,1357,8.153711448450759,1776,0.8944396026183272,3133,2655,13470.20174984085,7.090386458000639,0.2777777777777778
kalman_pca,961,extrap_8,5.998141009695496,3133,86.0655580187138,1.5224194836231666,1357,4.475721526072329,1776,0.15533942688632463,3133,2606,16047.742730058135,7.633343979559246,1.3271604938271604
kalman_pca,961,unif_10,10.205371903652406,3133,93.83193496840939,1.8318444757029764,1357,8.373527427949426,1776,0.8985875766051694,3133,2636,13235.458511691193,6.770999680613222,0.12345679012345678
kalman_pca,961,extrap_10,15.879888967655958,3133,99.93070283393143,1.4185739581122916,1357,14.461315009543664,1776,1.7269652117385639,3133,2683,15817.678751580805,7.69722133503673,0.8333333333333334
kalman_pca,961,unif_20,21.779528502572855,3133,100.77524732290593,1.3476685105450388,1357,20.431859992027817,1776,2.5697349025467164,3133,2640,15994.934532764742,7.665282657297988,0.6790123456790124
kalman_pca,961,extrap_20,12.304224445541983,3133,91.6786487391179,1.2527416573754122,1357,11.051482788166574,1776,1.363829195201513,3133,2670,14885.568824609483,7.569466624081763,0.6481481481481481
kalman_pca,961,unif_40,4.943047158047009,3133,77.0559860115888,1.4539497749894257,1357,3.4890973830575827,1776,0.11390228417292543,3133,2557,13795.85140462573,6.866815713829448,0.4012345679012346
kalman_pca,961,extrap_40,24.60155088121182,3133,100.44084167121643,1.2171441817877846,1357,23.384406699424034,1776,2.938670088933302,3133,2626,14425.460204559495,7.856914723730438,0.6790123456790124
kalman_pca,961,unif_80,4.612177700947504,3133,77.61016196625545,1.3855338159446584,1357,3.226643885002845,1776,0.08824964815739439,3133,2600,12986.42810774612,7.154263813478122,0.06172839506172839
kalman_pca,961,extrap_80,19.28314762298828,3133,97.8502769611049,1.1626155919951007,1357,18.120532030993186,1776,2.3916606126346873,3133,2674,13746.664885865408,8.080485467901628,0.5555555555555556
kalman_pca,961,unif_100,4.351241453916759,3133,75.7973715652802,1.4057909672350621,1357,2.945450486681697,1776,0.045488675375831004,3133,2576,13903.900096094,6.579367614180773,0.12345679012345678
kalman_pca,961,extrap_100,25.010896924918455,3133,100.45534019431956,1.155783985549637,1357,23.85511293936882,1776,3.067486679915816,3133,2677,14200.049368584045,8.144362823379112,0.5246913580246914
kalman_pca,961,unif_200,4.494292571209535,3133,76.75407742913029,1.447132234634031,1357,3.0471603365755042,1776,0.073951809186277,3133,2614,13166.987848631088,6.9626317470456724,0.06172839506172839
kalman_pca,961,extrap_200,26.023434614549373,3133,103.85606226126416,1.140740814215318,1357,24.88269380033405,1776,3.231820342461409,3133,2699,14197.356444949088,8.144362823379112,0.6790123456790124
kalman_pca,961,unif_300,4.282527376793923,3133,75.34608883681699,1.3782449085704833,1357,2.9042824682234407,1776,0.045965950964998,3133,2591,13309.064673403564,6.770999680613222,0.15432098765432098
kalman_pca,961,extrap_300,26.02343461455243,3133,103.85606226126541,1.140740814215318,1357,24.88269380033711,1776,3.2318203424617753,3133,2699,14197.356444949412,8.144362823379112,0.6790123456790124
kalman_pca,961,unif_500,4.268247544521377,3133,75.06041584882018,1.3702435520260354,1357,2.898003992495341,1776,0.04434394427910571,3133,2579,13413.146303760095,6.770999680613222,0.09259259259259259
kalman_pca,961,extrap_500,26.023434614552432,3133,103.85606226126535,1.1407408142153195,1357,24.8826938003371,1776,3.2318203424617926,3133,2699,14197.356444949637,8.144362823379112,0.6790123456790124
kalman_pca,962,unif_2,13.689202034044165,3063,130.3606258551423,8.600847892710235,1359,5.08835414133393,1704,0.352526386235375,3063,2622,16660.48707173085,6.958510290754655,0.90625
kalman_pca,962,extrap_2,5.978414456501937,3063,93.03828509498987,1.929596547033284,1359,4.048817909468652,1704,0.2167639864449886,3063,2679,17291.189034904586,6.435805292388109,0.53125
kalman_pca,962,unif_4,9.736057731813982,3063,99.03228016270462,2.615729817999145,1359,7.120327913814837,1704,0.5804720612022167,3063,2627,15683.793541740257,6.664488729173473,1.8125
kalman_pca,962,extrap_4,3.857495142792989,3063,70.80897732577012,1.150689489861858,1359,2.706805652931131,1704,0.10467820358620795,3063,2348,13799.369331308808,5.945769356419471,0.28125
kalman_pca,962,unif_8,4.873930644011793,3063,72.08863386195777,1.1378794014324407,1359,3.736051242579353,1704,0.2751490061550866,3063,2485,13552.90407243402,5.782424044429925,0.6875
kalman_pca,962,extrap_8,7.680023638925865,3063,81.39051972994481,1.0368329938448473,1359,6.643190645081017,1704,0.41536439107701245,3063,2353,15565.797753199698,7.905913100294022,1.5
kalman_pca,962,unif_10,10.757774542521945,3063,94.99701807751778,1.6436934708935749,1359,9.11408107162837,1704,0.5758395850081173,3063,2478,15650.320475468605,8.069258412283567,1.5625
kalman_pca,962,extrap_10,5.694877970453193,3063,71.72679022964148,0.9148661271572567,1359,4.780011843295937,1704,0.4700598283871584,3063,2335,13995.096251570889,6.076445606011108,0.40625
kalman_pca,962,unif_20,6.560150920010951,3063,75.19978553137767,1.6063434483708006,1359,4.95380747164015,1704,0.5503727910889725,3063,2368,15166.900172987785,6.435805292388109,0.71875
kalman_pca,962,extrap_20,9.19041587606883,3063,78.02910787335541,0.9170418283215138,1359,8.273374047747316,1704,0.950537938651862,3063,2386,13187.889192949528,6.7624959163672,0.625
kalman_pca,962,unif_40,4.5203419595914465,3063,67.65423908911825,1.0274762405558358,1359,3.4928657190356107,1704,0.26532873656598926,3063,2341,12733.472076743386,6.305129042796472,0.625
kalman_pca,962,extrap_40,20.132087602843175,3063,96.88811156945303,1.2636835406230837,1359,18.868404062220094,1704,2.2278441106477422,3063,2430,15111.31570557078,7.709898725906567,1.5
kalman_pca,962,unif_80,5.374615279837789,3063,67.74212782556512,0.9888437063356239,1359,4.385771573502165,1704,0.45867291515261877,3063,2311,12565.542836434974,5.488402482848742,0.28125
kalman_pca,962,extrap_80,12.185828338175055,3063,83.21913215176245,0.8018299802141448,1359,11.38399835796091,1704,1.4774352507580448,3063,2398,14196.954247752372,7.350539039529566,0.625
kalman_pca,962,unif_100,3.1429653959824098,3063,64.07970734896685,0.9577515354338233,1359,2.1852138605485862,1704,0.04899174422698613,3063,2290,13119.79150092251,5.5210715452466514,0.25
kalman_pca,962,extrap_100,10.483270416032996,3063,81.74279014802102,0.8046119722159788,1359,9.678658443817016,1704,1.2460947416069414,3063,2345,13823.864154300794,7.448546226723293,0.84375
kalman_pca,962,unif_200,3.0520159034243695,3063,62.82826511928588,1.0150490286042524,1359,2.0369668748201173,1704,0.052733181801007764,3063,2308,12343.113307035333,5.390395295655015,0.21875
kalman_pca,962,extrap_200,15.386776350977405,3063,87.97555292777884,0.7866073221884948,1359,14.600169028788912,1704,1.9570399547578485,3063,2382,14600.910156759794,7.611891538712839,0.84375
kalman_pca,962,unif_300,3.007070716564334,3063,62.60869270099708,0.9830488266406983,1359,2.0240218899236355,1704,0.04782648955117018,3063,2315,12524.285924442982,5.357726233257106,0.1875
kalman_pca,962,extrap_300,15.38677635098278,3063,87.97555292778482,0.786607322188491,1359,14.600169028794289,1704,1.9570399547585908,3063,2382,14600.910156760649,7.611891538712839,0.84375
kalman_pca,962,unif_500,2.996401269550309,3063,62.37532640774381,0.9824298820469591,1359,2.013971387503349,1704,0.04666099223564721,3063,2310,12518.457122343392,5.19438092126756,0.1875
kalman_pca,962,extrap_500,15.38677635097675,3063,87.97555292777825,0.7866073221884964,1359,14.60016902878825,1704,1.957039954757723,3063,2382,14600.910156759734,7.611891538712839,0.84375
kalman_pca,963,unif_2,9.212894520546861,3041,107.47901336953547,3.859868440383146,1351,5.353026080163714,1690,0.43768373441643726,3041,2619,13811.005985735397,6.280828674778034,1.1728395061728396
kalman_pca,963,extrap_2,6.726620179464455,3041,91.44314759473968,1.7319856482738365,1351,4.994634531190618,1690,0.3628915401996555,3041,2412,13271.939957935369,6.280828674778034,1.2654320987654322
kalman_pca,963,unif_4,4.256731179503235,3041,76.97116812642884,1.900834181923215,1351,2.35589699758002,1690,0.0940133917265717,3041,2508,12217.117579282207,5.491614600460375,0.37037037037037035
kalman_pca,963,extrap_4,6.459187324487331,3041,94.01451308663735,1.4111422937044176,1351,5.048045030782913,1690,0.35465687308007565,3041,2488,19167.690217837633,6.708319631700099,2.376543209876543
kalman_pca,963,unif_8,3.7339022573486442,3041,69.78457825335843,1.7250250089740182,1351,2.008877248374626,1690,0.09080823360242418,3041,2336,11456.923008086997,5.984873396908911,0.4012345679012346
kalman_pca,963,extrap_8,5.824388387963712,3041,71.15172808898716,1.1302952243856166,1351,4.694093163578097,1690,0.5683394070834802,3041,2419,11025.809458340915,5.68891811903979,0.30864197530864196
kalman_pca,963,unif_10,3.9241314135952807,3041,69.42071266653187,1.1656617578395347,1351,2.7584696557557455,1690,0.17506328656100337,3041,2393,11361.8093617372,6.149292995725091,0.5864197530864198
kalman_pca,963,extrap_10,4.6550994926858085,3041,72.08526443913063,1.096508533614998,1351,3.5585909590708114,1690,0.2785473822245412,3041,2415,10963.520738150026,6.182176915488326,0.5555555555555556
kalman_pca,963,unif_20,6.9213408918133155,3041,74.2068865503328,1.4144455110465097,1351,5.506895380766807,1690,0.355271060166833,3041,2398,11279.405513337151,5.52449852022361,0.8024691358024691
kalman_pca,963,extrap_20,7.331657245909043,3041,78.4016939303576,0.9112641113702421,1351,6.4203931345388,1690,0.6479323843022556,3041,2400,12585.753464274463,6.280828674778034,0.7716049382716049
kalman_pca,963,unif_40,3.00711188401482,3041,61.01346908284757,1.149070636345024,1351,1.8580412476697967,1690,0.10375788314438424,3041,2344,9824.950284156952,5.68891811903979,0.2777777777777778
kalman_pca,963,extrap_40,13.813591813364871,3041,84.48249504719013,0.8917445705186127,1351,12.921847242846258,1690,1.6606736658257992,3041,2329,12510.123093889088,7.135810588622164,0.8333333333333334
kalman_pca,963,unif_80,2.622531076099125,3041,59.78464930589712,1.0201676143145206,1351,1.6023634617846048,1690,0.04239817044183021,3041,2331,10435.948615159854,5.06412364353831,0.21604938271604937
kalman_pca,963,extrap_80,10.021193319631985,3041,81.70393964165426,0.8933077008517734,1351,9.127885618780212,1690,1.1061701316594474,3041,2316,12534.98265133956,6.905623150279514,1.3888888888888888
kalman_pca,963,unif_100,4.0915404016546155,3041,63.86631654232846,1.0313523983817672,1351,3.060188003272849,1690,0.3131635677300688,3041,2332,10498.96849174475,5.557382439986847,0.2777777777777778
kalman_pca,963,extrap_100,14.084675602387293,3041,85.80790856910819,0.8707414719028794,1351,13.213934130484413,1690,1.7064207446706772,3041,2372,12528.584312603552,6.938507070042749,0.7098765432098766
kalman_pca,963,unif_200,2.5740517731541095,3041,59.05837477457959,1.056490054469582,1351,1.5175617186845278,1690,0.04058952326205621,3041,2288,10069.05338741904,4.866820124958895,0.12345679012345678
kalman_pca,963,extrap_200,16.280444350979394,3041,88.67459629416079,0.8558439852940573,1351,15.424600365685336,1690,2.0633784135820497,3041,2388,12955.647017108913,7.1686945083854,0.8333333333333334
kalman_pca,963,unif_300,2.5579418719666833,3041,58.88547064738798,1.0331038124407894,1351,1.5248380595258937,1690,0.04434699210090399,3041,2300,9983.911525861164,4.833936205195659,0.21604938271604937
kalman_pca,963,extrap_300,16.280444350985956,3041,88.67459629416865,0.8558439852940533,1351,15.424600365691903,1690,2.063378413582966,3041,2388,12955.647017110234,7.1686945083854,0.8333333333333334
kalman_pca,963,unif_500,2.5476563209065013,3041,58.985916514692455,1.045543717533851,1351,1.5021126033726508,1690,0.04313266442824382,3041,2312,10002.26303994347,4.801052285432424,0.12345679012345678
kalman_pca,963,extrap_500,16.28044435097965,3041,88.67459629416118,0.8558439852940577,1351,15.424600365685595,1690,2.063378413582073,3041,2388,12955.647017109211,7.1686945083854,0.8333333333333334
kalman_pca,964,unif_2,7.261601528093413,3070,100.06711292170306,2.785186687123013,1348,4.476414840970399,1722,0.29112586541143487,3070,2614,18186.11273474904,6.6797002280873246,0.9451219512195121
kalman_pca,964,extrap_2,9.495634569656668,3070,111.27359360770737,2.687246797433576,1348,6.808387772223092,1722,0.3683559889387804,3070,2616,20086.704703891966,7.9178885630498534,1.5548780487804879
kalman_pca,964,unif_4,6.500054298345794,3070,84.42767828272483,1.6162754700968966,1348,4.8837788282488965,1722,0.23460182808782226,3070,2588,12891.26542206485,5.571847507331379,0.18292682926829268
kalman_pca,964,extrap_4,11.058549385068902,3070,92.86639507980541,1.899228235216015,1348,9.159321149852886,1722,1.0132335707608875,3070,2561,14035.330137048575,6.419028999674161,0.7926829268292683
kalman_pca,964,unif_8,5.995046666891874,3070,74.9516878913139,1.2954205728009596,1348,4.699626094090915,1722,0.3819288671470129,3070,2367,12129.69408407198,6.581948517432388,1.0060975609756098
kalman_pca,964,extrap_8,9.320001023596266,3070,81.72516844347405,1.2235818948752346,1348,8.096419128721031,1722,0.9794011195571439,3070,2442,13999.831295969429,6.0606060606060606,0.5487804878048781
kalman_pca,964,unif_10,12.201331804055261,3070,92.31609036576924,2.6396593908318633,1348,9.5616724132234,1722,0.8008558613539216,3070,2547,12631.751282325531,7.005539263603779,1.3414634146341464
kalman_pca,964,extrap_10,4.4492912187349125,3070,73.29723960774606,1.1618110285610652,1348,3.2874801901738477,1722,0.2775563129856641,3070,2419,13989.320510815294,6.223525578364288,0.36585365853658536
kalman_pca,964,unif_20,4.481930220103758,3070,70.72073009183688,1.129392830312626,1348,3.352537389791132,1722,0.3103242075517529,3070,2417,11739.653060616945,6.35386119257087,0.3353658536585366
kalman_pca,964,extrap_20,10.632300191106197,3070,84.65173064195176,1.4102536174918452,1348,9.22204657361435,1722,0.9899366190427977,3070,2490,13320.736386847284,6.419028999674161,0.6402439024390244
kalman_pca,964,unif_40,4.439196657125056,3070,71.53112209397543,1.273496426353646,1348,3.1657002307714093,1722,0.28722202093075044,3070,2392,13539.271833125142,6.744868035190616,0.8841463414634146
kalman_pca,964,extrap_40,9.988298068125552,3070,81.41277821934042,0.9673466736558575,1348,9.020951394469693,1722,1.1975279415374007,3070,2466,12738.598569684116,6.419028999674161,0.4878048780487805
kalman_pca,964,unif_80,2.951016817614498,3070,64.40181630151389,1.0769862108576318,1348,1.8740306067568664,1722,0.054386704986915856,3070,2397,11732.7128288709,6.125773867709351,0.1524390243902439
kalman_pca,964,extrap_80,9.532394204174107,3070,79.92930505746119,0.9424344837113572,1348,8.58995972046275,1722,1.0996368843372955,3070,2421,13320.084364199385,6.907787552948843,0.9146341463414634
kalman_pca,964,unif_100,2.920208157389055,3070,64.1537193065518,1.0805051360553002,1348,1.8397030213337553,1722,0.05335191310488277,3070,2394,12146.811879563353,6.093189964157706,0.18292682926829268
kalman_pca,964,extrap_100,12.832559484267483,3070,84.96725001848625,0.9173137925808558,1348,11.915245691686627,1722,1.6239712890891098,3070,2428,13406.31409433566,6.907787552948843,0.6707317073170732
kalman_pca,964,unif_200,2.944673394991321,3070,63.67261618123985,1.0718551790894195,1348,1.8728182159019013,1722,0.053464996786770545,3070,2382,12040.21768310844,6.190941674812643,0.09146341463414634
kalman_pca,964,extrap_200,14.432121626819338,3070,86.73096423423203,0.9049078544007928,1348,13.527213772418545,1722,1.8138950496530903,3070,2408,13662.016696731644,6.810035842293907,0.823170731707317
kalman_pca,964,unif_300,2.892030448513096,3070,63.48602267578845,1.0762985896514492,1348,1.815731858861647,1722,0.050068229749085154,3070,2386,12020.23870402938,5.99543825350277,0.09146341463414634
kalman_pca,964,extrap_300,14.432121626822019,3070,86.73096423423553,0.904907854400792,1348,13.527213772421227,1722,1.8138950496535107,3070,2408,13662.016696732222,6.810035842293907,0.823170731707317
kalman_pca,964,unif_500,2.882688755483871,3070,63.68183256016214,1.0727851126891128,1348,1.8099036427947583,1722,0.04950766909957905,3070,2399,12172.847799970426,6.0606060606060606,0.09146341463414634
kalman_pca,964,extrap_500,14.432121626821086,3070,86.73096423423331,0.9049078544007931,1348,13.527213772420295,1722,1.8138950496534014,3070,2408,13662.01669673175,6.810035842293907,0.823170731707317
kalman_pca,965,unif_2,7.847429834648845,3062,103.0369355209973,2.990085006410567,1281,4.857344828238279,1781,0.28722493971357155,3062,2651,20330.734106151962,8.131939908556499,1.951219512195122
kalman_pca,965,extrap_2,9.348716698241908,3062,113.13324115092341,2.49653521252446,1281,6.852181485717448,1781,0.5874572568134376,3062,2748,22139.393699273907,7.67472240365774,0.823170731707317
kalman_pca,965,unif_4,7.708920732979483,3062,96.53546001336333,3.0452822408822895,1281,4.663638492097194,1781,0.10982024151809411,3062,2750,16551.15156047404,6.662312214239059,0.21341463414634146
kalman_pca,965,extrap_4,6.182379064512951,3062,83.74142278845143,1.4553085512989012,1281,4.7270705132140485,1781,0.12174835649041874,3062,2551,16965.22481625216,6.139777922926192,0.18292682926829268
kalman_pca,965,unif_8,4.235522960116566,3062,69.82855210086575,0.9016070340919813,1281,3.3339159260245843,1781,0.2016955679795189,3062,2504,13947.961733565346,6.629653821032005,0.18292682926829268
kalman_pca,965,extrap_8,8.144251758336292,3062,81.5107430454702,0.9815443681735504,1281,7.162707390162742,1781,0.7162068471415047,3062,2573,15312.59775773314,6.499020248203788,0.09146341463414634
kalman_pca,965,unif_10,5.844005777591542,3062,82.51093410886767,1.8981101955318844,1281,3.9458955820596575,1781,0.23756878776628987,3062,2620,15627.441231009601,7.511430437622469,0.4878048780487805
kalman_pca,965,extrap_10,9.756358634819035,3062,82.00904424110945,0.8381104258524615,1281,8.918248208966576,1781,0.9788176978772627,3062,2538,15017.183570438061,7.021554539516655,0.36585365853658536
kalman_pca,965,unif_20,6.158176529447989,3062,75.55394687363736,1.3665067648708764,1281,4.7916697645771125,1781,0.30903625952030667,3062,2503,14799.382333233996,6.6949706074461135,0.4268292682926829
kalman_pca,965,extrap_20,9.15575344745068,3062,81.93517439728046,0.7918976011197121,1281,8.363855846330967,1781,0.8496470840427707,3062,2496,16446.015165032644,7.282821685173089,0.4878048780487805
kalman_pca,965,unif_40,3.424059697570228,3062,66.32571741481237,0.9657097251250961,1281,2.4583499724451316,1781,0.09623731372328065,3062,2481,14827.026267355945,7.282821685173089,0.21341463414634146
kalman_pca,965,extrap_40,8.102944029302073,3062,77.23410625847481,0.7674748417962247,1281,7.335469187505849,1781,0.8782620483314405,3062,2466,15095.350349428878,7.4134552580013064,0.27439024390243905
kalman_pca,965,unif_80,3.5658657952734854,3062,66.59818757128288,0.902679962576326,1281,2.6631858326971596,1781,0.1108745931410273,3062,2452,15597.19430918613,7.282821685173089,0.4573170731707317
kalman_pca,965,extrap_80,14.525991051304985,3062,84.94094543182825,0.7071174550409234,1281,13.818873596264059,1781,1.8636405096499968,3062,2536,15567.934997118322,7.348138471587198,0.4573170731707317
kalman_pca,965,unif_100,3.1452828656762004,3062,63.87967850761604,0.8833103785172293,1281,2.261972487158971,1781,0.05249673438894005,3062,2475,13993.908361890615,6.792945787067277,0.09146341463414634
kalman_pca,965,extrap_100,14.13808737832062,3062,85.09127889103829,0.7079977856841804,1281,13.430089592636437,1781,1.757447788988779,3062,2544,15754.665210719395,7.282821685173089,0.39634146341463417
kalman_pca,965,unif_200,3.0996903113916847,3062,63.94438950312656,0.9023526777963622,1281,2.197337633595323,1781,0.055387774150174214,3062,2434,14997.98935295084,6.988896146309601,0.18292682926829268
kalman_pca,965,extrap_200,13.969918868427744,3062,83.82443843073978,0.699477730457114,1281,13.270441137970627,1781,1.7955569042880792,3062,2523,15310.531218754952,7.4461136512083606,0.4268292682926829
kalman_pca,965,unif_300,3.027323492260691,3062,63.488797630672366,0.8853845017410245,1281,2.1419389905196664,1781,0.047436408886973314,3062,2450,14520.896059010018,7.0868713259307645,0.09146341463414634
kalman_pca,965,extrap_300,13.969918868425982,3062,83.82443843073683,0.6994777304571157,1281,13.270441137968868,1781,1.7955569042878083,3062,2523,15310.531218754695,7.4461136512083606,0.4268292682926829
kalman_pca,965,unif_500,3.0179053975370884,3062,63.37457857707746,0.8832386760261066,1281,2.134666721510982,1781,0.04590582505038138,3062,2448,14746.260563756437,6.956237753102547,0.06097560975609756
kalman_pca,965,extrap_500,13.969918868426502,3062,83.82443843073797,0.6994777304571151,1281,13.270441137969387,1781,1.79555690428788,3062,2523,15310.53121875465,7.4461136512083606,0.4268292682926829
kalman_pca,966,unif_2,8.865780442880101,3113,107.42284330548478,3.2827634560035808,1487,5.583016986876518,1626,0.29946275852031706,3113,2731,21915.460734534652,8.384195309990362,2.5609756097560976
kalman_pca,966,extrap_2,9.68265865551812,3113,109.53392547677086,3.5641865522365115,1487,6.11847210328161,1626,0.38824056050594435,3113,2726,25259.98901717821,6.649534211371667,0.4268292682926829
kalman_pca,966,unif_4,6.724984273754934,3113,92.54442336110046,2.555083574317882,1487,4.169900699437052,1626,0.20703379764864543,3113,2731,17351.551918540656,7.870221651140379,0.4878048780487805
kalman_pca,966,extrap_4,8.981452129206293,3113,90.87459858108352,1.9728611819649826,1487,7.00859094724131,1626,0.5011047753793271,3113,2662,17501.78855200512,6.1998072598779315,0.6097560975609756
kalman_pca,966,unif_8,10.328036036138748,3113,90.73582147515259,1.38510571823389,1487,8.942930317904857,1626,0.680720284333188,3113,2565,18094.485436872965,7.324124638612271,1.4024390243902438
kalman_pca,966,extrap_8,5.8763654139088315,3113,78.23145451822164,1.1506743720146402,1487,4.725691041894192,1626,0.3162358350303161,3113,2504,19539.055877781102,7.292001284934147,1.1585365853658536
kalman_pca,966,unif_10,9.565833009009859,3113,92.22043965163243,2.5150381173357395,1487,7.050794891674119,1626,0.5292557894710944,3113,2592,17758.218871848156,7.613234821715387,1.829268292682927
kalman_pca,966,extrap_10,6.456863904918505,3113,81.58529172060022,1.290726049508363,1487,5.166137855410141,1626,0.3542443597553929,3113,2664,18712.934436386655,7.163507870221651,0.7621951219512195
kalman_pca,966,unif_20,6.749261767531046,3113,88.67026107618103,1.8052609373012865,1487,4.944000830229759,1626,0.29965316106727313,3113,2658,17966.265117098934,7.099261162865403,0.7317073170731707
kalman_pca,966,extrap_20,5.459744548855655,3113,74.58576687714864,1.1366452547318167,1487,4.323099294123838,1626,0.2044941228513453,3113,2466,18163.96648325752,6.8743976871185355,0.5487804878048781
kalman_pca,966,unif_40,5.5776751543972605,3113,75.87180064396539,1.190999422831541,1487,4.38667573156572,1626,0.2036546676865117,3113,2557,17705.042750990968,6.553164150337295,0.4573170731707317
kalman_pca,966,extrap_40,13.96422935544618,3113,89.65909268998101,0.9181048325311956,1487,13.046124522914988,1626,1.6512583276284167,3113,2627,18303.074242052586,7.966591712174751,0.8841463414634146
kalman_pca,966,unif_80,4.230630638208372,3113,73.02123174029792,1.199532003328581,1487,3.0310986348797906,1626,0.05598306544634849,3113,2562,18253.51233989081,7.195631223899775,0.21341463414634146
kalman_pca,966,extrap_80,20.113398760600052,3113,96.65245331095949,0.8899395807555512,1487,19.223459179844504,1626,2.4970554547573864,3113,2675,18112.139779355675,8.062961773209123,1.0060975609756098
kalman_pca,966,unif_100,4.250413796822738,3113,71.23640031765686,1.0983270295903127,1487,3.1520867672324253,1626,0.06733812668958358,3113,2608,17246.226793052054,7.227754577577899,0.12195121951219512
kalman_pca,966,extrap_100,19.613409276420015,3113,94.74902524588113,0.871537324400044,1487,18.741871952019974,1626,2.3887208407899285,3113,2631,17271.785258215295,7.677481529071635,0.6707317073170732
kalman_pca,966,unif_200,4.140372994292238,3113,71.65125690941335,1.1637605661282855,1487,2.9766124281639526,1626,0.05297416432666555,3113,2542,18077.510639804153,7.356247992290395,0.1524390243902439
kalman_pca,966,extrap_200,18.541806012716528,3113,93.28318189856373,0.8645226875309353,1487,17.677283325185595,1626,2.2983262521369916,3113,2640,17308.216234645875,7.773851590106007,0.6097560975609756
kalman_pca,966,unif_300,4.1292704578129795,3113,70.61698202190978,1.1245414056937388,1487,3.0047290521192416,1626,0.05907001740334699,3113,2551,17356.560648292856,7.099261162865403,0.12195121951219512
kalman_pca,966,extrap_300,18.541806012714446,3113,93.28318189856266,0.8645226875309365,1487,17.67728332518351,1626,2.298326252136747,3113,2640,17308.216234645686,7.773851590106007,0.6097560975609756
kalman_pca,966,unif_500,4.094765322927336,3113,70.76733777613978,1.118516100661449,1487,2.9762492222658867,1626,0.053536360593223864,3113,2578,17490.764962267724,7.099261162865403,0.12195121951219512
kalman_pca,966,extrap_500,18.541806012714623,3113,93.28318189856296,0.8645226875309364,1487,17.67728332518369,1626,2.298326252136783,3113,2640,17308.21623464606,7.773851590106007,0.6097560975609756
kalman_ssvi,957,unif_2,11.900802142077309,3107,121.82884062839823,6.2062055381333145,1427,5.694596603943992,1680,0.3644961442631386,3107,2637,18679.048294966105,0.0,0.0
kalman_ssvi,957,extrap_2,8.168293070014414,3107,111.92151157943042,4.804300715909338,1427,3.363992354105076,1680,0.21543785272206628,3107,2624,21586.26078800586,0.0,0.0
kalman_ssvi,957,unif_4,4.899945466456293,3107,84.33951928696084,3.6293142378543486,1427,1.2706312286019446,1680,0.04339506219250036,3107,2463,26374.82712209256,0.0,0.0
kalman_ssvi,957,extrap_4,5.723002466152021,3107,97.87741604676822,3.9048349644431677,1427,1.818167501708854,1680,0.1011111320137175,3107,2630,24670.965539017576,0.0,0.0
kalman_ssvi,957,unif_8,4.21253438719275,3107,74.23640199858033,2.867155802782668,1427,1.345378584410082,1680,0.03049892154209353,3107,2325,21658.248644180316,0.0,0.0
kalman_ssvi,957,extrap_8,7.008086401203416,3107,100.3622439998781,3.9881505923052503,1427,3.0199358088981656,1680,0.07929487593206952,3107,2670,21475.58564783049,0.0,0.0
kalman_ssvi,957,unif_10,5.079661488631597,3107,84.2284662759327,3.7289977628572215,1427,1.3506637257743743,1680,0.03921544119154556,3107,2352,34505.01630748006,0.0,0.0
kalman_ssvi,957,extrap_10,8.89016870514887,3107,121.09609733924714,4.169846102595367,1427,4.720322602553503,1680,0.20120765485769654,3107,2685,31592.741431542723,0.0,0.0
kalman_ssvi,957,unif_20,3.4965498085963254,3107,67.64014984962114,2.282100279318887,1427,1.2144495292774387,1680,0.022438368249055575,3107,2304,16783.171247449016,0.0,0.0
kalman_ssvi,957,extrap_20,7.172776383850392,3107,105.86244809026918,3.206001820635243,1427,3.96677456321515,1680,0.19192032392493524,3107,2648,32191.33835158869,0.0,0.0
kalman_ssvi,957,unif_40,3.892635958104657,3107,66.5216983221901,2.491341227558741,1427,1.401294730545916,1680,0.017689000779489948,3107,2179,18193.064162494986,0.0,0.0
kalman_ssvi,957,extrap_40,6.345017828105569,3107,96.70682708085256,3.2688417367520444,1427,3.076176091353526,1680,0.118771734739111,3107,2450,44535.27848482404,0.0,0.0
kalman_ssvi,957,unif_80,3.3672891207460403,3107,59.485546924486314,2.200014977956154,1427,1.1672741427898858,1680,0.011832115101604613,3107,2058,14709.969278263117,0.0,0.0
kalman_ssvi,957,extrap_80,6.825314150563752,3107,96.03936674822832,2.6799543458489277,1427,4.1453598047148255,1680,0.17842595455688487,3107,2524,19931.8045835189,0.0,0.0
kalman_ssvi,957,unif_100,3.305625594557411,3107,60.555417507139,2.08804484944769,1427,1.2175807451097207,1680,0.011928627250003878,3107,2068,14800.066153054875,0.0,0.0
kalman_ssvi,957,extrap_100,6.150719490789707,3107,89.4010365773909,2.6022938968362888,1427,3.548425593953418,1680,0.1395741014942347,3107,2422,25569.409762269992,0.0,0.0
kalman_ssvi,957,unif_200,3.3226280624167304,3107,58.19265636503068,2.0980130026127295,1427,1.2246150598040018,1680,0.010286960184894153,3107,1999,13719.993658696485,0.0,0.0
kalman_ssvi,957,extrap_200,5.265783133083136,3107,84.48795559925027,2.3221845154231042,1427,2.943598617660032,1680,0.10132326734482984,3107,2485,23648.92253191278,0.0,0.0
kalman_ssvi,957,unif_300,3.2215216996172886,3107,57.40889736491074,2.068145736222899,1427,1.1533759633943896,1680,0.010142749054775347,3107,1957,14123.538655241027,0.0,0.0
kalman_ssvi,957,extrap_300,5.355129421466715,3107,85.12200539980512,2.349895601651907,1427,3.0052338198148063,1680,0.10040006927517856,3107,2483,23740.058834000243,0.0,0.0
kalman_ssvi,957,unif_500,3.191622159898465,3107,56.9108459775951,2.040065155901691,1427,1.1515570039967737,1680,0.009787498378591634,3107,1982,13735.80260692075,0.0,0.0
kalman_ssvi,957,extrap_500,5.338117106471808,3107,84.75248755991392,2.3329885749743786,1427,3.005128531497429,1680,0.09872214054994913,3107,2484,23581.504116689575,0.0,0.0
kalman_ssvi,958,unif_2,4.753125251676109,3169,87.24417038356194,2.7065924040376785,1450,2.0465328476384315,1719,0.05880874292877288,3169,2676,24768.688734451098,0.0,0.0
kalman_ssvi,958,extrap_2,12.24147962566523,3169,124.12941120631697,5.645773304231223,1450,6.595706321434008,1719,0.35873370613549316,3169,2740,17954.57950934086,0.0,0.0
kalman_ssvi,958,unif_4,4.326216026187034,3169,78.87188596829385,2.4018124836770767,1450,1.924403542509958,1719,0.0322742334522816,3169,2597,24171.74131602977,0.0,0.0
kalman_ssvi,958,extrap_4,5.613847484965515,3169,90.74418991562374,2.8678251947886517,1450,2.746022290176863,1719,0.10400695791738768,3169,2618,19336.593879827276,0.0,0.0
kalman_ssvi,958,unif_8,4.615496553734289,3169,81.50005644857481,2.2047373638094525,1450,2.4107591899248364,1719,0.04269102591204966,3169,2557,16015.44685071868,0.0,0.0
kalman_ssvi,958,extrap_8,13.132997202335774,3169,149.49866686475985,6.526562457191042,1450,6.606434745144733,1719,0.24019340338720954,3169,2885,33595.26501967014,0.0,0.0
kalman_ssvi,958,unif_10,7.644983706949639,3169,109.25172883285276,3.901867123345279,1450,3.7431165836043596,1719,0.0998736631014515,3169,2773,18212.190052368172,0.0,0.0
kalman_ssvi,958,extrap_10,8.42502109483184,3169,100.71600760674298,3.2763846266161734,1450,5.148636468215664,1719,0.07762396483686877,3169,2747,18523.16819750966,0.0,0.0
kalman_ssvi,958,unif_20,4.13150485316104,3169,64.68837024945742,1.5965820821823336,1450,2.5349227709787074,1719,0.015098037235775779,3169,2239,15634.318706882917,0.0,0.0
kalman_ssvi,958,extrap_20,6.070143381264687,3169,89.29091195060613,2.122317775575108,1450,3.9478256056895793,1719,0.12284250139534217,3169,2645,21770.065435209952,0.0,0.0
kalman_ssvi,958,unif_40,4.256138846452339,3169,60.44741384261442,1.4297422410574536,1450,2.826396605394886,1719,0.011711444050669127,3169,2227,11399.435163366412,0.0,0.0
kalman_ssvi,958,extrap_40,6.127185476094528,3169,89.30828425714259,2.0966370556964593,1450,4.030548420398069,1719,0.141227183944175,3169,2521,29082.536571943412,0.0,0.0
kalman_ssvi,958,unif_80,3.7851389861366584,3169,60.42378144982317,1.6540357754612267,1450,2.1311032106754317,1719,0.010930414820328634,3169,2125,15998.458738685405,0.0,0.0
kalman_ssvi,958,extrap_80,6.599067620713857,3169,83.97178118180062,2.0665898365805573,1450,4.532477784133299,1719,0.10302493693029564,3169,2469,19368.981004301033,0.0,0.0
kalman_ssvi,958,unif_100,3.614604907700772,3169,58.13403314524621,1.5021081643092682,1450,2.1124967433915045,1719,0.009541343293651612,3169,2071,14992.864478116615,0.0,0.0
kalman_ssvi,958,extrap_100,7.527873588908344,3169,91.08912266539075,2.2814911324850593,1450,5.246382456423285,1719,0.1477581606787562,3169,2461,29942.154948261064,0.0,0.0
kalman_ssvi,958,unif_200,3.5792019765669125,3169,57.30710586009061,1.479740278833983,1450,2.0994616977329295,1719,0.008913563267338068,3169,2044,14803.693929433242,0.0,0.0
kalman_ssvi,958,extrap_200,7.191713298136608,3169,85.15996085262893,2.0711283539843244,1450,5.1205849441522835,1719,0.12691293416915272,3169,2496,17017.739938878673,0.0,0.0
kalman_ssvi,958,unif_300,3.5792384139786293,3169,56.79242225911317,1.4748052658235737,1450,2.104433148155056,1719,0.008356601028012901,3169,2045,14391.985530708242,0.0,0.0
kalman_ssvi,958,extrap_300,7.122354029719747,3169,83.40479025825593,1.9896036724240185,1450,5.132750357295729,1719,0.11961935164954443,3169,2496,15707.014372748885,0.0,0.0
kalman_ssvi,958,unif_500,3.5611493229547793,3169,56.417412964009166,1.4636096010767679,1450,2.097539721878011,1719,0.008177811549465994,3169,2044,14216.387052817494,0.0,0.0
kalman_ssvi,958,extrap_500,7.11318257668894,3169,83.48894908704948,1.9892193215037968,1450,5.123963255185145,1719,0.12087020300501584,3169,2498,15923.82715709384,0.0,0.0
kalman_ssvi,959,unif_2,4.555247373748442,3144,82.18613761490495,2.294117776603712,1402,2.2611295971447296,1742,0.03822639317809722,3144,2720,26427.110392352904,0.0,0.0
kalman_ssvi,959,extrap_2,14.35443166793173,3144,128.2504849578774,6.172565327506124,1402,8.181866340425604,1742,0.44465773026335487,3144,2696,17871.29936653385,0.0,0.0
kalman_ssvi,959,unif_4,10.217461226771004,3144,109.89050396844242,4.649327917120977,1402,5.568133309650028,1742,0.2597680150320858,3144,2597,17727.265719199204,0.0,0.0
kalman_ssvi,959,extrap_4,5.404826650899273,3144,91.19736169154184,2.6731757357881785,1402,2.731650915111095,1742,0.0909972353876157,3144,2642,23584.08212830135,0.0,0.0
kalman_ssvi,959,unif_8,7.232216830605967,3144,103.04141385663341,3.084858623413636,1402,4.1473582071923305,1742,0.12191250385984165,3144,2621,36568.99340716224,0.0,0.0
kalman_ssvi,959,extrap_8,11.48036603634262,3144,130.3591027529789,4.289214687818184,1402,7.191151348524437,1742,0.28189654939571335,3144,2777,29272.484894372636,0.0,0.0
kalman_ssvi,959,unif_10,5.444949663820074,3144,78.6604717386203,2.1630704114283565,1402,3.2818792523917173,1742,0.03456347319006682,3144,2451,28787.765094613187,0.0,0.0
kalman_ssvi,959,extrap_10,5.862601845857596,3144,86.59331037511518,2.450608169578547,1402,3.4119936762790486,1742,0.04420082529572175,3144,2600,20292.68874005159,0.0,0.0
kalman_ssvi,959,unif_20,4.531049305006387,3144,69.18613604840425,1.6794695419420207,1402,2.8515797630643656,1742,0.02024335133910426,3144,2360,20310.971307311986,0.0,0.0
kalman_ssvi,959,extrap_20,11.902878746128955,3144,118.544863660814,3.3440754921324576,1402,8.558803253996498,1742,0.15936862978066715,3144,2744,15300.106506522432,0.0,0.0
kalman_ssvi,959,unif_40,4.311498894359266,3144,63.55210277612134,1.575250060538553,1402,2.7362488338207136,1742,0.012890222334519068,3144,2233,16767.35258681089,0.0,0.0
kalman_ssvi,959,extrap_40,6.476555125576671,3144,92.59612772278618,2.285216868387205,1402,4.191338257189465,1742,0.09962878366491545,3144,2683,28375.381270431084,0.0,0.0
kalman_ssvi,959,unif_80,3.7816429172458306,3144,59.20539329785324,1.3183757046715918,1402,2.463267212574239,1742,0.010488514507635877,3144,2246,14656.495659317481,0.0,0.0
kalman_ssvi,959,extrap_80,6.324201412903095,3144,89.90583737702444,1.662068789304263,1402,4.662132623598833,1742,0.14289043592405115,3144,2650,16400.9193005079,0.0,0.0
kalman_ssvi,959,unif_100,3.7020892473192677,3144,57.40826676639544,1.2772421776636524,1402,2.424847069655614,1742,0.00905414127122263,3144,2135,13112.685289334351,0.0,0.0
kalman_ssvi,959,extrap_100,6.715838530266788,3144,86.89621745322918,1.637778794390698,1402,5.0780597358760895,1742,0.1337773294942619,3144,2509,21146.130693656844,0.0,0.0
kalman_ssvi,959,unif_200,3.492906992965021,3144,55.07755772143341,1.1720278169407916,1402,2.3208791760242287,1742,0.00819208104660946,3144,2121,12737.160125707502,0.0,0.0
kalman_ssvi,959,extrap_200,5.839735895717455,3144,80.79861664287424,1.3863302872742396,1402,4.453405608443216,1742,0.10830554849195095,3144,2535,14906.74703197484,0.0,0.0
kalman_ssvi,959,unif_300,3.466296273702569,3144,54.42009568502913,1.1673567979484427,1402,2.2989394757541257,1742,0.0075988224935301,3144,2087,12263.300941410245,0.0,0.0
kalman_ssvi,959,extrap_300,5.99411196104263,3144,81.72328722569902,1.3809400075293512,1402,4.6131719535132785,1742,0.11496276580611775,3144,2520,14376.85266231239,0.0,0.0
kalman_ssvi,959,unif_500,3.4629699715576607,3144,54.09683681684684,1.1617635883171908,1402,2.30120638324047,1742,0.00727696173598378,3144,2089,12190.769621108982,0.0,0.0
kalman_ssvi,959,extrap_500,6.028107716694169,3144,81.88305947306857,1.3889660294989945,1402,4.639141687195175,1742,0.11387446801763108,3144,2545,14587.963048350484,0.0,0.0
kalman_ssvi,960,unif_2,5.126832698392083,3132,86.82841358153007,2.4036295572517705,1349,2.723203141140313,1783,0.050165433052464944,3132,2644,22986.60616167647,0.0,0.0
kalman_ssvi,960,extrap_2,14.247050810754363,3132,135.53044169968632,5.748311800898689,1349,8.498739009855674,1783,0.44336666917119616,3132,2774,19012.16809183146,0.0,0.0
kalman_ssvi,960,unif_4,4.607368144398925,3132,79.00699326743648,2.094390072363587,1349,2.5129780720353394,1783,0.031514316544524204,3132,2590,22743.165632934437,0.0,0.0
kalman_ssvi,960,extrap_4,13.60110054921018,3132,130.66241627244625,5.496959121328958,1349,8.104141427881222,1783,0.412927869657998,3132,2721,18445.960642205857,0.0,0.0
kalman_ssvi,960,unif_8,7.891995437906909,3132,94.04144896389658,2.7610917314697416,1349,5.1309037064371665,1783,0.05182423182354085,3132,2459,17736.531966259885,0.0,0.0
kalman_ssvi,960,extrap_8,15.58311832013159,3132,171.5219095089755,5.268354822300666,1349,10.314763497830922,1783,0.33734743406526413,3132,2941,36514.20058932512,0.0,0.0
kalman_ssvi,960,unif_10,5.625222822856833,3132,87.98542513772938,2.8334339064777865,1349,2.7917889163790477,1783,0.04112493553023408,3132,2590,32563.08006544678,0.0,0.0
kalman_ssvi,960,extrap_10,6.747121145016007,3132,89.00628860128685,1.68967547949733,1349,5.057445665518677,1783,0.0630401573061251,3132,2737,16030.387968331841,0.0,0.0
kalman_ssvi,960,unif_20,3.856247140026158,3132,65.35380635244383,1.4367994039544665,1349,2.4194477360716906,1783,0.01891464157313246,3132,2338,16151.911714563692,0.0,0.0
kalman_ssvi,960,extrap_20,7.6226292202013735,3132,95.34819393808378,1.8444482386416285,1349,5.778180981559744,1783,0.11050349834034043,3132,2661,28595.353276390088,0.0,0.0
kalman_ssvi,960,unif_40,3.7031987949884786,3132,59.11360620403197,1.0010077446736743,1349,2.702191050314804,1783,0.013506514972979805,3132,2302,12033.667812349318,0.0,0.0
kalman_ssvi,960,extrap_40,5.540207708446087,3132,80.42263530203573,1.4073440831048398,1349,4.132863625341247,1783,0.0702416562613872,3132,2600,20021.940623912935,0.0,0.0
kalman_ssvi,960,unif_80,3.8150318827176566,3132,57.734759354483316,1.1599660436479255,1349,2.655065839069731,1783,0.008983651657799276,3132,2123,11339.924353998618,0.0,0.0
kalman_ssvi,960,extrap_80,5.45356487984555,3132,78.84444279453763,1.6191622213479189,1349,3.834402658497632,1783,0.04073804757795654,3132,2588,21824.20726093235,0.0,0.0
kalman_ssvi,960,unif_100,3.8186276225129294,3132,58.412762667346044,1.1740547912017085,1349,2.644572831311221,1783,0.009997467249052157,3132,2169,12026.231516971697,0.0,0.0
kalman_ssvi,960,extrap_100,6.919393418400796,3132,86.65295250250352,1.2941366660766938,1349,5.625256752324102,1783,0.11539387957957015,3132,2599,19028.617370611508,0.0,0.0
kalman_ssvi,960,unif_200,3.4954743961345764,3132,55.60863938187833,1.0686557625660051,1349,2.4268186335685713,1783,0.00837709352345345,3132,2091,11510.845133803796,0.0,0.0
kalman_ssvi,960,extrap_200,5.94891487559787,3132,76.71746027181393,1.091446617608475,1349,4.857468257989396,1783,0.0663333857317905,3132,2501,14912.877136989613,0.0,0.0
kalman_ssvi,960,unif_300,3.465065633976539,3132,55.06727125855571,1.08385892662433,1349,2.3812067073522094,1783,0.007937815918227769,3132,2061,11357.664619898263,0.0,0.0
kalman_ssvi,960,extrap_300,5.94897997890342,3132,76.63466297457884,1.104493881946344,1349,4.844486096957075,1783,0.06603942800762395,3132,2517,14871.515685109349,0.0,0.0
kalman_ssvi,960,unif_500,3.4283135730647256,3132,54.28636709980264,1.0762603862343032,1349,2.352053186830423,1783,0.007500635721443105,3132,2063,11149.228257523451,0.0,0.0
kalman_ssvi,960,extrap_500,5.9825886813458125,3132,76.6203629520858,1.1031603179177234,1349,4.879428363428088,1783,0.06426342797806534,3132,2534,14734.116175268171,0.0,0.0
kalman_ssvi,961,unif_2,5.25596386490742,3133,92.75479710466418,3.0034840068986743,1357,2.2524798580087464,1776,0.0703195892260513,3133,2698,23346.731305253845,0.0,0.0
kalman_ssvi,961,extrap_2,13.341184349285822,3133,141.74510498686806,5.7065981579208955,1357,7.634586191364926,1776,0.4412003787080837,3133,2850,19720.935528529757,0.0,0.0
kalman_ssvi,961,unif_4,8.189519997197225,3133,108.07213179496415,3.611310036599809,1357,4.578209960597417,1776,0.22801016824242168,3133,2779,17242.731477486042,0.0,0.0
kalman_ssvi,961,extrap_4,6.5823892058797,3133,101.9390669983598,3.082049584871495,1357,3.5003396210082043,1776,0.15981804888066714,3133,2718,18193.18167124381,0.0,0.0
kalman_ssvi,961,unif_8,7.6119190057517585,3133,97.97234197684486,2.2337133518178773,1357,5.37820565393388,1776,0.07809802293377016,3133,2669,17614.737281434616,0.0,0.0
kalman_ssvi,961,extrap_8,8.797153020325334,3133,105.68488958708156,2.4322659438764687,1357,6.364887076448865,1776,0.0706691196078533,3133,2726,18709.132386860772,0.0,0.0
kalman_ssvi,961,unif_10,6.7081790716407,3133,95.78803963553088,2.2038957277566076,1357,4.504283343884092,1776,0.061936500025922686,3133,2664,31646.90742691336,0.0,0.0
kalman_ssvi,961,extrap_10,17.759688823418102,3133,167.30835192253312,5.815086930031898,1357,11.944601893386205,1776,0.6310075985626569,3133,2887,34113.0936550926,0.0,0.0
kalman_ssvi,961,unif_20,9.48460591726959,3133,103.64035688455783,3.176522547356723,1357,6.3080833699128664,1776,0.035839342561898135,3133,2636,17405.57779741462,0.0,0.0
kalman_ssvi,961,extrap_20,11.001321792066566,3133,126.5017789444915,2.643120270096377,1357,8.358201521970187,1776,0.1664331941476753,3133,2928,15915.263211883563,0.0,0.0
kalman_ssvi,961,unif_40,4.633877518799084,3133,70.7891490210673,1.8061279978088396,1357,2.827749520990244,1776,0.014558005398261862,3133,2300,16285.550975807926,0.0,0.0
kalman_ssvi,961,extrap_40,7.010449302890107,3133,94.82821546226597,2.327148942569575,1357,4.683300360320532,1776,0.06780071789427357,3133,2676,27736.57365023821,0.0,0.0
kalman_ssvi,961,unif_80,3.883122298475641,3133,65.83814350609275,1.718187898389779,1357,2.164934400085862,1776,0.012871806480271692,3133,2246,13725.869747347973,0.0,0.0
kalman_ssvi,961,extrap_80,6.518463568454742,3133,87.65458001725369,1.596407726132973,1357,4.922055842321768,1776,0.0759386028207321,3133,2748,19276.49395126833,0.0,0.0
kalman_ssvi,961,unif_100,3.9883394478679093,3133,64.16818529502257,1.53312165781939,1357,2.4552177900485184,1776,0.010154914000542269,3133,2241,11858.764216087038,0.0,0.0
kalman_ssvi,961,extrap_100,6.55911708152053,3133,86.7657969788255,1.720892196248673,1357,4.838224885271856,1776,0.05412236389255949,3133,2694,20784.44035232099,0.0,0.0
kalman_ssvi,961,unif_200,3.8622359775724946,3133,63.232789696564964,1.554238299756721,1357,2.3079976778157736,1776,0.009755928498782828,3133,2200,12510.915128663388,0.0,0.0
kalman_ssvi,961,extrap_200,7.445873113458257,3133,89.09894377963941,1.4711405349276916,1357,5.974732578530565,1776,0.10982910030469638,3133,2624,16493.77817232863,0.0,0.0
kalman_ssvi,961,unif_300,3.683912217706592,3133,61.90803492962816,1.5009039942048314,1357,2.183008223501761,1776,0.009461347808305733,3133,2182,11938.781385001563,0.0,0.0
kalman_ssvi,961,extrap_300,7.489091709484748,3133,89.2094068820292,1.4718020370839846,1357,6.017289672400763,1776,0.10930100840506873,3133,2631,16361.60146399342,0.0,0.0
kalman_ssvi,961,unif_500,3.731813579371466,3133,61.58005823923013,1.4617357679862892,1357,2.2700778113851765,1776,0.008848538705040055,3133,2196,11452.913451444378,0.0,0.0
kalman_ssvi,961,extrap_500,7.398212449801814,3133,88.76178526095737,1.4640749272584226,1357,5.9341375225433906,1776,0.10949747706167993,3133,2627,16417.79045919927,0.0,0.0
kalman_ssvi,962,unif_2,5.450867861191088,3063,94.92544100235939,3.1939949217754107,1359,2.2568729394156763,1704,0.14115272995374484,3063,2697,17148.349165176474,0.0,0.0
kalman_ssvi,962,extrap_2,9.696201229020959,3063,118.21314433580429,4.679975557858658,1359,5.0162256711622994,1704,0.3455638023111681,3063,2694,14248.701053303172,0.0,0.0
kalman_ssvi,962,unif_4,5.645485047910963,3063,94.05275794301038,3.106751545208142,1359,2.538733502702821,1704,0.16355386293563917,3063,2654,15677.955363511475,0.0,0.0
kalman_ssvi,962,extrap_4,9.729280566966917,3063,116.59784321717198,4.621296725127717,1359,5.107983841839199,1704,0.3486874478722765,3063,2674,13727.553704653088,0.0,0.0
kalman_ssvi,962,unif_8,4.2249667873815335,3063,80.33189312349293,2.5218164859546874,1359,1.7031503014268463,1704,0.06272910005229512,3063,2408,27271.99218758039,0.0,0.0
kalman_ssvi,962,extrap_8,6.4408148846232205,3063,90.28922442708904,2.6717844015126584,1359,3.769030483110562,1704,0.08968367006261846,3063,2427,15086.148963834958,0.0,0.0
kalman_ssvi,962,unif_10,5.096735142325752,3063,78.00720685260207,1.9249320233022922,1359,3.17180311902346,1704,0.047472361977643,3063,2422,11669.45298380214,0.0,0.0
kalman_ssvi,962,extrap_10,10.851799326746256,3063,134.34470397292478,4.675204588831948,1359,6.176594737914309,1704,0.3524289017541949,3063,2751,21315.526183320482,0.0,0.0
kalman_ssvi,962,unif_20,3.4348024804168484,3063,66.26090535980923,1.7717357798554105,1359,1.663066700561438,1704,0.031344538396714056,3063,2341,16082.856432481163,0.0,0.0
kalman_ssvi,962,extrap_20,10.34939192537243,3063,130.89557026067632,3.530072853564739,1359,6.819319071807691,1704,0.46263339145311067,3063,2721,26579.748508526813,0.0,0.0
kalman_ssvi,962,unif_40,2.64286662492776,3063,55.656341608935115,1.4709750563185535,1359,1.1718915686092066,1704,0.016455618934142255,3063,2140,12400.365441752387,0.0,0.0
kalman_ssvi,962,extrap_40,6.578063844827831,3063,97.57886277452846,2.1267574804812757,1359,4.451306364346555,1704,0.17846770764541217,3063,2617,15008.817766120786,0.0,0.0
kalman_ssvi,962,unif_80,2.6230024637255283,3063,53.23084254656057,1.4137224605730014,1359,1.2092800031525268,1704,0.011987885827721726,3063,2071,10399.741793449484,0.0,0.0
kalman_ssvi,962,extrap_80,5.065980962407387,3063,81.26312036977602,1.4692056854697546,1359,3.5967752769376315,1704,0.12785897460701343,3063,2531,15269.569621129387,0.0,0.0
kalman_ssvi,962,unif_100,2.417565699116173,3063,50.86146297616264,1.2633813883280056,1359,1.1541843107881673,1704,0.010282950093645039,3063,2079,10947.012204455283,0.0,0.0
kalman_ssvi,962,extrap_100,4.530510849798371,3063,76.9177901936631,1.4022449430826065,1359,3.1282659067157645,1704,0.11288794938773507,3063,2535,13532.628889150152,0.0,0.0
kalman_ssvi,962,unif_200,2.4197452740076417,3063,50.00802677365178,1.284173215656938,1359,1.1355720583507036,1704,0.009483221697997975,3063,1993,10338.817891426428,0.0,0.0
kalman_ssvi,962,extrap_200,4.978247461422787,3063,77.8236040121149,1.370967198262624,1359,3.6072802631601633,1704,0.10851590006118134,3063,2494,12764.923776908616,0.0,0.0
kalman_ssvi,962,unif_300,2.428200528759959,3063,50.32099926988929,1.3000895147133722,1359,1.1281110140465869,1704,0.009654437165093236,3063,1990,10914.891664737075,0.0,0.0
kalman_ssvi,962,extrap_300,5.048281691739673,3063,78.3615941092213,1.3711745084602476,1359,3.677107183279425,1704,0.10973812092517997,3063,2504,12677.70835201353,0.0,0.0
kalman_ssvi,962,unif_500,2.390240673942023,3063,49.11416690712612,1.2647264020701516,1359,1.1255142718718716,1704,0.008827407984657127,3063,1969,9890.510110617139,0.0,0.0
kalman_ssvi,962,extrap_500,4.97181457692322,3063,77.69600426965053,1.3661399395177598,1359,3.60567463740546,1704,0.10858983118268253,3063,2495,12822.310491320084,0.0,0.0
kalman_ssvi,963,unif_2,2.6194980180551313,3041,64.34001986914447,1.7603125588406114,1351,0.85918545921452,1690,0.025173678316892066,3041,2440,14058.903116801033,0.0,0.0
kalman_ssvi,963,extrap_2,11.193996267538513,3041,127.14059820031608,5.680338512848348,1351,5.513657754690165,1690,0.42726266212609654,3041,2682,14394.982585240039,0.0,0.0
kalman_ssvi,963,unif_4,3.120166616492029,3041,71.51581573405481,2.1386787483173424,1351,0.981487868174687,1690,0.05606026486010358,3041,2468,13828.860806851108,0.0,0.0
kalman_ssvi,963,extrap_4,5.378120135141175,3041,93.9793830436449,3.0034025715544552,1351,2.3747175635867186,1690,0.18546918590786068,3041,2656,13181.254559155761,0.0,0.0
kalman_ssvi,963,unif_8,3.608846067039691,3041,66.15896427786703,1.6664418656650208,1351,1.94240420137467,1690,0.021066333615811707,3041,2366,8694.679867217512,0.0,0.0
kalman_ssvi,963,extrap_8,36.05107818107046,3041,250.15929029798096,17.69370951745479,1351,18.357368663615667,1690,0.6815307158881683,3041,2845,46753.80331240382,0.0,0.0
kalman_ssvi,963,unif_10,4.4595768894297105,3041,75.49483573456769,2.156436201829097,1351,2.3031406876006133,1690,0.03868735835812964,3041,2326,12943.877428566015,0.0,0.0
kalman_ssvi,963,extrap_10,8.892974152421598,3041,125.91596335800898,3.108144556109524,1351,5.7848295963120755,1690,0.37964332980977683,3041,2702,28520.673074244867,0.0,0.0
kalman_ssvi,963,unif_20,2.7451610404648616,3041,62.63066633223644,1.701901251783378,1351,1.0432597886814838,1690,0.02124210593622855,3041,2324,13029.455626797979,0.0,0.0
kalman_ssvi,963,extrap_20,4.746759857448549,3041,85.00554462704571,1.7130238870639025,1351,3.0337359703846465,1690,0.17437222886786227,3041,2627,11826.029100510394,0.0,0.0
kalman_ssvi,963,unif_40,2.4984462760442527,3041,55.32698457950332,1.3651735844692434,1351,1.1332726915750093,1690,0.01274113296908791,3041,2188,10319.23670064393,0.0,0.0
kalman_ssvi,963,extrap_40,6.710812438623711,3041,93.08732241058033,2.2328896250578296,1351,4.477922813565882,1690,0.15236520816461596,3041,2548,11361.047511978068,0.0,0.0
kalman_ssvi,963,unif_80,2.199383101959584,3041,53.47040845920915,1.4104732922257084,1351,0.788909809733875,1690,0.010735204334338607,3041,2109,10260.04033446477,0.0,0.0
kalman_ssvi,963,extrap_80,4.1056924015124885,3041,73.22992871740645,1.620683695611017,1351,2.4850087059014716,1690,0.05876097095480542,3041,2476,11536.58819104262,0.0,0.0
kalman_ssvi,963,unif_100,2.192851549493736,3041,51.23847001795101,1.3601119397090295,1351,0.8327396097847066,1690,0.008687456524887106,3041,2002,8664.915277775499,0.0,0.0
kalman_ssvi,963,extrap_100,3.2517362766592925,3041,65.02677553865243,1.346572250250345,1351,1.9051640264089484,1690,0.06079359653345745,3041,2413,10074.322267287735,0.0,0.0
kalman_ssvi,963,unif_200,2.194034822074066,3041,50.79211851968019,1.3460230382443055,1351,0.8480117838297608,1690,0.008187772559073245,3041,1958,9211.028038367187,0.0,0.0
kalman_ssvi,963,extrap_200,3.9363990048114825,3041,70.38553559168926,1.6271038284766215,1351,2.309295176334861,1690,0.042798895868355766,3041,2362,10514.863067333705,0.0,0.0
kalman_ssvi,963,unif_300,2.02134910167529,3041,48.53047200479707,1.2211200035429042,1351,0.8002290981323855,1690,0.0073999649248524075,3041,1977,7165.324991283791,0.0,0.0
kalman_ssvi,963,extrap_300,3.9137562975303437,3041,69.84755209582917,1.6011630507246144,1351,2.3125932468057298,1690,0.043511924048245644,3041,2369,10292.563672120627,0.0,0.0
kalman_ssvi,963,unif_500,2.038983864083156,3041,49.03437816274215,1.267693526731438,1351,0.7712903373517183,1690,0.007504418376634882,3041,1962,8236.988693042184,0.0,0.0
kalman_ssvi,963,extrap_500,3.9201214859178637,3041,69.81481326631027,1.5977761863097517,1351,2.322345299608112,1690,0.04288154544671482,3041,2345,10298.164658338954,0.0,0.0
kalman_ssvi,964,unif_2,4.363103517795504,3070,91.85723695421623,3.0426103390466817,1348,1.320493178748822,1722,0.08140208184648426,3070,2717,22711.08098329744,0.0,0.0
kalman_ssvi,964,extrap_2,14.813589052215,3070,140.30965597456472,7.152571548056076,1348,7.661017504158926,1722,0.5557892381184015,3070,2723,17107.25890939861,0.0,0.0
kalman_ssvi,964,unif_4,3.423585582119165,3070,76.27937077985229,2.3818124964603373,1348,1.0417730856588274,1722,0.04641427637218185,3070,2591,19401.888471038976,0.0,0.0
kalman_ssvi,964,extrap_4,5.139357166092989,3070,101.0056883711308,3.5491518327385148,1348,1.590205333354474,1722,0.11524249296995057,3070,2738,24276.090083471485,0.0,0.0
kalman_ssvi,964,unif_8,4.610786170628696,3070,89.6067334516005,3.16172761431143,1348,1.4490585563172655,1722,0.05445540059418222,3070,2585,34598.6794596755,0.0,0.0
kalman_ssvi,964,extrap_8,10.888785821129117,3070,134.8091396843559,4.661581038228342,1348,6.227204782900773,1722,0.279926734277133,3070,2830,25340.53507866081,0.0,0.0
kalman_ssvi,964,unif_10,3.3971213937063904,3070,74.97582740580256,1.7896015589598886,1348,1.607519834746502,1722,0.0540500545316242,3070,2515,21732.129098654983,0.0,0.0
kalman_ssvi,964,extrap_10,5.1576226498434155,3070,90.36330684845676,2.803444589925596,1348,2.3541780599178193,1722,0.08344064288277195,3070,2639,13333.5445161014,0.0,0.0
kalman_ssvi,964,unif_20,2.7660211788856177,3070,65.14439093330502,1.6753019888983722,1348,1.0907191899872457,1722,0.027318167284570382,3070,2444,12659.33988028223,0.0,0.0
kalman_ssvi,964,extrap_20,7.662343131052696,3070,123.0858027191462,3.7177439118822635,1348,3.944599219170433,1722,0.279493142081059,3070,2767,33619.043153305254,0.0,0.0
kalman_ssvi,964,unif_40,2.7550768352056414,3070,60.29946012829085,1.7258665649618674,1348,1.0292102702437738,1722,0.013580142802793606,3070,2265,12696.886386875529,0.0,0.0
kalman_ssvi,964,extrap_40,4.898276236373772,3070,82.51040494455481,1.9262699995259633,1348,2.9720062368478093,1722,0.08667429701944791,3070,2574,17146.225141558578,0.0,0.0
kalman_ssvi,964,unif_80,2.299550487316075,3070,53.89465223216369,1.285561410126982,1348,1.0139890771890927,1722,0.010533125141754054,3070,2227,9476.821747933871,0.0,0.0
kalman_ssvi,964,extrap_80,4.6634077908839995,3070,79.06003118905411,1.5797924760960347,1348,3.0836153147879646,1722,0.09447787885126263,3070,2589,14559.403696922254,0.0,0.0
kalman_ssvi,964,unif_100,2.5573909099595893,3070,55.88982998611577,1.5234438345249544,1348,1.0339470754346352,1722,0.009848608953048657,3070,2091,12780.719144479575,0.0,0.0
kalman_ssvi,964,extrap_100,4.200311025076143,3070,74.84486109871867,1.486842846252124,1348,2.713468178824018,1722,0.06101043115886286,3070,2548,15248.95517060864,0.0,0.0
kalman_ssvi,964,unif_200,2.3751232957346957,3070,54.18967193799794,1.4860351030923538,1348,0.8890881926423421,1722,0.00901626714869158,3070,2055,10874.842458292875,0.0,0.0
kalman_ssvi,964,extrap_200,4.2380263017784765,3070,75.47807001378555,1.2396413998849798,1348,2.9983849018934965,1722,0.09381234477448513,3070,2569,12644.811025610667,0.0,0.0
kalman_ssvi,964,unif_300,2.30137934844722,3070,53.17652929420114,1.4210954767167268,1348,0.8802838717304932,1722,0.008368126558086511,3070,2046,10157.081528922607,0.0,0.0
kalman_ssvi,964,extrap_300,4.208478148063491,3070,75.43874636666266,1.2482658794037509,1348,2.96021226865974,1722,0.09296962993380585,3070,2581,12599.717410024597,0.0,0.0
kalman_ssvi,964,unif_500,2.2932180751226645,3070,53.056756793987375,1.4284348821771908,1348,0.8647831929454736,1722,0.008294443287384795,3070,2036,10420.464764111479,0.0,0.0
kalman_ssvi,964,extrap_500,4.246673692985491,3070,75.98445679360263,1.2406800659168715,1348,3.00599362706862,1722,0.097533723595717,3070,2564,12702.26869879454,0.0,0.0
kalman_ssvi,965,unif_2,4.8407956446535305,3062,91.03358422579998,3.019482621147657,1281,1.8213130235058734,1781,0.07977510383953586,3062,2626,30573.23752333469,0.0,0.0
kalman_ssvi,965,extrap_2,11.861532288265973,3062,131.42009353541883,4.67459854770657,1281,7.186933740559404,1781,0.5108087913671703,3062,2783,20285.800110471806,0.0,0.0
kalman_ssvi,965,unif_4,4.715863060584689,3062,88.67782404604247,2.9527261455462925,1281,1.763136915038396,1781,0.07913042109877765,3062,2573,29236.72721247669,0.0,0.0
kalman_ssvi,965,extrap_4,7.7447802028166475,3062,110.77345328105761,3.2935449877271257,1281,4.451235215089521,1781,0.30836568119318275,3062,2755,20830.020048483122,0.0,0.0
kalman_ssvi,965,unif_8,8.068622231914476,3062,114.53576841648126,5.334796534181777,1281,2.7338256977326987,1781,0.09310761718549247,3062,2683,56551.86751723428,0.0,0.0
kalman_ssvi,965,extrap_8,9.000141887816136,3062,117.21815443181433,2.7101966063431413,1281,6.289945281472995,1781,0.28466075183906214,3062,2722,35079.7955123379,0.0,0.0
kalman_ssvi,965,unif_10,4.525684995341601,3062,84.20316153067671,2.6386230164872324,1281,1.8870619788543694,1781,0.0530112565994006,3062,2523,27964.388611148715,0.0,0.0
kalman_ssvi,965,extrap_10,6.639825266166458,3062,101.81280296987615,1.9487662610045637,1281,4.691059005161893,1781,0.19026823653028183,3062,2712,19298.429907775877,0.0,0.0
kalman_ssvi,965,unif_20,4.494419290989367,3062,74.54056375679463,1.848812610639552,1281,2.6456066803498155,1781,0.030538386626605674,3062,2501,16040.575805359822,0.0,0.0
kalman_ssvi,965,extrap_20,6.062304073391985,3062,102.96133380591604,3.5264365921550684,1281,2.5358674812369166,1781,0.11581662623842195,3062,2651,39429.1779873779,0.0,0.0
kalman_ssvi,965,unif_40,3.82174909358856,3062,70.25289575755178,1.9802123543570151,1281,1.8415367392315452,1781,0.020442334111739974,3062,2384,17821.28064864718,0.0,0.0
kalman_ssvi,965,extrap_40,7.042332836374846,3062,90.42848124560322,1.6928205572102057,1281,5.349512279164641,1781,0.11181538582672645,3062,2534,16797.06406122091,0.0,0.0
kalman_ssvi,965,unif_80,3.571632112180426,3062,64.96037928484257,1.8806178321576688,1281,1.6910142800227572,1781,0.01349072392474714,3062,2106,16279.233295785783,0.0,0.0
kalman_ssvi,965,extrap_80,6.166373492785357,3062,88.51200829062972,1.663492480612633,1281,4.502881012172724,1781,0.08017023442706045,3062,2662,22754.363095749224,0.0,0.0
kalman_ssvi,965,unif_100,3.3668683182631582,3062,62.25356357896847,1.6185770613281518,1281,1.7482912569350069,1781,0.012795185883425382,3062,2219,11713.012421825923,0.0,0.0
kalman_ssvi,965,extrap_100,4.8197047354724525,3062,79.6678317963324,1.3594578015928367,1281,3.4602469338796165,1781,0.06961177647810898,3062,2677,16646.982894826822,0.0,0.0
kalman_ssvi,965,unif_200,3.3720685984694154,3062,62.44106460827179,1.7609013904734447,1281,1.611167207995971,1781,0.012164119211626724,3062,2064,15004.87043791417,0.0,0.0
kalman_ssvi,965,extrap_200,5.368090684666403,3062,81.12268745732626,1.2350206546116673,1281,4.133070030054736,1781,0.07540911597898735,3062,2660,15582.640893630904,0.0,0.0
kalman_ssvi,965,unif_300,3.286474955165693,3062,61.6178101167177,1.70147007757035,1281,1.585004877595343,1781,0.011451500047971186,3062,2079,14716.937724755418,0.0,0.0
kalman_ssvi,965,extrap_300,5.373302241825141,3062,81.08527360997411,1.2378671506874592,1281,4.1354350911376825,1781,0.07482731290868883,3062,2657,15504.693602757072,0.0,0.0
kalman_ssvi,965,unif_500,3.28483023880095,3062,61.61966867084479,1.7189760540407875,1281,1.5658541847601624,1781,0.011477283832458399,3062,2076,14946.460290727591,0.0,0.0
kalman_ssvi,965,extrap_500,5.373848707294208,3062,81.09397417825869,1.241092737577604,1281,4.132755969716603,1781,0.07442953193381674,3062,2651,15646.738645279615,0.0,0.0
kalman_ssvi,966,unif_2,6.962920319007932,3113,110.92103546465702,4.718246444812621,1487,2.2446738741953087,1626,0.09312645022961245,3113,2805,43288.703439939956,0.0,0.0
kalman_ssvi,966,extrap_2,12.98388837974582,3113,138.58420514141568,5.983474720340552,1487,7.00041365940527,1626,0.517063542097253,3113,2858,25821.724327981457,0.0,0.0
kalman_ssvi,966,unif_4,6.644900221404666,3113,105.59291355053165,4.352799421131698,1487,2.2921008002729684,1626,0.061539657222874355,3113,2765,38176.72731730048,0.0,0.0
kalman_ssvi,966,extrap_4,7.166783393075971,3113,112.33437466263238,4.751056144609193,1487,2.4157272484667773,1626,0.11893967485305255,3113,2743,41545.06731949009,0.0,0.0
kalman_ssvi,966,unif_8,7.1322847531277995,3113,97.7538660547253,4.4111398380159095,1487,2.7211449151118905,1626,0.07077582733322955,3113,2596,32475.10119199956,0.0,0.0
kalman_ssvi,966,extrap_8,8.688301179407913,3113,119.36343239009577,3.2844877287391263,1487,5.403813450668786,1626,0.22575791496541125,3113,2893,22072.893967046137,0.0,0.0
kalman_ssvi,966,unif_10,5.634099264569202,3113,86.13638627898156,3.156816754582811,1487,2.4772825099863898,1626,0.029461037787734165,3113,2525,27780.53637354053,0.0,0.0
kalman_ssvi,966,extrap_10,7.698609085043738,3113,104.42809782175883,3.087631199992659,1487,4.610977885051078,1626,0.13145095489316147,3113,2754,30553.289030013526,0.0,0.0
kalman_ssvi,966,unif_20,5.431880295596671,3113,84.71288704221183,2.951486717485287,1487,2.480393578111384,1626,0.02982400936371142,3113,2531,34605.24299125323,0.0,0.0
kalman_ssvi,966,extrap_20,6.667655573815283,3113,93.67844968010043,2.4879207662406655,1487,4.179734807574618,1626,0.0662667826561914,3113,2668,22305.88073009404,0.0,0.0
kalman_ssvi,966,unif_40,4.607768646295602,3113,72.91505047115263,2.337017486530125,1487,2.2707511597654775,1626,0.016174594756234534,3113,2408,20577.07820365832,0.0,0.0
kalman_ssvi,966,extrap_40,6.987357266601837,3113,90.66716193311618,1.997306752643086,1487,4.99005051395875,1626,0.07638675496639581,3113,2546,24915.735796860692,0.0,0.0
kalman_ssvi,966,unif_80,4.692889586792193,3113,71.90279904711029,2.312784948161061,1487,2.380104638631132,1626,0.013624540661839593,3113,2250,18197.188934081107,0.0,0.0
kalman_ssvi,966,extrap_80,6.882085178919638,3113,89.43369724871877,1.760548025830433,1487,5.121537153089206,1626,0.08892764685665866,3113,2702,22579.015148526916,0.0,0.0
kalman_ssvi,966,unif_100,4.551130965317795,3113,69.85547206583038,2.236747786458845,1487,2.3143831788589497,1626,0.01285256550104842,3113,2178,17041.81413951183,0.0,0.0
kalman_ssvi,966,extrap_100,7.055460756247838,3113,87.05577648043692,1.5822575047615322,1487,5.473203251486306,1626,0.0791924273116473,3113,2571,19061.929634660984,0.0,0.0
kalman_ssvi,966,unif_200,4.510883313634477,3113,69.65131869627986,2.261555547663827,1487,2.249327765970649,1626,0.01236046150764868,3113,2140,17182.148148083557,0.0,0.0
kalman_ssvi,966,extrap_200,7.039477054075517,3113,85.58235062507126,1.3935021537263506,1487,5.645974900349166,1626,0.08610835459207748,3113,2614,17308.507197596737,0.0,0.0
kalman_ssvi,966,unif_300,4.531514988348637,3113,69.5769626731931,2.2757913676441666,1487,2.255723620704471,1626,0.012267446336643421,3113,2139,17071.067582465043,0.0,0.0
kalman_ssvi,966,extrap_300,7.006016942755181,3113,85.49764916645393,1.4105009620381312,1487,5.5955159807170505,1626,0.08513190469751589,3113,2599,17671.58271753266,0.0,0.0
kalman_ssvi,966,unif_500,4.507112430396544,3113,69.40224360449837,2.274310061840374,1487,2.23280236855617,1626,0.012205123499258513,3113,2132,16936.210727353166,0.0,0.0
kalman_ssvi,966,extrap_500,7.035844034530623,3113,85.56338414084587,1.3955283512848493,1487,5.640315683245773,1626,0.08614709177500966,3113,2607,17311.50007871767,0.0,0.0
kalman_ssvi_inc,957,unif_2,13.06863280163708,3107,122.48561109309153,6.657920969050135,1427,6.410711832586945,1680,0.4250236167685902,3107,2531,18275.486007506443,0.0,0.0
kalman_ssvi_inc,957,extrap_2,4.8587477858355115,3107,89.67259274006025,3.0536519826638555,1427,1.8050958031716564,1680,0.09785648523859163,3107,2650,18738.0502528561,0.0,0.0
kalman_ssvi_inc,957,unif_4,3.9211631970635903,3107,72.14013396934853,2.7601328274076637,1427,1.161030369655926,1680,0.026890998586485765,3107,2461,17060.285350780774,0.0,0.0
kalman_ssvi_inc,957,extrap_4,3.9346888601468155,3107,77.98927042418913,2.5383341793875775,1427,1.3963546807592375,1680,0.05952217525739863,3107,2601,17028.136845464433,0.0,0.0
kalman_ssvi_inc,957,unif_8,3.255690514953777,3107,61.06916570742568,2.051731801507862,1427,1.203958713445915,1680,0.018588412380384695,3107,2112,11831.883472678,0.0,0.0
kalman_ssvi_inc,957,extrap_8,6.527144359956795,3107,89.86708786698844,2.7590516196489485,1427,3.7680927403078464,1680,0.17861309662363611,3107,2489,17460.978321722854,0.0,0.0
kalman_ssvi_inc,957,unif_10,3.685710047721383,3107,62.44405824387366,2.265259927003936,1427,1.420450120717447,1680,0.01215106540896047,3107,2162,14285.795056331419,0.0,0.0
kalman_ssvi_inc,957,extrap_10,5.9103727107944035,3107,83.22568949740128,2.0887122272355225,1427,3.821660483558882,1680,0.11396172811857111,3107,2477,16909.63402297161,0.0,0.0
kalman_ssvi_inc,957,unif_20,3.328927637211233,3107,58.32936596348955,2.0977439095604007,1427,1.231183727650832,1680,0.010804907347016826,3107,2031,10100.438681984237,0.0,0.0
kalman_ssvi_inc,957,extrap_20,6.025984149187368,3107,84.70058881460838,2.3528277980970653,1427,3.6731563510903023,1680,0.1835471309766415,3107,2410,14209.971385092773,0.0,0.0
kalman_ssvi_inc,957,unif_40,3.448470036886242,3107,57.5968980297559,1.990518768533473,1427,1.4579512683527696,1680,0.0087339031976755,3107,2015,10224.936674046628,0.0,0.0
kalman_ssvi_inc,957,extrap_40,5.904415846681531,3107,78.76892155418405,2.4717297933689886,1427,3.432686053312543,1680,0.08501838884106266,3107,2369,13670.075301860865,0.0,0.0
kalman_ssvi_inc,957,unif_80,3.136829343502934,3107,55.62533123433022,1.9360050443886148,1427,1.200824299114319,1680,0.008569286173407298,3107,1972,10082.879821420769,0.0,0.0
kalman_ssvi_inc,957,extrap_80,6.895555956775686,3107,89.9999187806745,2.3844241228221437,1427,4.5111318339535424,1680,0.19262643438949506,3107,2439,14109.964628468479,0.0,0.0
kalman_ssvi_inc,957,unif_100,3.0057082330269655,3107,55.84781722106656,1.9392306633633116,1427,1.0664775696636546,1680,0.009353149566683318,3107,1976,12600.445000806296,0.0,0.0
kalman_ssvi_inc,957,extrap_100,5.909760272956781,3107,82.42388470456024,2.48468797134926,1427,3.4250723016075217,1680,0.10820475729254042,3107,2429,13146.885184055938,0.0,0.0
kalman_ssvi_inc,957,unif_200,3.2974758752066733,3107,56.842302592451446,2.0233304908471763,1427,1.274145384359497,1680,0.008982376154550314,3107,1991,10768.629384705057,0.0,0.0
kalman_ssvi_inc,957,extrap_200,6.198564557322258,3107,83.59643393125599,2.381543704298746,1427,3.8170208530235117,1680,0.1307568553438646,3107,2355,13631.307884276885,0.0,0.0
kalman_ssvi_inc,957,unif_300,3.238632231015866,3107,56.4052345073553,2.0022584024424854,1427,1.2363738285733803,1680,0.008849314815945135,3107,1993,11045.554899839753,0.0,0.0
kalman_ssvi_inc,957,extrap_300,6.225901541072702,3107,83.79697948496425,2.390214545599488,1427,3.8356869954732127,1680,0.13131646015252624,3107,2358,13629.088237973874,0.0,0.0
kalman_ssvi_inc,957,unif_500,3.232674390703047,3107,56.27463125972304,1.9946400258146513,1427,1.2380343648883958,1680,0.008781881026915104,3107,1989,10928.453012283235,0.0,0.0
kalman_ssvi_inc,957,extrap_500,6.220439676225483,3107,83.7958541453122,2.3875565095873004,1427,3.832883166638184,1680,0.13166050246387248,3107,2364,13622.93068474522,0.0,0.0
kalman_ssvi_inc,958,unif_2,3.866652480579891,3169,71.81971781701162,1.8451745639314758,1450,2.021477916648416,1719,0.038249892894306234,3169,2523,15527.090628717247,0.0,0.0
kalman_ssvi_inc,958,extrap_2,9.728505202360164,3169,111.39603197209993,4.563968992263137,1450,5.164536210097028,1719,0.2799064397439155,3169,2703,17303.944285925638,0.0,0.0
kalman_ssvi_inc,958,unif_4,3.7910176713338917,3169,69.5585604651034,2.0390042914784563,1450,1.7520133798554354,1719,0.019711460929426272,3169,2435,16834.04209350459,0.0,0.0
kalman_ssvi_inc,958,extrap_4,3.8844972441902597,3169,72.3442403923579,1.8053765029930924,1450,2.0791207411971677,1719,0.04636052914278113,3169,2574,15767.49352099207,0.0,0.0
kalman_ssvi_inc,958,unif_8,4.475030626200975,3169,72.76817953708407,1.980446483382268,1450,2.4945841428187068,1719,0.05544833279534644,3169,2369,13115.375034126091,0.0,0.0
kalman_ssvi_inc,958,extrap_8,6.98232878814159,3169,90.09465880722277,2.0552581733827626,1450,4.9270706147588275,1719,0.20896459142066665,3169,2588,17637.504116481505,0.0,0.0
kalman_ssvi_inc,958,unif_10,3.670981457797905,3169,62.576213347166316,1.4329616129934268,1450,2.2380198448044792,1719,0.023546112741089226,3169,2291,15020.664274284936,0.0,0.0
kalman_ssvi_inc,958,extrap_10,7.235634236406077,3169,89.73803569132671,2.5068216158798586,1450,4.728812620526218,1719,0.16290217454857808,3169,2692,12283.968101128929,0.0,0.0
kalman_ssvi_inc,958,unif_20,3.5978418331464592,3169,54.93366935918161,1.370779476954438,1450,2.2270623561920218,1719,0.007607333411563821,3169,2068,10467.763563891727,0.0,0.0
kalman_ssvi_inc,958,extrap_20,5.912270122916933,3169,74.9471871196179,1.796097186386901,1450,4.116172936530032,1719,0.08482643003430801,3169,2472,11091.970026505198,0.0,0.0
kalman_ssvi_inc,958,unif_40,3.9408099249349866,3169,55.84001578833191,1.4811606612423556,1450,2.4596492636926306,1719,0.007068106381331355,3169,2026,9624.891279629603,0.0,0.0
kalman_ssvi_inc,958,extrap_40,7.2864533658107975,3169,85.39351993230218,2.1637613240339806,1450,5.1226920417768165,1719,0.15606815077990527,3169,2440,14642.034341027736,0.0,0.0
kalman_ssvi_inc,958,unif_80,3.6362030184598466,3169,55.954458110668924,1.470232215918588,1450,2.165970802541259,1719,0.007623991034688727,3169,2058,11784.424311282131,0.0,0.0
kalman_ssvi_inc,958,extrap_80,6.260393354184098,3169,76.66308818853433,1.984133872480753,1450,4.276259481703345,1719,0.09115751427650258,3169,2376,12051.126783380121,0.0,0.0
kalman_ssvi_inc,958,unif_100,3.5368858250742456,3169,55.05706874076765,1.4049166608317083,1450,2.131969164242537,1719,0.0072276680241372265,3169,2037,11599.253252669248,0.0,0.0
kalman_ssvi_inc,958,extrap_100,6.89789599661737,3169,79.88582788662606,2.0908027629146826,1450,4.807093233702687,1719,0.10382475505834318,3169,2401,11888.281677107283,0.0,0.0
kalman_ssvi_inc,958,unif_200,3.5402049475411337,3169,54.743403732402925,1.4143981698551675,1450,2.1258067776859666,1719,0.007115026252600054,3169,2015,10708.571854452513,0.0,0.0
kalman_ssvi_inc,958,extrap_200,6.258746267965198,3169,76.02747505533054,1.823693198002129,1450,4.435053069963069,1719,0.10717053256361528,3169,2365,11386.932241497818,0.0,0.0
kalman_ssvi_inc,958,unif_300,3.531800482978105,3169,54.76230994992528,1.413919264903226,1450,2.1178812180748796,1719,0.0070999441894845465,3169,2012,11200.584708671742,0.0,0.0
kalman_ssvi_inc,958,extrap_300,6.310590965649384,3169,76.41595186292355,1.835826007977134,1450,4.47476495767225,1719,0.11395079206604894,3169,2361,11507.802412714296,0.0,0.0
kalman_ssvi_inc,958,unif_500,3.5206524187555996,3169,54.65561534205594,1.4107413819743935,1450,2.1099110367812064,1719,0.007080735085620904,3169,2013,11081.760677951686,0.0,0.0
kalman_ssvi_inc,958,extrap_500,6.311494278955574,3169,76.39883684750463,1.837439513485105,1450,4.474054765470469,1719,0.1136853252484617,3169,2358,11500.51938956757,0.0,0.0
kalman_ssvi_inc,959,unif_2,4.11221199756579,3144,71.58732637533794,1.7169497309031745,1402,2.3952622666626158,1742,0.038535859204368306,3144,2491,16138.41658164227,0.0,0.0
kalman_ssvi_inc,959,extrap_2,12.874174732357025,3144,120.85091559457686,5.635942461582445,1402,7.238232270774579,1742,0.40518759626556095,3144,2657,17756.924705522357,0.0,0.0
kalman_ssvi_inc,959,unif_4,11.5879018534098,3144,114.25135857317602,5.325976851641222,1402,6.261925001768577,1742,0.342799933430416,3144,2573,17794.08002589579,0.0,0.0
kalman_ssvi_inc,959,extrap_4,4.097626255734201,3144,73.09270757180072,1.6360807997371527,1402,2.4615454559970478,1742,0.05417447532125895,3144,2578,16849.889148712668,0.0,0.0
kalman_ssvi_inc,959,unif_8,4.212202138054479,3144,70.76660707170981,1.3768617237328418,1402,2.835340414321637,1742,0.07304199742298988,3144,2444,12820.86136599545,0.0,0.0
kalman_ssvi_inc,959,extrap_8,8.196073603569285,3144,90.30566875242206,1.754598013947084,1402,6.4414755896222005,1742,0.1937536165988986,3144,2576,11505.730857002005,0.0,0.0
kalman_ssvi_inc,959,unif_10,4.932483623041202,3144,61.91975236993456,1.3155289609583605,1402,3.616954662082841,1742,0.01041387236488085,3144,2165,9726.915278228096,0.0,0.0
kalman_ssvi_inc,959,extrap_10,5.1321966504305285,3144,71.54202358484712,1.5161051112658086,1402,3.61609153916472,1742,0.08372659465826822,3144,2541,9914.368774109105,0.0,0.0
kalman_ssvi_inc,959,unif_20,4.012246145278417,3144,56.044757364308026,1.20863404220498,1402,2.8036121030734376,1742,0.007041287075598173,3144,2022,14077.537773192369,0.0,0.0
kalman_ssvi_inc,959,extrap_20,6.530034402813304,3144,82.01124202583696,1.5506905479542366,1402,4.979343854859067,1742,0.1587046980329549,3144,2454,15888.929343518366,0.0,0.0
kalman_ssvi_inc,959,unif_40,3.921807660949572,3144,55.4314493352518,1.227634431373923,1402,2.6941732295756493,1742,0.006658512187579435,3144,2037,11846.92959481892,0.0,0.0
kalman_ssvi_inc,959,extrap_40,5.270206959740496,3144,74.13340316972581,1.272543489657863,1402,3.997663470082633,1742,0.09274399910137977,3144,2522,10916.895901288166,0.0,0.0
kalman_ssvi_inc,959,unif_80,3.464476103388813,3144,53.151199566038514,1.1020657548870874,1402,2.362410348501726,1742,0.006576710358904411,3144,2023,11661.951285171248,0.0,0.0
kalman_ssvi_inc,959,extrap_80,6.048876104358582,3144,79.12766733924336,1.2779550874290355,1402,4.770921016929547,1742,0.14764407755485223,3144,2461,10848.86372260853,0.0,0.0
kalman_ssvi_inc,959,unif_100,3.385869769431773,3144,53.159463363058336,1.1221081835535238,1402,2.2637615858782487,1742,0.0067877796327343275,3144,2043,11132.689550463321,0.0,0.0
kalman_ssvi_inc,959,extrap_100,5.956221684856458,3144,77.6788520828738,1.323302452980532,1402,4.632919231875927,1742,0.1246351792140796,3144,2471,10562.554413096459,0.0,0.0
kalman_ssvi_inc,959,unif_200,3.3873006488065203,3144,52.73347846790182,1.1039804062316598,1402,2.2833202425748604,1742,0.0065081538555028075,3144,2005,10983.944196147688,0.0,0.0
kalman_ssvi_inc,959,extrap_200,5.807976238639131,3144,77.33895394085843,1.2309243215715273,1402,4.577051917067603,1742,0.13015207572493026,3144,2454,10639.418474972446,0.0,0.0
kalman_ssvi_inc,959,unif_300,3.4079636979907133,3144,52.61092919280942,1.1070338971883769,1402,2.3009298008023364,1742,0.0063736535684883,3144,2033,10098.681215943518,0.0,0.0
kalman_ssvi_inc,959,extrap_300,5.844914203035575,3144,77.62236569494209,1.2360931662303873,1402,4.608821036805187,1742,0.1336037920946559,3144,2454,10651.280816260143,0.0,0.0
kalman_ssvi_inc,959,unif_500,3.3877694384418064,3144,52.457190966464765,1.0998465858572384,1402,2.2879228525845687,1742,0.006360439635482766,3144,2023,10057.922778740989,0.0,0.0
kalman_ssvi_inc,959,extrap_500,5.856552407790917,3144,77.68838822190435,1.239459268302668,1402,4.617093139488249,1742,0.1337931965184599,3144,2449,10648.246188227298,0.0,0.0
kalman_ssvi_inc,960,unif_2,4.655492485409254,3132,77.05762654471864,1.9461884516922963,1349,2.709304033716957,1783,0.03689399921421653,3132,2534,16190.203821520216,0.0,0.0
kalman_ssvi_inc,960,extrap_2,10.217384428523754,3132,117.87041627584959,3.9792719934602037,1349,6.238112435063549,1783,0.3063688739360164,3132,2750,18054.410572108383,0.0,0.0
kalman_ssvi_inc,960,unif_4,4.16455797238596,3132,69.15592318562749,1.672489094335596,1349,2.492068878050363,1783,0.019055448973546697,3132,2411,16009.159189902934,0.0,0.0
kalman_ssvi_inc,960,extrap_4,11.880782025617286,3132,120.22384705865204,4.8237029713731205,1349,7.057079054244165,1783,0.3651143100402854,3132,2692,17842.772428869648,0.0,0.0
kalman_ssvi_inc,960,unif_8,4.858133622090919,3132,63.99874927372974,1.3086934009548208,1349,3.5494402211360976,1783,0.01071014347064992,3132,2262,9680.181403239787,0.0,0.0
kalman_ssvi_inc,960,extrap_8,7.50452812404593,3132,91.85791455179069,1.600217720167815,1349,5.904310403878114,1783,0.2895514344137103,3132,2591,10745.572719628046,0.0,0.0
kalman_ssvi_inc,960,unif_10,4.3347039476896825,3132,67.02337823682818,1.5299558528374089,1349,2.8047480948522736,1783,0.020532126076290267,3132,2253,21490.11817309221,0.0,0.0
kalman_ssvi_inc,960,extrap_10,6.082222332090941,3132,83.55012881475157,1.3779850291463018,1349,4.704237302944639,1783,0.09700074690506116,3132,2572,18244.49050976418,0.0,0.0
kalman_ssvi_inc,960,unif_20,3.478220493624747,3132,56.38461537819004,1.1855176508411187,1349,2.2927028427836285,1783,0.00909621768135497,3132,2078,12554.779154500975,0.0,0.0
kalman_ssvi_inc,960,extrap_20,6.043014970470245,3132,77.39896075121733,1.1995234598709545,1349,4.843491510599291,1783,0.123389011631815,3132,2454,10335.672020122234,0.0,0.0
kalman_ssvi_inc,960,unif_40,3.6260569233336235,3132,54.832301083294475,1.040301352531765,1349,2.5857555708018585,1783,0.007281204369856374,3132,2043,8793.526295818014,0.0,0.0
kalman_ssvi_inc,960,extrap_40,5.984704350841581,3132,72.14470134513707,1.207067992831837,1349,4.777636358009744,1783,0.06206845933416261,3132,2454,9421.518066967772,0.0,0.0
kalman_ssvi_inc,960,unif_80,3.5911674125138107,3132,53.714370424189596,1.0176323212557035,1349,2.573535091258108,1783,0.006566012162531403,3132,2017,9124.86731095969,0.0,0.0
kalman_ssvi_inc,960,extrap_80,6.0555532386979225,3132,72.89213749284875,1.2252870696153388,1349,4.830266169082586,1783,0.04701502072856786,3132,2437,9619.265706630495,0.0,0.0
kalman_ssvi_inc,960,unif_100,3.741756054126096,3132,55.04176794923664,1.0943723300303314,1349,2.6473837240957647,1783,0.0068565096623136364,3132,2004,9537.028334942888,0.0,0.0
kalman_ssvi_inc,960,extrap_100,6.848335933162138,3132,81.12423139186555,1.2119911526868967,1349,5.636344780475242,1783,0.1283136251541109,3132,2417,10775.652128142749,0.0,0.0
kalman_ssvi_inc,960,unif_200,3.5750913514838483,3132,54.540677260710765,1.0677259762969005,1349,2.507365375186948,1783,0.006970199301949912,3132,2017,10244.405780419755,0.0,0.0
kalman_ssvi_inc,960,extrap_200,6.499730823575994,3132,75.42286437322521,1.1989458614161632,1349,5.300784962159831,1783,0.058945162132059324,3132,2388,9629.702768965577,0.0,0.0
kalman_ssvi_inc,960,unif_300,3.568652811442294,3132,54.563331552164485,1.0828785292145529,1349,2.4857742822277413,1783,0.007079807230477133,3132,2018,10512.49612294289,0.0,0.0
kalman_ssvi_inc,960,extrap_300,6.49364701646021,3132,75.32963975943008,1.1980389819430048,1349,5.2956080345172065,1783,0.05837252124479576,3132,2390,9541.88534126554,0.0,0.0
kalman_ssvi_inc,960,unif_500,3.6008890906827458,3132,54.18890038232864,1.081780671935989,1349,2.5191084187467565,1783,0.006812971410529769,3132,2000,9615.691580684312,0.0,0.0
kalman_ssvi_inc,960,extrap_500,6.4991539265793845,3132,75.36790276802589,1.1983853249717267,1349,5.300768601607658,1783,0.058570227496022,3132,2390,9579.796414948749,0.0,0.0
kalman_ssvi_inc,961,unif_2,4.052680928402077,3133,75.95939853681307,1.9452346208217497,1357,2.107446307580327,1776,0.034130098153635324,3133,2706,15469.518271207815,0.0,0.0
kalman_ssvi_inc,961,extrap_2,9.33289854949303,3133,122.57166880892032,3.948869275395286,1357,5.384029274097747,1776,0.3025609982285352,3133,2852,18692.027327403914,0.0,0.0
kalman_ssvi_inc,961,unif_4,7.138052850089013,3133,99.70108153609203,3.0471243799204304,1357,4.090928470168581,1776,0.2063164063245487,3133,2709,16330.604827355803,0.0,0.0
kalman_ssvi_inc,961,extrap_4,4.9604119199019925,3133,86.27780862045317,2.2502467856539297,1357,2.710165134248063,1776,0.08117292773753272,3133,2739,15888.072737259836,0.0,0.0
kalman_ssvi_inc,961,unif_8,5.676119312663366,3133,73.66119006106018,1.847625320833478,1357,3.8284939918298893,1776,0.017604079767672722,3133,2387,9993.862346811753,0.0,0.0
kalman_ssvi_inc,961,extrap_8,7.048472021329434,3133,89.74802352815834,1.8872631485652733,1357,5.161208872764161,1776,0.1174664140222233,3133,2588,14820.191327461485,0.0,0.0
kalman_ssvi_inc,961,unif_10,5.558949938616283,3133,72.23211032655766,1.7147913857598112,1357,3.8441585528564715,1776,0.01425448454946886,3133,2391,9920.336129682288,0.0,0.0
kalman_ssvi_inc,961,extrap_10,8.430145347616811,3133,96.8519800401205,1.9639682192844523,1357,6.466177128332358,1776,0.271859723454641,3133,2662,11258.415304120612,0.0,0.0
kalman_ssvi_inc,961,unif_20,4.670348225037612,3133,66.0703897022637,1.662574996070651,1357,3.0077732289669608,1776,0.011261253655220613,3133,2266,9267.098792507088,0.0,0.0
kalman_ssvi_inc,961,extrap_20,7.904614586117016,3133,89.021791977882,1.7942967132605707,1357,6.110317872856444,1776,0.10968808193718797,3133,2592,10889.84889131773,0.0,0.0
kalman_ssvi_inc,961,unif_40,4.086087380061431,3133,63.23319517414068,1.4771983018544372,1357,2.6088890782069942,1776,0.00859656066011785,3133,2236,9778.323039119996,0.0,0.0
kalman_ssvi_inc,961,extrap_40,8.30569178027159,3133,87.93019002638741,1.912698840469323,1357,6.392992939802267,1776,0.06505478585085729,3133,2620,9949.155580814917,0.0,0.0
kalman_ssvi_inc,961,unif_80,3.8025180497053426,3133,61.57068362858412,1.518025243258755,1357,2.284492806446588,1776,0.008539245629301572,3133,2172,9716.879059017923,0.0,0.0
kalman_ssvi_inc,961,extrap_80,8.532927286878135,3133,91.39689239178355,1.7964187689640319,1357,6.736508517914103,1776,0.09903675404354154,3133,2657,11611.56916414204,0.0,0.0
kalman_ssvi_inc,961,unif_100,3.6730005786910906,3133,60.49535151919715,1.4287290654761169,1357,2.244271513214974,1776,0.008150412901149005,3133,2208,8938.299220240408,0.0,0.0
kalman_ssvi_inc,961,extrap_100,7.410418876426895,3133,84.55847193844369,1.6896397387383406,1357,5.720779137688555,1776,0.07351888103580256,3133,2617,11015.20558881427,0.0,0.0
kalman_ssvi_inc,961,unif_200,3.694062755827628,3133,61.028083635875085,1.489444265461509,1357,2.2046184903661197,1776,0.008431202681677087,3133,2190,10065.784856134513,0.0,0.0
kalman_ssvi_inc,961,extrap_200,8.080676818138542,3133,88.29316169488666,1.7589329497920392,1357,6.321743868346503,1776,0.09221718575575365,3133,2607,10886.149219912524,0.0,0.0
kalman_ssvi_inc,961,unif_300,3.5930200580568723,3133,60.402247066380205,1.4620428140112915,1357,2.1309772440455803,1776,0.008340931410305771,3133,2175,9627.89011699248,0.0,0.0
kalman_ssvi_inc,961,extrap_300,8.114562107589107,3133,88.57608979394459,1.760530143185588,1357,6.354031964403518,1776,0.0952064084999828,3133,2609,10944.241573607207,0.0,0.0
kalman_ssvi_inc,961,unif_500,3.6634027242536695,3133,60.83827954824437,1.4909104579705703,1357,2.172492266283099,1776,0.008371616122047879,3133,2174,9684.755184392914,0.0,0.0
kalman_ssvi_inc,961,extrap_500,8.107356261629729,3133,88.52549849565034,1.7598809306790482,1357,6.3474753309506795,1776,0.09478370085804202,3133,2608,10936.270781857082,0.0,0.0
kalman_ssvi_inc,962,unif_2,3.6836492778518495,3063,73.62522310019143,2.0365890035779834,1359,1.6470602742738656,1704,0.08938745704145255,3063,2537,11629.383178761356,0.0,0.0
kalman_ssvi_inc,962,extrap_2,5.522675541609734,3063,96.79806020885081,2.7174154901772343,1359,2.8052600514325006,1704,0.1918971412257972,3063,2708,13698.228050652966,0.0,0.0
kalman_ssvi_inc,962,unif_4,3.7012547813813317,3063,74.19061460908446,1.8942143065522705,1359,1.8070404748290614,1704,0.10161786093980475,3063,2566,11149.019158414188,0.0,0.0
kalman_ssvi_inc,962,extrap_4,5.584977576176485,3063,93.30123469655035,2.63759197764886,1359,2.947385598527625,1704,0.19884214949348517,3063,2618,12481.080325690573,0.0,0.0
kalman_ssvi_inc,962,unif_8,3.013920540543672,3063,53.25843943938156,1.299961714480522,1359,1.71395882606315,1704,0.010215472693360084,3063,2113,9053.781046157706,0.0,0.0
kalman_ssvi_inc,962,extrap_8,4.787074680371009,3063,71.12626248453307,1.4551579143662432,1359,3.3319167660047664,1704,0.05074588209922956,3063,2422,10615.418957998425,0.0,0.0
kalman_ssvi_inc,962,unif_10,2.7040144666809023,3063,59.121164612337424,1.2848842642439489,1359,1.419130202436954,1704,0.023365018340342714,3063,2290,11120.249122662197,0.0,0.0
kalman_ssvi_inc,962,extrap_10,6.704736802162154,3063,89.43296486513225,1.2234208009204253,1359,5.481316001241728,1704,0.3513305766884934,3063,2489,12320.123571967104,0.0,0.0
kalman_ssvi_inc,962,unif_20,2.731157693292287,3063,51.739271426601455,1.2644704547917494,1359,1.4666872385005385,1704,0.009357526811928698,3063,2018,9496.943257116707,0.0,0.0
kalman_ssvi_inc,962,extrap_20,7.539413810832452,3063,89.20424903456964,1.590546377417839,1359,5.9488674334146125,1704,0.3270873526255705,3063,2492,9300.485905014499,0.0,0.0
kalman_ssvi_inc,962,unif_40,2.443671500865339,3063,48.81352570083192,1.1770967775777108,1359,1.2665747232876285,1704,0.007678606604336221,3063,1938,6914.39242192183,0.0,0.0
kalman_ssvi_inc,962,extrap_40,5.653588759573638,3063,76.24060143467706,1.158410940769192,1359,4.495177818804446,1704,0.21806898523903434,3063,2448,9009.807311432956,0.0,0.0
kalman_ssvi_inc,962,unif_80,2.4880976149172715,3063,49.12015704314693,1.2811557898280923,1359,1.2069418250891792,1704,0.008174022747490649,3063,1967,7649.943382166306,0.0,0.0
kalman_ssvi_inc,962,extrap_80,5.555675311219484,3063,75.95136172928056,1.2758100584210366,1359,4.279865252798446,1704,0.15499861793852138,3063,2432,9020.649343011311,0.0,0.0
kalman_ssvi_inc,962,unif_100,2.2764073770505853,3063,47.376909173875376,1.2050565930864976,1359,1.0713507839640874,1704,0.007863735029125261,3063,2026,7806.9188791944125,0.0,0.0
kalman_ssvi_inc,962,extrap_100,5.635690767397109,3063,78.92490702494365,1.2701632409336816,1359,4.365527526463427,1704,0.18609958143765398,3063,2407,9536.398344889742,0.0,0.0
kalman_ssvi_inc,962,unif_200,2.3561031183850742,3063,48.213138100122436,1.2589347066032854,1359,1.0971684117817888,1704,0.008031119224326175,3063,1977,7964.700933382182,0.0,0.0
kalman_ssvi_inc,962,extrap_200,5.5340640599750905,3063,75.51827190591199,1.2412649903404485,1359,4.2927990696346425,1704,0.14951887950093848,3063,2401,8900.775897007601,0.0,0.0
kalman_ssvi_inc,962,unif_300,2.3605925282072966,3063,48.62022136272947,1.2487628754851197,1359,1.1118296527221772,1704,0.008195682957594244,3063,1976,8671.892530643881,0.0,0.0
kalman_ssvi_inc,962,extrap_300,5.513753265729525,3063,75.44074590601544,1.2378179914991936,1359,4.275935274230331,1704,0.1480541694522334,3063,2400,8953.093945423436,0.0,0.0
kalman_ssvi_inc,962,unif_500,2.3375013308393404,3063,47.913571023974384,1.2347728948500944,1359,1.1027284359892462,1704,0.007899022577252774,3063,1966,7973.912515767788,0.0,0.0
kalman_ssvi_inc,962,extrap_500,5.520581314671832,3063,75.4543469256478,1.2382206777180902,1359,4.282360636953741,1704,0.14825923840595814,3063,2392,8917.560800832072,0.0,0.0
kalman_ssvi_inc,963,unif_2,2.497290588540192,3041,60.31572320331741,1.678412393488286,1351,0.8188781950519066,1690,0.029641603582203666,3041,2382,9624.228934312248,0.0,0.0
kalman_ssvi_inc,963,extrap_2,8.433024270370321,3041,110.67685047723545,4.278611208343986,1351,4.154413062026335,1690,0.3332637948756983,3041,2667,12522.040672713914,0.0,0.0
kalman_ssvi_inc,963,unif_4,2.5113108335956777,3041,60.471726380632276,1.723759254755537,1351,0.787551578840141,1690,0.022317600830133708,3041,2424,9344.964963428934,0.0,0.0
kalman_ssvi_inc,963,extrap_4,3.20844655569196,3041,73.85087943042336,1.8339020215924564,1351,1.3745445340995035,1690,0.09411737528939697,3041,2542,10973.849032067477,0.0,0.0
kalman_ssvi_inc,963,unif_8,2.1823075441429007,3041,50.08909938485087,1.367550426903346,1351,0.8147571172395551,1690,0.009399081768701816,3041,2017,6404.923663669473,0.0,0.0
kalman_ssvi_inc,963,extrap_8,5.4717768817668375,3041,82.24656351023063,1.9185249511942615,1351,3.553251930572576,1690,0.17524650100250563,3041,2529,11824.656573435646,0.0,0.0
kalman_ssvi_inc,963,unif_10,2.9456965833521735,3041,57.65097839716733,1.4746109243458867,1351,1.4710856590062864,1690,0.010852474991047134,3041,2127,10377.931386832843,0.0,0.0
kalman_ssvi_inc,963,extrap_10,6.790780422930913,3041,90.9598069590215,1.546092720429939,1351,5.244687702500975,1690,0.37052068057532245,3041,2429,11879.365194840411,0.0,0.0
kalman_ssvi_inc,963,unif_20,2.267077581238641,3041,50.67675766080115,1.3651140622656723,1351,0.9019635189729681,1690,0.00800231373405244,3041,2008,8111.84049257769,0.0,0.0
kalman_ssvi_inc,963,extrap_20,3.996886346099095,3041,71.58518093478634,1.1887898784369708,1351,2.8080964676621245,1690,0.1851022567654329,3041,2365,9500.29120069775,0.0,0.0
kalman_ssvi_inc,963,unif_40,2.2628487096565175,3041,50.59800411854276,1.4072460598629712,1351,0.8556026497935462,1690,0.007925381895741771,3041,1980,8460.124130873108,0.0,0.0
kalman_ssvi_inc,963,extrap_40,4.556753963604283,3041,72.54836930339461,1.345937614307482,1351,3.210816349296801,1690,0.1478121623255116,3041,2343,9274.15818665586,0.0,0.0
kalman_ssvi_inc,963,unif_80,1.9755050100028448,3041,48.681147942063426,1.2721454157495755,1351,0.703359594253269,1690,0.0073343093855612294,3041,1978,7791.004225074325,0.0,0.0
kalman_ssvi_inc,963,extrap_80,3.849169130634235,3041,67.65136980634878,1.4200310197901413,1351,2.429138110844094,1690,0.10501364552454562,3041,2363,8912.324872061079,0.0,0.0
kalman_ssvi_inc,963,unif_100,2.0107268831733136,3041,48.55154708114745,1.286477271973201,1351,0.724249611200113,1690,0.0070599714528660085,3041,2019,7201.240395833605,0.0,0.0
kalman_ssvi_inc,963,extrap_100,3.843290030219383,3041,69.05028209230372,1.1301111060099283,1351,2.7131789242094553,1690,0.1304870057569814,3041,2391,9469.046364152451,0.0,0.0
kalman_ssvi_inc,963,unif_200,2.087439473970643,3041,49.48586932518916,1.355376047571978,1351,0.732063426398665,1690,0.00733656611407572,3041,2004,7777.193833152189,0.0,0.0
kalman_ssvi_inc,963,extrap_200,3.9796019640609583,3041,67.34330488579849,1.3649145053373786,1351,2.61468745872358,1690,0.0793420492919856,3041,2379,8915.006756209385,0.0,0.0
kalman_ssvi_inc,963,unif_300,2.062576933421326,3041,49.000806077149534,1.3311585236492802,1351,0.7314184097720456,1690,0.007215743939261351,3041,1997,7407.598053471096,0.0,0.0
kalman_ssvi_inc,963,extrap_300,3.989077181179774,3041,67.39560237252591,1.368914771454555,1351,2.6201624097252187,1690,0.07932082792679866,3041,2381,8933.299633198847,0.0,0.0
kalman_ssvi_inc,963,unif_500,1.9926826200697496,3041,48.442362224034234,1.2837694484164166,1351,0.7089131716533332,1690,0.0070789824822774785,3041,1990,7475.871571399714,0.0,0.0
kalman_ssvi_inc,963,extrap_500,3.9833099568924957,3041,67.37359423577982,1.3662899278499707,1351,2.617020029042525,1690,0.07940617045940904,3041,2376,8889.64784153269,0.0,0.0
kalman_ssvi_inc,964,unif_2,3.2631913048307886,3070,74.57626335726201,2.2017089624193997,1348,1.0614823424113884,1722,0.05307181987671264,3070,2534,14860.490152804749,0.0,0.0
kalman_ssvi_inc,964,extrap_2,7.985331287418416,3070,112.87785137296903,3.9697055718173724,1348,4.015625715601042,1722,0.30409465042622424,3070,2747,15546.157341612561,0.0,0.0
kalman_ssvi_inc,964,unif_4,2.7229178921020085,3070,62.8834878055564,1.81946682154431,1348,0.9034510705576982,1722,0.022306424368093828,3070,2484,12223.691094390955,0.0,0.0
kalman_ssvi_inc,964,extrap_4,3.4576818848150537,3070,75.94268983986146,2.012913663409375,1348,1.4447682214056785,1722,0.07776992073340078,3070,2581,14568.299683589039,0.0,0.0
kalman_ssvi_inc,964,unif_8,2.6481837412149325,3070,58.145631105573244,1.5157268731394948,1348,1.1324568680754374,1722,0.013065233050602545,3070,2230,15346.34551835475,0.0,0.0
kalman_ssvi_inc,964,extrap_8,4.950535121696225,3070,78.54479920769563,1.4437159766765482,1348,3.5068191450196773,1722,0.11127781681867284,3070,2601,12125.766759051936,0.0,0.0
kalman_ssvi_inc,964,unif_10,2.5647567528019275,3070,55.97636174868509,1.625501356048236,1348,0.9392553967536915,1722,0.011248491427417445,3070,2156,8232.974870182994,0.0,0.0
kalman_ssvi_inc,964,extrap_10,3.531958494667058,3070,67.80270562153869,1.3380597079678458,1348,2.1938987866992115,1722,0.09022160247703682,3070,2558,11108.593359692872,0.0,0.0
kalman_ssvi_inc,964,unif_20,2.3329244027318805,3070,52.924881038906754,1.4998966604886417,1348,0.8330277422432386,1722,0.009086145492728325,3070,2102,9356.36788796821,0.0,0.0
kalman_ssvi_inc,964,extrap_20,3.629655891823325,3070,68.17652340893001,1.1998347914766019,1348,2.4298211003467234,1722,0.10498123055315954,3070,2510,8990.347919897802,0.0,0.0
kalman_ssvi_inc,964,unif_40,2.5286166618256525,3070,53.936726885113536,1.4376756869772485,1348,1.090940974848404,1722,0.008515089997076071,3070,2063,9485.232242926171,0.0,0.0
kalman_ssvi_inc,964,extrap_40,4.514284696506236,3070,72.21334639335505,1.4171976119840703,1348,3.097087084522165,1722,0.07004724072443352,3070,2541,10880.766551907183,0.0,0.0
kalman_ssvi_inc,964,unif_80,2.414503636475886,3070,52.69785241638251,1.4616954869858891,1348,0.9528081494899967,1722,0.007777507300456953,3070,2048,9247.884833821214,0.0,0.0
kalman_ssvi_inc,964,extrap_80,4.510662715635114,3070,73.12906396955884,1.2534300524875588,1348,3.2572326631475548,1722,0.08383810771162949,3070,2498,11208.980966723684,0.0,0.0
kalman_ssvi_inc,964,unif_100,2.402689206003204,3070,52.67306786249435,1.4538612841814305,1348,0.9488279218217733,1722,0.007656275728673289,3070,2050,9083.734022219867,0.0,0.0
kalman_ssvi_inc,964,extrap_100,4.52801680709338,3070,71.17146150686865,1.2704136757297653,1348,3.257603131363615,1722,0.061727281999510705,3070,2424,10790.098854418044,0.0,0.0
kalman_ssvi_inc,964,unif_200,2.2846294406939864,3070,51.93769605897945,1.4165031614868484,1348,0.8681262792071377,1722,0.007592588514568344,3070,2053,8645.403876746801,0.0,0.0
kalman_ssvi_inc,964,extrap_200,4.3879406035061415,3070,70.20996244949812,1.185393231428134,1348,3.2025473720780067,1722,0.06994828958271121,3070,2459,10805.112510331412,0.0,0.0
kalman_ssvi_inc,964,unif_300,2.2329086140148724,3070,51.65568335170377,1.383049135864168,1348,0.8498594781507042,1722,0.007453780105656326,3070,2057,8735.63552661098,0.0,0.0
kalman_ssvi_inc,964,extrap_300,4.399681701252697,3070,70.38495041590183,1.1824960552261323,1348,3.217185646026565,1722,0.0714457654118224,3070,2468,10822.161829102162,0.0,0.0
kalman_ssvi_inc,964,unif_500,2.2323231221451576,3070,51.64058468938112,1.3830730504445996,1348,0.8492500717005581,1722,0.0074529760377410395,3070,2048,8791.070700227283,0.0,0.0
kalman_ssvi_inc,964,extrap_500,4.400278648680098,3070,70.37950304506694,1.1821022332817175,1348,3.2181764153983794,1722,0.07133557091259186,3070,2471,10837.417970796974,0.0,0.0
kalman_ssvi_inc,965,unif_2,4.55017729662584,3062,83.05677243635091,2.2640045560182633,1281,2.286172740607576,1781,0.07073759723197806,3062,2578,17877.596565943004,0.0,0.0
kalman_ssvi_inc,965,extrap_2,10.806260242005113,3062,122.05060330819525,4.482497593111907,1281,6.323762648893207,1781,0.47085848764780236,3062,2752,19697.734706100164,0.0,0.0
kalman_ssvi_inc,965,unif_4,3.9609173129558033,3062,77.37215411623103,2.3433546888368144,1281,1.6175626241189893,1781,0.034472933027138386,3062,2586,18673.64827868795,0.0,0.0
kalman_ssvi_inc,965,extrap_4,4.869181199758541,3062,87.30735907648727,2.0687501198112805,1281,2.8004310799472596,1781,0.1684019931665267,3062,2664,17583.634207951694,0.0,0.0
kalman_ssvi_inc,965,unif_8,4.940835374440625,3062,75.3760928388998,2.366502526784151,1281,2.5743328476564744,1781,0.020934538281345828,3062,2294,13711.520825597334,0.0,0.0
kalman_ssvi_inc,965,extrap_8,8.397090129486024,3062,95.24963599182128,1.8384511198388984,1281,6.558639009647125,1781,0.23615632287595553,3062,2553,15620.522544152094,0.0,0.0
kalman_ssvi_inc,965,unif_10,3.925182251528115,3062,69.2689437406077,2.110609055839248,1281,1.8145731956888673,1781,0.021188643170751937,3062,2335,12193.165528082676,0.0,0.0
kalman_ssvi_inc,965,extrap_10,5.518547023796619,3062,80.60499794448737,1.1810078082777136,1281,4.337539215518905,1781,0.11668362024410105,3062,2643,15540.160905301978,0.0,0.0
kalman_ssvi_inc,965,unif_20,3.93221117592621,3062,63.93243365038076,1.7731045131942962,1281,2.159106662731914,1781,0.01156620969429616,3062,2131,11089.780953132087,0.0,0.0
kalman_ssvi_inc,965,extrap_20,5.161440694065689,3062,77.29896122553187,1.2356587280076168,1281,3.9257819660580715,1781,0.0907609079329268,3062,2534,14861.824527868059,0.0,0.0
kalman_ssvi_inc,965,unif_40,3.5921413455566293,3062,63.039039744858464,1.817592330884461,1281,1.7745490146721685,1781,0.011536502766180382,3062,2109,13175.650635502816,0.0,0.0
kalman_ssvi_inc,965,extrap_40,6.540201276086269,3062,82.09642561304537,1.0730817789684068,1281,5.467119497117863,1781,0.09531324231261722,3062,2580,14793.074265300227,0.0,0.0
kalman_ssvi_inc,965,unif_80,3.2563392827097855,3062,61.1776460716036,1.7555971913144457,1281,1.50074209139534,1781,0.011143300549292547,3062,2106,13224.882579704139,0.0,0.0
kalman_ssvi_inc,965,extrap_80,6.187190303241716,3062,80.23398544784311,1.1059313584446615,1281,5.081258944797055,1781,0.07148044624165188,3062,2599,14018.48787431236,0.0,0.0
kalman_ssvi_inc,965,unif_100,3.360347571060732,3062,61.51760860330489,1.7769464971979032,1281,1.5834010738628288,1781,0.011217975567065554,3062,2117,12563.641852478784,0.0,0.0
kalman_ssvi_inc,965,extrap_100,5.758539782766759,3062,77.90296101230035,1.0004779933053387,1281,4.758061789461421,1781,0.07984423891235592,3062,2568,14001.338888228278,0.0,0.0
kalman_ssvi_inc,965,unif_200,3.2238447072383,3062,60.66684655142154,1.7205515580833088,1281,1.5032931491549915,1781,0.010996861073222078,3062,2078,13348.987483548077,0.0,0.0
kalman_ssvi_inc,965,extrap_200,5.970385012677004,3062,78.54211781819754,1.0476886784215187,1281,4.922696334255486,1781,0.07258998525885695,3062,2559,13954.538743056488,0.0,0.0
kalman_ssvi_inc,965,unif_300,3.183506383807354,3062,60.37168470231589,1.6965179715607168,1281,1.4869884122466366,1781,0.010773060144707252,3062,2097,12745.658531551919,0.0,0.0
kalman_ssvi_inc,965,extrap_300,5.99214912903706,3062,78.64015079319941,1.0495083060102188,1281,4.942640823026843,1781,0.07246592995245543,3062,2553,14029.899588735942,0.0,0.0
kalman_ssvi_inc,965,unif_500,3.183931161439768,3062,60.28561036151198,1.6939908820355332,1281,1.4899402794042342,1781,0.010770589494140977,3062,2107,12885.089616214926,0.0,0.0
kalman_ssvi_inc,965,extrap_500,5.9708948872882965,3062,78.57165492039057,1.0464218051211525,1281,4.924473082167145,1781,0.07292592961819612,3062,2555,13977.819674317929,0.0,0.0
kalman_ssvi_inc,966,unif_2,6.2510446316404735,3113,97.31651706389147,3.602163842056238,1487,2.6488807895842355,1626,0.07343262414820863,3113,2669,28252.77992201466,0.0,0.0
kalman_ssvi_inc,966,extrap_2,8.064541513516982,3113,114.34841200977809,3.8456888299203573,1487,4.218852683596625,1626,0.2788173327256073,3113,2828,25607.78817702759,0.0,0.0
kalman_ssvi_inc,966,unif_4,5.406393530851018,3113,85.11758922583266,3.2663393081706733,1487,2.1400542226803436,1626,0.02808487699563617,3113,2613,25659.20394007353,0.0,0.0
kalman_ssvi_inc,966,extrap_4,5.752578482958774,3113,94.49028233730903,3.2575414885596503,1487,2.4950369943991237,1626,0.06582687124136423,3113,2798,26326.334665785747,0.0,0.0
kalman_ssvi_inc,966,unif_8,5.079036930458495,3113,75.27203264253359,2.327888551260676,1487,2.7511483791978186,1626,0.026144083261696857,3113,2461,16127.569358794864,0.0,0.0
kalman_ssvi_inc,966,extrap_8,8.525115532486996,3113,99.77899489991299,2.087296033204356,1487,6.437819499282639,1626,0.21343018275742925,3113,2738,20747.463645775086,0.0,0.0
kalman_ssvi_inc,966,unif_10,4.923815246548812,3113,73.25215792896849,2.271492744388243,1487,2.6523225021605685,1626,0.014554156086449145,3113,2321,15534.326049847541,0.0,0.0
kalman_ssvi_inc,966,extrap_10,7.668914376039593,3113,90.01512726388418,1.7203287887550431,1487,5.94858558728455,1626,0.0968037669428113,3113,2658,19498.11155173756,0.0,0.0
kalman_ssvi_inc,966,unif_20,5.517936642404735,3113,73.29561294940437,2.181886785268309,1487,3.3360498571364277,1626,0.012759512292687972,3113,2295,16466.189583579097,0.0,0.0
kalman_ssvi_inc,966,extrap_20,6.872529700487703,3113,85.8599575285757,1.4969018101256957,1487,5.375627890362006,1626,0.07846654151698504,3113,2646,18784.809624123285,0.0,0.0
kalman_ssvi_inc,966,unif_40,4.358456176094612,3113,67.55299596663858,2.007597530916181,1487,2.350858645178431,1626,0.010870731899614728,3113,2203,15993.953437091996,0.0,0.0
kalman_ssvi_inc,966,extrap_40,7.999054076264579,3113,90.32876620896378,1.5636990430470858,1487,6.435355033217493,1626,0.10742272745491747,3113,2635,18352.81315163556,0.0,0.0
kalman_ssvi_inc,966,unif_80,4.600232222695251,3113,69.25752915727217,2.297220711224783,1487,2.303011511470468,1626,0.011843606444929742,3113,2110,16070.345638461136,0.0,0.0
kalman_ssvi_inc,966,extrap_80,7.831470252965906,3113,89.14782306055014,1.5798398989547668,1487,6.251630354011139,1626,0.09851773530524645,3113,2650,18124.959206517942,0.0,0.0
kalman_ssvi_inc,966,unif_100,4.383734392209247,3113,67.92911818179788,2.185059718708379,1487,2.1986746735008684,1626,0.011345655990633932,3113,2151,15848.562206816383,0.0,0.0
kalman_ssvi_inc,966,extrap_100,7.767852716165401,3113,88.3391309182137,1.515882703762851,1487,6.251970012402551,1626,0.09499142946299391,3113,2617,17875.604327444977,0.0,0.0
kalman_ssvi_inc,966,unif_200,4.5047219457443815,3113,68.88668850282484,2.2371418167477923,1487,2.2675801289965896,1626,0.011500066243203207,3113,2149,16610.070538171076,0.0,0.0
kalman_ssvi_inc,966,extrap_200,7.839638530498957,3113,88.4345475595875,1.5018921054697778,1487,6.337746425029178,1626,0.08992699393243145,3113,2625,17614.15228854187,0.0,0.0
kalman_ssvi_inc,966,unif_300,4.497469268897789,3113,68.57864114179516,2.223464557337997,1487,2.2740047115597926,1626,0.011368741060209391,3113,2123,16070.63954023162,0.0,0.0
kalman_ssvi_inc,966,extrap_300,7.845060001665586,3113,88.50806783142595,1.5006474282931148,1487,6.344412573372471,1626,0.0904184882519609,3113,2627,17637.179639286518,0.0,0.0
kalman_ssvi_inc,966,unif_500,4.482657439859415,3113,68.54112003843767,2.2316764017216695,1487,2.2509810381377457,1626,0.01142460095702895,3113,2111,16081.185357612398,0.0,0.0
kalman_ssvi_inc,966,extrap_500,7.841704442129234,3113,88.4819384103298,1.5035293315141327,1487,6.338175110615102,1626,0.09032388807030926,3113,2630,17590.71440030981,0.0,0.0
cnp,957,unif_2,28.280864848124132,3107,194.3881534934044,11.144375784008218,1427,17.136489064115917,1680,0.6005704498336175,3107,2844,32582.590019187726,0.0,0.0
cnp,957,extrap_2,25.64556350194409,3107,179.42053458839655,10.225325261064917,1427,15.420238240879172,1680,0.5303307137082509,3107,2721,27558.76801416476,0.0,0.0
cnp,957,unif_4,27.926596020950115,3107,179.32140734791756,10.779396750216062,1427,17.147199270734053,1680,0.5963583382572233,3107,2771,25997.21282730189,0.0,0.0
cnp,957,extrap_4,18.870041231015747,3107,152.71011941879988,7.9338323688705135,1427,10.936208862145234,1680,0.39274103923294545,3107,2629,23204.397963559924,0.0,0.0
cnp,957,unif_8,29.87583574536051,3107,188.7372079640627,11.531025892450927,1427,18.344809852909584,1680,0.6550067546140524,3107,2766,27425.11370085935,0.0,0.0
cnp,957,extrap_8,18.34916924959906,3107,150.1179174259305,7.573629896505569,1427,10.77553935309349,1680,0.36148275259241913,3107,2669,22191.744926265797,0.0,0.0
cnp,957,unif_10,28.89459744007217,3107,196.1500451117754,11.272173991150288,1427,17.62242344892188,1680,0.6450512701219039,3107,2833,30899.852251729153,0.0,0.0
cnp,957,extrap_10,19.362759225738287,3107,148.2839521691203,7.782069249290048,1427,11.58068997644824,1680,0.3671286576194309,3107,2625,19622.9834545793,0.0,0.0
cnp,957,unif_20,27.355751417709342,3107,183.98473601043224,10.59477827316972,1427,16.760973144539626,1680,0.5749657914119726,3107,2799,27344.81208646039,0.0,0.0
cnp,957,extrap_20,19.313883231386196,3107,149.72859498858452,7.80037463387907,1427,11.513508597507126,1680,0.3772969456921279,3107,2635,19352.58794650397,0.0,0.0
cnp,957,unif_40,28.02915767168037,3107,184.60306736826897,10.771580465424798,1427,17.257577206255572,1680,0.5941027949711347,3107,2800,27083.761224682345,0.0,0.0
cnp,957,extrap_40,18.890859166837416,3107,144.95455385744572,7.746152516050092,1427,11.144706650787324,1680,0.3751143080093174,3107,2604,18552.764085212853,0.0,0.0
cnp,957,unif_80,28.811328207066204,3107,190.49689587950706,11.12926446409962,1427,17.682063742966587,1680,0.6264745306205508,3107,2809,28272.97318389544,0.0,0.0
cnp,957,extrap_80,18.69701282865414,3107,144.37447791546583,7.648564375973401,1427,11.048448452680741,1680,0.360617183338327,3107,2588,18231.067871594783,0.0,0.0
cnp,957,unif_100,27.96993049085846,3107,187.34479577839375,10.795300035262015,1427,17.174630455596446,1680,0.5919610022827755,3107,2820,27688.225122998527,0.0,0.0
cnp,957,extrap_100,18.98796906663786,3107,144.69595705717802,7.771444004244386,1427,11.216525062393476,1680,0.3710642527520055,3107,2604,17922.443080834484,0.0,0.0
cnp,957,unif_200,28.594970260659473,3107,188.94499507546425,11.027779328821286,1427,17.56719093183819,1680,0.615095744027374,3107,2805,28452.488505332727,0.0,0.0
cnp,957,extrap_200,19.637541953736495,3107,148.700012922287,8.033300317802187,1427,11.60424163593431,1680,0.4050632128468164,3107,2628,18320.963771312694,0.0,0.0
cnp,957,unif_300,28.15666577688896,3107,187.37094542384148,10.850623512409118,1427,17.306042264479846,1680,0.5992513670971241,3107,2813,27610.361952846433,0.0,0.0
cnp,957,extrap_300,19.757302632617396,3107,149.36601126194,8.094522544651696,1427,11.662780087965697,1680,0.41048412692642294,3107,2630,18397.394159539246,0.0,0.0
cnp,957,unif_500,28.018916026684124,3107,186.22570811212063,10.807142960613142,1427,17.21177306607098,1680,0.5953241279841969,3107,2808,27446.533123891288,0.0,0.0
cnp,957,extrap_500,19.75730274912943,3107,149.3660111129284,8.094522623495484,1427,11.662780125633947,1680,0.4104841391818412,3107,2630,18397.393192914704,0.0,0.0
cnp,958,unif_2,28.36494368448005,3169,179.45406103879213,9.757373934519585,1450,18.607569749960458,1719,0.47197535909770566,3169,2869,32352.821110661673,0.0,0.0
cnp,958,extrap_2,22.677924583425032,3169,167.85442160815,8.566177214517847,1450,14.111747368907185,1719,0.3740463250357273,3169,2732,23858.051869354837,0.0,0.0
cnp,958,unif_4,33.03452795885433,3169,211.86068110913038,11.881580114844091,1450,21.152947844010242,1719,0.600597817491038,3169,2953,34986.670490837714,0.0,0.0
cnp,958,extrap_4,18.012496551132553,3169,149.11232384294271,6.359107453520835,1450,11.653389097611718,1719,0.27528183155317826,3169,2842,22870.466794303662,0.0,0.0
cnp,958,unif_8,27.131182428024594,3169,180.2636999115348,9.475288723071289,1450,17.655893704953304,1719,0.46016692972049617,3169,2885,32378.6035794419,0.0,0.0
cnp,958,extrap_8,19.390237289437927,3169,147.33827931433916,6.733830004435206,1450,12.656407285002723,1719,0.29555868704157584,3169,2781,19941.537761303516,0.0,0.0
cnp,958,unif_10,27.26497578239584,3169,178.73561462014914,9.226955159512762,1450,18.03802062288308,1719,0.42358276188596666,3169,2825,28521.833274553203,0.0,0.0
cnp,958,extrap_10,18.06220763104718,3169,143.01228614896536,6.181485747437594,1450,11.880721883609585,1719,0.25031348292633493,3169,2802,21216.850651303466,0.0,0.0
cnp,958,unif_20,29.90972956804206,3169,193.00933104008436,10.392609934639342,1450,19.517119633402718,1719,0.5095850672364113,3169,2940,31616.475993562515,0.0,0.0
cnp,958,extrap_20,20.596217571806598,3169,155.32713408768177,7.222243471797325,1450,13.373974100009274,1719,0.3295825876151819,3169,2793,21731.56570747355,0.0,0.0
cnp,958,unif_40,28.553190957536128,3169,187.45190941542387,9.694615947508325,1450,18.8585750100278,1719,0.44962759253049195,3169,2922,29597.478578640224,0.0,0.0
cnp,958,extrap_40,20.13509785636832,3169,149.2737943828106,7.049041533184022,1450,13.086056323184296,1719,0.30330823887596225,3169,2757,19852.160602662814,0.0,0.0
cnp,958,unif_80,27.909420755955,3169,184.7148681357503,9.494165298143866,1450,18.415255457811135,1719,0.44354866959304473,3169,2918,29360.060693030995,0.0,0.0
cnp,958,extrap_80,19.218649525440796,3169,145.12214988470078,6.601718481312868,1450,12.616931044127929,1719,0.274556400007619,3169,2740,19403.14989590173,0.0,0.0
cnp,958,unif_100,27.398809672110584,3169,182.0772520378232,9.362932571459506,1450,18.035877100651078,1719,0.43841326748342296,3169,2912,28347.947387028675,0.0,0.0
cnp,958,extrap_100,19.193026341965105,3169,146.58779506385326,6.699492741407818,1450,12.493533600557285,1719,0.284206286359419,3169,2747,19900.84651392637,0.0,0.0
cnp,958,unif_200,28.555472381701662,3169,187.57324420660734,9.749420258579946,1450,18.806052123121717,1719,0.45667604285124913,3169,2932,29802.962315241624,0.0,0.0
cnp,958,extrap_200,19.671052409159802,3169,147.64443711936474,6.899141071897849,1450,12.771911337261951,1719,0.29866586353036384,3169,2759,19807.556937666173,0.0,0.0
cnp,958,unif_300,28.87442167670896,3169,189.14458998292685,9.890318330668752,1450,18.984103346040207,1719,0.4686847049881779,3169,2936,30157.63930630685,0.0,0.0
cnp,958,extrap_300,19.702328607997753,3169,147.81167747080326,6.915567412168403,1450,12.786761195829353,1719,0.29930765788266234,3169,2757,19835.775663845063,0.0,0.0
cnp,958,unif_500,28.38513991545731,3169,186.71820341795683,9.704363652423435,1450,18.680776263033874,1719,0.4554477637650672,3169,2929,29349.647512089927,0.0,0.0
cnp,958,extrap_500,19.702327787798783,3169,147.8116741925478,6.915566998333055,1450,12.78676078946573,1719,0.29930762808656985,3169,2757,19835.775302139038,0.0,0.0
cnp,959,unif_2,33.83324745212767,3144,195.78494273126125,11.03782764437862,1402,22.795419807749056,1742,0.6267294776697766,3144,2839,30254.927371416026,0.0,0.0
cnp,959,extrap_2,22.853502278489636,3144,152.29523118585348,6.872385012672638,1402,15.981117265816994,1742,0.317017180136562,3144,2660,19102.693678278785,0.0,0.0
cnp,959,unif_4,26.399215238061405,3144,172.57229752838612,8.262696848926185,1402,18.13651838913522,1742,0.4349893425237625,3144,2845,26696.187031028734,0.0,0.0
cnp,959,extrap_4,19.643809381238977,3144,152.73122554272413,6.527976841610505,1402,13.115832539628476,1742,0.3390791640906967,3144,2777,23408.139633944294,0.0,0.0
cnp,959,unif_8,29.889989941292036,3144,190.33424812555313,9.780575675418206,1402,20.109414265873834,1742,0.5471032929093261,3144,2925,25708.682711510766,0.0,0.0
cnp,959,extrap_8,19.214228111169266,3144,150.594083994627,6.294004294302062,1402,12.920223816867205,1742,0.31849998974635746,3144,2758,25196.89467197089,0.0,0.0
cnp,959,unif_10,31.255436880109713,3144,193.74101255089045,9.904151469328156,1402,21.351285410781557,1742,0.5470016126544381,3144,2934,27302.947393562117,0.0,0.0
cnp,959,extrap_10,19.530986218007538,3144,145.5826762020588,6.260209154279946,1402,13.270777063727593,1742,0.30795231382564925,3144,2667,21316.68701390683,0.0,0.0
cnp,959,unif_20,31.476866219497825,3144,197.28444249927998,10.16555302750405,1402,21.311313191993776,1742,0.5726040616928376,3144,2951,28723.59863502613,0.0,0.0
cnp,959,extrap_20,19.305733702389247,3144,147.37920501828194,6.13003808553751,1402,13.175695616851735,1742,0.3109276887896122,3144,2755,21786.046996789853,0.0,0.0
cnp,959,unif_40,30.183712253271572,3144,188.62880693376064,9.626226990941243,1402,20.55748526233033,1742,0.531097925137487,3144,2938,26351.680606516267,0.0,0.0
cnp,959,extrap_40,19.913609482512772,3144,147.86319086700678,6.44131660219594,1402,13.47229288031683,1742,0.33479288522065226,3144,2740,19988.13810249257,0.0,0.0
cnp,959,unif_80,31.71715615947469,3144,195.88750183582306,10.191588307492827,1402,21.525567851981865,1742,0.5735131478152384,3144,2914,28613.681697505945,0.0,0.0
cnp,959,extrap_80,20.174990128619513,3144,146.98308327049017,6.452817469724687,1402,13.722172658894824,1742,0.32695231453437734,3144,2708,18588.725495366223,0.0,0.0
cnp,959,unif_100,30.660065754833084,3144,191.76939043402672,9.760735403957362,1402,20.899330350875722,1742,0.5396853422565836,3144,2933,27463.925530974164,0.0,0.0
cnp,959,extrap_100,19.955882654643,3144,147.14947006851435,6.394358194573823,1402,13.561524460069172,1742,0.3279695802269246,3144,2720,19218.20020890701,0.0,0.0
cnp,959,unif_200,30.366191901593407,3144,188.19293239712715,9.631038280972248,1402,20.735153620621155,1742,0.5317850583575635,3144,2913,26532.806155462902,0.0,0.0
cnp,959,extrap_200,20.45763893698555,3144,147.9916027262807,6.597547067271394,1402,13.860091869714159,1742,0.3474312577727912,3144,2721,18658.151700584818,0.0,0.0
cnp,959,unif_300,31.077278855043964,3144,191.78344412148,9.92114121332138,1402,21.156137641722584,1742,0.5522644071088202,3144,2926,27371.752247994307,0.0,0.0
cnp,959,extrap_300,20.457639097803757,3144,147.99159947037697,6.597546893955276,1402,13.860092203848481,1742,0.3474312477011016,3144,2721,18658.147961941464,0.0,0.0
cnp,959,unif_500,30.789705941013445,3144,190.80800890922546,9.797063559488477,1402,20.992642381524966,1742,0.5418236667441857,3144,2927,26932.900167642147,0.0,0.0
cnp,959,extrap_500,20.45763928214039,3144,147.991603679955,6.59754724953599,1402,13.860092032604403,1742,0.3474312662184168,3144,2721,18658.151846760797,0.0,0.0
cnp,960,unif_2,34.22645888171215,3132,201.86263106763363,10.505502076928446,1349,23.720956804783704,1783,0.6898842930246691,3132,2889,26165.916591025234,0.0,0.0
cnp,960,extrap_2,19.82425994961838,3132,164.2511486262083,6.116086263646259,1349,13.708173685972119,1783,0.3498461021228237,3132,2831,28280.921842898017,0.0,0.0
cnp,960,unif_4,34.19585945697781,3132,203.96044072508812,10.43112886706702,1349,23.764730589910787,1783,0.6460249591271026,3132,2822,26240.97581777846,0.0,0.0
cnp,960,extrap_4,18.737462552777657,3132,144.92813102155924,5.244111662748137,1349,13.493350890029522,1783,0.25913682673764976,3132,2755,18375.28453508606,0.0,0.0
cnp,960,unif_8,31.60444273312321,3132,201.8434430807829,9.561214757017034,1349,22.043227976106177,1783,0.5803267241598964,3132,3004,25491.42601628555,0.0,0.0
cnp,960,extrap_8,19.808842365563578,3132,151.57268749177456,5.7837616541707435,1349,14.025080711392834,1783,0.3065870752122156,3132,2746,20869.269289436033,0.0,0.0
cnp,960,unif_10,32.376578724709276,3132,203.11290527880192,9.603133568844184,1349,22.77344515586509,1783,0.5878190406076518,3132,2975,26251.828841668532,0.0,0.0
cnp,960,extrap_10,19.91568310182354,3132,158.83126652240753,6.327378840471702,1349,13.588304261351835,1783,0.35367737017421147,3132,2761,21553.647004136314,0.0,0.0
cnp,960,unif_20,30.497742758243323,3132,192.2008586972952,9.033296327407832,1349,21.464446430835494,1783,0.5519796821384048,3132,2935,24385.18184554652,0.0,0.0
cnp,960,extrap_20,18.393843418336626,3132,148.87177166342735,5.474382169906786,1349,12.919461248429842,1783,0.2914030021310113,3132,2749,22213.484856496456,0.0,0.0
cnp,960,unif_40,30.857050385160917,3132,194.93447905778885,8.959702549562007,1349,21.897347835598914,1783,0.53957414300863,3132,2983,23881.860041740165,0.0,0.0
cnp,960,extrap_40,19.39779398362369,3132,146.73202884942293,5.535518458054198,1349,13.862275525569489,1783,0.2990044259269249,3132,2759,17511.49699528935,0.0,0.0
cnp,960,unif_80,31.132524287305934,3132,198.23313283920288,9.058298444232683,1349,22.074225843073247,1783,0.5461379203537118,3132,2974,24444.250268212287,0.0,0.0
cnp,960,extrap_80,19.204623002132433,3132,145.8809124454856,5.477329745841231,1349,13.727293256291205,1783,0.2931836155749817,3132,2714,19004.954035277344,0.0,0.0
cnp,960,unif_100,31.3053702655728,3132,198.95066848397255,9.219776779072088,1349,22.085593486500713,1783,0.5611320940120741,3132,2967,25081.742490948105,0.0,0.0
cnp,960,extrap_100,19.34687403791761,3132,146.9280767813325,5.5503837423801725,1349,13.796490295537435,1783,0.2957299864129665,3132,2715,18214.426905293865,0.0,0.0
cnp,960,unif_200,31.311919798770013,3132,198.65337720513344,9.148203022018237,1349,22.16371677675178,1783,0.5541508203932158,3132,2970,24877.471554565454,0.0,0.0
cnp,960,extrap_200,19.776333276102317,3132,147.2114474400878,5.6867916700391925,1349,14.089541606063124,1783,0.3124141290893681,3132,2682,17636.275624177924,0.0,0.0
cnp,960,unif_300,31.489102728962827,3132,199.70530827343464,9.230999313879005,1349,22.25810341508382,1783,0.5601816525622372,3132,2964,25255.051536913295,0.0,0.0
cnp,960,extrap_300,19.803482015299757,3132,147.35291997343302,5.69963763542116,1349,14.103844379878597,1783,0.31375174981908377,3132,2679,17636.597622661404,0.0,0.0
cnp,960,unif_500,31.197108171562945,3132,198.5698610395193,9.116678191652776,1349,22.08042997991017,1783,0.5518151138115286,3132,2970,24685.65201529637,0.0,0.0
cnp,960,extrap_500,19.80348194013518,3132,147.35292363911867,5.6996377449838125,1349,14.103844195151368,1783,0.31375176301762164,3132,2679,17636.60269721647,0.0,0.0
cnp,961,unif_2,30.064346928557892,3133,203.26201826334,9.478472798178572,1357,20.585874130379317,1776,0.5060481975800881,3133,2937,27398.88044603839,0.0,0.0
cnp,961,extrap_2,19.310335709222944,3133,168.7398008927703,6.808821783302547,1357,12.501513925920394,1776,0.3153289055626679,3133,2893,28553.689928391763,0.0,0.0
cnp,961,unif_4,28.477102839165884,3133,193.65843672305346,8.481098470749306,1357,19.996004368416575,1776,0.4339370538919528,3133,2938,27783.380605087325,0.0,0.0
cnp,961,extrap_4,18.40692456565164,3133,153.85678973048925,6.084298989937048,1357,12.322625575714593,1776,0.2744903824093151,3133,2806,27714.20580431707,0.0,0.0
cnp,961,unif_8,30.749527278333606,3133,205.26089569926262,9.523316729466622,1357,21.226210548866987,1776,0.5145737891124095,3133,3007,28634.358928438887,0.0,0.0
cnp,961,extrap_8,20.350566223305666,3133,150.3915411233902,5.805700181001036,1357,14.54486604230463,1776,0.2759132038664588,3133,2782,16593.427870117066,0.0,0.0
cnp,961,unif_10,27.464251699111546,3133,190.67793449014425,8.270640607614805,1357,19.19361109149674,1776,0.44613366072638283,3133,2954,25222.89637017071,0.0,0.0
cnp,961,extrap_10,18.558609533763583,3133,146.56695876270533,5.599957644147688,1357,12.958651889615894,1776,0.25649023626921785,3133,2792,16895.468624373734,0.0,0.0
cnp,961,unif_20,27.74992676345903,3133,193.10610587894917,8.26106793081394,1357,19.48885883264509,1776,0.4353642418837495,3133,3005,24874.288593440993,0.0,0.0
cnp,961,extrap_20,19.21440194692299,3133,145.88571958243847,5.676526171859746,1357,13.537875775063245,1776,0.25316385849179723,3133,2729,16496.01856392091,0.0,0.0
cnp,961,unif_40,29.183084708686977,3133,199.98716408759356,9.075407397057567,1357,20.107677311629406,1776,0.4872158323629672,3133,2999,27173.942196314416,0.0,0.0
cnp,961,extrap_40,19.447520137406197,3133,149.3262041285634,5.740084833239585,1357,13.707435304166612,1776,0.2714628713759992,3133,2826,16699.855418124218,0.0,0.0
cnp,961,unif_80,29.167572134844633,3133,198.5144346281886,9.131101979246818,1357,20.03647015559781,1776,0.4916720232007703,3133,2994,26964.754931429416,0.0,0.0
cnp,961,extrap_80,18.689966693601654,3133,145.6994916945696,5.5178788994098324,1357,13.17208779419182,1776,0.2544165722218332,3133,2805,16844.16830362977,0.0,0.0
cnp,961,unif_100,29.14145335217323,3133,197.63836362212896,8.902228699196428,1357,20.239224652976798,1776,0.4782103440539724,3133,3012,26729.93533647127,0.0,0.0
cnp,961,extrap_100,18.845733409353187,3133,146.04415904730558,5.585088307847421,1357,13.260645101505766,1776,0.25410682425510633,3133,2796,16438.41138384333,0.0,0.0
cnp,961,unif_200,28.875757122997385,3133,195.72890000790358,8.857890190755285,1357,20.0178669322421,1776,0.47477035547564184,3133,3005,26318.89192444473,0.0,0.0
cnp,961,extrap_200,19.25928204811179,3133,146.45560490339994,5.633811094236488,1357,13.625470953875297,1776,0.25737305032328794,3133,2755,16148.21133394665,0.0,0.0
cnp,961,unif_300,29.27634940308935,3133,198.12167759984732,8.980972239839986,1357,20.295377163249356,1776,0.4812449777622024,3133,3013,26893.320135708193,0.0,0.0
cnp,961,extrap_300,19.259281218017637,3133,146.45560116320848,5.633810756424933,1357,13.625470461592705,1776,0.25737300608956315,3133,2755,16148.210309429165,0.0,0.0
cnp,961,unif_500,29.234945956864728,3133,198.14636702090502,8.965593382285508,1357,20.269352574579223,1776,0.48000590162642587,3133,3013,26740.04954176965,0.0,0.0
cnp,961,extrap_500,19.25928138419628,3133,146.45560179650784,5.63381089184409,1357,13.625470492352193,1776,0.25737302833826353,3133,2755,16148.210320900911,0.0,0.0
cnp,962,unif_2,22.37809632333457,3063,179.29233387112617,8.505948354672023,1359,13.872147968662551,1704,0.5259317693570847,3063,2825,26217.41968647935,0.0,0.0
cnp,962,extrap_2,16.079857661615968,3063,145.92347641289234,6.590731963542037,1359,9.489125698073932,1704,0.36422489288030985,3063,2736,20750.041104132157,0.0,0.0
cnp,962,unif_4,22.115306376037676,3063,178.42863016575575,8.099353716382133,1359,14.01595265965554,1704,0.49175059566875795,3063,2853,27167.106846899907,0.0,0.0
cnp,962,extrap_4,17.48243515413379,3063,144.35986783355474,6.282730715288424,1359,11.199704438845362,1704,0.38971463608123114,3063,2689,18417.66181558003,0.0,0.0
cnp,962,unif_8,22.614314957579015,3063,175.73961110413074,8.738429892690405,1359,13.87588506488861,1704,0.5182057117654414,3063,2824,25647.453800444764,0.0,0.0
cnp,962,extrap_8,14.697244090247189,3063,128.51113185286522,5.330721781266815,1359,9.366522308980372,1704,0.28737219731051844,3063,2627,15475.841975508458,0.0,0.0
cnp,962,unif_10,16.123410553372274,3063,141.3176451921463,6.031525223512785,1359,10.091885329859489,1704,0.30545963441812773,3063,2672,18613.801225961663,0.0,0.0
cnp,962,extrap_10,15.391423251734377,3063,132.37416176497936,5.608987028187045,1359,9.78243622354733,1704,0.3301461345772138,3063,2644,15775.145207320555,0.0,0.0
cnp,962,unif_20,20.82042371131532,3063,168.8069952428341,7.7831009836379454,1359,13.037322727677376,1704,0.46290107319305324,3063,2812,26186.962410196815,0.0,0.0
cnp,962,extrap_20,13.73117543452087,3063,125.96252030879259,5.022291357210756,1359,8.708884077310113,1704,0.26613161146356806,3063,2632,16227.59427287935,0.0,0.0
cnp,962,unif_40,19.876388864497518,3063,161.0153916105628,7.3476183283755185,1359,12.528770536121998,1704,0.42795594045704977,3063,2807,22229.11973683852,0.0,0.0
cnp,962,extrap_40,14.631324791841864,3063,128.57806560397148,5.373740811406489,1359,9.257583980435374,1704,0.2979693426892307,3063,2646,15506.123899422602,0.0,0.0
cnp,962,unif_80,21.405996234805773,3063,168.53182797133923,7.894469125438652,1359,13.511527109367123,1704,0.46802303557021496,3063,2801,24335.580380007836,0.0,0.0
cnp,962,extrap_80,14.96111414715718,3063,129.37018977105618,5.45494188044936,1359,9.50617226670782,1704,0.300513976498212,3063,2622,15347.586563311303,0.0,0.0
cnp,962,unif_100,21.52085404340726,3063,167.99501156061888,8.044889781903393,1359,13.475964261503869,1704,0.47574601909892056,3063,2798,23961.528215239123,0.0,0.0
cnp,962,extrap_100,14.72476069703153,3063,128.1330476552248,5.342039120494665,1359,9.382721576536865,1704,0.2930051252785531,3063,2635,15214.972520914618,0.0,0.0
cnp,962,unif_200,21.71305809402379,3063,170.44160990417004,8.085020431851378,1359,13.62803766217241,1704,0.4812732728115139,3063,2822,24763.18690902452,0.0,0.0
cnp,962,extrap_200,14.921611641486026,3063,129.5846502929926,5.482402030711261,1359,9.439209610774766,1704,0.3071832625288121,3063,2653,15486.468298187187,0.0,0.0
cnp,962,unif_300,21.741291006534638,3063,170.15945453941822,8.099129172708215,1359,13.642161833826423,1704,0.4835115089574837,3063,2820,24726.585043315263,0.0,0.0
cnp,962,extrap_300,14.921611513664345,3063,129.58465034514666,5.482402055852565,1359,9.43920945781178,1704,0.30718325498385746,3063,2653,15486.467499677836,0.0,0.0
cnp,962,unif_500,21.543068814211523,3063,169.1124073266983,7.992032315635901,1359,13.55103649857562,1704,0.4755988965897454,3063,2813,24338.885899882316,0.0,0.0
cnp,962,extrap_500,14.921611683537032,3063,129.5846508666873,5.482402064996259,1359,9.439209618540772,1704,0.3071832476706833,3063,2653,15486.468080392337,0.0,0.0
cnp,963,unif_2,20.477681990532137,3041,159.91801645606756,8.328515782280363,1351,12.149166208251774,1690,0.4946002969644247,3041,2660,21473.25470345201,0.0,0.0
cnp,963,extrap_2,12.996337807984338,3041,130.76749224960804,5.6423336850047665,1351,7.354004122979569,1690,0.2826323487047393,3041,2681,18481.453033124002,0.0,0.0
cnp,963,unif_4,20.73164369008127,3041,175.20053382962942,8.935663007431803,1351,11.795980682649471,1690,0.5079356375288439,3041,2776,24548.282083334154,0.0,0.0
cnp,963,extrap_4,15.377637645096213,3041,135.96430834382772,5.988409576765046,1351,9.389228068331168,1690,0.3811513035465147,3041,2679,14670.472509008287,0.0,0.0
cnp,963,unif_8,21.528631386566587,3041,172.23064763844013,8.78609374591722,1351,12.74253764064937,1690,0.5240020113798906,3041,2786,23529.767185423247,0.0,0.0
cnp,963,extrap_8,14.259833024857496,3041,130.58335178345442,5.76306303800879,1351,8.496769986848708,1690,0.3177744650818574,3041,2655,14312.261493362013,0.0,0.0
cnp,963,unif_10,23.60903090034546,3041,181.27250016480684,9.583958216482555,1351,14.025072683862904,1690,0.5956485312241608,3041,2813,24883.62911176346,0.0,0.0
cnp,963,extrap_10,14.591084983595575,3041,129.62928177416325,5.725117033597472,1351,8.865967949998101,1690,0.32719717943881743,3041,2653,13831.780772555789,0.0,0.0
cnp,963,unif_20,20.054971347196634,3041,164.1637740880251,7.992451721907037,1351,12.062519625289594,1690,0.4793260864942321,3041,2802,21458.437062732195,0.0,0.0
cnp,963,extrap_20,13.951374719430364,3041,127.14752573519945,5.454147602140412,1351,8.497227117289953,1690,0.3279604457230561,3041,2642,13521.864591916194,0.0,0.0
cnp,963,unif_40,20.690755450363515,3041,168.20303585380316,8.336399812290374,1351,12.35435563807314,1690,0.5066160108087109,3041,2820,22296.25007666574,0.0,0.0
cnp,963,extrap_40,14.024796790691152,3041,127.9099710509181,5.490820356510721,1351,8.53397643418043,1690,0.3309077970221215,3041,2656,13646.186099933326,0.0,0.0
cnp,963,unif_80,21.036217683355808,3041,170.13611359149218,8.450734141142597,1351,12.585483542213206,1690,0.5123731732987122,3041,2829,22661.347607094016,0.0,0.0
cnp,963,extrap_80,14.459947011687344,3041,129.46110824495554,5.683724369332051,1351,8.776222642355293,1690,0.3358821637219988,3041,2633,13853.664518435391,0.0,0.0
cnp,963,unif_100,20.531220921862904,3041,166.96555041521788,8.238349626121963,1351,12.292871295740943,1690,0.495460446124077,3041,2809,22254.74265259842,0.0,0.0
cnp,963,extrap_100,13.671357771143782,3041,125.80236706882715,5.41565376068135,1351,8.255704010462434,1690,0.3116745993126275,3041,2627,13422.548723000877,0.0,0.0
cnp,963,unif_200,20.444077188441728,3041,166.9090495482087,8.22583323788475,1351,12.218243950556978,1690,0.4930830125537493,3041,2812,22306.357758328544,0.0,0.0
cnp,963,extrap_200,14.135315506068785,3041,127.9265830218792,5.63914756546575,1351,8.496167940603037,1690,0.3333653973805326,3041,2638,13637.211844138568,0.0,0.0
cnp,963,unif_300,20.343320963817746,3041,165.54142773151398,8.151214688069757,1351,12.192106275747992,1690,0.4894507159875789,3041,2810,21954.628321626013,0.0,0.0
cnp,963,extrap_300,14.13531597536874,3041,127.92658667266369,5.639147639124575,1351,8.496168336244166,1690,0.3333654041509034,3041,2638,13637.21234342135,0.0,0.0
cnp,963,unif_500,20.18054802123642,3041,165.1330137103796,8.087917186955929,1351,12.092630834280492,1690,0.48408771581888144,3041,2813,21837.054133657424,0.0,0.0
cnp,963,extrap_500,14.135316312043516,3041,127.9265872836113,5.639147866530506,1351,8.496168445513009,1690,0.3333654111733317,3041,2638,13637.211984865611,0.0,0.0
cnp,964,unif_2,27.48445721686481,3070,200.19295939058065,10.5093536193589,1348,16.97510359750591,1722,0.666746634738311,3070,2866,32005.030602909654,0.0,0.0
cnp,964,extrap_2,19.929128604877157,3070,153.33577650785446,7.180607235547946,1348,12.748521369329211,1722,0.45764304550462687,3070,2758,18151.724385963284,0.0,0.0
cnp,964,unif_4,27.426635042653153,3070,192.61436770111322,9.877589824891231,1348,17.549045217761925,1722,0.6557465968903957,3070,2902,27191.77219419438,0.0,0.0
cnp,964,extrap_4,17.823523172107524,3070,146.88208911567926,6.778755076038213,1348,11.044768096069308,1722,0.39500211395665646,3070,2709,18186.355653577037,0.0,0.0
cnp,964,unif_8,23.530167645325626,3070,173.39741360396147,8.408685886896242,1348,15.121481758429384,1722,0.5330802118623922,3070,2838,22977.507722577124,0.0,0.0
cnp,964,extrap_8,17.793249985602365,3070,144.87731062620878,6.433936603004371,1348,11.35931338259799,1722,0.385624895321534,3070,2710,16166.929814932268,0.0,0.0
cnp,964,unif_10,28.628037573761702,3070,193.86725910753012,10.663734914585346,1348,17.964302659176358,1722,0.7046328275446901,3070,2833,27592.83875338076,0.0,0.0
cnp,964,extrap_10,19.026716639423263,3070,152.54061870276928,7.221339455448457,1348,11.805377183974802,1722,0.44621427611019343,3070,2746,17660.57417612085,0.0,0.0
cnp,964,unif_20,23.032207535342483,3070,175.31129148602486,8.526877144987576,1348,14.505330390354906,1722,0.5216499885318495,3070,2831,23105.465352787363,0.0,0.0
cnp,964,extrap_20,18.641273313873484,3070,145.73481901735067,6.817975183413203,1348,11.823298130460282,1722,0.42581574762261154,3070,2690,16168.857859605345,0.0,0.0
cnp,964,unif_40,24.7821517372909,3070,179.728854611516,8.92876971199559,1348,15.853382025295307,1722,0.5681683374970307,3070,2871,24492.594763045014,0.0,0.0
cnp,964,extrap_40,18.105638808478243,3070,144.0194779932499,6.730632549608794,1348,11.375006258869448,1722,0.4017177744942791,3070,2689,16151.971101269486,0.0,0.0
cnp,964,unif_80,25.472110046531267,3070,183.3864138275385,9.292325806550554,1348,16.179784239980712,1722,0.5969380662008105,3070,2872,24817.09373257276,0.0,0.0
cnp,964,extrap_80,18.44230394917925,3070,143.94582400470972,6.6613545252889095,1348,11.780949423890341,1722,0.40743281668849146,3070,2677,15812.02529011727,0.0,0.0
cnp,964,unif_100,25.23352725210368,3070,181.04494781047106,9.165058739510885,1348,16.068468512592794,1722,0.5877461083583692,3070,2865,24500.914425563147,0.0,0.0
cnp,964,extrap_100,18.904610635511432,3070,145.47219569981098,6.787207511176955,1348,12.117403124334478,1722,0.42286192609452145,3070,2687,15889.577007651398,0.0,0.0
cnp,964,unif_200,25.041481742321274,3070,181.3115100711584,9.168263346514365,1348,15.873218395806912,1722,0.5856144699134215,3070,2866,24806.1028283043,0.0,0.0
cnp,964,extrap_200,19.028029268830842,3070,146.62443218380213,6.945121211782904,1348,12.082908057047934,1722,0.4363350716290567,3070,2675,16148.74468501137,0.0,0.0
cnp,964,unif_300,25.6035406737062,3070,183.6038212478161,9.363365965683702,1348,16.240174708022497,1722,0.6028572984864815,3070,2873,25150.01194090551,0.0,0.0
cnp,964,extrap_300,19.028028750896016,3070,146.62442968785763,6.945120987558704,1348,12.082907763337314,1722,0.4363350615086976,3070,2675,16148.744686591624,0.0,0.0
cnp,964,unif_500,25.30823340803055,3070,182.37967639416456,9.242447248758463,1348,16.065786159272086,1722,0.5928862513318081,3070,2870,24657.297883438834,0.0,0.0
cnp,964,extrap_500,19.028029870110963,3070,146.6244356483221,6.945121647428342,1348,12.082908222682624,1722,0.4363351035492728,3070,2675,16148.745710856158,0.0,0.0
cnp,965,unif_2,22.08391193468226,3062,178.96029847860336,6.378848985300882,1281,15.705062949381377,1781,0.5232845292541473,3062,2885,30922.72451104789,0.0,0.0
cnp,965,extrap_2,17.793050175001394,3062,152.01573559641838,4.616191234213139,1281,13.176858940788254,1781,0.45315460202831637,3062,2828,22196.944812213507,0.0,0.0
cnp,965,unif_4,24.515115541579938,3062,189.14087519794703,6.755217369477895,1281,17.759898172102044,1781,0.586554306842942,3062,2932,33626.21531941995,0.0,0.0
cnp,965,extrap_4,16.10199395315748,3062,141.10551988333464,4.047146961063373,1281,12.054846992094104,1781,0.319684862396258,3062,2788,20841.849635584076,0.0,0.0
cnp,965,unif_8,22.15647007438394,3062,174.72784142941236,6.05103769434529,1281,16.10543238003865,1781,0.507480045827161,3062,2846,31173.53612862744,0.0,0.0
cnp,965,extrap_8,17.191797079774013,3062,145.7840038537979,4.304137918260274,1281,12.88765916151374,1781,0.36855717833329665,3062,2809,21385.151532919594,0.0,0.0
cnp,965,unif_10,23.01514980459146,3062,180.2202247530222,6.385305996676509,1281,16.629843807914952,1781,0.5493957346015298,3062,2879,34353.88552193117,0.0,0.0
cnp,965,extrap_10,15.393186523816697,3062,135.5114790648222,4.05741556643212,1281,11.335770957384577,1781,0.31858543651155796,3062,2711,20469.119982916276,0.0,0.0
cnp,965,unif_20,24.213466158234997,3062,188.19004482030869,6.651921735102405,1281,17.56154442313259,1781,0.5809779040949073,3062,2926,34318.89463409661,0.0,0.0
cnp,965,extrap_20,16.318452045406147,3062,139.48802926391363,4.015796343122787,1281,12.302655702283358,1781,0.3389310038004172,3062,2762,20414.70597254519,0.0,0.0
cnp,965,unif_40,23.4674974329531,3062,182.85988260805607,6.30743664487529,1281,17.16006078807781,1781,0.5559603222094481,3062,2923,32264.98839862433,0.0,0.0
cnp,965,extrap_40,15.942756690938154,3062,137.59946294128895,3.92994554662536,1281,12.012811144312794,1781,0.32715223383511377,3062,2714,20349.957337202737,0.0,0.0
cnp,965,unif_80,23.614817133603424,3062,181.85571786016226,6.259660200169498,1281,17.355156933433925,1781,0.5515493223668858,3062,2924,31759.54680773555,0.0,0.0
cnp,965,extrap_80,16.660540741358265,3062,140.96907110512257,4.099566761475446,1281,12.560973979882817,1781,0.3543354346843015,3062,2751,20567.5680494501,0.0,0.0
cnp,965,unif_100,23.432553139558543,3062,180.6184424161911,6.387188819134407,1281,17.045364320424135,1781,0.5557017814936447,3062,2913,31810.428225730186,0.0,0.0
cnp,965,extrap_100,16.621505457907045,3062,140.90330285578966,4.08919780789963,1281,12.532307650007414,1781,0.3477317219890263,3062,2752,20562.030788950735,0.0,0.0
cnp,965,unif_200,23.8555990151736,3062,183.65215542912483,6.443778166046599,1281,17.411820849126997,1781,0.5688437190723467,3062,2925,32538.723191979807,0.0,0.0
cnp,965,extrap_200,16.541015708785913,3062,140.16016764193773,4.135013325781461,1281,12.406002383004452,1781,0.3478891043520171,3062,2738,20577.498710774795,0.0,0.0
cnp,965,unif_300,23.391329208020114,3062,181.09296483546495,6.30080899304149,1281,17.090520214978625,1781,0.5523594369582775,3062,2911,31925.571799509034,0.0,0.0
cnp,965,extrap_300,16.541014674147416,3062,140.16016333550215,4.135013306121801,1281,12.406001368025615,1781,0.3478890758252184,3062,2738,20577.497814897928,0.0,0.0
cnp,965,unif_500,23.379785098543262,3062,181.11816159635782,6.290258098910636,1281,17.08952699963263,1781,0.5522190563964476,3062,2921,31766.797937711417,0.0,0.0
cnp,965,extrap_500,16.54101494936173,3062,140.160162858665,4.135013423739464,1281,12.406001525622267,1781,0.3478890876240365,3062,2738,20577.498101589244,0.0,0.0
cnp,966,unif_2,30.803081270879197,3113,199.35658181458712,9.294999348686924,1487,21.508081922192275,1626,0.6810624426299056,3113,2966,34395.81985076031,0.0,0.0
cnp,966,extrap_2,22.513553694933567,3113,161.85216710716486,7.023799412961004,1487,15.489754281972566,1626,0.4590634475616019,3113,2721,23722.102994659414,0.0,0.0
cnp,966,unif_4,30.054001783618617,3113,194.56694685667753,9.358299618687955,1487,20.69570216493066,1626,0.6858798687000556,3113,2904,33980.61743835946,0.0,0.0
cnp,966,extrap_4,25.831339019879696,3113,180.14466826617718,7.2266337524225035,1487,18.60470526745719,1626,0.5491883084475095,3113,2988,24703.033436814934,0.0,0.0
cnp,966,unif_8,28.88813500464603,3113,192.85191234201193,8.785137441398625,1487,20.102997563247406,1626,0.6473904748864541,3113,2914,35066.769205538556,0.0,0.0
cnp,966,extrap_8,23.388348317674716,3113,166.93421103805304,6.71896875298142,1487,16.669379564693294,1626,0.4514522685229707,3113,2861,23449.666900410943,0.0,0.0
cnp,966,unif_10,30.453478887209005,3113,201.40910517424345,9.655174059490689,1487,20.79830482771832,1626,0.7195196731297537,3113,2969,37185.57181590786,0.0,0.0
cnp,966,extrap_10,22.25301962224232,3113,166.89495385438204,6.776455908087264,1487,15.476563714155056,1626,0.4307325668782227,3113,2866,24393.37634526819,0.0,0.0
cnp,966,unif_20,29.64721605900781,3113,197.04641722887754,9.151509289581465,1487,20.495706769426345,1626,0.6838960712248475,3113,2949,31992.216427305444,0.0,0.0
cnp,966,extrap_20,23.027426221651744,3113,164.40594674646854,6.626765117504696,1487,16.40066110414705,1626,0.4574789540761913,3113,2863,23039.61179263307,0.0,0.0
cnp,966,unif_40,32.002592607335565,3113,211.0394613519311,10.026948252303951,1487,21.975644355031616,1626,0.7566287297657937,3113,2992,34209.20908312306,0.0,0.0
cnp,966,extrap_40,22.048464096206523,3113,160.27820303291082,6.286274449006516,1487,15.762189647200008,1626,0.4181193127777313,3113,2812,22432.986992055758,0.0,0.0
cnp,966,unif_80,31.339144970616022,3113,206.73050496727228,9.762001806170721,1487,21.577143164445303,1626,0.7300587894533299,3113,2988,34017.24185201072,0.0,0.0
cnp,966,extrap_80,23.26112527046444,3113,166.71661061048508,6.521084011376622,1487,16.740041259087818,1626,0.4626394668998704,3113,2918,23055.49818773089,0.0,0.0
cnp,966,unif_100,29.606602893592765,3113,199.30961350351572,9.134766594624207,1487,20.471836298968555,1626,0.6766301455289402,3113,2977,32890.72639231239,0.0,0.0
cnp,966,extrap_100,23.016501786835555,3113,164.56866364181042,6.589739908423874,1487,16.426761878411682,1626,0.4544450707828198,3113,2859,23000.560333653528,0.0,0.0
cnp,966,unif_200,31.05469571639292,3113,204.51822609454393,9.64114810482176,1487,21.41354761157116,1626,0.724065164746794,3113,2972,33251.26980882962,0.0,0.0
cnp,966,extrap_200,23.173977468944013,3113,164.98317324370146,6.6241958647815,1487,16.549781604162515,1626,0.46119681876411944,3113,2878,22946.956846401525,0.0,0.0
cnp,966,unif_300,31.180559309176186,3113,205.28699719160795,9.672736690939889,1487,21.507822618236297,1626,0.7257633580353997,3113,2973,33384.68431371825,0.0,0.0
cnp,966,extrap_300,23.173978319792283,3113,164.98317573964596,6.624195925940194,1487,16.54978239385209,1626,0.46119684239935493,3113,2878,22946.957466172513,0.0,0.0
cnp,966,unif_500,31.276451464828313,3113,205.50562603026628,9.687388402939078,1487,21.589063061889238,1626,0.7272491838227824,3113,2978,33395.15376486339,0.0,0.0
cnp,966,extrap_500,23.17397724199281,3113,164.98317030072212,6.62419576558061,1487,16.5497814764122,1626,0.46119681313284466,3113,2878,22946.957429937313,0.0,0.0
cnp_delta,957,unif_2,22.22053726541072,3107,170.4656013092026,9.542477574091176,1427,12.67805969131954,1680,0.6529841272114754,3107,2600,78970.45892788745,0.0,0.0
cnp_delta,957,extrap_2,20.224598539746445,3107,164.45612023503054,7.664557700735252,1427,12.560040839011196,1680,0.2161950196821351,3107,2715,50921.36029642498,0.0,0.0
cnp_delta,957,unif_4,50.89710067434541,3107,222.18007816782847,39.71214526687249,1427,11.184955407472915,1680,0.2120160068554074,3107,2694,59198.188638824635,0.0,2.4691358024691357
cnp_delta,957,extrap_4,19.40903945694195,3107,159.08303256123327,7.3044883164329555,1427,12.104551140508995,1680,0.14722264473781657,3107,2689,52691.7790997253,0.0,2.4691358024691357
cnp_delta,957,unif_8,21.366333158496204,3107,163.2551926398155,12.15368420567587,1427,9.212648952820334,1680,0.18153685034784317,3107,2618,69719.83158747239,0.0,6.172839506172839
cnp_delta,957,extrap_8,16.725746220505293,3107,145.0807525393393,5.082665587811046,1427,11.643080632694247,1680,0.12422412508376404,3107,2671,48920.542792678585,0.0,0.0
cnp_delta,957,unif_10,17.83014887413828,3107,141.61680031535798,7.663990817446403,1427,10.16615805669188,1680,0.08142585440212073,3107,2514,57231.547148999874,0.0,4.938271604938271
cnp_delta,957,extrap_10,17.467061438120915,3107,147.34467887607025,7.614722032362904,1427,9.852339405758013,1680,0.09568010849713432,3107,2632,56095.804168953175,0.0965561635017702,5.339506172839506
cnp_delta,957,unif_20,26.533214202948454,3107,166.76437256443023,19.78095790480946,1427,6.7522562981389935,1680,0.10035556534069513,3107,2603,60884.68699590041,0.2574831026713872,7.438271604938271
cnp_delta,957,extrap_20,14.560214315821835,3107,125.47253820172045,4.123545629486917,1427,10.436668686334917,1680,0.07588473967948006,3107,2523,40418.87829629643,0.3862246540070808,4.62962962962963
cnp_delta,957,unif_40,14.857225088603313,3107,118.94511584826978,8.78556788387812,1427,6.071657204725193,1680,0.05162651490361673,3107,2326,30432.822727562874,1.9633086578693273,9.41358024691358
cnp_delta,957,extrap_40,11.252322623440168,3107,103.82201917104248,2.729809856379581,1427,8.522512767060585,1680,0.07832890419408846,3107,2458,21205.311522230797,2.896684905053106,2.9012345679012346
cnp_delta,957,unif_80,8.289057856167268,3107,86.43823499314021,4.73062461161587,1427,3.5584332445513995,1680,0.07025805950808002,3107,2133,20346.215100829017,5.600257483102672,7.12962962962963
cnp_delta,957,extrap_80,9.972148255631396,3107,94.21019420859375,3.21555162400128,1427,6.756596631630115,1680,0.07909852140647969,3107,2301,32582.348884669093,4.216285806243965,2.654320987654321
cnp_delta,957,unif_100,15.179828524172759,3107,100.41307462200348,10.232104342375342,1427,4.947724181797417,1680,0.07447675590030706,3107,2036,40474.168873932584,4.184100418410042,8.333333333333334
cnp_delta,957,extrap_100,6.219427737080797,3107,73.68509874692973,1.3165332052107424,1427,4.902894531870054,1680,0.03316056598299429,3107,2253,14913.975934932192,2.9932410685548763,0.6790123456790124
cnp_delta,957,unif_200,3.473479191496959,3107,44.04505485689151,1.9130855028723304,1427,1.560393688624629,1680,0.0081142355644978,3107,1695,11883.759315329386,2.3173479240424846,2.7160493827160495
cnp_delta,957,extrap_200,5.23603004633395,3107,66.56068896681245,1.173760012858184,1427,4.062270033475766,1680,0.029823175575135377,3107,2153,13813.389292148917,2.928870292887029,0.24691358024691357
cnp_delta,957,unif_300,1.6672341969509363,3107,33.094415278406814,1.2571427515048221,1427,0.41009144544611414,1680,0.006409640126103568,3107,1636,4477.33573874226,1.8989378822014806,0.4012345679012346
cnp_delta,957,extrap_300,5.186933273917456,3107,66.1464423213256,1.144639868011077,1427,4.042293405906379,1680,0.02974048448871124,3107,2156,13152.941156122793,2.9932410685548763,0.24691358024691357
cnp_delta,957,unif_500,1.5261112687163843,3107,32.09852823076653,1.2055653692436379,1427,0.3205458994727468,1680,0.006392629343513607,3107,1608,4285.315616234084,1.4161570646926296,0.24691358024691357
cnp_delta,957,extrap_500,5.1869333429077,3107,66.14644301061344,1.1446398928490338,1427,4.042293450058667,1680,0.029740484772305755,3107,2156,13152.941224848728,2.9932410685548763,0.24691358024691357
cnp_delta,958,unif_2,22.671146326101905,3169,184.25210529798642,7.834999536226346,1450,14.836146789875556,1719,0.6429008012417097,3169,2885,170096.8203727846,0.0,0.0
cnp_delta,958,extrap_2,23.742030969814234,3169,175.67780451487488,5.652790442823862,1450,18.089240526990373,1719,0.2775433341825186,3169,2894,46740.35796964156,0.0,0.0
cnp_delta,958,unif_4,21.06220915899175,3169,159.0052937626897,7.4900460961985935,1450,13.572163062793154,1719,0.15000597985852165,3169,2727,71063.38289817488,0.0,5.0
cnp_delta,958,extrap_4,19.505828148203697,3169,145.19918758393032,4.644063043039306,1450,14.86176510516439,1719,0.09978546520106457,3169,2694,41944.32402118061,0.0,1.25
cnp_delta,958,unif_8,23.777630094969062,3169,172.72587136522634,12.280781898510849,1450,11.496848196458211,1719,0.17747995447652226,3169,2744,78822.07138845175,0.0,5.0
cnp_delta,958,extrap_8,19.23979971494414,3169,143.9028215878061,4.249470314987165,1450,14.990329399956977,1719,0.08277557338484857,3169,2704,53049.725852720396,0.06311139160618491,0.0
cnp_delta,958,unif_10,28.828525199315877,3169,173.8662438269239,18.260126470011368,1450,10.568398729304512,1719,0.14882906947060948,3169,2701,71084.90562893824,0.0,6.25
cnp_delta,958,extrap_10,18.181857026109647,3169,141.2373596263933,5.646429367720472,1450,12.535427658389173,1719,0.0814935871620062,3169,2680,58500.497998275794,0.09466708740927737,1.25
cnp_delta,958,unif_20,16.702373304604812,3169,144.0817433771881,8.006454623666134,1450,8.695918680938679,1719,0.09824808546354546,3169,2646,53405.43164582087,0.06311139160618491,3.9375
cnp_delta,958,extrap_20,19.664594059015286,3169,137.8889596760855,5.517011965910119,1450,14.147582093105166,1719,0.07397114258200589,3169,2623,39020.31645554402,1.041337961502051,4.90625
cnp_delta,958,unif_40,16.663663232927508,3169,119.91892463850672,6.537758117590638,1450,10.125905115336872,1719,0.0727693384351725,3169,2296,49279.89972360019,2.1773430104133795,6.8125
cnp_delta,958,extrap_40,14.354175979760026,3169,115.71723144545467,2.6610201980213795,1450,11.693155781738646,1719,0.11079499834513522,3169,2502,36535.05627225518,2.966235405490691,2.8125
cnp_delta,958,unif_80,13.625640877715085,3169,93.48974937582534,4.344378703970399,1450,9.281262173744686,1719,0.23115281102980373,3169,2121,30472.226813150963,5.711580940359735,5.71875
cnp_delta,958,extrap_80,13.107794503807376,3169,95.82583133573644,3.6868605529368095,1450,9.42093395087057,1719,0.3272148861256509,3169,2309,20509.890451008294,5.269801199116441,3.65625
cnp_delta,958,unif_100,9.757943362182766,3169,79.00907734361681,3.0450537741797383,1450,6.712889588003028,1719,0.022889467329863154,3169,2007,17567.45118589379,3.9760176711896498,4.96875
cnp_delta,958,extrap_100,9.316209630630041,3169,82.14807939209277,1.3270808073050238,1450,7.989128823325016,1719,0.039659990844606446,3169,2275,13229.92929172924,3.313348059324708,2.0
cnp_delta,958,unif_200,6.6971729414364995,3169,48.67054026805272,3.315508867057046,1450,3.3816640743794526,1719,0.01371791600048432,3169,1705,4538.633004579813,3.660460713158725,3.15625
cnp_delta,958,extrap_200,6.565773473508556,3169,69.21594718922279,0.8450538148923236,1450,5.720719658616232,1719,0.03696051497949124,3169,2161,11842.542287494005,2.903124013884506,1.53125
cnp_delta,958,unif_300,3.12887849392804,3169,38.57387689900497,0.9058877275828695,1450,2.222990766345171,1719,0.004793408405591875,3169,1650,3637.0358146478434,2.4297885768381193,1.4375
cnp_delta,958,extrap_300,6.566612574493558,3169,69.26396039960673,0.8443969272347582,1450,5.722215647258799,1719,0.037026486789991854,3169,2162,11846.16740405147,2.8715683180814136,1.53125
cnp_delta,958,unif_500,2.9395577597285985,3169,37.589800902649586,0.9036075015783315,1450,2.035950258150267,1719,0.004608217311641247,3169,1607,3529.6272056578146,2.208898706216472,1.5
cnp_delta,958,extrap_500,6.566612557816865,3169,69.26396012274199,0.8443969176498788,1450,5.722215640166985,1719,0.037026485896230935,3169,2162,11846.167348950294,2.8715683180814136,1.53125
cnp_delta,959,unif_2,22.65992961556917,3144,169.60708967390383,5.928834801157175,1402,16.731094814411993,1742,0.33683103385853275,3144,2779,44713.33433314509,0.0,0.0
cnp_delta,959,extrap_2,22.663293671335374,3144,162.4950469911564,5.2673076378927455,1402,17.395986033442625,1742,0.2536617085770414,3144,2728,39395.13234118843,0.0,0.0
cnp_delta,959,unif_4,24.24364878858819,3144,169.96358316278202,10.915717999725683,1402,13.327930788862513,1742,0.1852637194204447,3144,2714,78316.00007677947,0.0,4.938271604938271
cnp_delta,959,extrap_4,21.415299592620855,3144,165.75689064903418,7.832304745671413,1402,13.582994846949441,1742,0.15743320251202503,3144,2773,60964.83308291707,0.0,4.814814814814815
cnp_delta,959,unif_8,22.483599960548638,3144,165.84191204442322,13.23902089887895,1402,9.244579061669686,1742,0.13060241046220622,3144,2684,93188.05738911158,0.0,4.938271604938271
cnp_delta,959,extrap_8,17.784891388792268,3144,138.94408147231297,4.160417372336473,1402,13.624474016455796,1742,0.08991001649759889,3144,2741,53899.22344166936,0.5725190839694656,2.4691358024691357
cnp_delta,959,unif_10,22.051496979104794,3144,146.3075519346312,8.49553285654707,1402,13.555964122557718,1742,0.0878328060703086,3144,2534,48057.696181142615,0.0,4.938271604938271
cnp_delta,959,extrap_10,19.371395692357584,3144,143.46680807655503,5.42595951605745,1402,13.945436176300134,1742,0.0764190836421522,3144,2729,54302.27343326214,0.1272264631043257,2.4691358024691357
cnp_delta,959,unif_20,18.325476860887285,3144,134.24628646056954,9.321300387176532,1402,9.004176473710753,1742,0.09246892801256407,3144,2509,95947.39160097101,0.5725190839694656,5.864197530864198
cnp_delta,959,extrap_20,13.847950210131353,3144,114.7093872706755,2.0502559341860134,1402,11.79769427594534,1742,0.0440557020754047,3144,2583,26349.91822918283,0.8905852417302799,3.302469135802469
cnp_delta,959,unif_40,14.412760836923075,3144,109.7081335746916,5.1642939818159395,1402,9.248466855107136,1742,0.08280359861401393,3144,2369,38507.58895122879,1.5267175572519085,6.450617283950617
cnp_delta,959,extrap_40,11.888170992213528,3144,106.42042627852061,2.2608258572770463,1402,9.627345134936483,1742,0.05339587638187987,3144,2473,42088.31232344819,1.272264631043257,6.018518518518518
cnp_delta,959,unif_80,6.174105829821192,3144,67.18808346152582,1.8746181631378527,1402,4.299487666683339,1742,0.0213563192707784,3144,2037,19241.853006310914,5.152671755725191,5.493827160493828
cnp_delta,959,extrap_80,7.913540230595178,3144,84.82777570735198,0.9687842649755907,1402,6.944755965619588,1742,0.04834896801663229,3144,2417,27433.70370261238,4.325699745547074,3.117283950617284
cnp_delta,959,unif_100,11.317985486638301,3144,69.48740419463138,3.118177975108748,1402,8.199807511529553,1742,0.29639408317961197,3144,1973,12056.824637777638,4.611959287531807,5.493827160493828
cnp_delta,959,extrap_100,7.089736859687151,3144,75.15181211712479,0.7159904970147848,1402,6.373746362672366,1742,0.03992351287137292,3144,2345,15619.231017119191,4.707379134860051,3.919753086419753
cnp_delta,959,unif_200,1.487162564959041,3144,30.84346976487359,0.33869666063740467,1402,1.148465904321636,1742,0.00405128035578832,3144,1568,4218.229495713239,3.4987277353689565,2.1296296296296298
cnp_delta,959,extrap_200,5.281558463970809,3144,62.71002278824017,0.28741964105216655,1402,4.994138822918643,1742,0.031499324106931556,3144,2183,11876.947353127132,2.989821882951654,2.623456790123457
cnp_delta,959,unif_300,1.7934007167142068,3144,29.58820114786431,0.41388215989158383,1402,1.3795185568226231,1742,0.004665243873801352,3144,1565,7104.19129928535,2.258269720101781,2.067901234567901
cnp_delta,959,extrap_300,5.261723731242509,3144,62.420059783471515,0.2862712374818415,1402,4.975452493760669,1742,0.031415513338798544,3144,2183,11438.950150397352,2.7989821882951653,2.623456790123457
cnp_delta,959,unif_500,0.9924990697616487,3144,25.44814138500078,0.2729854372948388,1402,0.7195136324668099,1742,0.00287628827877538,3144,1518,3468.097531966453,1.9720101781170483,2.4691358024691357
cnp_delta,959,extrap_500,5.261723775348738,3144,62.420060211836244,0.2862712424299526,1402,4.975452532918785,1742,0.03141551373463769,3144,2183,11438.950228345106,2.7989821882951653,2.623456790123457
cnp_delta,960,unif_2,23.80246056020038,3132,176.5049572265707,6.245560813976466,1349,17.556899746223916,1783,0.3643907116581092,3132,2836,40543.8641181017,0.0,0.0
cnp_delta,960,extrap_2,22.688242762483295,3132,178.0457242939956,4.713532631861083,1349,17.97471013062221,1783,0.47878552295423243,3132,2796,39733.884063509184,0.0,0.0
cnp_delta,960,unif_4,21.154478167926264,3132,158.7542630019816,6.383186062332785,1349,14.77129210559348,1783,0.2522844037174872,3132,2682,98311.60261718524,0.0,2.4691358024691357
cnp_delta,960,extrap_4,17.9728469506679,3132,134.00607320276322,3.351585844535193,1349,14.621261106132707,1783,0.077021095453723,3132,2588,40450.00189799987,0.0,1.2345679012345678
cnp_delta,960,unif_8,30.675128012583396,3132,177.61293099699833,17.480712387510657,1349,13.194415625072738,1783,0.161350200086766,3132,2631,56220.10838908993,0.28735632183908044,6.3580246913580245
cnp_delta,960,extrap_8,19.633178785366557,3132,142.92865360006545,3.511758477700233,1349,16.121420307666327,1783,0.07563632789500403,3132,2805,42065.97334960041,0.06385696040868455,5.030864197530864
cnp_delta,960,unif_10,24.065750165570055,3132,161.92000681206991,10.52070580671274,1349,13.545044358857314,1783,0.14362633980685408,3132,2544,77795.10485026744,0.0,4.938271604938271
cnp_delta,960,extrap_10,17.65023393893224,3132,130.3320979605196,2.976209352589546,1349,14.674024586342693,1783,0.05686486033898488,3132,2529,36345.160319073846,0.8939974457215837,1.9444444444444444
cnp_delta,960,unif_20,16.741119631953083,3132,135.57223213178077,6.148581470978428,1349,10.592538160974653,1783,0.17964676524916381,3132,2431,53095.23433547912,0.7662835249042146,10.493827160493828
cnp_delta,960,extrap_20,15.883386654297373,3132,115.14259991163271,2.297065516083248,1349,13.586321138214126,1783,0.038028066079396,3132,2524,18588.242842367068,1.6922094508301404,2.191358024691358
cnp_delta,960,unif_40,12.806221966981056,3132,104.80539307714935,3.8011495206396466,1349,9.005072446341407,1783,0.05296436597399008,3132,2361,16663.387367999996,2.0114942528735633,10.0
cnp_delta,960,extrap_40,12.335015770034877,3132,98.27119648419466,1.686751692483544,1349,10.648264077551335,1783,0.03850666028410242,3132,2382,17871.91469382216,2.075351213282248,1.8518518518518519
cnp_delta,960,unif_80,13.76037813080417,3132,91.16839871923003,5.008297865283904,1349,8.752080265520265,1783,0.10283958702664583,3132,2012,15118.353966135204,4.150702426564496,8.333333333333334
cnp_delta,960,extrap_80,10.88141164321968,3132,90.41582477928023,1.2175408266216217,1349,9.66387081659806,1783,0.03365181114072571,3132,2369,14768.164955198867,2.9374201787994894,3.0246913580246915
cnp_delta,960,unif_100,9.410612077521101,3132,72.14542736263684,4.497206153728439,1349,4.91340592379266,1783,0.035746764543093015,3132,1850,19297.32989388892,4.821200510855683,6.172839506172839
cnp_delta,960,extrap_100,9.126433780356765,3132,80.8834847610342,1.1600438966231774,1349,7.966389883733586,1783,0.03241566772766529,3132,2317,12026.731941590127,4.62962962962963,1.7592592592592593
cnp_delta,960,unif_200,3.6561691111947496,3132,38.5173085411152,0.6061462632265094,1349,3.0500228479682407,1783,0.006800034755288368,3132,1535,6867.633848351806,3.8314176245210727,1.2654320987654322
cnp_delta,960,extrap_200,7.130573143693647,3132,68.54635259346469,0.5727274033368808,1349,6.557845740356766,1783,0.027675046089117902,3132,2199,9395.867241477612,2.554278416347382,0.4012345679012346
cnp_delta,960,unif_300,2.5487873221391366,3132,34.25190647362615,0.5989288373253139,1349,1.9498584848138227,1783,0.0017752466713835812,3132,1505,2931.7634933214163,2.0114942528735633,0.24691358024691357
cnp_delta,960,extrap_300,7.129859864174097,3132,68.53706234520723,0.5727463167797697,1349,6.5571135473943265,1783,0.027678777961695246,3132,2199,9395.714362404757,2.554278416347382,0.4012345679012346
cnp_delta,960,unif_500,2.498037370351456,3132,33.66980914994201,0.5740471879772455,1349,1.92399018237421,1783,0.0016916070994464742,3132,1484,2836.9097067607686,1.628352490421456,0.21604938271604937
cnp_delta,960,extrap_500,7.129859862010087,3132,68.53706210665041,0.5727463171600434,1349,6.5571135448500435,1783,0.02767877810193657,3132,2199,9395.714321836602,2.554278416347382,0.4012345679012346
cnp_delta,961,unif_2,23.31759347056421,3133,177.0566277220496,6.432556280175044,1357,16.885037190389163,1776,0.35861915677807604,3133,2861,40475.682570287936,0.0,0.0
cnp_delta,961,extrap_2,21.187936924005275,3133,151.78783931405633,4.2392008933496585,1357,16.948736030655617,1776,0.08353923768721078,3133,2804,45171.96413173985,0.0,0.0
cnp_delta,961,unif_4,22.682109287278397,3133,164.47320379631128,8.79683771798828,1357,13.885271569290119,1776,0.12399264455935102,3133,2678,55180.687702911295,0.0,4.938271604938271
cnp_delta,961,extrap_4,24.122062312962186,3133,153.5274053858593,5.170826600087571,1357,18.95123571287461,1776,0.08603112293629064,3133,2732,42151.18908085262,0.0,1.2345679012345678
cnp_delta,961,unif_8,21.72066614763286,3133,159.50488470439814,7.487658591673873,1357,14.233007555958984,1776,0.11814260759404518,3133,2698,53180.24375963645,0.0,4.938271604938271
cnp_delta,961,extrap_8,22.083529767264594,3133,167.72868286189623,4.701431577749561,1357,17.382098189515034,1776,0.19507443773294975,3133,2768,53172.06594923431,0.3832641328648994,4.012345679012346
cnp_delta,961,unif_10,23.31373791507482,3133,167.55562478774664,13.255924171561517,1357,10.0578137435133,1776,0.11124212017012206,3133,2675,49355.75234249754,0.031938677738741615,6.481481481481482
cnp_delta,961,extrap_10,17.52596043628558,3133,139.7626753672521,4.5224969773744945,1357,13.003463458911085,1776,0.07142865772054612,3133,2678,39680.30422791804,0.031938677738741615,3.7037037037037037
cnp_delta,961,unif_20,18.947605443325568,3133,144.3141156098136,8.358766080284493,1357,10.588839363041075,1776,0.07815232150545448,3133,2504,50732.34160050949,0.15969338869370808,8.364197530864198
cnp_delta,961,extrap_20,17.760573534892245,3133,131.66813604578056,3.145545919513678,1357,14.615027615378569,1776,0.06144643356834621,3133,2640,32254.89102992441,2.1079527307569466,2.191358024691358
cnp_delta,961,unif_40,14.801446249381044,3133,120.5510436503755,6.224396350652889,1357,8.577049898728156,1776,0.16900391953800228,3133,2383,28114.048990919622,2.331523474928138,8.425925925925926
cnp_delta,961,extrap_40,16.159940215745202,3133,113.71302477003701,3.8315879998586904,1357,12.328352215886513,1776,0.12559086239547265,3133,2599,17600.535867125087,4.886617694027468,2.932098765432099
cnp_delta,961,unif_80,8.315972016883368,3133,87.9511801892586,3.029474908984468,1357,5.2864971078989,1776,0.11235489658174985,3133,2208,19084.492320267495,4.7588629830725,7.3765432098765435
cnp_delta,961,extrap_80,11.836758817869306,3133,100.74526645152946,1.5995735896774885,1357,10.237185228191818,1776,0.0555860098190228,3133,2426,36462.43440911772,2.5870328968380707,3.240740740740741
cnp_delta,961,unif_100,7.412747518728601,3133,77.77654376405553,2.4282957416794955,1357,4.984451777049106,1776,0.025811256136225313,3133,2168,20938.509474848837,3.16192909613542,6.049382716049383
cnp_delta,961,extrap_100,9.119159338350174,3133,88.34749364343588,0.9021250934687787,1357,8.217034244881397,1776,0.06058282275517814,3133,2345,34919.993882977105,2.395400830405621,2.191358024691358
cnp_delta,961,unif_200,2.0787497822109153,3133,41.77541303007092,1.0556947641428314,1357,1.0230550180680842,1776,0.010384097869723058,3133,1887,7746.205043870605,3.417438518045353,1.6049382716049383
cnp_delta,961,extrap_200,6.880859005925479,3133,71.60400784317608,0.5209710206787062,1357,6.359887985246774,1776,0.029797722637694948,3133,2278,13894.905303097625,2.235707441711913,1.2962962962962963
cnp_delta,961,unif_300,1.4634766456184327,3133,37.62506685771223,0.8258320760140693,1357,0.6376445696043633,1776,0.010938794807050987,3133,1821,8632.973147313412,1.7246885978920472,0.9567901234567902
cnp_delta,961,extrap_300,6.880955546345643,3133,71.60581643478872,0.5209796827710604,1357,6.359975863574582,1776,0.029800225114177077,3133,2278,13895.197213559637,2.235707441711913,1.2962962962962963
cnp_delta,961,unif_500,1.3445850818081455,3133,36.597643708479154,0.8195759180684156,1357,0.5250091637397297,1776,0.011016604925246755,3133,1807,8679.203542175903,1.4691791759821144,1.0185185185185186
cnp_delta,961,extrap_500,6.880955507846846,3133,71.60581619882942,0.5209796947602454,1357,6.359975813086601,1776,0.029800223934599083,3133,2278,13895.19726526794,2.235707441711913,1.2962962962962963
cnp_delta,962,unif_2,11.879335724662939,3063,117.63485193974338,3.383356625270383,1359,8.495979099392558,1704,0.09472776701941782,3063,2482,52587.272274506235,0.0,0.0
cnp_delta,962,extrap_2,15.060882664278697,3063,152.20949700986966,4.067415875467534,1359,10.993466788811164,1704,0.23187923688150097,3063,2733,41723.73293353416,0.0,0.0
cnp_delta,962,unif_4,16.139513525339865,3063,147.7587186952951,7.757652611011773,1359,8.38186091432809,1704,0.18839065917803294,3063,2601,72220.05341689031,0.0,2.5
cnp_delta,962,extrap_4,15.036871417384116,3063,131.58860849693883,4.6969191399409045,1359,10.33995227744321,1704,0.0972322972349814,3063,2487,39352.862424009014,0.0,3.75
cnp_delta,962,unif_8,17.460146478370536,3063,143.12299506162526,9.244364747226273,1359,8.215781731144261,1704,0.15199795936947358,3063,2524,79206.27389619402,0.0,5.0
cnp_delta,962,extrap_8,13.285157061662128,3063,121.22754024608003,3.6275371844491278,1359,9.657619877213001,1704,0.07122376337455566,3063,2610,25349.51209305285,0.359359686377001,3.15625
cnp_delta,962,unif_10,28.501035113532726,3063,178.8577833904419,20.727319379873663,1359,7.773715733659065,1704,0.21999168322000917,3063,2446,105138.1399017105,0.0,8.75
cnp_delta,962,extrap_10,15.52990031693834,3063,133.46244147664402,4.678713297894511,1359,10.851187019043827,1704,0.07852033316421585,3063,2566,40070.26830896164,0.1306762495916367,8.21875
cnp_delta,962,unif_20,14.727612442623457,3063,125.73366718719626,7.291413820163509,1359,7.436198622459949,1704,0.09307995753349141,3063,2390,52177.9057164232,0.3266906239790918,8.15625
cnp_delta,962,extrap_20,11.322707740929797,3063,109.15326646167523,2.2923790077030186,1359,9.030328733226778,1704,0.0673355664922805,3063,2494,32528.359453007506,0.22868343678536426,4.75
cnp_delta,962,unif_40,12.145784726209584,3063,95.36411045864224,4.984005482590284,1359,7.161779243619302,1704,0.08094249006004896,3063,2122,28749.602773489012,2.8095393662201893,5.28125
cnp_delta,962,extrap_40,9.284318740335356,3063,93.4363652638167,1.7542765601497223,1359,7.530042180185635,1704,0.04801535461433404,3063,2404,18335.34521316054,3.0055537406076445,3.59375
cnp_delta,962,unif_80,9.112641216518623,3063,76.8308755154685,5.073626514362729,1359,4.039014702155894,1704,0.045377086441770305,3063,1951,15446.136950916207,4.344985298921921,10.9375
cnp_delta,962,extrap_80,8.897156792673165,3063,84.41607025509438,1.757616450541728,1359,7.139540342131436,1704,0.10961580970442877,3063,2295,20122.297717602156,4.639006860503104,4.46875
cnp_delta,962,unif_100,8.251784366410602,3063,70.65991324505012,3.7549289522935263,1359,4.496855414117076,1704,0.07551347625239185,3063,1906,14203.780919571875,4.965697484482195,7.5
cnp_delta,962,extrap_100,6.388701804027267,3063,69.86080916616993,0.7936821932151763,1359,5.59501961081209,1704,0.03676926906822037,3063,2224,12603.678140692868,3.2015681149950996,3.5
cnp_delta,962,unif_200,2.499127418743279,3063,27.89037115051542,0.35234714331052064,1359,2.146780275432758,1704,0.005093077830985207,3063,1447,2811.670957328528,3.1688990525971903,1.90625
cnp_delta,962,extrap_200,4.413747418356088,3063,57.40298410296964,0.3422932345167558,1359,4.071454183839332,1704,0.03350857990816653,3063,2159,8889.951686072727,2.5808559294348252,0.21875
cnp_delta,962,unif_300,1.3998618683413802,3063,23.89649646662656,0.4039098021237471,1359,0.995952066217633,1704,0.001882788430462312,3063,1391,2401.2553203745133,1.6661221822933683,1.59375
cnp_delta,962,extrap_300,4.413747403711768,3063,57.40298395597347,0.3422932299889953,1359,4.071454173722773,1704,0.03350858063161323,3063,2159,8889.9517133685,2.5808559294348252,0.21875
cnp_delta,962,unif_500,1.3202966890111016,3063,23.410673006750585,0.35625944658053843,1359,0.964037242430563,1704,0.0018163788601741797,3063,1382,2314.825830043317,1.5354459327017314,0.34375
cnp_delta,962,extrap_500,4.413747407588066,3063,57.4029841036172,0.34229322512808125,1359,4.071454182459985,1704,0.033508581541626434,3063,2159,8889.951842435381,2.5808559294348252,0.21875
cnp_delta,963,unif_2,12.220481788259937,3041,133.51890214337618,4.661590680295815,1351,7.55889110796412,1690,0.16055336345063256,3041,2579,31266.41945419534,0.0,0.0
cnp_delta,963,extrap_2,11.897003369500478,3041,123.13498176875873,3.3702027321587353,1351,8.526800637341742,1690,0.11939267678898523,3041,2555,35833.362144731,0.0,0.0
cnp_delta,963,unif_4,13.27870670630925,3041,121.76202333523543,4.87872863676562,1351,8.399978069543632,1690,0.08175373729527767,3041,2454,28549.01943129585,0.0,0.0
cnp_delta,963,extrap_4,14.415233205403055,3041,134.88236583554317,3.2272039348051855,1351,11.18802927059787,1690,0.1489280024853427,3041,2596,30633.382637381445,0.0,0.0
cnp_delta,963,unif_8,12.744276563118841,3041,115.24420328944689,3.7082970699902926,1351,9.035979493128549,1690,0.09220680090971706,3041,2321,29933.47002422968,0.5261427162117724,2.4691358024691357
cnp_delta,963,extrap_8,11.810587467376735,3041,114.11627182974917,3.3631474455462356,1351,8.447440021830502,1690,0.08381830197221779,3041,2481,30894.778764158764,0.09865175928970733,0.0
cnp_delta,963,unif_10,18.528217747383422,3041,137.53871473670006,10.146441946553644,1351,8.381775800829777,1690,0.1833290623074305,3041,2321,71024.15410799251,0.03288391976323578,6.172839506172839
cnp_delta,963,extrap_10,12.770410653953213,3041,122.95004422217607,3.7997180010044502,1351,8.970692652948763,1690,0.11737367230379052,3041,2438,38107.74486437549,0.0,4.938271604938271
cnp_delta,963,unif_20,12.90249853908878,3041,114.10933599978307,6.212233873500937,1351,6.6902646655878435,1690,0.08559347779237036,3041,2182,49395.807765385485,0.6905623150279513,3.549382716049383
cnp_delta,963,extrap_20,11.624659381277342,3041,103.89558134855179,3.2239670685902793,1351,8.400692312687063,1690,0.06125096617444144,3041,2396,15185.341214230906,2.1045708648470898,1.8209876543209877
cnp_delta,963,unif_40,14.037884518724605,3041,94.0470519237133,8.888155478054271,1351,5.149729040670333,1690,0.11607967151179086,3041,2026,30409.681998796856,2.8609010194015125,4.722222222222222
cnp_delta,963,extrap_40,8.551316856591079,3041,84.07703522049633,2.1491914503797256,1351,6.402125406211351,1690,0.04696064427827541,3041,2256,13060.306578417323,3.9131864518250574,1.4814814814814814
cnp_delta,963,unif_80,12.314394619166878,3041,72.62364288456229,7.0782230360198675,1351,5.236171583147013,1690,0.0821481683705259,3041,1669,18986.959328231715,4.9983558040118385,6.234567901234568
cnp_delta,963,extrap_80,12.028013372066157,3041,77.33137050727964,6.752365359197743,1351,5.275648012868413,1690,0.07149484509194498,3041,2058,12414.973298653133,6.313712594541269,2.5925925925925926
cnp_delta,963,unif_100,8.737564447495272,3041,61.63190251466949,3.5988639371295004,1351,5.138700510365772,1690,0.10440750906807136,3041,1629,8124.1376784787735,4.5379809273265375,4.845679012345679
cnp_delta,963,extrap_100,5.010861626906032,3041,62.61027344332615,0.4885588630648504,1351,4.522302763841183,1690,0.037921246727339084,3041,2037,9338.12159317569,3.6172311739559357,1.5432098765432098
cnp_delta,963,unif_200,2.0300122858904635,3041,27.505945588502072,1.2606461701611182,1351,0.7693661157293453,1690,0.005008792224131641,3041,1023,1676.4725672346765,2.532061821769155,2.5617283950617282
cnp_delta,963,extrap_200,3.6561823024819398,3041,52.82506538070811,0.32585706536765974,1351,3.330325237114281,1690,0.03338021978123609,3041,1903,8501.392899286551,3.091088457744163,0.8950617283950617
cnp_delta,963,unif_300,0.7899237648432116,3041,18.54721518048609,0.3949829174494256,1351,0.39494084739378604,1690,0.0015199978500859512,3041,918,1266.3981239388004,2.1045708648470898,1.1419753086419753
cnp_delta,963,extrap_300,3.656182281354533,3041,52.8250651393937,0.3258570648563288,1351,3.330325216498205,1690,0.03338021944231946,3041,1903,8501.392845400313,3.091088457744163,0.8950617283950617
cnp_delta,963,unif_500,1.0925220692083963,3041,18.7937506672788,0.718544685220071,1351,0.3739773839883254,1690,0.0027966538246683207,3041,894,1202.0110076003077,1.4140085498191384,1.728395061728395
cnp_delta,963,extrap_500,3.6561823126262714,3041,52.825065518234624,0.32585706527152664,1351,3.330325247354744,1690,0.033380219934518375,3041,1903,8501.392920205086,3.091088457744163,0.8950617283950617
cnp_delta,964,unif_2,21.275887353560545,3070,176.34377487046004,8.723964415834171,1348,12.55192293772637,1722,0.6929749246603784,3070,2762,163494.52231530997,0.0,0.0
cnp_delta,964,extrap_2,15.01671262805094,3070,137.48339867803588,2.963691978370706,1348,12.053020649680235,1722,0.127802129381176,3070,2699,40396.15566486051,0.0,0.0
cnp_delta,964,unif_4,16.17257689984568,3070,133.3929017119808,4.818250806414327,1348,11.354326093431357,1722,0.11034324626789543,3070,2560,57364.00729981547,0.0,4.634146341463414
cnp_delta,964,extrap_4,14.837706653956424,3070,131.01755564566702,3.282205660233929,1348,11.555500993722495,1722,0.10728001906286908,3070,2626,32477.824414210532,0.0,1.2195121951219512
cnp_delta,964,unif_8,17.726876945096368,3070,134.2327180426364,7.722199851328131,1348,10.004677093768233,1722,0.13093858002715433,3070,2518,57125.10504928982,0.0,4.878048780487805
cnp_delta,964,extrap_8,14.311167855184413,3070,126.81163668154477,3.2320150478353167,1348,11.079152807349097,1722,0.11146143475380653,3070,2616,46974.99559468692,0.0,0.0
cnp_delta,964,unif_10,26.567183836315614,3070,163.7367531816053,17.432228982957234,1348,9.134954853358378,1722,0.12525971583535706,3070,2511,44586.86302343625,0.0,7.317073170731708
cnp_delta,964,extrap_10,15.021186707714389,3070,122.09209609371828,3.4832796538732698,1348,11.537907053841119,1722,0.09622677629085265,3070,2537,42193.79497997394,0.03258390355164549,3.231707317073171
cnp_delta,964,unif_20,14.124901001104504,3070,117.20517651367481,4.045136944012774,1348,10.079764057091731,1722,0.0551590971058361,3070,2367,30789.697585928683,0.5539263603779733,2.5304878048780486
cnp_delta,964,extrap_20,12.321787090726515,3070,106.22585328890273,2.613022896585572,1348,9.708764194140942,1722,0.04304189577185668,3070,2523,18982.16226397043,1.2381883349625284,2.9878048780487805
cnp_delta,964,unif_40,12.77584648753098,3070,103.72445891525422,5.695043886610906,1348,7.080802600920074,1722,0.06075109103804596,3070,2217,18425.423251788838,2.541544477028348,7.469512195121951
cnp_delta,964,extrap_40,12.344552837474016,3070,108.31264405755064,2.8026635994466007,1348,9.541889238027416,1722,0.08198095115611523,3070,2523,35017.82804814456,2.899967416096448,4.2073170731707314
cnp_delta,964,unif_80,8.461031952104394,3070,73.31183851906098,3.0105370067724455,1348,5.450494945331948,1722,0.055349995515061715,3070,1930,10446.654207199103,5.34376018246986,3.6280487804878048
cnp_delta,964,extrap_80,9.328184413910948,3070,83.38550476871751,1.3366952288993965,1348,7.991489185011551,1722,0.1900797232204486,3070,2287,12838.375568499272,6.0606060606060606,1.5548780487804879
cnp_delta,964,unif_100,6.794686411477871,3070,67.61311963110711,2.669139389824522,1348,4.12554702165335,1722,0.074439021669399,3070,1907,10283.019082495051,5.734767025089606,7.5
cnp_delta,964,extrap_100,6.769022356125396,3070,69.43980916341388,0.6161266432834336,1348,6.152895712841963,1722,0.03281801218872465,3070,2167,11105.850279271232,3.0303030303030303,1.1280487804878048
cnp_delta,964,unif_200,3.149362986054195,3070,35.600631299330416,1.2538507875450977,1348,1.8955121985090977,1722,0.004597100835626816,3070,1375,2710.096338357779,2.965135223199739,1.951219512195122
cnp_delta,964,extrap_200,5.486914983248611,3070,62.31547442398005,0.36738049239910486,1348,5.119534490849507,1722,0.030560021588391238,3070,2079,10585.354002250158,2.541544477028348,1.0365853658536586
cnp_delta,964,unif_300,3.114154284090087,3070,33.71122528959677,1.4414253321672441,1348,1.6727289519228439,1722,0.004421645754599223,3070,1354,2719.201879562902,1.9224503095470837,1.7378048780487805
cnp_delta,964,extrap_300,5.486915019997548,3070,62.31547489709192,0.3673804947320699,1348,5.119534525265479,1722,0.030560021749406037,3070,2079,10585.354016351219,2.541544477028348,1.0365853658536586
cnp_delta,964,unif_500,2.8951478364026357,3070,32.50750471648644,1.2767993595142775,1348,1.6183484768883585,1722,0.004167776368637017,3070,1318,2533.2774427797794,1.6291951775822744,1.3719512195121952
cnp_delta,964,extrap_500,5.486914991923981,3070,62.315474351453304,0.3673804925819562,1348,5.119534499342024,1722,0.030560021801460786,3070,2079,10585.354011978368,2.541544477028348,1.0365853658536586
cnp_delta,965,unif_2,19.870020799999775,3062,177.40969273168594,6.2816291833964435,1281,13.588391616603332,1781,0.39650993668445533,3062,2832,59993.18680174506,0.0,0.0
cnp_delta,965,extrap_2,20.056487855795375,3062,161.9654261488031,3.028315899707253,1281,17.028171956088123,1781,0.227047991915194,3062,2833,41803.54414635347,0.0,0.0
cnp_delta,965,unif_4,18.532087898805774,3062,147.0450293898466,4.81306308595737,1281,13.7190248128484,1781,0.11251421236623156,3062,2727,50281.98936313616,0.0,1.2195121951219512
cnp_delta,965,extrap_4,20.22739821028661,3062,144.09039937356283,3.460063700915337,1281,16.767334509371274,1781,0.08805880525965973,3062,2617,45179.73752613832,0.0,1.2195121951219512
cnp_delta,965,unif_8,16.592224792519833,3062,133.37230672006262,4.246669342027313,1281,12.345555450492519,1781,0.0899206532513914,3062,2505,49760.40471533772,0.0,1.2195121951219512
cnp_delta,965,extrap_8,18.562134598438913,3062,143.32451301981928,3.0726016884407197,1281,15.489532909998191,1781,0.15116568631046826,3062,2674,70351.17491864484,0.0,2.4390243902439024
cnp_delta,965,unif_10,22.7561513510382,3062,163.92388454146567,11.334036239526089,1281,11.422115111512104,1781,0.20358366539868303,3062,2660,68623.95261693545,0.09797517962116264,6.097560975609756
cnp_delta,965,extrap_10,18.90824793059789,3062,139.4069974948943,3.3907893570209735,1281,15.517458573576919,1781,0.09724582261679725,3062,2670,52294.33373894115,0.0,1.2195121951219512
cnp_delta,965,unif_20,17.5873585705635,3062,134.94262434744815,6.806896586759729,1281,10.780461983803773,1781,0.06769717198906297,3062,2518,51115.66487380567,0.2286087524493795,6.615853658536586
cnp_delta,965,extrap_20,15.467417693078708,3062,122.4927984290407,1.954614858906184,1281,13.512802834172525,1781,0.0726546996261277,3062,2629,37922.53201538416,0.6858262573481385,1.4939024390243902
cnp_delta,965,unif_40,14.487634627433927,3062,115.26394746922597,6.443176384067859,1281,8.04445824336607,1781,0.07694370196222063,3062,2288,33558.97856455373,2.057478772044415,6.036585365853658
cnp_delta,965,extrap_40,14.826454812604693,3062,114.57067526696483,2.8163923559960877,1281,12.010062456608605,1781,0.059253221746756395,3062,2556,24758.10947807887,3.3311561071195297,4.298780487804878
cnp_delta,965,unif_80,13.976294008185029,3062,96.46019322938082,7.0204719986776745,1281,6.955822009507354,1781,0.19798380743793173,3062,2139,18521.84581610382,4.441541476159373,5.213414634146342
cnp_delta,965,extrap_80,10.3849618124474,3062,91.43226792015048,1.4130596162354352,1281,8.971902196211962,1781,0.16529684706123743,3062,2475,13368.29523830528,3.7557152188112344,1.25
cnp_delta,965,unif_100,12.957005550378211,3062,94.29291410616497,3.828224523438199,1281,9.128781026940015,1781,0.151219891395204,3062,1998,23876.046445791144,4.376224689745264,5.335365853658536
cnp_delta,965,extrap_100,9.696735061512403,3062,84.99660510022659,2.0163702073584564,1281,7.6803648541539475,1781,0.07528125337740355,3062,2398,13308.7376269183,4.506858262573481,1.2804878048780488
cnp_delta,965,unif_200,6.641628890954986,3062,54.278387332426064,3.2702720809618624,1281,3.3713568099931237,1781,0.060568747476578914,3062,1666,5322.316483452698,3.7557152188112344,3.4451219512195124
cnp_delta,965,extrap_200,7.919420241552075,3062,76.26363135936481,0.7079420780337202,1281,7.211478163518355,1781,0.04211215886075152,3062,2326,12039.747570960428,2.971913781841933,0.39634146341463417
cnp_delta,965,unif_300,5.3138054678592015,3062,46.92547514770558,2.912465609441076,1281,2.4013398584181247,1781,0.012176095192872468,3062,1539,4916.324966138755,2.188112344872632,1.6768292682926829
cnp_delta,965,extrap_300,7.919420248080774,3062,76.263631461974,0.7079420946364148,1281,7.211478153444362,1781,0.04211215928936392,3062,2326,12039.747457691243,2.971913781841933,0.39634146341463417
cnp_delta,965,unif_500,4.646946327737608,3062,44.055568147021404,2.6751834087113653,1281,1.9717629190262431,1781,0.01135094695604611,3062,1545,4216.761703352463,1.3389941214892227,1.3414634146341464
cnp_delta,965,extrap_500,7.919420179983117,3062,76.26363025897808,0.7079420335985296,1281,7.211478146384586,1781,0.04211215630709416,3062,2326,12039.747356490825,2.971913781841933,0.39634146341463417
cnp_delta,966,unif_2,19.357228561268474,3113,156.32383114306867,5.554175748841143,1487,13.80305281242733,1626,0.113936416855509,3113,2726,58845.15796464371,0.0,0.0
cnp_delta,966,extrap_2,24.543231141276646,3113,179.42463354348,4.723922983363128,1487,19.819308157913518,1626,0.20160974488945502,3113,2968,45369.946219511105,0.0,0.0
cnp_delta,966,unif_4,27.240745556195805,3113,180.11416537332116,13.49262587153259,1487,13.748119684663218,1626,0.15993519193233247,3113,2845,125501.01818273931,0.0,3.658536585365854
cnp_delta,966,extrap_4,26.210749793983812,3113,170.82181590225082,4.539534624592778,1487,21.671215169391036,1626,0.1426155654780152,3113,2861,53862.61387331482,0.0,1.2195121951219512
cnp_delta,966,unif_8,22.744947784197205,3113,156.7045903110993,7.435442602255433,1487,15.30950518194177,1626,0.09974918194930937,3113,2574,58621.66693662142,0.0,1.7378048780487805
cnp_delta,966,extrap_8,23.37123428344004,3113,158.8516568409832,3.7578377731541788,1487,19.613396510285863,1626,0.11228280707372253,3113,2815,52613.35682208756,0.0,2.4390243902439024
cnp_delta,966,unif_10,32.808945664578935,3113,198.88594736959203,20.68183684711766,1487,12.127108817461274,1626,0.19929038774415792,3113,2585,115675.65003855195,0.0,4.878048780487805
cnp_delta,966,extrap_10,24.291935671830732,3113,159.50089211727027,5.52388697648397,1487,18.76804869534676,1626,0.12276929060541665,3113,2792,72675.12269709105,0.8352071956312239,1.2195121951219512
cnp_delta,966,unif_20,22.541485221522773,3113,147.48933725502502,6.849397337337821,1487,15.69208788418495,1626,0.1022411766719078,3113,2609,53808.6719757769,0.19274012206874397,3.841463414634146
cnp_delta,966,extrap_20,21.115521766725642,3113,139.50088015994697,3.533915778975123,1487,17.58160598775052,1626,0.07220635747547796,3113,2768,49794.24221275527,1.3491808544812078,3.6280487804878048
cnp_delta,966,unif_40,20.181377207532655,3113,127.93275769022148,9.367865455770433,1487,10.813511751762222,1626,0.1594344543460062,3113,2452,40697.192414670986,3.5978156119498874,8.536585365853659
cnp_delta,966,extrap_40,18.64720209699841,3113,123.46072067649948,3.311980604231892,1487,15.335221492766518,1626,0.06261526180131452,3113,2706,49187.405565108376,2.377128172181176,2.5
cnp_delta,966,unif_80,12.908479828102346,3113,91.63689056839212,3.574838521228039,1487,9.333641306874307,1626,0.123076380367565,3113,2244,20307.53296400514,4.625762929649856,7.804878048780488
cnp_delta,966,extrap_80,13.802240334202622,3113,100.54763526048555,2.3148351464988552,1487,11.487405187703766,1626,0.08952892772186985,3113,2590,21636.92486679296,4.079665917121748,1.6158536585365855
cnp_delta,966,unif_100,10.239102267533998,3113,80.32979059439822,3.6966138865186497,1487,6.54248838101535,1626,0.04541145178127451,3113,2199,21364.97269589066,5.236106649534212,5.7317073170731705
cnp_delta,966,extrap_100,13.151237718014102,3113,94.35576202870652,2.2787228464479186,1487,10.872514871566185,1626,0.21902446203619416,3113,2550,16537.175987728824,5.075489881143591,0.7317073170731707
cnp_delta,966,unif_200,5.182073563788436,3113,43.96736419893932,1.3851809060449465,1487,3.7968926577434887,1626,0.006388571906060295,3113,1868,6094.2507152532435,2.24863475746868,1.4329268292682926
cnp_delta,966,extrap_200,9.364239303127505,3113,78.08746377230273,0.893355175897235,1487,8.470884127230269,1626,0.034949340059679826,3113,2454,14927.670211809967,3.1480886604561515,0.06097560975609756
cnp_delta,966,unif_300,3.1644229778912276,3113,34.40296080672488,1.0510274911465365,1487,2.1133954867446905,1626,0.004329750746186787,3113,1815,4949.070674945772,1.7346610986186959,0.7621951219512195
cnp_delta,966,extrap_300,9.364239233448957,3113,78.08746335141404,0.8933551729856737,1487,8.470884060463284,1626,0.034949339052685754,3113,2454,14927.670213701189,3.1480886604561515,0.06097560975609756
cnp_delta,966,unif_500,3.0320846598557925,3113,33.73115416611108,1.0023098848111984,1487,2.029774775044594,1626,0.004292376274448664,3113,1812,4904.93618771709,1.3170575008030838,0.7621951219512195
cnp_delta,966,extrap_500,9.364239264599115,3113,78.08746353056995,0.8933551713653027,1487,8.470884093233812,1626,0.03494933964128666,3113,2454,14927.670227058708,3.1480886604561515,0.06097560975609756
cnp_attn,957,unif_2,22.751865229177035,3107,174.5886311531067,9.106448490273827,1427,13.645416738903215,1680,0.4423604437742874,3107,2748,46775.82440414997,0.0,0.0
cnp_attn,957,extrap_2,18.800103919145815,3107,158.91191825270653,7.747488027004325,1427,11.052615892141494,1680,0.37252493954849697,3107,2779,21129.260366373943,0.0,0.0
cnp_attn,957,unif_4,22.46423136056306,3107,163.0130461603403,8.805126748045943,1427,13.659104612517112,1680,0.4655266614822699,3107,2730,18740.00214996298,0.0,0.0
cnp_attn,957,extrap_4,26.598395713497784,3107,181.57677839696407,10.272743662088082,1427,16.3256520514097,1680,0.622680098745468,3107,2785,19371.296379555835,0.0,0.0
cnp_attn,957,unif_8,21.08671201451619,3107,157.37936294078827,8.142095123046667,1427,12.944616891469526,1680,0.38986767972055775,3107,2702,18366.439577804493,0.0,0.0
cnp_attn,957,extrap_8,26.537431624186393,3107,177.0013201981783,10.178919110649248,1427,16.358512513537143,1680,0.6267354222492464,3107,2771,18717.10082244153,0.0,0.0
cnp_attn,957,unif_10,22.686817778053573,3107,176.03129932284355,8.785095005312556,1427,13.901722772741019,1680,0.44451473365514144,3107,2813,30302.335892710762,0.0,0.0
cnp_attn,957,extrap_10,27.325186048057986,3107,181.3317740112543,10.487294426034055,1427,16.837891622023932,1680,0.6530621708696267,3107,2790,19573.123188433117,0.0,0.0
cnp_attn,957,unif_20,21.76718299273493,3107,166.4677912890911,8.331008219815104,1427,13.436174772919825,1680,0.4114676308726616,3107,2789,20391.748391231937,0.0,0.0
cnp_attn,957,extrap_20,28.798167005671225,3107,191.53743989765644,10.936539448016148,1427,17.861627557655083,1680,0.6854989494416354,3107,2780,22176.623088916836,0.0,0.0
cnp_attn,957,unif_40,21.355805808572267,3107,162.67719750106335,8.13765479572173,1427,13.218151012850536,1680,0.40405987672318217,3107,2792,22608.603467357025,0.0,0.0
cnp_attn,957,extrap_40,27.032219972670067,3107,178.736494705081,10.346418781197821,1427,16.685801191472247,1680,0.6270564589538766,3107,2767,19651.559840203925,0.0,0.0
cnp_attn,957,unif_80,21.424941581450593,3107,164.44975338876247,8.235084691814901,1427,13.18985688963569,1680,0.4061620042708353,3107,2813,19890.65965976607,0.0,0.0
cnp_attn,957,extrap_80,25.50756217926349,3107,173.30949971824884,9.750897656257912,1427,15.756664523005579,1680,0.5672290792085888,3107,2796,19044.02830966875,0.0,0.0
cnp_attn,957,unif_100,21.471842734550982,3107,163.72435735166073,8.254606284835214,1427,13.217236449715768,1680,0.4060331532187924,3107,2798,19697.388168631056,0.0,0.0
cnp_attn,957,extrap_100,25.366662286522015,3107,171.82048021256924,9.745469141292551,1427,15.621193145229462,1680,0.5699788259853581,3107,2788,18579.680592827444,0.0,0.0
cnp_attn,957,unif_200,21.34087332671305,3107,163.27127999067307,8.175078937131786,1427,13.165794389581269,1680,0.398357885428074,3107,2797,20978.839233364724,0.0,0.0
cnp_attn,957,extrap_200,25.70300924068406,3107,173.60607128590345,9.918343191621371,1427,15.78466604906269,1680,0.5871693080696821,3107,2790,19170.161316535334,0.0,0.0
cnp_attn,957,unif_300,21.515721256508616,3107,164.22228273749352,8.201276708674849,1427,13.314444547833768,1680,0.40265212436490466,3107,2802,19924.99818372403,0.0,0.0
cnp_attn,957,extrap_300,25.636241557060387,3107,173.18538727611303,9.902257156570691,1427,15.733984400489696,1680,0.5852471141990521,3107,2787,19114.0406322816,0.0,0.0
cnp_attn,957,unif_500,21.270190948376083,3107,162.45110274851322,8.136353291921218,1427,13.133837656454865,1680,0.3946921153816715,3107,2792,19810.393483881257,0.0,0.0
cnp_attn,957,extrap_500,25.636239934210337,3107,173.18538413196802,9.902256435028372,1427,15.733983499181962,1680,0.585247054407284,3107,2787,19114.038990415116,0.0,0.0
cnp_attn,958,unif_2,20.45949199481968,3169,161.37986610084772,6.922778439886593,1450,13.536713554933087,1719,0.2852737533817166,3169,2831,47579.764144039866,0.0,0.0
cnp_attn,958,extrap_2,32.04581866650174,3169,192.54933381825686,12.10055656657274,1450,19.945262099929003,1719,0.6760843835654954,3169,2858,24179.342880346892,0.0,0.0
cnp_attn,958,unif_4,23.16468648375418,3169,170.8772291317582,7.9296702407466215,1450,15.23501624300756,1719,0.3435154243861584,3169,2888,26596.711055560787,0.0,0.0
cnp_attn,958,extrap_4,24.777439220812383,3169,164.35934592038393,8.539668902878002,1450,16.23777031793438,1719,0.4226177012621718,3169,2823,19922.106718103365,0.0,0.0
cnp_attn,958,unif_8,20.417916954687996,3169,156.94200748950243,6.5189754659770065,1450,13.89894148871099,1719,0.25513217094263,3169,2905,30066.98374460006,0.0,0.0
cnp_attn,958,extrap_8,25.855977880630302,3169,171.37334833294153,9.299424511437167,1450,16.556553369193136,1719,0.48296220321227185,3169,2866,20521.125241615347,0.0,0.0
cnp_attn,958,unif_10,23.215037227608015,3169,165.85230518132448,7.680721085777538,1450,15.534316141830478,1719,0.3477062173791077,3169,2905,25894.886311811144,0.0,0.0
cnp_attn,958,extrap_10,29.5646922805445,3169,187.3477441444993,10.116991265324312,1450,19.447701015220186,1719,0.5395620298639927,3169,2892,22163.811340882494,0.0,0.0
cnp_attn,958,unif_20,21.902094714225438,3169,162.32198181003332,7.235613174022782,1450,14.666481540202657,1719,0.3090011394556043,3169,2898,23503.37309086549,0.0,0.0
cnp_attn,958,extrap_20,29.415985814979887,3169,189.1474506035447,10.485284586464802,1450,18.930701228515083,1719,0.5784706662451861,3169,2907,23224.6915098365,0.0,0.0
cnp_attn,958,unif_40,23.178087346138543,3169,167.88951859623194,7.508268618529594,1450,15.66981872760895,1719,0.3266494882788807,3169,2920,22108.582297382272,0.0,0.0
cnp_attn,958,extrap_40,27.4879681810697,3169,180.59736488759518,9.518705754254004,1450,17.969262426815703,1719,0.49521543567517673,3169,2931,21341.23421620041,0.0,0.0
cnp_attn,958,unif_80,22.88565089953863,3169,167.5659474954009,7.415274892480787,1450,15.470376007057846,1719,0.32019135560572115,3169,2908,22547.6832615991,0.0,0.0
cnp_attn,958,extrap_80,27.844023867576396,3169,181.1932024806738,9.594746013304167,1450,18.249277854272222,1719,0.5029762384071914,3169,2908,21892.095142147264,0.0,0.0
cnp_attn,958,unif_100,21.915500356936818,3169,163.01003240793943,7.141437376974188,1450,14.77406297996263,1719,0.3016540643106257,3169,2905,21334.172770746365,0.0,0.0
cnp_attn,958,extrap_100,27.16169172891682,3169,179.37416525930166,9.383685042673417,1450,17.77800668624341,1719,0.48651634195760324,3169,2914,21638.651554986194,0.0,0.0
cnp_attn,958,unif_200,22.568437857326796,3169,165.15884289890528,7.383791987912373,1450,15.184645869414423,1719,0.3161727230989725,3169,2906,22006.254895826794,0.0,0.0
cnp_attn,958,extrap_200,26.308042386494215,3169,174.99620799720287,9.056083870437114,1450,17.251958516057098,1719,0.45928485905399047,3169,2919,20959.432465380356,0.0,0.0
cnp_attn,958,unif_300,22.517071697455243,3169,165.40666634589434,7.3166817732742215,1450,15.200389924181023,1719,0.3122008939254861,3169,2910,22008.374687078634,0.0,0.0
cnp_attn,958,extrap_300,26.070875254398718,3169,173.95299080759287,8.970996693087837,1450,17.099878561310884,1719,0.4528222667514578,3169,2918,20711.474000359878,0.0,0.0
cnp_attn,958,unif_500,22.31822779751632,3169,164.5314419195056,7.251367307259665,1450,15.066860490256657,1719,0.30805461640814,3169,2907,21510.10475709119,0.0,0.0
cnp_attn,958,extrap_500,26.07087495943849,3169,173.9529893323779,8.970996640910805,1450,17.09987831852769,1719,0.45282224095756995,3169,2918,20711.476362271722,0.0,0.0
cnp_attn,959,unif_2,21.88971735602781,3144,153.5634202361107,6.676615987716825,1402,15.213101368310987,1742,0.29908187763104976,3144,2684,25974.462241507114,0.0,0.0
cnp_attn,959,extrap_2,30.603743011336604,3144,178.51501955091953,9.48362695440504,1402,21.12011605693157,1742,0.5387718181867456,3144,2855,17103.71427399053,0.0,0.0
cnp_attn,959,unif_4,25.901784688562078,3144,181.62084439396858,7.901255932968278,1402,18.000528755593802,1742,0.4123828551369274,3144,2848,45749.19641079062,0.0,0.0
cnp_attn,959,extrap_4,28.629389842786917,3144,180.16348439455032,9.17180592114947,1402,19.45758392163745,1742,0.5409029139938345,3144,2836,17745.637570225008,0.0,0.0
cnp_attn,959,unif_8,25.66568613514632,3144,179.15257324278355,7.893249288026119,1402,17.772436847120197,1742,0.4248999688374405,3144,2921,20807.47910007135,0.0,0.0
cnp_attn,959,extrap_8,24.494654260664653,3144,162.33050698786974,7.730433132390706,1402,16.76422112827395,1742,0.4250479261096968,3144,2878,16236.86764250878,0.0,0.0
cnp_attn,959,unif_10,25.22874836464516,3144,171.7683575823903,7.484926367152233,1402,17.743821997492933,1742,0.3879598462026799,3144,2924,18389.953165653755,0.0,0.0
cnp_attn,959,extrap_10,26.084836648389846,3144,168.40129625797272,8.08042991756281,1402,18.004406730827036,1742,0.4450973421957557,3144,2873,16802.0808401851,0.0,0.0
cnp_attn,959,unif_20,24.293019345664618,3144,169.58219967782497,7.319678825371484,1402,16.97334052029313,1742,0.36831975373509024,3144,2874,21672.858477009213,0.0,0.0
cnp_attn,959,extrap_20,26.373209337698864,3144,170.5556849092245,8.135662405970967,1402,18.2375469317279,1742,0.4451552768917477,3144,2890,16919.308987041342,0.0,0.0
cnp_attn,959,unif_40,24.1164717740846,3144,165.37235382199287,7.098477988122996,1402,17.017993785961608,1742,0.35483339911332995,3144,2865,17677.048392984267,0.0,0.0
cnp_attn,959,extrap_40,27.268090539366767,3144,171.64375848323107,8.688802126971872,1402,18.5792884123949,1742,0.5013304857238023,3144,2886,16721.728005920915,0.0,0.0
cnp_attn,959,unif_80,24.265333094774377,3144,167.81728899478912,7.181709895998322,1402,17.083623198776056,1742,0.36181287282056035,3144,2884,19301.68275773761,0.0,0.0
cnp_attn,959,extrap_80,25.67365414024031,3144,165.965746819973,8.003159637928238,1402,17.670494502312074,1742,0.44110991018134593,3144,2906,16287.891537083227,0.0,0.0
cnp_attn,959,unif_100,24.253202346580306,3144,166.351006641984,7.1969422253448645,1402,17.05626012123544,1742,0.36030248270387927,3144,2876,19125.19019919986,0.0,0.0
cnp_attn,959,extrap_100,26.343418696209593,3144,168.64671178162098,8.230005780592661,1402,18.113412915616934,1742,0.4614835955582592,3144,2910,16507.064317702003,0.0,0.0
cnp_attn,959,unif_200,24.04150530408316,3144,164.36604368686676,7.1151388447951,1402,16.926366459288058,1742,0.35687407346628314,3144,2876,18020.99726298966,0.0,0.0
cnp_attn,959,extrap_200,25.955947886509406,3144,166.66949164122343,8.09994768502284,1402,17.856000201486566,1742,0.44796820736354565,3144,2903,16347.029906391284,0.0,0.0
cnp_attn,959,unif_300,24.00388564238583,3144,165.08706259727478,7.117616117731174,1402,16.88626952465465,1742,0.3569280243772788,3144,2889,18408.025685942448,0.0,0.0
cnp_attn,959,extrap_300,25.955948852762177,3144,166.6694959923625,8.099948005187239,1402,17.856000847574936,1742,0.4479682374373205,3144,2903,16347.031323474628,0.0,0.0
cnp_attn,959,unif_500,24.049422890339457,3144,165.29921175539494,7.125218765174792,1402,16.924204125164664,1742,0.3566783777650247,3144,2886,18122.563261110987,0.0,0.0
cnp_attn,959,extrap_500,25.955949994385296,3144,166.66949813067913,8.099948578026734,1402,17.856001416358563,1742,0.44796826702899734,3144,2903,16347.031553969107,0.0,0.0
cnp_attn,960,unif_2,21.583522735852156,3132,161.84492407739162,6.175822553554837,1349,15.407700182297319,1783,0.3540282415310271,3132,2839,20962.8618913207,0.0,0.0
cnp_attn,960,extrap_2,26.612300506509868,3132,184.9163478910923,7.862014626961421,1349,18.750285879548443,1783,0.5143524516295727,3132,2901,20565.729499071807,0.0,0.0
cnp_attn,960,unif_4,23.92195634918822,3132,161.83885376155376,6.407295260112536,1349,17.51466108907568,1783,0.3371282645164175,3132,2829,18551.65771083528,0.0,0.0
cnp_attn,960,extrap_4,26.75599852718919,3132,171.21757785230875,7.556681538412244,1349,19.199316988776943,1783,0.45228225495923113,3132,2933,16743.17264946567,0.0,0.0
cnp_attn,960,unif_8,25.738429499294373,3132,181.28789527714252,7.468871950880685,1349,18.269557548413687,1783,0.42534764762995375,3132,2866,23016.55151874078,0.0,0.0
cnp_attn,960,extrap_8,27.149496825782595,3132,179.3226500749588,7.752446005314251,1349,19.397050820468344,1783,0.48276020400830977,3132,2936,18110.75289990305,0.0,0.0
cnp_attn,960,unif_10,24.1115345528695,3132,172.51242741197348,6.615388066285578,1349,17.49614648658392,1783,0.36629093237240334,3132,2975,18949.990481631037,0.0,0.0
cnp_attn,960,extrap_10,28.390632092449327,3132,185.79990877211094,8.359068266554006,1349,20.03156382589532,1783,0.5344503545902624,3132,2961,18211.167661127525,0.0,0.0
cnp_attn,960,unif_20,23.00580553525475,3132,163.4633170068264,6.262124438219987,1349,16.743681097034763,1783,0.33891647638590205,3132,2892,18644.740217962237,0.0,0.0
cnp_attn,960,extrap_20,26.269032189123138,3132,172.8174323812127,7.390737512394044,1349,18.878294676729094,1783,0.4508406543326565,3132,2939,16717.529194943294,0.0,0.0
cnp_attn,960,unif_40,23.96946969603625,3132,166.8613850697875,6.381298803299815,1349,17.588170892736436,1783,0.34918891711409894,3132,2919,16629.400555749467,0.0,0.0
cnp_attn,960,extrap_40,26.852007041134122,3132,175.90429463982582,7.5865164628894775,1349,19.265490578244645,1783,0.4690757780741045,3132,2952,17025.458995160192,0.0,0.0
cnp_attn,960,unif_80,24.36997864567139,3132,171.90097814053297,6.539444810316234,1349,17.83053383535516,1783,0.36387341249969596,3132,2932,17217.089777352285,0.0,0.0
cnp_attn,960,extrap_80,25.72523640582439,3132,170.5835383310914,7.218662928763106,1349,18.50657347706128,1783,0.4331384481128158,3132,2944,16649.688756428714,0.0,0.0
cnp_attn,960,unif_100,23.643649222494425,3132,167.41863119602203,6.419949595424847,1349,17.22369962706958,1783,0.3497939193535806,3132,2912,17717.252373234558,0.0,0.0
cnp_attn,960,extrap_100,27.296385983971007,3132,178.51156198978424,7.785530882835422,1349,19.51085510113559,1783,0.4826202729092577,3132,2954,17465.962829604232,0.0,0.0
cnp_attn,960,unif_200,24.066694210790267,3132,169.41234016418457,6.487692177558414,1349,17.579002033231852,1783,0.35754127601932123,3132,2913,17247.46348729397,0.0,0.0
cnp_attn,960,extrap_200,25.65965953415719,3132,170.29876310378313,7.255466399416121,1349,18.404193134741064,1783,0.4336141534590375,3132,2950,16781.056297181218,0.0,0.0
cnp_attn,960,unif_300,24.033532217774127,3132,169.7562606483698,6.493893563207909,1349,17.539638654566218,1783,0.3570607743573424,3132,2921,17441.388772764913,0.0,0.0
cnp_attn,960,extrap_300,25.678026879387126,3132,170.4174234420061,7.2674464900904745,1349,18.41058038929665,1783,0.4344836029461127,3132,2952,16805.633911926834,0.0,0.0
cnp_attn,960,unif_500,24.130130803510387,3132,170.26472452282906,6.527939339281329,1349,17.60219146422906,1783,0.35908402398483086,3132,2923,17402.00340523076,0.0,0.0
cnp_attn,960,extrap_500,25.678027010962296,3132,170.41742316633463,7.267446522337808,1349,18.410580488624486,1783,0.4344836150152988,3132,2952,16805.633792911598,0.0,0.0
cnp_attn,961,unif_2,21.497780186106258,3133,164.74721971154213,6.618113578275091,1357,14.879666607831167,1776,0.2893472146046386,3133,2823,17066.29476825709,0.0,0.0
cnp_attn,961,extrap_2,30.4051688475516,3133,200.31803806871176,9.945767211923014,1357,20.459401635628584,1776,0.6358801996458174,3133,3002,20065.14734454269,0.0,0.0
cnp_attn,961,unif_4,25.488191271241494,3133,178.62384717911482,7.668770381492962,1357,17.819420889748532,1776,0.4108612930283945,3133,2907,22978.42117325797,0.0,0.0
cnp_attn,961,extrap_4,18.822350719491126,3133,149.08096504956484,5.782643962013303,1357,13.039706757477822,1776,0.28046448501927645,3133,2824,16376.216641160423,0.0,0.0
cnp_attn,961,unif_8,22.812376354034072,3133,170.2781180664897,6.90960262606982,1357,15.90277372796425,1776,0.30490482075550723,3133,2903,20449.28263254523,0.0,0.0
cnp_attn,961,extrap_8,23.45261111336853,3133,164.28640953451395,6.9589081129514225,1357,16.493703000417106,1776,0.37980352132255923,3133,2932,15914.242404977384,0.0,0.0
cnp_attn,961,unif_10,23.40974435964421,3133,173.95168510824442,6.5738166532908195,1357,16.83592770635339,1776,0.3194685067948544,3133,2975,18266.977777255208,0.0,0.0
cnp_attn,961,extrap_10,25.505405708327192,3133,175.06512993574142,7.691043010251791,1357,17.8143626980754,1776,0.43898870443658977,3133,2930,17136.629723853577,0.0,0.0
cnp_attn,961,unif_20,22.504469022406738,3133,169.607028670609,6.5211203148885435,1357,15.983348707518193,1776,0.3084070499569058,3133,2988,17679.308905410406,0.0,0.0
cnp_attn,961,extrap_20,26.939301921223105,3133,182.29475523531437,7.954976555385721,1357,18.984325365837385,1776,0.4578739525187899,3133,2976,19213.95680344865,0.0,0.0
cnp_attn,961,unif_40,22.264752378112874,3133,167.4413005784154,6.698352881096785,1357,15.566399497016093,1776,0.30170168268008773,3133,2919,18622.31386772376,0.0,0.0
cnp_attn,961,extrap_40,27.53087509350169,3133,185.04865582287312,8.365048970589093,1357,19.165826122912595,1776,0.4993991260695042,3133,2951,18534.638427642785,0.0,0.0
cnp_attn,961,unif_80,22.720457425675306,3133,170.97498812526464,6.7868503424010065,1357,15.933607083274296,1776,0.3111325515738268,3133,2955,18911.444843007244,0.0,0.0
cnp_attn,961,extrap_80,25.6289213328875,3133,175.8150486946106,7.568718750410171,1357,18.060202582477327,1776,0.43243771528142594,3133,2956,17027.7996532267,0.0,0.0
cnp_attn,961,unif_100,23.168048566251166,3133,171.57308063656092,6.798164583891607,1357,16.36988398235956,1776,0.32175792424713334,3133,2971,18857.203597456166,0.0,0.0
cnp_attn,961,extrap_100,25.90009154978121,3133,178.15173971652985,7.683513220516517,1357,18.216578329264696,1776,0.4371506296913564,3133,2962,17748.000173727276,0.0,0.0
cnp_attn,961,unif_200,22.56424757565157,3133,168.42254637926817,6.663230719395638,1357,15.901016856255936,1776,0.30872857203991627,3133,2959,18501.020811077415,0.0,0.0
cnp_attn,961,extrap_200,25.144171773898012,3133,174.1319324299693,7.452218020721711,1357,17.691953753176303,1776,0.41443859909917824,3133,2956,17393.455472794056,0.0,0.0
cnp_attn,961,unif_300,22.774924778671682,3133,169.72156035155058,6.711474704459439,1357,16.06345007421224,1776,0.31237398130231797,3133,2959,18498.774261285973,0.0,0.0
cnp_attn,961,extrap_300,25.144172042955873,3133,174.13192986696959,7.4522181681604165,1357,17.691953874795455,1776,0.41443862106521107,3133,2956,17393.45341300982,0.0,0.0
cnp_attn,961,unif_500,22.798453352375674,3133,170.1741093620658,6.738862533605426,1357,16.05959081877025,1776,0.3135527490281766,3133,2954,18564.616291746494,0.0,0.0
cnp_attn,961,extrap_500,25.14417054783351,3133,174.1319257169962,7.452217499815514,1357,17.691953048017993,1776,0.41443856637892795,3133,2956,17393.453005590047,0.0,0.0
cnp_attn,962,unif_2,15.230452909577814,3063,143.44199969619513,5.690766184840195,1359,9.539686724737617,1704,0.31274167424121424,3063,2818,16750.759400257954,0.0,0.0
cnp_attn,962,extrap_2,23.192785714611343,3063,176.1273766234517,8.983949019829643,1359,14.208836694781699,1704,0.5871385481049581,3063,2829,18488.83639353476,0.0,0.0
cnp_attn,962,unif_4,18.86851623396678,3063,159.94158171862364,7.412749389730468,1359,11.455766844236312,1704,0.4368574872267651,3063,2805,21262.140996112452,0.0,0.0
cnp_attn,962,extrap_4,24.377118781584812,3063,174.04360155761242,9.314462982249879,1359,15.062655799334935,1704,0.645764314765727,3063,2778,18296.347242450236,0.0,0.0
cnp_attn,962,unif_8,16.96836224123212,3063,150.40088920295238,6.775381554626657,1359,10.192980686605466,1704,0.36511991787669423,3063,2747,18887.587979845808,0.0,0.0
cnp_attn,962,extrap_8,20.513356154805955,3063,159.2452725544572,7.586360319868521,1359,12.926995834937436,1704,0.48259542678955536,3063,2758,16328.625133484766,0.0,0.0
cnp_attn,962,unif_10,18.929414209215743,3063,158.72989089041948,7.076787988055013,1359,11.85262622116073,1704,0.4154653775798888,3063,2757,17557.6888177072,0.0,0.0
cnp_attn,962,extrap_10,22.404385626839037,3063,165.54366898536682,8.29239995368589,1359,14.111985673153145,1704,0.5577956365638352,3063,2774,17212.303639037316,0.0,0.0
cnp_attn,962,unif_20,16.50746152470604,3063,149.3636766821146,6.186112852900088,1359,10.321348671805954,1704,0.3377725885971511,3063,2835,22340.36241346001,0.0,0.0
cnp_attn,962,extrap_20,20.192357028540982,3063,156.4216173812747,7.375456421488639,1359,12.81690060705234,1704,0.47463226750373355,3063,2781,15939.714443149525,0.0,0.0
cnp_attn,962,unif_40,15.55899686628172,3063,142.06421692669392,5.8821341099177245,1359,9.676862756363999,1704,0.3129884707896865,3063,2786,16734.28504815582,0.0,0.0
cnp_attn,962,extrap_40,18.59615212954509,3063,147.45181719213724,6.869122117134369,1359,11.72703001241072,1704,0.424839521264454,3063,2733,14615.985858888354,0.0,0.0
cnp_attn,962,unif_80,15.999622569780959,3063,142.5713152885437,5.9834809662144455,1359,10.016141603566515,1704,0.31725669835492964,3063,2780,17429.63992154833,0.0,0.0
cnp_attn,962,extrap_80,18.648347251830103,3063,146.70898935943842,6.857758177183263,1359,11.790589074646842,1704,0.42262156692929204,3063,2736,14830.180018191255,0.0,0.0
cnp_attn,962,unif_100,16.074451910399322,3063,143.85047167539597,6.0682651004545916,1359,10.006186809944728,1704,0.3223535038853547,3063,2754,17081.376082881063,0.0,0.0
cnp_attn,962,extrap_100,19.33917251383503,3063,150.34992882609367,7.088585825406675,1359,12.250586688428355,1704,0.44278289369829826,3063,2755,15422.353404187228,0.0,0.0
cnp_attn,962,unif_200,16.335470968592986,3063,145.71240125596523,6.14530235466402,1359,10.190168613928966,1704,0.32977671551930193,3063,2787,17961.064724617143,0.0,0.0
cnp_attn,962,extrap_200,19.505759084478907,3063,151.70672938227654,7.164580123559001,1359,12.341178960919905,1704,0.44951668721636917,3063,2751,15526.58040360947,0.0,0.0
cnp_attn,962,unif_300,16.166107837427358,3063,144.75124843418598,6.062061080686587,1359,10.104046756740772,1704,0.32435118204154556,3063,2800,17727.50643250638,0.0,0.0
cnp_attn,962,extrap_300,19.505759662214416,3063,151.7067283168435,7.16458031294351,1359,12.341179349270906,1704,0.44951672268743026,3063,2751,15526.579243360015,0.0,0.0
cnp_attn,962,unif_500,16.260283324883908,3063,145.14255221933126,6.080435640287225,1359,10.179847684596684,1704,0.32626678650460594,3063,2802,17584.568566957594,0.0,0.0
cnp_attn,962,extrap_500,19.50575945255305,3063,151.70672900229692,7.164580222204143,1359,12.341179230348907,1704,0.44951668606064077,3063,2751,15526.580642125087,0.0,0.0
cnp_attn,963,unif_2,15.41005585300777,3041,141.3425673469901,6.2739522821828455,1351,9.136103570824925,1690,0.33643168522147077,3041,2723,22407.691080007957,0.0,0.0
cnp_attn,963,extrap_2,16.259585183081644,3041,142.8591131940484,6.707941331184143,1351,9.5516438518975,1690,0.402815929849498,3041,2757,13469.41411142024,0.0,0.0
cnp_attn,963,unif_4,15.80982773967453,3041,146.33423027396202,7.143033597155626,1351,8.666794142518905,1690,0.3687737684396518,3041,2614,17560.5555813528,0.0,0.0
cnp_attn,963,extrap_4,20.404664913057783,3041,159.3387976065278,7.8925892109864435,1351,12.512075702071337,1690,0.5260280937779079,3041,2766,16177.51573376145,0.0,0.0
cnp_attn,963,unif_8,15.849292825030679,3041,146.5124267488718,6.66956775784824,1351,9.179725067182439,1690,0.3531893356800009,3041,2774,17511.208095134843,0.0,0.0
cnp_attn,963,extrap_8,17.97434790753708,3041,143.4125843271613,7.184549756677253,1351,10.789798150859829,1690,0.4380773253730832,3041,2682,13698.723504646718,0.0,0.0
cnp_attn,963,unif_10,15.577353634240282,3041,145.1117088869214,6.413412991035319,1351,9.163940643204963,1690,0.3415424867159943,3041,2780,18880.500190838946,0.0,0.0
cnp_attn,963,extrap_10,15.598883443515888,3041,132.31833774596453,6.181892908531107,1351,9.416990534984784,1690,0.35968970413828677,3041,2628,11885.935376159447,0.0,0.0
cnp_attn,963,unif_20,15.070416303291683,3041,141.6694641932845,6.185657252225253,1351,8.884759051066432,1690,0.3306728769008776,3041,2782,16336.88106678598,0.0,0.0
cnp_attn,963,extrap_20,17.872497039440145,3041,144.23805946856737,6.987192330799525,1351,10.885304708640621,1690,0.4478935020488112,3041,2717,12810.164265403417,0.0,0.0
cnp_attn,963,unif_40,14.627713400243511,3041,139.92032650858164,6.04001661538019,1351,8.587696784863322,1690,0.31826075155896,3041,2797,16035.635626255133,0.0,0.0
cnp_attn,963,extrap_40,17.76243183710647,3041,143.52786810696125,6.972509314094546,1351,10.78992252301192,1690,0.4494081699791522,3041,2729,12803.52632326466,0.0,0.0
cnp_attn,963,unif_80,15.425608779187035,3041,144.49159041047096,6.441502144721021,1351,8.984106634466015,1690,0.34684319080757964,3041,2788,16686.879292503178,0.0,0.0
cnp_attn,963,extrap_80,18.399727287606346,3041,146.33452237397432,7.248081298530877,1351,11.151645989075465,1690,0.46690242066681087,3041,2723,13484.862281941807,0.0,0.0
cnp_attn,963,unif_100,14.70587287811866,3041,138.75216280668974,6.090820223461947,1351,8.615052654656713,1690,0.3159658355863411,3041,2739,16057.695337718938,0.0,0.0
cnp_attn,963,extrap_100,17.14455344173354,3041,141.43278419226408,6.774588326714049,1351,10.36996511501949,1690,0.4203019988773783,3041,2709,13011.971711674845,0.0,0.0
cnp_attn,963,unif_200,14.982749326578286,3041,140.88362319767475,6.241069797243299,1351,8.741679529334986,1690,0.32568340976794496,3041,2750,16424.912507374684,0.0,0.0
cnp_attn,963,extrap_200,17.49455857293278,3041,142.6122055798769,6.8689138771934655,1351,10.625644695739316,1690,0.4292712245688033,3041,2722,13005.300390483615,0.0,0.0
cnp_attn,963,unif_300,14.911154814768032,3041,140.0870455354452,6.162708845641405,1351,8.748445969126626,1690,0.32235180244862943,3041,2747,16153.48486494025,0.0,0.0
cnp_attn,963,extrap_300,17.494559420327224,3041,142.61220867186785,6.868914235949265,1351,10.625645184377959,1690,0.42927125827930385,3041,2722,13005.300409998043,0.0,0.0
cnp_attn,963,unif_500,15.022052445936179,3041,141.12868759781122,6.226692722760843,1351,8.795359723175336,1690,0.3265624626106881,3041,2755,16299.014402786968,0.0,0.0
cnp_attn,963,extrap_500,17.494558736174362,3041,142.61220806837082,6.8689139458121495,1351,10.625644790362212,1690,0.4292712215739024,3041,2722,13005.301188979147,0.0,0.0
cnp_attn,964,unif_2,24.449603906512763,3070,189.31388784199953,9.474256368987168,1348,14.975347537525591,1722,0.6134338393904966,3070,2896,26364.91641151761,0.0,0.0
cnp_attn,964,extrap_2,24.73121965562316,3070,170.7543884292245,9.17144894442656,1348,15.559770711196597,1722,0.6499123792525234,3070,2825,15718.076779942818,0.0,0.0
cnp_attn,964,unif_4,20.93450456106337,3070,163.62700901180506,7.434423139186271,1348,13.500081421877095,1722,0.4541648463786035,3070,2848,20385.679516886314,0.0,0.0
cnp_attn,964,extrap_4,23.6022801099979,3070,170.31406077742577,8.579887983405165,1348,15.022392126592734,1722,0.5867960623823348,3070,2828,16644.843248205543,0.0,0.0
cnp_attn,964,unif_8,19.32705260707423,3070,154.72621204704046,6.649450049614069,1348,12.677602557460158,1722,0.39218771468835284,3070,2849,19629.27157550301,0.0,0.0
cnp_attn,964,extrap_8,21.46192513829785,3070,156.08746300637722,7.737280176378165,1348,13.724644961919685,1722,0.5024307292380418,3070,2793,14783.593269542209,0.0,0.0
cnp_attn,964,unif_10,20.34310909771267,3070,165.1708925589919,7.511641400498551,1348,12.83146769721412,1722,0.4403789189566488,3070,2858,21946.044248202998,0.0,0.0
cnp_attn,964,extrap_10,27.062985299955365,3070,183.319638364017,10.05183889857107,1348,17.0111464013843,1722,0.7121416207247457,3070,2862,19423.46228493322,0.0,0.0
cnp_attn,964,unif_20,18.656590036059367,3070,155.18388196080923,7.1567564577593465,1348,11.499833578300022,1722,0.3920819267078022,3070,2780,17197.962027881,0.0,0.0
cnp_attn,964,extrap_20,22.754250782703153,3070,163.97850089520216,8.239891200849618,1348,14.514359581853533,1722,0.5497231119922226,3070,2846,15856.138501466188,0.0,0.0
cnp_attn,964,unif_40,19.91898507003254,3070,161.038772508502,7.353887666181147,1348,12.565097403851397,1722,0.4322448787359725,3070,2864,18919.06827676699,0.0,0.0
cnp_attn,964,extrap_40,22.343199842194128,3070,162.04632715135813,8.203807102786346,1348,14.139392739407782,1722,0.5347691573425324,3070,2812,15845.210651376365,0.0,0.0
cnp_attn,964,unif_80,19.14425287165818,3070,157.57014148682356,7.279534591588369,1348,11.864718280069805,1722,0.4112181785097622,3070,2830,18244.578855345037,0.0,0.0
cnp_attn,964,extrap_80,23.250593058941828,3070,164.42797512561083,8.343485877544182,1348,14.907107181397643,1722,0.5594231305388614,3070,2826,15933.738884607277,0.0,0.0
cnp_attn,964,unif_100,19.000946802455516,3070,155.82574746012688,7.063234741865161,1348,11.937712060590355,1722,0.4024813665866356,3070,2840,17786.710602123785,0.0,0.0
cnp_attn,964,extrap_100,23.6404908041927,3070,164.90817945450544,8.459854179946534,1348,15.180636624246166,1722,0.5739773233868098,3070,2785,15866.596881138528,0.0,0.0
cnp_attn,964,unif_200,19.210952094384165,3070,157.97476123273373,7.214954670125629,1348,11.995997424258537,1722,0.4098738757981195,3070,2831,18350.417960274353,0.0,0.0
cnp_attn,964,extrap_200,22.85531795824434,3070,161.9437426701188,8.213480096059724,1348,14.641837862184618,1722,0.545050307458862,3070,2792,15659.877531917977,0.0,0.0
cnp_attn,964,unif_300,19.354178586023444,3070,158.83830756694078,7.239763769626525,1348,12.11441481639692,1722,0.4139703568895494,3070,2846,18465.361965458123,0.0,0.0
cnp_attn,964,extrap_300,22.855318786411587,3070,161.94374538958073,8.2134802756372,1348,14.641838510774388,1722,0.5450503335908545,3070,2792,15659.877761290729,0.0,0.0
cnp_attn,964,unif_500,19.30525199327556,3070,158.54987462610006,7.240200770069066,1348,12.065051223206495,1722,0.4129839506071783,3070,2843,18250.818946875308,0.0,0.0
cnp_attn,964,extrap_500,22.85531827891991,3070,161.9437424838543,8.213480061119004,1348,14.641838217800906,1722,0.5450503115591414,3070,2792,15659.875903398162,0.0,0.0
cnp_attn,965,unif_2,17.265196961874842,3062,159.95707344263792,5.441771311995456,1281,11.823425649879384,1781,0.376638642603706,3062,2884,25772.31658065995,0.0,0.0
cnp_attn,965,extrap_2,23.815191776836222,3062,173.48638086766005,6.5747260389210105,1281,17.240465737915212,1781,0.7079405299473459,3062,2837,20852.6916939977,0.0,0.0
cnp_attn,965,unif_4,19.578200812221446,3062,163.14635542035103,5.433775724884789,1281,14.144425087336657,1781,0.43754623066239,3062,2881,24363.18789992184,0.0,0.0
cnp_attn,965,extrap_4,17.181059837141657,3062,145.47307896614075,4.5942545131258505,1281,12.586805324015806,1781,0.3756310607854859,3062,2822,18580.265533527658,0.0,0.0
cnp_attn,965,unif_8,17.96224865192167,3062,156.64013271778822,4.884939670801927,1281,13.07730898111974,1781,0.37199224086857186,3062,2867,23376.720796064983,0.0,0.0
cnp_attn,965,extrap_8,19.555939767527853,3062,157.6448574066162,5.216080053156961,1281,14.339859714370892,1781,0.47554112824826206,3062,2877,19507.419664870038,0.0,0.0
cnp_attn,965,unif_10,17.548135093853105,3062,156.5771190971136,5.128392566910563,1281,12.419742526942546,1781,0.3745429177260351,3062,2845,35631.3289994029,0.0,0.0
cnp_attn,965,extrap_10,21.40330548995336,3062,164.80390971153975,5.474656275878634,1281,15.928649214074726,1781,0.5331508825462303,3062,2872,20490.146364253276,0.0,0.0
cnp_attn,965,unif_20,18.178503929867123,3062,160.9459988772869,5.315338906379497,1281,12.863165023487628,1781,0.39660816976272734,3062,2892,26722.962823976566,0.0,0.0
cnp_attn,965,extrap_20,17.204806483576704,3062,144.72821773588657,4.513136715270798,1281,12.691669768305903,1781,0.38512488123681676,3062,2783,17829.458700967705,0.0,0.0
cnp_attn,965,unif_40,17.310164240741518,3062,154.42659452557564,4.869215702584662,1281,12.440948538156857,1781,0.3616210510455499,3062,2893,23163.54252483195,0.0,0.0
cnp_attn,965,extrap_40,20.533676589466772,3062,160.00526056438684,5.309574770452789,1281,15.224101819013981,1781,0.5099637169687034,3062,2898,18900.604745942677,0.0,0.0
cnp_attn,965,unif_80,17.37984967768019,3062,152.89567244052887,4.833084212866498,1281,12.546765464813694,1781,0.3603333237903066,3062,2843,23124.605244045117,0.0,0.0
cnp_attn,965,extrap_80,19.200863553561984,3062,153.0862087458372,4.940724259514348,1281,14.260139294047633,1781,0.45575851979988913,3062,2851,18929.952654997465,0.0,0.0
cnp_attn,965,unif_100,17.552665880549885,3062,154.92793314903975,4.994506223315211,1281,12.558159657234674,1781,0.3686084613689785,3062,2867,23416.165733639282,0.0,0.0
cnp_attn,965,extrap_100,19.8001615318625,3062,156.69676735252142,5.133199502992045,1281,14.666962028870453,1781,0.47717604488808657,3062,2886,19386.979913723495,0.0,0.0
cnp_attn,965,unif_200,17.609301984522915,3062,155.27263186126947,4.936916948086143,1281,12.672385036436772,1781,0.3675903118142607,3062,2870,23966.75854961444,0.0,0.0
cnp_attn,965,extrap_200,19.784945440365597,3062,156.1136343330145,5.1317604389708364,1281,14.65318500139476,1781,0.47567829982047044,3062,2869,19462.328585105803,0.0,0.0
cnp_attn,965,unif_300,17.361577997302014,3062,153.63576784729958,4.878549568072614,1281,12.483028429229401,1781,0.36130677836385827,3062,2862,23369.1028835747,0.0,0.0
cnp_attn,965,extrap_300,19.784943662697863,3062,156.1136285737157,5.131760032406651,1281,14.65318363029121,1781,0.4756782212798052,3062,2869,19462.327429770474,0.0,0.0
cnp_attn,965,unif_500,17.51083131820687,3062,154.49644171446562,4.918515466680191,1281,12.592315851526676,1781,0.36627284364153423,3062,2871,23542.02691646234,0.0,0.0
cnp_attn,965,extrap_500,19.784944224006445,3062,156.11362884938717,5.131760033723945,1281,14.6531841902825,1781,0.47567823273039955,3062,2869,19462.32537626419,0.0,0.0
cnp_attn,966,unif_2,23.313369199789662,3113,170.2978182658553,7.132252924816974,1487,16.181116274972684,1626,0.5156278316290612,3113,2874,27547.971593870025,0.0,0.0
cnp_attn,966,extrap_2,28.945045795928785,3113,186.83009606599808,9.271000952834765,1487,19.674044843094016,1626,0.7401466746626575,3113,2900,25555.803296118258,0.0,0.0
cnp_attn,966,unif_4,24.187250913980982,3113,179.14384941011667,7.9208742429572485,1487,16.266376671023732,1626,0.5335866991306559,3113,2906,43038.06567386401,0.0,0.0
cnp_attn,966,extrap_4,22.743771169671987,3113,166.80378661304712,6.7364254890673125,1487,16.007345680604676,1626,0.4768818186592005,3113,2923,21241.425718159728,0.0,0.0
cnp_attn,966,unif_8,24.857022711801786,3113,181.2816495373845,7.437640966282721,1487,17.419381745519065,1626,0.5075711729527227,3113,2945,36781.96083669561,0.0,0.0
cnp_attn,966,extrap_8,24.788006278461268,3113,175.67314319312572,7.650695896975239,1487,17.13731038148603,1626,0.5489869733307428,3113,2944,22757.086833574147,0.0,0.0
cnp_attn,966,unif_10,23.84333788725292,3113,179.19250202924013,7.574854513830024,1487,16.268483373422892,1626,0.49634279660475866,3113,2946,36366.18509907276,0.0,0.0
cnp_attn,966,extrap_10,24.406595532130655,3113,176.40265721827745,7.754438686839274,1487,16.652156845291383,1626,0.5321734296465097,3113,2913,24274.65168043002,0.0,0.0
cnp_attn,966,unif_20,22.267633571531135,3113,167.894436173141,6.643121488086226,1487,15.624512083444909,1626,0.42512620738633317,3113,2933,24156.914656302877,0.0,0.0
cnp_attn,966,extrap_20,24.7569110996432,3113,172.58120977133512,7.52386235085482,1487,17.23304874878838,1626,0.553688578689594,3113,2895,21765.79309074332,0.0,0.0
cnp_attn,966,unif_40,24.019131392386058,3113,182.53276947885752,7.688679595704377,1487,16.33045179668168,1626,0.5055112467495751,3113,2970,27449.362469817162,0.0,0.0
cnp_attn,966,extrap_40,25.282751243601876,3113,176.9154683277011,7.577020332211098,1487,17.705730911390777,1626,0.5584236950175294,3113,2920,22133.501170396652,0.0,0.0
cnp_attn,966,unif_80,24.30620709819888,3113,182.2892456278205,7.512216001394748,1487,16.79399109680413,1626,0.5096124020707041,3113,2971,26250.04133364692,0.0,0.0
cnp_attn,966,extrap_80,26.083910967968386,3113,180.571534357965,7.83841563704367,1487,18.24549533092472,1626,0.600093953424555,3113,2976,22288.502022964538,0.0,0.0
cnp_attn,966,unif_100,23.838868996552545,3113,179.6023062840104,7.484418752735952,1487,16.354450243816594,1626,0.5027001708569728,3113,2974,27026.59602642423,0.0,0.0
cnp_attn,966,extrap_100,24.791137780165545,3113,173.96279446035624,7.5281569610105175,1487,17.262980819155032,1626,0.5477796473144129,3113,2924,21897.091407626598,0.0,0.0
cnp_attn,966,unif_200,23.606140154431962,3113,178.0238072052598,7.362671820844515,1487,16.24346833358745,1626,0.48768018192442447,3113,2975,26225.03240004807,0.0,0.0
cnp_attn,966,extrap_200,25.358584813131774,3113,176.33872029930353,7.683761276527045,1487,17.674823536604727,1626,0.5690177343276842,3113,2935,22046.955376284306,0.0,0.0
cnp_attn,966,unif_300,23.641627878008226,3113,178.27464435994625,7.348318151587944,1487,16.293309726420283,1626,0.48530408883119963,3113,2973,25639.258947604576,0.0,0.0
cnp_attn,966,extrap_300,25.358584918495822,3113,176.33872152119875,7.683761396698934,1487,17.67482352179689,1626,0.5690177359523015,3113,2935,22046.954864588966,0.0,0.0
cnp_attn,966,unif_500,23.86233909886731,3113,179.3911050260067,7.391164887541646,1487,16.47117421132566,1626,0.49212000047598203,3113,2975,25865.95972578915,0.0,0.0
cnp_attn,966,extrap_500,25.358586592519448,3113,176.33872504532337,7.683762057109093,1487,17.674824535410355,1626,0.5690177964467737,3113,2935,22046.95569289371,0.0,0.0
cnp_delta_attn,957,unif_2,21.799821078240935,3107,167.3001493695192,9.026645764920863,1427,12.773175313320072,1680,0.6200586327827341,3107,2589,73655.0052983372,0.0,0.0
cnp_delta_attn,957,extrap_2,20.362733889661065,3107,164.34136840002247,7.679141447100811,1427,12.683592442560252,1680,0.2191675759783222,3107,2690,49783.07580517296,0.0,0.0
cnp_delta_attn,957,unif_4,51.19726008337207,3107,223.70018769268427,40.06887944557171,1427,11.128380637800364,1680,0.2107827852609659,3107,2680,58985.09639568925,0.0,2.4691358024691357
cnp_delta_attn,957,extrap_4,19.319889978585763,3107,158.93091711617308,7.277991917254395,1427,12.04189806133137,1680,0.14690790140191687,3107,2694,51532.45886071863,0.0,2.4691358024691357
cnp_delta_attn,957,unif_8,21.45712727891292,3107,164.00923974860052,11.922094622240405,1427,9.535032656672515,1680,0.17567339271047044,3107,2668,66395.35710831048,0.0,6.172839506172839
cnp_delta_attn,957,extrap_8,16.80992941509914,3107,146.4737823152209,5.062698695650267,1427,11.747230719448874,1680,0.12477596751340257,3107,2714,48113.11387113374,0.0,0.0
cnp_delta_attn,957,unif_10,18.27430532171325,3107,143.31169852278254,7.622891334183516,1427,10.651413987529736,1680,0.07998233315352439,3107,2590,55270.6808016244,0.0,4.938271604938271
cnp_delta_attn,957,extrap_10,17.239210559150774,3107,146.37779195027542,7.549709544900449,1427,9.689501014250325,1680,0.0896889907607559,3107,2650,53270.78589928425,0.0965561635017702,6.172839506172839
cnp_delta_attn,957,unif_20,26.387264955355278,3107,167.4453505296915,19.465185677777146,1427,6.922079277578127,1680,0.10184501034152418,3107,2648,59629.089480817405,0.2574831026713872,7.438271604938271
cnp_delta_attn,957,extrap_20,14.572900996541446,3107,125.34183251183276,4.151287383097081,1427,10.421613613444364,1680,0.07312369426761302,3107,2505,39751.28331591421,0.3862246540070808,4.62962962962963
cnp_delta_attn,957,unif_40,14.999325583913897,3107,121.73573630954343,8.631972732008666,1427,6.3673528519052285,1680,0.053969943821008226,3107,2410,30118.093665482724,1.9633086578693273,9.475308641975309
cnp_delta_attn,957,extrap_40,11.254760347314377,3107,103.74073251659865,2.7366546136420844,1427,8.51810573367229,1680,0.07652627001146617,3107,2451,20884.230495436677,2.896684905053106,2.932098765432099
cnp_delta_attn,957,unif_80,8.556334562238616,3107,90.220921358552,4.744423272190238,1427,3.81191129004838,1680,0.07272910857612228,3107,2264,20229.0970941901,5.600257483102672,7.12962962962963
cnp_delta_attn,957,extrap_80,10.127359385613717,3107,95.80914373790802,3.2681618736434346,1427,6.859197511970283,1680,0.07874402680642861,3107,2340,32594.908215559033,4.216285806243965,2.654320987654321
cnp_delta_attn,957,unif_100,15.219019091147972,3107,103.39414925193341,10.15508813721517,1427,5.063930953932805,1680,0.07654684330853838,3107,2187,40480.485734373884,4.184100418410042,8.333333333333334
cnp_delta_attn,957,extrap_100,6.267935248630024,3107,74.15983491233783,1.334029206120678,1427,4.933906042509346,1680,0.03248839108313597,3107,2266,14768.086436209735,2.9932410685548763,0.6790123456790124
cnp_delta_attn,957,unif_200,3.6994462366264282,3107,48.61036497909663,2.03661623248822,1427,1.6628300041382083,1680,0.011426988668907082,3107,1966,12111.218581898884,2.349533311876408,2.746913580246914
cnp_delta_attn,957,extrap_200,5.312140951180095,3107,67.43328252856008,1.1946370175399221,1427,4.117503933640173,1680,0.02955139541810397,3107,2206,13735.133883603208,2.928870292887029,0.24691358024691357
cnp_delta_attn,957,unif_300,1.8318632184966115,3107,36.52545258029568,1.3712977154871597,1427,0.4605655030094518,1680,0.009010846682943658,3107,1788,4678.601774071076,1.8989378822014806,0.46296296296296297
cnp_delta_attn,957,extrap_300,5.26940908917767,3107,67.0749921701572,1.1678100153935629,1427,4.101599073784108,1680,0.029521897518380052,3107,2208,13100.992751436646,2.9932410685548763,0.24691358024691357
cnp_delta_attn,957,unif_500,1.6924679459587537,3107,35.75309090234805,1.3227424005584405,1427,0.3697255454003133,1680,0.009100194537756033,3107,1797,4526.716635782021,1.4161570646926296,0.24691358024691357
cnp_delta_attn,957,extrap_500,5.269409031108157,3107,67.07499160060979,1.1678099996561566,1427,4.101599031452001,1680,0.029521897451781666,3107,2208,13100.992642741534,2.9932410685548763,0.24691358024691357
cnp_delta_attn,958,unif_2,22.565984404108043,3169,184.20135230163578,7.6958766450018725,1450,14.870107759106173,1719,0.6439875282706198,3169,2893,169655.68062243052,0.0,0.0
cnp_delta_attn,958,extrap_2,24.367436873830012,3169,179.47029746547923,5.781584969544391,1450,18.585851904285622,1719,0.3032641043007663,3169,2933,47159.83496613183,0.0,0.0
cnp_delta_attn,958,unif_4,20.85340788448214,3169,156.6403260484658,7.371021910988169,1450,13.482385973493976,1719,0.13935968108464497,3169,2705,70408.81379512386,0.0,5.0
cnp_delta_attn,958,extrap_4,19.668510204494094,3169,146.02764351887163,4.670615402514989,1450,14.9978948019791,1719,0.10186128212328908,3169,2684,42103.843060747844,0.0,1.25
cnp_delta_attn,958,unif_8,23.228983729489457,3169,170.65316393393005,11.778391720690243,1450,11.450592008799212,1719,0.16928262414163084,3169,2726,77091.88011998212,0.0,5.0
cnp_delta_attn,958,extrap_8,19.19210760180956,3169,142.27775820113675,4.355050453074279,1450,14.83705714873528,1719,0.07663563806846599,3169,2709,51664.635110770236,0.06311139160618491,0.0
cnp_delta_attn,958,unif_10,28.77066781101065,3169,173.83850475301733,18.157562420752114,1450,10.613105390258534,1719,0.14781738175387832,3169,2689,70469.7114324389,0.0,6.25
cnp_delta_attn,958,extrap_10,18.040815774584537,3169,140.58204173197737,5.754759792668725,1450,12.286055981915814,1719,0.08084793550992539,3169,2676,58618.602819610496,0.09466708740927737,1.25
cnp_delta_attn,958,unif_20,16.446360992319878,3169,140.93272643921955,7.433152930627113,1450,9.013208061692767,1719,0.08899297607734136,3169,2548,51794.14544904583,0.06311139160618491,3.9375
cnp_delta_attn,958,extrap_20,19.674161940382916,3169,137.45915839896043,5.566011605081199,1450,14.108150335301719,1719,0.07595513555138826,3169,2609,39172.74228926083,1.041337961502051,4.90625
cnp_delta_attn,958,unif_40,16.78129598193474,3169,119.7105314813598,6.325627261949439,1450,10.455668719985301,1719,0.06913646808603696,3169,2290,48463.46227874772,2.145787314610287,7.125
cnp_delta_attn,958,extrap_40,14.590414115759241,3169,117.44217662995652,2.719239929190125,1450,11.871174186569112,1719,0.11440251524915532,3169,2525,36724.636590847964,2.966235405490691,2.84375
cnp_delta_attn,958,unif_80,13.727558888974658,3169,92.93328656459926,4.265112981338772,1450,9.462445907635885,1719,0.2251500814608216,3169,2171,30355.313030389305,5.711580940359735,5.8125
cnp_delta_attn,958,extrap_80,13.192070825425994,3169,96.8628365209297,3.7000393732718297,1450,9.492031452154166,1719,0.3304585983894063,3169,2335,20684.118843890323,5.301356894919533,3.6875
cnp_delta_attn,958,unif_100,9.95514396904864,3169,78.62555145546139,2.9680655412721393,1450,6.987078427776503,1719,0.020469260649245997,3169,2060,17545.52359826368,3.9760176711896498,5.03125
cnp_delta_attn,958,extrap_100,9.454616770283382,3169,83.65362643085246,1.3528991777669224,1450,8.101717592516458,1719,0.042680790431643,3169,2292,13592.090427726733,3.313348059324708,2.0
cnp_delta_attn,958,unif_200,6.76331262866073,3169,47.15922160849004,3.28038910327591,1450,3.4829235253848174,1719,0.0116022715580428,3169,1560,4487.8154953834255,3.6289050173556325,3.15625
cnp_delta_attn,958,extrap_200,6.659260450593626,3169,70.48318545622533,0.8644708521294234,1450,5.794789598464203,1719,0.03982369298544183,3169,2176,12172.084379119844,2.903124013884506,1.53125
cnp_delta_attn,958,unif_300,3.183157317546377,3169,36.56531555886613,0.8860434877128368,1450,2.2971138298335405,1719,0.002887091172990517,3169,1409,3527.9752657553818,2.4297885768381193,1.46875
cnp_delta_attn,958,extrap_300,6.658577577073555,3169,70.52320486346434,0.8637495579226878,1450,5.794828019150867,1719,0.039889734582366436,3169,2180,12165.850396101545,2.8715683180814136,1.53125
cnp_delta_attn,958,unif_500,2.981553382989418,3169,35.6291477343475,0.8856463831333081,1450,2.0959069998561093,1719,0.0028491234127122718,3169,1356,3401.66881100144,2.208898706216472,1.53125
cnp_delta_attn,958,extrap_500,6.658577598473072,3169,70.52320538351341,0.8637495700173579,1450,5.794828028455716,1719,0.039889736015432685,3169,2180,12165.85039992656,2.8715683180814136,1.53125
cnp_delta_attn,959,unif_2,23.10306577053356,3144,171.69081038818695,5.931342157769137,1402,17.171723612764424,1742,0.32118286674927055,3144,2821,44150.60712883994,0.0,0.0
cnp_delta_attn,959,extrap_2,22.942935442107984,3144,162.73950884628357,5.116246186388661,1402,17.826689255719323,1742,0.22692708628733396,3144,2754,39312.12266079562,0.0,0.0
cnp_delta_attn,959,unif_4,24.254717938844358,3144,169.88958391906635,10.704707007385828,1402,13.550010931458528,1742,0.17985389670652133,3144,2692,74921.97159954271,0.0,4.938271604938271
cnp_delta_attn,959,extrap_4,21.034811145140228,3144,162.93712003457767,7.882252835300527,1402,13.152558309839701,1742,0.14758428632987708,3144,2766,60702.79677497283,0.0,4.938271604938271
cnp_delta_attn,959,unif_8,22.3471981193475,3144,164.60886465827934,12.995855098422787,1402,9.351343020924713,1742,0.12770003345558417,3144,2697,91515.05852203674,0.0,4.938271604938271
cnp_delta_attn,959,extrap_8,17.798374535832547,3144,139.17093263366405,4.107240074518258,1402,13.691134461314288,1742,0.08915693351425297,3144,2740,53524.35153063624,0.5725190839694656,2.4691358024691357
cnp_delta_attn,959,unif_10,22.62700105988958,3144,149.9815787360276,8.350618586195997,1402,14.276382473693587,1742,0.09070732869187895,3144,2605,46901.385976595884,0.0,4.938271604938271
cnp_delta_attn,959,extrap_10,19.452251067211677,3144,143.91951160108147,5.398453888246427,1402,14.053797178965254,1742,0.07556938921570466,3144,2744,53440.24833589892,0.1272264631043257,2.4691358024691357
cnp_delta_attn,959,unif_20,18.473425793237194,3144,136.1936058358806,9.202190738833426,1402,9.271235054403768,1742,0.0921094464794694,3144,2589,95095.2620804047,0.5725190839694656,5.864197530864198
cnp_delta_attn,959,extrap_20,14.20388678660533,3144,117.32852708180872,2.1142573085274528,1402,12.08962947807788,1742,0.04541734139892348,3144,2639,26601.031907828583,0.8587786259541985,3.302469135802469
cnp_delta_attn,959,unif_40,14.820620505762157,3144,114.85328272882907,5.100879698431251,1402,9.719740807330908,1742,0.08471577062828634,3144,2578,38384.2495513164,1.5267175572519085,6.512345679012346
cnp_delta_attn,959,extrap_40,12.045919286278986,3144,108.50293761292778,2.274245993133827,1402,9.77167329314516,1742,0.053712388936232196,3144,2539,42164.818490765865,1.2404580152671756,5.987654320987654
cnp_delta_attn,959,unif_80,6.466216205612199,3144,72.22008059800282,1.8372664298067178,1402,4.62894977580548,1742,0.025148950211530567,3144,2356,19053.57816270984,5.152671755725191,5.617283950617284
cnp_delta_attn,959,extrap_80,8.089247263278725,3144,87.0586528926724,0.9837651158279987,1402,7.105482147450726,1742,0.04888465487166689,3144,2476,27512.914256730284,4.325699745547074,3.117283950617284
cnp_delta_attn,959,unif_100,11.442981602466032,3144,74.43501983738315,3.112810412689985,1402,8.330171189776049,1742,0.2949750156344599,3144,2351,12410.433014933253,4.548346055979644,5.5246913580246915
cnp_delta_attn,959,extrap_100,7.313486276844977,3144,77.92383430312839,0.7321379312569346,1402,6.581348345588043,1742,0.041190162742042624,3144,2443,15840.305162020002,4.643765903307888,3.950617283950617
cnp_delta_attn,959,unif_200,1.6780709098073652,3144,36.82747587304402,0.3970214157233858,1402,1.2810494940839798,1742,0.007434322159345315,3144,2108,4576.3606488860705,3.4987277353689565,2.1604938271604937
cnp_delta_attn,959,extrap_200,5.510598588817043,3144,65.89881372669697,0.3002192194116036,1402,5.210379369405439,1742,0.032748888530538506,3144,2305,12157.437516954478,2.926208651399491,2.654320987654321
cnp_delta_attn,959,unif_300,1.9251895139969055,3144,34.920454894574505,0.45780008384842774,1402,1.4673894301484778,1742,0.007952477471188045,3144,2096,7394.218358889468,2.258269720101781,2.067901234567901
cnp_delta_attn,959,extrap_300,5.4932368346552085,3144,65.63968671352995,0.29916787791779875,1402,5.19406895673741,1742,0.03268144532720698,3144,2304,11721.337880056828,2.7353689567430024,2.654320987654321
cnp_delta_attn,959,unif_500,1.1323272518711096,3144,31.027387082333007,0.3283383670566102,1402,0.8039888848144995,1742,0.006285775769944362,3144,2085,3790.3212542456185,1.9720101781170483,2.5
cnp_delta_attn,959,extrap_500,5.493236811045879,3144,65.6396863424925,0.29916787229499436,1402,5.194068938750884,1742,0.03268144528645625,3144,2304,11721.337783315805,2.7353689567430024,2.654320987654321
cnp_delta_attn,960,unif_2,24.22857637254038,3132,179.1869548659488,6.28087929050073,1349,17.947697082039646,1783,0.3623118717501127,3132,2854,40332.98596118628,0.0,0.0
cnp_delta_attn,960,extrap_2,22.878023775663586,3132,179.48405605519656,4.787065630444033,1349,18.090958145219552,1783,0.5135715378155039,3132,2795,39458.80440524394,0.0,0.0
cnp_delta_attn,960,unif_4,21.277515156872543,3132,159.21136362242396,6.043246893527684,1349,15.234268263344859,1783,0.23508384323565296,3132,2714,92401.43782720425,0.0,2.4691358024691357
cnp_delta_attn,960,extrap_4,17.836488399158878,3132,132.870495014693,3.3567626082235575,1349,14.479725790935323,1783,0.07340704765614778,3132,2567,39178.507370419866,0.0,1.2345679012345678
cnp_delta_attn,960,unif_8,30.040806652439763,3132,177.12273053337412,16.721916393311822,1349,13.31889025912794,1783,0.15458343762379267,3132,2653,55296.021020496104,0.28735632183908044,6.3580246913580245
cnp_delta_attn,960,extrap_8,19.56022383279526,3132,142.3685274688687,3.514177993933926,1349,16.046045838861332,1783,0.075743394443576,3132,2739,41735.8851226954,0.06385696040868455,5.030864197530864
cnp_delta_attn,960,unif_10,23.752467590827607,3132,162.4089023687484,9.676576984456709,1349,14.0758906063709,1783,0.13751320446213866,3132,2639,76458.43437948705,0.0,4.938271604938271
cnp_delta_attn,960,extrap_10,17.783024293459857,3132,130.9671602018061,2.9882600925900085,1349,14.794764200869848,1783,0.05802985781886136,3132,2548,36710.82499388703,0.8939974457215837,1.9135802469135803
cnp_delta_attn,960,unif_20,16.845108456085498,3132,136.17350320293554,5.9447317542194416,1349,10.900376701866058,1783,0.1750954251107191,3132,2528,51673.506484844285,0.7343550446998723,10.524691358024691
cnp_delta_attn,960,extrap_20,16.070691428727844,3132,116.10379828757141,2.348970322698886,1349,13.721721106028957,1783,0.03875722936071318,3132,2519,18471.489543194493,1.6922094508301404,2.191358024691358
cnp_delta_attn,960,unif_40,13.134036115727369,3132,106.29061904125774,3.681884587350582,1349,9.452151528376788,1783,0.05165783925049687,3132,2330,16544.382731307094,2.0114942528735633,10.154320987654321
cnp_delta_attn,960,extrap_40,12.524876706380711,3132,99.52058271009082,1.702046788183223,1349,10.822829918197488,1783,0.03924625707521782,3132,2400,17944.611247730747,2.075351213282248,1.8518518518518519
cnp_delta_attn,960,unif_80,14.013112059905096,3132,92.34925343008581,4.884644360181144,1349,9.12846769972395,1783,0.10233314326808343,3132,2107,14715.10247787083,4.086845466155811,8.271604938271604
cnp_delta_attn,960,extrap_80,10.97211646966205,3132,90.67428490167003,1.2213720413604232,1349,9.750744428301623,1783,0.03364969572498697,3132,2365,14662.06715374261,2.9374201787994894,3.0246913580246915
cnp_delta_attn,960,unif_100,9.57019520716689,3132,73.63932178205869,4.403936804957608,1349,5.166258402209282,1783,0.03675822396430706,3132,1980,19220.37215414592,4.789272030651341,6.327160493827161
cnp_delta_attn,960,extrap_100,9.207207863037723,3132,81.08482885880949,1.1581328588045372,1349,8.049075004233186,1783,0.032320479672381684,3132,2302,11877.91223496386,4.661558109833972,1.7592592592592593
cnp_delta_attn,960,unif_200,3.7610972188772482,3132,38.811691873532254,0.5967255570070147,1349,3.1643716618702338,1783,0.0072106122444070995,3132,1626,6540.242201207217,3.8314176245210727,1.2962962962962963
cnp_delta_attn,960,extrap_200,7.225846400953517,3132,68.94519104660867,0.5663883065226422,1349,6.659458094430876,1783,0.027608816122662624,3132,2203,9327.750565368005,2.586206896551724,0.43209876543209874
cnp_delta_attn,960,unif_300,2.6349731324556345,3132,33.8572073806572,0.5837042196258907,1349,2.051268912829744,1783,0.002073452796873398,3132,1519,2536.663388511378,2.0114942528735633,0.24691358024691357
cnp_delta_attn,960,extrap_300,7.224289431263521,3132,68.93230068175035,0.5664141554270915,1349,6.657875275836429,1783,0.02759884358536834,3132,2206,9327.704956172704,2.586206896551724,0.43209876543209874
cnp_delta_attn,960,unif_500,2.5787699741435133,3132,33.26528540201616,0.5596401982059167,1349,2.0191297759375963,1783,0.0020307160662318604,3132,1501,2480.106752053795,1.628352490421456,0.24691358024691357
cnp_delta_attn,960,extrap_500,7.22428951182009,3132,68.93230120101725,0.5664141566972826,1349,6.657875355122806,1783,0.02759884406527466,3132,2206,9327.70500854544,2.586206896551724,0.43209876543209874
cnp_delta_attn,961,unif_2,22.784110834376488,3133,172.83150372844466,5.995158847775768,1357,16.788951986600722,1776,0.33495888419608866,3133,2837,39129.85711694223,0.0,0.0
cnp_delta_attn,961,extrap_2,20.5322898364214,3133,148.446537170792,4.190546575091132,1357,16.341743261330265,1776,0.07881184678219606,3133,2813,44733.85023185016,0.0,0.0
cnp_delta_attn,961,unif_4,22.218871363239735,3133,161.38499428037903,8.436292758983992,1357,13.782578604255741,1776,0.1179106340771852,3133,2650,53660.72341277018,0.0,4.938271604938271
cnp_delta_attn,961,extrap_4,23.49510558851512,3133,156.05622828846026,5.161198794624705,1357,18.333906793890414,1776,0.10320954285544516,3133,2811,42815.747624754964,0.0,1.2345679012345678
cnp_delta_attn,961,unif_8,21.641618984951716,3133,157.95561635639024,6.915585791169626,1357,14.72603319378209,1776,0.11276251608742999,3133,2720,51440.77233522973,0.0,4.938271604938271
cnp_delta_attn,961,extrap_8,21.997501690122284,3133,167.83827745425515,4.6756175580889,1357,17.321884132033386,1776,0.19725980480377459,3133,2773,53187.566452338004,0.3832641328648994,4.012345679012346
cnp_delta_attn,961,unif_10,23.152102173693503,3133,167.2772660580522,12.927355754057977,1357,10.224746419635528,1776,0.11058167388310142,3133,2675,49052.582687089794,0.031938677738741615,6.481481481481482
cnp_delta_attn,961,extrap_10,17.361826583685566,3133,139.0508260374845,4.667180841090072,1357,12.694645742595496,1776,0.07175793717633396,3133,2632,39828.59849205807,0.031938677738741615,4.938271604938271
cnp_delta_attn,961,unif_20,18.692034490349315,3133,141.80505720857764,7.831416635230867,1357,10.860617855118448,1776,0.0724671291482793,3133,2494,49322.63504849738,0.15969338869370808,8.364197530864198
cnp_delta_attn,961,extrap_20,17.6861167707387,3133,130.88343097182224,3.221251463773429,1357,14.46486530696527,1776,0.060196916760530184,3133,2620,31787.862032301968,2.1079527307569466,2.191358024691358
cnp_delta_attn,961,unif_40,14.66416111847629,3133,117.53044119697006,5.757679631722135,1357,8.906481486754155,1776,0.1617255649312954,3133,2356,26815.587364905845,2.2995847971893966,8.487654320987655
cnp_delta_attn,961,extrap_40,16.291223281022,3133,114.02761712384017,3.8922061495144256,1357,12.399017131507572,1776,0.1272497688098767,3133,2534,17731.34303801574,4.886617694027468,2.932098765432099
cnp_delta_attn,961,unif_80,8.243687060845522,3133,84.02968440132463,2.644210275662729,1357,5.599476785182793,1776,0.10956241195351543,3133,2139,17999.2277616334,4.790801660811242,7.6234567901234565
cnp_delta_attn,961,extrap_80,11.787234021659707,3133,100.7810746701216,1.6502283738017596,1357,10.137005647857949,1776,0.05813035063447721,3133,2379,36574.119469711564,2.5870328968380707,3.240740740740741
cnp_delta_attn,961,unif_100,7.37201493068005,3133,74.13480446499307,2.16032023359875,1357,5.211694697081299,1776,0.021796126492899266,3133,2038,19894.509872554037,3.1938677738741617,6.419753086419753
cnp_delta_attn,961,extrap_100,9.123548522065636,3133,88.80868019418995,0.9500585170740153,1357,8.173490004991622,1776,0.06169530011157717,3133,2318,34718.92667653959,2.395400830405621,2.191358024691358
cnp_delta_attn,961,unif_200,1.9334707189934148,3133,36.676634010982525,0.8708748157851951,1357,1.0625959032082197,1776,0.007610889655028213,3133,1579,6917.333939991195,3.417438518045353,1.6358024691358024
cnp_delta_attn,961,extrap_200,6.917539051770443,3133,72.39610399354206,0.5605732810594563,1357,6.356965770710988,1776,0.03202814377318619,3133,2246,14000.844641583537,2.235707441711913,1.2962962962962963
cnp_delta_attn,961,unif_300,1.2902809545279645,3133,32.57187500465443,0.644928459899714,1357,0.6453524946282506,1776,0.008253598411779266,3133,1491,7679.73803778271,1.7566272756307888,0.9876543209876543
cnp_delta_attn,961,extrap_300,6.917616979226001,3133,72.39743302053103,0.5605935262729039,1357,6.357023452953097,1776,0.03203018104351805,3133,2245,14001.190659148322,2.235707441711913,1.2962962962962963
cnp_delta_attn,961,unif_500,1.167443616339611,3133,31.500377669362933,0.6416191836393592,1357,0.5258244327002517,1776,0.008381363853162127,3133,1481,7743.344925830766,1.4691791759821144,1.0185185185185186
cnp_delta_attn,961,extrap_500,6.91761695727246,3133,72.39743310013728,0.5605935451391222,1357,6.357023412133339,1776,0.03203018116557768,3133,2245,14001.190632276423,2.235707441711913,1.2962962962962963
cnp_delta_attn,962,unif_2,11.990697187469832,3063,116.6264678750158,3.1775893042352035,1359,8.813107883234629,1704,0.08600363658732077,3063,2495,47466.20339581258,0.0,0.0
cnp_delta_attn,962,extrap_2,15.241256051528234,3063,153.45952624219353,4.16158851381978,1359,11.079667537708454,1704,0.24393873853226275,3063,2741,41438.008077728766,0.0,0.0
cnp_delta_attn,962,unif_4,16.141233482187605,3063,147.13373911620874,7.682843544707938,1359,8.45838993747967,1704,0.17986158149313344,3063,2589,69363.73625983082,0.0,2.5
cnp_delta_attn,962,extrap_4,14.984535397397224,3063,131.08675350069825,4.82184876466656,1359,10.162686632730663,1704,0.09377797766841585,3063,2495,39171.41437047247,0.0,2.5
cnp_delta_attn,962,unif_8,17.332174565681527,3063,143.3307280916124,9.041417180834053,1359,8.290757384847474,1704,0.1460395022828287,3063,2527,75945.50383573573,0.0,5.0
cnp_delta_attn,962,extrap_8,13.310078933291399,3063,120.90239451965317,3.6373170857387627,1359,9.672761847552637,1704,0.06895124831473345,3063,2611,25375.88047337849,0.359359686377001,3.15625
cnp_delta_attn,962,unif_10,28.87237633862867,3063,181.39651694108034,20.92274327052793,1359,7.949633068100739,1704,0.2229736784118584,3063,2465,102407.51941531416,0.0,7.5
cnp_delta_attn,962,extrap_10,15.560747482903379,3063,133.17150844773278,4.776622093575289,1359,10.784125389328088,1704,0.07147708169329613,3063,2609,39816.78000717015,0.1306762495916367,8.21875
cnp_delta_attn,962,unif_20,14.670677912607946,3063,124.7294563536343,7.055988357896741,1359,7.614689554711207,1704,0.08753964898138021,3063,2408,50341.822460371186,0.3266906239790918,8.15625
cnp_delta_attn,962,extrap_20,11.407879014985323,3063,109.67007584935345,2.315528665912724,1359,9.0923503490726,1704,0.06577400671525306,3063,2490,32346.64891963741,0.22868343678536426,4.75
cnp_delta_attn,962,unif_40,12.140954236750357,3063,96.30882557914447,4.806340228514156,1359,7.334614008236201,1704,0.07866252739164777,3063,2233,28566.037494420038,2.8095393662201893,5.28125
cnp_delta_attn,962,extrap_40,9.38189660703348,3063,93.97946382469672,1.7686777057333303,1359,7.61321890130015,1704,0.04631753468863651,3063,2403,18193.47175455291,3.0055537406076445,3.59375
cnp_delta_attn,962,unif_80,9.105586887256209,3063,77.93436603766531,4.861012395752049,1359,4.244574491504159,1704,0.04499013644120747,3063,1988,15213.907892058247,4.344985298921921,10.9375
cnp_delta_attn,962,extrap_80,8.959503950005047,3063,84.84058109972102,1.7731035556277897,1359,7.186400394377258,1704,0.10698946677462631,3063,2300,20071.102024946587,4.606337798105194,4.46875
cnp_delta_attn,962,unif_100,8.275140895428608,3063,71.62798783700418,3.594857846379994,1359,4.680283049048615,1704,0.07387762476524869,3063,1883,13551.687151210288,4.900359359686377,7.5625
cnp_delta_attn,962,extrap_100,6.448794563161366,3063,70.23629221314695,0.806152156455857,1359,5.642642406705508,1704,0.03535194273309589,3063,2222,12547.652765133413,3.234237177393009,3.5
cnp_delta_attn,962,unif_200,2.64026462088185,3063,29.704431108948484,0.3916231495327832,1359,2.248641471349066,1704,0.005865736605451971,3063,1417,2553.618321601469,3.1688990525971903,1.90625
cnp_delta_attn,962,extrap_200,4.441858641838659,3063,57.476631604517024,0.34476860858739145,1359,4.097090033251269,1704,0.03216404023136037,3063,2132,8740.386502771169,2.5808559294348252,0.21875
cnp_delta_attn,962,unif_300,1.4782916055579935,3063,24.927417129008973,0.43443271079695117,1359,1.0438588947610425,1704,0.002279909424431217,3063,1272,2099.5547838809744,1.6661221822933683,1.625
cnp_delta_attn,962,extrap_300,4.441858681854421,3063,57.47663215716966,0.34476860918576274,1359,4.097090072668658,1704,0.032164040632472544,3063,2132,8740.386634270108,2.5808559294348252,0.21875
cnp_delta_attn,962,unif_500,1.3990232797066113,3063,24.51373729533225,0.39131813163793483,1359,1.0077051480686765,1704,0.0022572981262763813,3063,1283,2036.7986156385612,1.5354459327017314,0.4375
cnp_delta_attn,962,extrap_500,4.441858675655016,3063,57.47663209158418,0.3447686124830977,1359,4.097090063171919,1704,0.03216404046644314,3063,2132,8740.386611576403,2.5808559294348252,0.21875
cnp_delta_attn,963,unif_2,11.879866436648413,3041,127.36702182691079,4.096815544728782,1351,7.783050891919632,1690,0.14028569985211622,3041,2556,29495.48920678528,0.0,0.0
cnp_delta_attn,963,extrap_2,11.52304794895929,3041,120.93043424987263,3.289308159321963,1351,8.233739789637328,1690,0.11218295973439783,3041,2519,34598.68377187314,0.0,0.0
cnp_delta_attn,963,unif_4,13.550987289867848,3041,122.6777057471736,4.749871516723992,1351,8.801115773143854,1690,0.07697322915921355,3041,2451,28161.185563475272,0.0,0.0
cnp_delta_attn,963,extrap_4,14.38478945647158,3041,134.18065368289172,3.2250139597521246,1351,11.159775496719453,1690,0.1425393336232592,3041,2604,30413.3334582584,0.0,0.0
cnp_delta_attn,963,unif_8,13.239521623720375,3041,117.94119646592299,3.801430122392077,1351,9.4380915013283,1690,0.09107213961468083,3041,2362,29503.009479939275,0.5261427162117724,2.4691358024691357
cnp_delta_attn,963,extrap_8,11.913661026831429,3041,115.18437956656271,3.3722717659300994,1351,8.54138926090133,1690,0.08694991546105899,3041,2501,30962.53548907131,0.09865175928970733,0.0
cnp_delta_attn,963,unif_10,18.304081301837392,3041,136.543211100623,9.8442257860235,1351,8.459855515813896,1690,0.16997036377111208,3041,2303,67711.70234152101,0.03288391976323578,6.172839506172839
cnp_delta_attn,963,extrap_10,12.684829288826975,3041,121.77206703541742,3.8517406563588494,1351,8.833088632468126,1690,0.11637595438447687,3041,2429,38337.88680208418,0.0,4.938271604938271
cnp_delta_attn,963,unif_20,12.795762373995586,3041,113.71576643204753,5.956303870526696,1351,6.83945850346889,1690,0.07922881697416967,3041,2166,47246.832085613234,0.6905623150279513,3.4876543209876543
cnp_delta_attn,963,extrap_20,11.790301541789951,3041,104.99652953607074,3.2709055276342056,1351,8.519396014155745,1690,0.06190277918101653,3041,2412,15386.573700391744,2.1045708648470898,1.8209876543209877
cnp_delta_attn,963,unif_40,14.06142165426771,3041,95.61101110155141,8.728809932743287,1351,5.332611721524422,1690,0.11409342517547777,3041,2133,30112.097193959104,2.8280170996382767,4.969135802469136
cnp_delta_attn,963,extrap_40,8.696153819383952,3041,85.18365010226262,2.1939790083136455,1351,6.502174811070306,1690,0.04716345840379005,3041,2302,13191.132911995897,3.9131864518250574,1.4814814814814814
cnp_delta_attn,963,unif_80,12.320584541745134,3041,75.04602501702902,6.932969060150707,1351,5.387615481594428,1690,0.08143098305244087,3041,1913,19155.967601301225,4.965471884248602,6.1419753086419755
cnp_delta_attn,963,extrap_80,12.13189663712407,3041,78.20656454765776,6.790825523088479,1351,5.341071114035593,1690,0.07087788629194389,3041,2102,12477.177091036834,6.313712594541269,2.623456790123457
cnp_delta_attn,963,unif_100,8.766112806340628,3041,63.42081366813363,3.5323950140599223,1351,5.2337177922807046,1690,0.10423424173530502,3041,1877,8264.785829634144,4.43932916803683,4.8765432098765435
cnp_delta_attn,963,extrap_100,5.134750093284028,3041,63.98825761345506,0.5087159142999181,1351,4.626034178984109,1690,0.038702667018115436,3041,2060,9479.146596086941,3.6172311739559357,1.5740740740740742
cnp_delta_attn,963,unif_200,2.0750710947661464,3041,29.314825084104086,1.2613433600550459,1351,0.8137277347111003,1690,0.005705733549923322,3041,1268,1621.7121194097608,2.532061821769155,2.5617283950617282
cnp_delta_attn,963,extrap_200,3.732335900153807,3041,53.640325670807215,0.33286795761938576,1351,3.399467942534421,1690,0.03357556824354586,3041,1921,8512.09217903936,3.0253206182176915,0.8950617283950617
cnp_delta_attn,963,unif_300,0.8238389146411556,3041,20.138467877008225,0.4103163342003549,1351,0.4135225804408006,1690,0.0022011746447170807,3041,1141,1219.2116673650535,2.1045708648470898,1.1419753086419753
cnp_delta_attn,963,extrap_300,3.7323358983797217,3041,53.6403258231112,0.3328679601258999,1351,3.3994679382538218,1690,0.033575568319623446,3041,1921,8512.092198615423,3.0253206182176915,0.8950617283950617
cnp_delta_attn,963,unif_500,1.1052115854779538,3041,20.173516478942474,0.7222130330624481,1351,0.3829985524155056,1690,0.0033894420619998457,3041,1098,1132.2085236416542,1.3811246300559026,1.7592592592592593
cnp_delta_attn,963,extrap_500,3.7323359103245206,3041,53.64032575561578,0.3328679583328873,1351,3.3994679519916335,1690,0.03357556816463233,3041,1921,8512.092217332167,3.0253206182176915,0.8950617283950617
cnp_delta_attn,964,unif_2,21.127324072775018,3070,174.7052035909437,8.507292484962907,1348,12.62003158781211,1722,0.6915859384951104,3070,2780,163294.87620364886,0.0,0.0
cnp_delta_attn,964,extrap_2,14.447001087749978,3070,133.59228912810795,2.902402142665859,1348,11.54459894508412,1722,0.1117504981131731,3070,2707,38461.31854451934,0.0,0.0
cnp_delta_attn,964,unif_4,16.79384141430269,3070,137.1529633593891,4.766359876334218,1348,12.027481537968475,1722,0.10917857006822508,3070,2625,54830.13755167549,0.0,4.878048780487805
cnp_delta_attn,964,extrap_4,14.863627702323079,3070,130.8818779766225,3.451220366032919,1348,11.412407336290162,1722,0.10595905507297869,3070,2627,33063.82657154527,0.0,1.2195121951219512
cnp_delta_attn,964,unif_8,18.05058749084715,3070,135.84189419170798,7.546124855553399,1348,10.504462635293752,1722,0.12844207306450614,3070,2498,56457.72892968566,0.0,4.878048780487805
cnp_delta_attn,964,extrap_8,14.461444401141563,3070,127.85813898032939,3.267133116961653,1348,11.194311284179907,1722,0.11368880216946058,3070,2619,47666.63066626944,0.0,0.0
cnp_delta_attn,964,unif_10,26.157453397394427,3070,164.32675076140004,16.715487125912883,1348,9.441966271481546,1722,0.1217168957592131,3070,2545,43863.36370151919,0.0,7.317073170731708
cnp_delta_attn,964,extrap_10,15.439163028706583,3070,124.40666958362272,3.559868953045366,1348,11.879294075661218,1722,0.09688848075062115,3070,2545,42410.8628735652,0.03258390355164549,3.231707317073171
cnp_delta_attn,964,unif_20,14.832823974399886,3070,120.73468090510505,4.019913970951,1348,10.812910003448883,1722,0.055445653394532994,3070,2428,30566.040474761674,0.5865102639296188,2.5609756097560976
cnp_delta_attn,964,extrap_20,12.416675614323118,3070,106.65896255111875,2.6161841496672857,1348,9.800491464655833,1722,0.043051036980456765,3070,2486,18995.314960269916,1.2381883349625284,2.9878048780487805
cnp_delta_attn,964,unif_40,13.007460232867421,3070,105.83871635714604,5.524941395633277,1348,7.482518837234144,1722,0.06102257506484875,3070,2257,18305.95700892691,2.5089605734767026,7.591463414634147
cnp_delta_attn,964,extrap_40,12.311630187678805,3070,107.35352328782028,2.825362842033266,1348,9.486267345645537,1722,0.0782351877376462,3070,2448,34469.4156651704,2.932551319648094,4.176829268292683
cnp_delta_attn,964,unif_80,8.774683247440835,3070,77.47166198096966,2.999305368846122,1348,5.775377878594712,1722,0.0583670290442532,3070,2122,10574.762263348395,5.34376018246986,3.658536585365854
cnp_delta_attn,964,extrap_80,9.33365150338955,3070,83.12175383567956,1.3425044290658048,1348,7.991147074323747,1722,0.18792575508354464,3070,2246,12802.730114194692,6.028022157054415,1.5548780487804879
cnp_delta_attn,964,unif_100,7.035888905863039,3070,70.78946131984776,2.6397469948308174,1348,4.396141911032221,1722,0.07704175608346084,3070,2100,10324.774698659232,5.734767025089606,7.560975609756097
cnp_delta_attn,964,extrap_100,6.729932931509056,3070,68.90217850546105,0.6081441396832099,1348,6.121788791825845,1722,0.03121007758462571,3070,2164,11027.700862672256,3.0303030303030303,1.0975609756097562
cnp_delta_attn,964,unif_200,3.199980777904798,3070,36.87361989853889,1.2344587647827845,1348,1.9655220131220132,1722,0.006001903193323817,3070,1400,2734.6494654157877,2.932551319648094,1.951219512195122
cnp_delta_attn,964,extrap_200,5.475334168022097,3070,61.87533161168176,0.368805291539511,1348,5.106528876482585,1722,0.02925757538191982,3070,2066,10537.166768747486,2.541544477028348,1.0365853658536586
cnp_delta_attn,964,unif_300,3.1114813704834674,3070,34.09965793768424,1.3985733106529816,1348,1.7129080598304856,1722,0.005379036064829184,3070,1268,2754.5974695983696,1.9224503095470837,1.7378048780487805
cnp_delta_attn,964,extrap_300,5.475334133196233,3070,61.87533095288745,0.3688052841332321,1348,5.106528849063,1722,0.029257575570062776,3070,2066,10537.166748622132,2.541544477028348,1.0365853658536586
cnp_delta_attn,964,unif_500,2.9002485212634017,3070,33.03693340367681,1.2389319806054584,1348,1.6613165406579429,1722,0.005188359867865884,3070,1280,2568.109979861377,1.5966112740306289,1.4024390243902438
cnp_delta_attn,964,extrap_500,5.4753340851344925,3070,61.87533085126779,0.3688052904577758,1348,5.106528794676716,1722,0.029257574670907456,3070,2066,10537.16668880116,2.541544477028348,1.0365853658536586
cnp_delta_attn,965,unif_2,19.70458588775937,3062,176.46707248927487,6.132980139992741,1281,13.571605747766633,1781,0.3891029832768271,3062,2846,58916.141441058164,0.0,0.0
cnp_delta_attn,965,extrap_2,19.488999818095802,3062,162.0639712541597,3.1971912624018546,1281,16.291808555693947,1781,0.23208962105414213,3062,2831,42023.12024932954,0.0,0.0
cnp_delta_attn,965,unif_4,18.562424162230656,3062,145.11086425106623,4.592229621821302,1281,13.970194540409352,1781,0.09792342204548367,3062,2698,49188.03619514042,0.0,1.2195121951219512
cnp_delta_attn,965,extrap_4,20.324405675587883,3062,144.44375977790696,3.457206611959779,1281,16.867199063628107,1781,0.08938296928620963,3062,2621,45119.750543770366,0.0,1.2195121951219512
cnp_delta_attn,965,unif_8,16.67082274216395,3062,132.51713538332842,4.107291632937397,1281,12.56353110922655,1781,0.08591216260791325,3062,2481,48105.364559919486,0.0,1.2195121951219512
cnp_delta_attn,965,extrap_8,18.273630492662445,3062,141.67780948334257,3.092141277915094,1281,15.181489214747351,1781,0.1553689367577875,3062,2642,70667.92024842955,0.0,2.4390243902439024
cnp_delta_attn,965,unif_10,22.693229145807774,3062,162.9762084294125,11.12754805814947,1281,11.565681087658303,1781,0.1987874615090669,3062,2622,67170.8039018928,0.09797517962116264,6.097560975609756
cnp_delta_attn,965,extrap_10,19.16558206855813,3062,140.4683289435743,3.4283000481087713,1281,15.737282020449356,1781,0.09779001277629652,3062,2657,50890.36539153228,0.0,1.2195121951219512
cnp_delta_attn,965,unif_20,17.654767242612824,3062,133.1561942299013,6.472043940400528,1281,11.182723302212297,1781,0.06351070914223793,3062,2484,49882.10577801845,0.2286087524493795,6.615853658536586
cnp_delta_attn,965,extrap_20,15.585290021584079,3062,122.67924454466993,1.978905232986228,1281,13.606384788597852,1781,0.07285801318187109,3062,2606,37616.98794759439,0.6858262573481385,1.4939024390243902
cnp_delta_attn,965,unif_40,14.384225956567132,3062,114.09001262194943,5.941543152746643,1281,8.442682803820489,1781,0.07458520839361257,3062,2343,32329.124131350938,1.992161985630307,6.036585365853658
cnp_delta_attn,965,extrap_40,14.853358622628543,3062,114.49873932734772,2.841521352993045,1281,12.011837269635498,1781,0.060214448482087166,3062,2518,24791.135704980392,3.3311561071195297,4.573170731707317
cnp_delta_attn,965,unif_80,13.854104659252691,3062,94.45388651930261,6.665924974391636,1281,7.188179684861055,1781,0.19176785765628085,3062,2228,17633.139952460682,4.408883082952319,5.304878048780488
cnp_delta_attn,965,extrap_80,10.466957542817564,3062,92.17959099987638,1.4322155969431574,1281,9.034741945874407,1781,0.1681380087594238,3062,2475,13299.635387660928,3.7557152188112344,1.25
cnp_delta_attn,965,unif_100,12.840865940863752,3062,92.15678191755433,3.5221897203253754,1281,9.318676220538377,1781,0.1473493684602477,3062,2022,23020.320569377876,4.34356629653821,5.426829268292683
cnp_delta_attn,965,extrap_100,9.730114377190754,3062,85.37567743658656,2.0436724273355016,1281,7.686441949855252,1781,0.07753859799476745,3062,2401,13278.736099101898,4.506858262573481,1.2804878048780488
cnp_delta_attn,965,unif_200,6.474861122478711,3062,51.42360319067666,3.088254273242096,1281,3.3866068492366153,1781,0.05838972552318694,3062,1571,4592.944092502059,3.7557152188112344,3.4451219512195124
cnp_delta_attn,965,extrap_200,8.001237431055795,3062,77.07646824916446,0.7325222729067211,1281,7.268715158149073,1781,0.04499091483523665,3062,2334,12014.37475990719,2.906596995427825,0.39634146341463417
cnp_delta_attn,965,unif_300,5.151362015695645,3062,44.17552290537424,2.7546719951751113,1281,2.396690020520534,1781,0.010741991028346078,3062,1455,4366.183870128721,2.2207707380796866,1.6768292682926829
cnp_delta_attn,965,extrap_300,8.001237422424463,3062,77.07646814017062,0.7325222641455795,1281,7.268715158278884,1781,0.04499091460317271,3062,2334,12014.374719932126,2.906596995427825,0.39634146341463417
cnp_delta_attn,965,unif_500,4.488079748996645,3062,41.191910914101754,2.520643780406709,1281,1.9674359685899365,1781,0.009958200597381802,3062,1452,3656.5766528382146,1.371652514696277,1.3414634146341464
cnp_delta_attn,965,extrap_500,8.001237422936645,3062,77.07646841995302,0.7325222801700657,1281,7.268715142766582,1781,0.044990915015095743,3062,2334,12014.374823546872,2.906596995427825,0.39634146341463417
cnp_delta_attn,966,unif_2,19.541450921589767,3113,155.7965425670991,5.1761201538185055,1487,14.365330767771262,1626,0.10686523718814131,3113,2715,56557.57722712143,0.0,0.0
cnp_delta_attn,966,extrap_2,24.182671730989856,3113,178.59123405779246,4.6680306036286545,1487,19.5146411273612,1626,0.20155634995203386,3113,2975,45055.59509530021,0.0,0.0
cnp_delta_attn,966,unif_4,27.692870946669625,3113,181.10963635650114,13.782888285796592,1487,13.909982660873032,1626,0.15893678926220284,3113,2829,126784.51466403125,0.0,3.658536585365854
cnp_delta_attn,966,extrap_4,25.919483417677114,3113,170.08687082588585,4.475695336174374,1487,21.443788081502742,1626,0.13531241177073608,3113,2904,55313.38388932952,0.0,1.2195121951219512
cnp_delta_attn,966,unif_8,22.969822901976904,3113,157.82805294110585,7.269732736470081,1487,15.700090165506824,1626,0.10005393408952903,3113,2613,56948.681170296026,0.0,1.2195121951219512
cnp_delta_attn,966,extrap_8,23.628406623710234,3113,160.0870540858341,3.8078750167655087,1487,19.82053160694473,1626,0.1107834415280568,3113,2819,51806.347396643214,0.0,2.4390243902439024
cnp_delta_attn,966,unif_10,32.810827504271955,3113,198.1833860513143,20.585285173734892,1487,12.225542330537065,1626,0.19529359177793865,3113,2594,112852.07594117461,0.0,4.878048780487805
cnp_delta_attn,966,extrap_10,24.575422274452805,3113,161.3698884897749,5.561422479781321,1487,19.013999794671484,1626,0.125375192169867,3113,2812,72866.32536999689,0.8352071956312239,1.2195121951219512
cnp_delta_attn,966,unif_20,22.947742464112373,3113,148.7976129118324,6.758363373302015,1487,16.189379090810355,1626,0.09892310236429672,3113,2621,52654.691361725025,0.19274012206874397,3.841463414634146
cnp_delta_attn,966,extrap_20,21.567748696606582,3113,141.69684272598533,3.6209585699057323,1487,17.94679012670085,1626,0.07183359654130561,3113,2797,49182.337899029655,1.3491808544812078,3.6280487804878048
cnp_delta_attn,966,unif_40,20.475450993065948,3113,130.36383964377455,9.18138500617004,1487,11.294065986895907,1626,0.16034471329420086,3113,2516,39854.18690535042,3.5978156119498874,8.71951219512195
cnp_delta_attn,966,extrap_40,18.932802198418546,3113,124.9893261894249,3.3508098433109796,1487,15.581992355107563,1626,0.06305541550327046,3113,2704,48619.648589228396,2.4092515258593,2.5
cnp_delta_attn,966,unif_80,13.10073483991723,3113,92.9392635714612,3.4323934858186282,1487,9.668341354098603,1626,0.12028740933906998,3113,2283,19475.80388839067,4.529392868615483,7.865853658536586
cnp_delta_attn,966,extrap_80,14.05456584580487,3113,102.17769903091903,2.3376108908082145,1487,11.716954954996654,1626,0.08966645431253344,3113,2588,21590.477154315566,4.047542563443623,1.6158536585365855
cnp_delta_attn,966,unif_100,10.529186519016179,3113,83.52943393324676,3.6365318979155887,1487,6.89265462110059,1626,0.04958175384272556,3113,2334,20503.885467371878,5.203983295856087,5.7317073170731705
cnp_delta_attn,966,extrap_100,13.406821826669258,3113,96.07126150678596,2.3043335390772466,1487,11.10248828759201,1626,0.21898412344337267,3113,2525,16514.00738939893,5.075489881143591,0.7621951219512195
cnp_delta_attn,966,unif_200,5.362095071516834,3113,45.31007346599654,1.41437770383067,1487,3.9477173676861645,1626,0.009038024463258774,3113,1718,5608.201098283996,2.216511403790556,1.4329268292682926
cnp_delta_attn,966,extrap_200,9.560129411696357,3113,79.14956658196752,0.9189383124028304,1487,8.641191099293527,1626,0.035589555530078226,3113,2426,14832.10928448402,3.0517185994217795,0.06097560975609756
cnp_delta_attn,966,unif_300,3.2753264999480916,3113,35.11348075929709,1.0766703156050488,1487,2.1986561843430437,1626,0.006615237225010613,3113,1648,4496.672903816419,1.6704143912624478,0.7621951219512195
cnp_delta_attn,966,extrap_300,9.560129490591281,3113,79.14956727549361,0.9189383279925372,1487,8.641191162598746,1626,0.035589555897509985,3113,2426,14832.109263101866,3.0517185994217795,0.06097560975609756
cnp_delta_attn,966,unif_500,3.137338868560175,3113,34.46176281559747,1.0273512230169464,1487,2.109987645543229,1626,0.00656497515701654,3113,1644,4451.430064410319,1.3170575008030838,0.7621951219512195
cnp_delta_attn,966,extrap_500,9.560129382646249,3113,79.14956623648686,0.9189383130529973,1487,8.64119106959325,1626,0.03558955491592633,3113,2426,14832.109214420021,3.0517185994217795,0.06097560975609756
cnp_hist,957,unif_2,25.304208479719964,3107,179.9298268854618,9.981970138910153,1427,15.322238340809813,1680,0.4977908137030856,3107,2789,24840.632284402287,0.0,0.0
cnp_hist,957,extrap_2,17.16691467911181,3107,141.1721156463027,6.946712914194324,1427,10.220201764917483,1680,0.2596536872088934,3107,2693,19722.162260186997,0.0,0.0
cnp_hist,957,unif_4,25.927339425138083,3107,176.8443656116724,10.093653556709555,1427,15.833685868428528,1680,0.5235348749298138,3107,2775,26112.84510058361,0.0,0.0
cnp_hist,957,extrap_4,17.27096081687902,3107,140.99393673986197,7.037505000762581,1427,10.233455816116438,1680,0.27832034063314876,3107,2611,15926.179625868368,0.0,0.0
cnp_hist,957,unif_8,23.172758834225114,3107,161.8884718120098,8.911970465280623,1427,14.260788368944489,1680,0.43548552350683956,3107,2757,18743.267374831506,0.0,0.0
cnp_hist,957,extrap_8,16.960817534077393,3107,139.19072350859642,6.948582314659964,1427,10.012235219417427,1680,0.2691539701789415,3107,2582,15501.236856699703,0.0,0.0
cnp_hist,957,unif_10,24.564237479374032,3107,176.13173148036003,9.539689999674987,1427,15.024547479699043,1680,0.4802469951675545,3107,2802,25967.179033314762,0.0,0.0
cnp_hist,957,extrap_10,16.758085377995734,3107,134.98346620053053,6.8267048978417915,1427,9.93138048015394,1680,0.2502911878449238,3107,2561,14278.867051978983,0.0,0.0
cnp_hist,957,unif_20,21.80959221182605,3107,164.42908253520727,8.400314076975832,1427,13.409278134850222,1680,0.39162598757224387,3107,2752,22909.546964422792,0.0,0.0
cnp_hist,957,extrap_20,17.378312866750704,3107,139.28068877756596,7.095752088025961,1427,10.282560778724742,1680,0.27657786928665085,3107,2584,15226.200094673308,0.0,0.0
cnp_hist,957,unif_40,22.260163274887695,3107,162.41519725322723,8.500989799673878,1427,13.759173475213817,1680,0.3985124543633896,3107,2746,21202.75830202827,0.0,0.0
cnp_hist,957,extrap_40,16.880909994118163,3107,137.33110535889864,7.015677492043859,1427,9.865232502074303,1680,0.2546522381767169,3107,2605,14942.040178484913,0.0,0.0
cnp_hist,957,unif_80,22.11628177671228,3107,162.93322103470564,8.457441345672594,1427,13.658840431039689,1680,0.3987817784689224,3107,2773,21079.149468306226,0.0,0.0
cnp_hist,957,extrap_80,16.725028195403496,3107,136.6099203005433,6.941859732138615,1427,9.783168463264884,1680,0.2520008473795388,3107,2530,14956.165259693038,0.0,0.0
cnp_hist,957,unif_100,22.559081871289642,3107,164.17551665753126,8.652377879059818,1427,13.906703992229824,1680,0.40388089621550444,3107,2756,22141.510617311367,0.0,0.0
cnp_hist,957,extrap_100,16.73528939678008,3107,136.8630097731948,6.971489424630121,1427,9.76379997214996,1680,0.2536790409962028,3107,2540,14989.045753350747,0.0,0.0
cnp_hist,957,unif_200,22.54946020715729,3107,164.31479690223932,8.624669806826377,1427,13.924790400330908,1680,0.4056684039097239,3107,2776,21795.33571364786,0.0,0.0
cnp_hist,957,extrap_200,16.610408715401903,3107,138.76003991812468,6.964847564889504,1427,9.645561150512401,1680,0.25380414503339777,3107,2551,15644.86741595215,0.0,0.0
cnp_hist,957,unif_300,22.17113191727033,3107,162.859753921628,8.464436128179695,1427,13.706695789090638,1680,0.39360089310684143,3107,2759,21523.95282632933,0.0,0.0
cnp_hist,957,extrap_300,16.59819100536415,3107,138.80675210803747,6.965268118919244,1427,9.632922886444907,1680,0.253812671915886,3107,2550,15670.556567726198,0.0,0.0
cnp_hist,957,unif_500,22.179395942510563,3107,162.3704062923789,8.48517127447486,1427,13.694224668035703,1680,0.39376834810406985,3107,2752,21380.238508557224,0.0,0.0
cnp_hist,957,extrap_500,16.598190407445124,3107,138.8067465648055,6.965267838137548,1427,9.632922569307576,1680,0.2538126547213468,3107,2550,15670.555879915766,0.0,0.0
cnp_hist,958,unif_2,24.98320612836067,3169,169.44075401127338,8.423629747664128,1450,16.55957638069654,1719,0.3733531201865464,3169,2905,25149.15399751634,0.0,0.0
cnp_hist,958,extrap_2,21.45394488803698,3169,159.18785879015923,7.407220320109548,1450,14.046724567927425,1719,0.27485400973619817,3169,2778,21347.061869008998,0.0,0.0
cnp_hist,958,unif_4,25.21457476563899,3169,174.99773348122835,8.533574558677557,1450,16.681000206961436,1719,0.378106427703238,3169,2843,26929.619532530935,0.0,0.0
cnp_hist,958,extrap_4,15.129526834838565,3169,130.2216995358467,5.042219140043525,1450,10.087307694795038,1719,0.14333191158129022,3169,2697,17633.581637633695,0.0,0.0
cnp_hist,958,unif_8,20.691957135717182,3169,152.64266480505466,6.398247246143704,1450,14.29370988957348,1719,0.24819607946952826,3169,2875,19462.66708046502,0.0,0.0
cnp_hist,958,extrap_8,17.068500741455342,3169,139.96828439086676,5.847061768456214,1450,11.22143897299913,1719,0.18945548942292892,3169,2729,18739.520735525468,0.0,0.0
cnp_hist,958,unif_10,25.082548253120645,3169,174.41756835579872,8.244131667081653,1450,16.83841658603899,1719,0.3506737290544367,3169,2882,26835.579638183146,0.0,0.0
cnp_hist,958,extrap_10,16.849586048837462,3169,134.41453126817942,5.696336706298097,1450,11.153249342539366,1719,0.1708879333969709,3169,2661,16304.407619396774,0.0,0.0
cnp_hist,958,unif_20,25.71702762656929,3169,176.00157392770052,8.442300153589326,1450,17.274727472979965,1719,0.37676748119582937,3169,2891,25608.45026218702,0.0,0.0
cnp_hist,958,extrap_20,18.521661828931933,3169,143.69119205325842,6.325956249009436,1450,12.195705579922496,1719,0.2208110039569897,3169,2694,19513.60835043092,0.0,0.0
cnp_hist,958,unif_40,24.227684299825192,3169,169.32946596294641,7.891547899726714,1450,16.336136400098475,1719,0.3288829019636041,3169,2866,25120.072920316503,0.0,0.0
cnp_hist,958,extrap_40,17.98079743183023,3169,141.43120208382607,6.246337258198032,1450,11.7344601736322,1719,0.2108606706646719,3169,2680,17823.095801188498,0.0,0.0
cnp_hist,958,unif_80,23.258670772435053,3169,165.6208017989993,7.527080276407343,1450,15.731590496027707,1719,0.3074859951089287,3169,2875,24892.958388723055,0.0,0.0
cnp_hist,958,extrap_80,17.083364239134223,3169,137.4078597202897,5.836822330292351,1450,11.246541908841872,1719,0.18441021809646374,3169,2685,17559.843033845646,0.0,0.0
cnp_hist,958,unif_100,23.721741995722404,3169,167.150709412992,7.62788769855322,1450,16.09385429716919,1719,0.31748883981008036,3169,2884,23997.803823539867,0.0,0.0
cnp_hist,958,extrap_100,17.615073006329673,3169,139.7069064900279,6.025414049862139,1450,11.589658956467535,1719,0.19798403232577005,3169,2688,17556.11104120122,0.0,0.0
cnp_hist,958,unif_200,23.920495346368817,3169,168.4216677173972,7.776814739412556,1450,16.14368060695626,1719,0.32356622827770454,3169,2861,25505.062776031013,0.0,0.0
cnp_hist,958,extrap_200,17.20659830936225,3169,139.2623274102807,5.9392272466929,1450,11.267371062669346,1719,0.1899836913054944,3169,2658,17765.86821963374,0.0,0.0
cnp_hist,958,unif_300,23.64006881033402,3169,167.08988630771637,7.640970174273194,1450,15.999098636060825,1719,0.31547810437984464,3169,2861,24838.29200081838,0.0,0.0
cnp_hist,958,extrap_300,17.194190308203034,3169,139.30789171159267,5.945603850659307,1450,11.248586457543723,1719,0.18996238881126642,3169,2656,17743.9030772388,0.0,0.0
cnp_hist,958,unif_500,23.589735181770223,3169,166.99027149379253,7.637950582255619,1450,15.951784599514601,1719,0.31491091639483226,3169,2874,24665.348334765647,0.0,0.0
cnp_hist,958,extrap_500,17.19419013961467,3169,139.30789149552584,5.945604070004743,1450,11.248586069609928,1719,0.18996239269296614,3169,2656,17743.902985697532,0.0,0.0
cnp_hist,959,unif_2,30.368503749228644,3144,189.8839936554432,9.696827738787112,1402,20.671676010441534,1742,0.5199970304617297,3144,2823,28628.341535942087,0.0,0.0
cnp_hist,959,extrap_2,21.730502167239884,3144,148.5790036469698,6.3787976536058215,1402,15.35170451363406,1742,0.27085735101074154,3144,2758,17331.336665254934,0.0,0.0
cnp_hist,959,unif_4,20.51042303176508,3144,151.86348451673985,5.957286572272631,1402,14.553136459492446,1742,0.2611639192707835,3144,2879,16275.966740732736,0.0,0.0
cnp_hist,959,extrap_4,16.79505450890957,3144,132.94000283628702,5.02667414682214,1402,11.768380362087433,1742,0.19157486326702947,3144,2656,14291.764594023389,0.0,0.0
cnp_hist,959,unif_8,27.815746437363835,3144,183.75275670737028,8.468939761443139,1402,19.346806675920696,1742,0.4359542067728204,3144,2915,23993.671484094237,0.0,0.0
cnp_hist,959,extrap_8,18.33869498593127,3144,139.49372582882643,5.701512264191413,1402,12.637182721739853,1742,0.23762937299790596,3144,2636,15943.412433098149,0.0,0.0
cnp_hist,959,unif_10,26.65471418236138,3144,173.9597099274397,7.947169739671306,1402,18.707544442690075,1742,0.38839825488499324,3144,2822,22489.880680863214,0.0,0.0
cnp_hist,959,extrap_10,18.78498210457167,3144,137.48773819208145,5.686185620097945,1402,13.098796484473727,1742,0.21985317727855408,3144,2609,14146.428989530974,0.0,0.0
cnp_hist,959,unif_20,25.533537049150187,3144,171.00099416822195,7.592345373710276,1402,17.94119167543991,1742,0.3702017058031414,3144,2848,22701.686690828472,0.0,0.0
cnp_hist,959,extrap_20,18.23230472457873,3144,135.83183442801237,5.47783455381935,1402,12.754470170759376,1742,0.21610598450273832,3144,2612,13856.09244977418,0.0,0.0
cnp_hist,959,unif_40,25.129195467714275,3144,164.94123298674822,7.342028970977197,1402,17.787166496737076,1742,0.35015392285020075,3144,2804,18437.51073021694,0.0,0.0
cnp_hist,959,extrap_40,18.01604820081713,3144,133.87197556346655,5.364236874610571,1402,12.651811326206555,1742,0.2074921563973785,3144,2535,13836.31708766034,0.0,0.0
cnp_hist,959,unif_80,26.057530306315705,3144,172.2254016250372,7.745527703861202,1402,18.312002602454506,1742,0.38321889555858246,3144,2852,22122.066331017333,0.0,0.0
cnp_hist,959,extrap_80,18.604649802626138,3144,136.68579085171223,5.620497295468649,1402,12.984152507157486,1742,0.22247366288975776,3144,2591,13832.988202309381,0.0,0.0
cnp_hist,959,unif_100,25.84836299994862,3144,169.96233371645212,7.677994212355994,1402,18.170368787592626,1742,0.3767121237802731,3144,2833,21170.014044490094,0.0,0.0
cnp_hist,959,extrap_100,18.44446614898783,3144,135.33515276759863,5.527123641736216,1402,12.917342507251613,1742,0.21872572997972545,3144,2548,13710.992609512035,0.0,0.0
cnp_hist,959,unif_200,25.89797530371634,3144,169.55373053997755,7.65550933139226,1402,18.24246597232408,1742,0.3738598356730544,3144,2841,21279.243503506164,0.0,0.0
cnp_hist,959,extrap_200,18.329784067612064,3144,136.2038339599967,5.5259920782016705,1402,12.80379198941039,1742,0.21716491775858882,3144,2603,13953.613750481489,0.0,0.0
cnp_hist,959,unif_300,25.88430181085045,3144,169.53151182830334,7.656424913708701,1402,18.22787689714175,1742,0.3760245959796884,3144,2825,20938.531674353882,0.0,0.0
cnp_hist,959,extrap_300,18.311881098099555,3144,136.1222163811326,5.52167227464536,1402,12.790208823454195,1742,0.21683433427407267,3144,2606,13948.445620286428,0.0,0.0
cnp_hist,959,unif_500,25.921029793554087,3144,169.97460898011923,7.657985262701595,1402,18.26304453085249,1742,0.374226011489021,3144,2833,21282.499411849087,0.0,0.0
cnp_hist,959,extrap_500,18.31188105309237,3144,136.12221266329288,5.521672025237578,1402,12.790209027854793,1742,0.21683432129707508,3144,2606,13948.445058012167,0.0,0.0
cnp_hist,960,unif_2,30.79863664048413,3132,187.75796599686146,9.04667062793246,1349,21.75196601255167,1783,0.5706801290634318,3132,2806,21041.62538701567,0.0,0.0
cnp_hist,960,extrap_2,16.494287027280965,3132,141.27531743049622,4.538156038329241,1349,11.956130988951724,1783,0.2004197814026286,3132,2763,16681.056582555077,0.0,0.0
cnp_hist,960,unif_4,25.234402493547915,3132,169.66367580741644,7.021215576201566,1349,18.21318691734635,1783,0.40554225688293305,3132,2876,18064.752716857252,0.0,0.0
cnp_hist,960,extrap_4,17.550687898303288,3132,136.28804302960634,4.743931352870675,1349,12.806756545432613,1783,0.19640694559555533,3132,2583,14742.342792907337,0.0,0.0
cnp_hist,960,unif_8,24.37884498983679,3132,171.38375660032034,6.643247046481019,1349,17.73559794335577,1783,0.3591513193068925,3132,2821,19167.79080757688,0.0,0.0
cnp_hist,960,extrap_8,18.828657895264378,3132,140.78847678005695,5.24354123495419,1349,13.585116660310186,1783,0.23588483196090196,3132,2510,14843.652123170143,0.0,0.0
cnp_hist,960,unif_10,24.678444483453774,3132,167.83873572200537,6.61376790064744,1349,18.06467658280634,1783,0.3607458304008504,3132,2852,18215.28869090498,0.0,0.0
cnp_hist,960,extrap_10,17.490904265384998,3132,139.8401019498706,4.901637929190871,1349,12.589266336194125,1783,0.21188883876785394,3132,2589,16778.55881458182,0.0,0.0
cnp_hist,960,unif_20,24.429341793904083,3132,166.84016582369804,6.486465389670598,1349,17.942876404233484,1783,0.3567568327540833,3132,2809,16103.037780112601,0.0,0.0
cnp_hist,960,extrap_20,17.561597491801717,3132,136.09640584141016,4.740253279863012,1349,12.821344211938705,1783,0.19926044349038408,3132,2573,14622.739285294216,0.0,0.0
cnp_hist,960,unif_40,25.491452988252227,3132,172.69873824715614,6.764712936031398,1349,18.72674005222083,1783,0.3714935713636956,3132,2949,19483.15333358296,0.0,0.0
cnp_hist,960,extrap_40,17.84215696308225,3132,136.95093328505754,4.845773665539422,1349,12.996383297542828,1783,0.20673073127221067,3132,2560,14626.823524706622,0.0,0.0
cnp_hist,960,unif_80,25.124652395016057,3132,172.5946089103818,6.711330592939703,1349,18.413321802076357,1783,0.36671371972509215,3132,2925,19866.207894956657,0.0,0.0
cnp_hist,960,extrap_80,17.628028819495846,3132,136.27903028577566,4.8150857284139335,1349,12.812943091081914,1783,0.20375832026841756,3132,2531,14914.744764308401,0.0,0.0
cnp_hist,960,unif_100,24.13619942235202,3132,167.27628964185715,6.391090792819597,1349,17.745108629532428,1783,0.3458760634714759,3132,2863,17979.46396057623,0.0,0.0
cnp_hist,960,extrap_100,17.726016812547932,3132,137.3202676922083,4.902041532360917,1349,12.823975280187016,1783,0.21018841475004213,3132,2536,15084.028938507377,0.0,0.0
cnp_hist,960,unif_200,25.156567600584907,3132,172.23837667703629,6.719670869839821,1349,18.436896730745087,1783,0.36829495913765653,3132,2909,19716.683198693943,0.0,0.0
cnp_hist,960,extrap_200,17.632631123221973,3132,136.95400185883045,4.842277793887297,1349,12.790353329334675,1783,0.2047867248148313,3132,2547,15091.084330717782,0.0,0.0
cnp_hist,960,unif_300,25.128984748023118,3132,172.3923809081316,6.726903547246385,1349,18.40208120077673,1783,0.3693757069153201,3132,2901,19965.4090812713,0.0,0.0
cnp_hist,960,extrap_300,17.63651952821816,3132,137.01310005784035,4.846167370412051,1349,12.79035215780611,1783,0.20499751501625357,3132,2546,15106.72226935085,0.0,0.0
cnp_hist,960,unif_500,25.066820501442958,3132,172.12898306548595,6.6778708991474485,1349,18.38894960229551,1783,0.36465790434778156,3132,2915,19811.109609144125,0.0,0.0
cnp_hist,960,extrap_500,17.636519405704455,3132,137.01310027390718,4.846167288551278,1349,12.790352117153173,1783,0.20499750923799198,3132,2546,15106.721794230769,0.0,0.0
cnp_hist,961,unif_2,20.905207518965266,3133,167.3910126015544,6.336634742955341,1357,14.568572776009926,1776,0.27304493474040026,3133,2930,18720.31039090595,0.0,0.0
cnp_hist,961,extrap_2,16.24785304036069,3133,146.88765926659107,5.481554240343555,1357,10.766298800017132,1776,0.19196376562125228,3133,2809,20476.977344328676,0.0,0.0
cnp_hist,961,unif_4,23.44967938143274,3133,172.3914488106966,7.1271742370897515,1357,16.32250514434299,1776,0.33500215744721895,3133,2882,22151.597317047384,0.0,0.0
cnp_hist,961,extrap_4,17.56688722249387,3133,146.98943048715591,5.641845270932462,1357,11.925041951561411,1776,0.2053292915939738,3133,2774,18867.352565569963,0.0,0.0
cnp_hist,961,unif_8,21.601719423511877,3133,166.937806725502,6.529803104746243,1357,15.071916318765634,1776,0.2820781645244971,3133,2856,20977.67852538744,0.0,0.0
cnp_hist,961,extrap_8,16.549005905509226,3133,137.3908389210701,5.049820478386913,1357,11.499185427122313,1776,0.16566493137741026,3133,2712,14802.575244056563,0.0,0.0
cnp_hist,961,unif_10,22.232812763397682,3133,169.91819866001606,6.266096524473188,1357,15.966716238924498,1776,0.28242627030941336,3133,2922,19693.587395030634,0.0,0.0
cnp_hist,961,extrap_10,17.17235471393473,3133,141.92573979496956,5.483084422556141,1357,11.68927029137859,1776,0.1888371925245104,3133,2653,15916.582517119408,0.0,0.0
cnp_hist,961,unif_20,22.04530077582131,3133,168.76374597847462,6.280617751631084,1357,15.764683024190225,1776,0.27657911439367094,3133,2951,20185.23538019437,0.0,0.0
cnp_hist,961,extrap_20,17.7255158491151,3133,141.29886623471975,5.365284891030109,1357,12.360230958084992,1776,0.19010302852120253,3133,2647,14848.993097914508,0.0,0.0
cnp_hist,961,unif_40,24.112798369694477,3133,176.20360167324543,6.968649612996367,1357,17.144148756698115,1776,0.3297267482034193,3133,2907,21576.52917252306,0.0,0.0
cnp_hist,961,extrap_40,17.937766849619567,3133,143.74326238781214,5.563593262709856,1357,12.374173586909713,1776,0.20496544447783113,3133,2665,15633.583996901742,0.0,0.0
cnp_hist,961,unif_80,24.557191222425253,3133,178.67400751262903,7.213429974662854,1357,17.343761247762398,1776,0.3477870566053858,3133,2922,22510.2589529441,0.0,0.0
cnp_hist,961,extrap_80,17.174089981165903,3133,139.4447599723935,5.234584287366248,1357,11.939505693799658,1776,0.1837140544018587,3133,2655,14721.200744939502,0.0,0.0
cnp_hist,961,unif_100,23.32541222895334,3133,172.18664618581533,6.778025617706062,1357,16.547386611247276,1776,0.3129455966747004,3133,2897,21553.052858061877,0.0,0.0
cnp_hist,961,extrap_100,17.305245525290722,3133,141.0092157498002,5.39058556332197,1357,11.914659961968754,1776,0.18964878687871572,3133,2643,15180.25492394502,0.0,0.0
cnp_hist,961,unif_200,23.85751713122421,3133,174.03176428377628,6.943611544242198,1357,16.91390558698201,1776,0.32851379935970015,3133,2874,21613.240585047373,0.0,0.0
cnp_hist,961,extrap_200,17.25765086434096,3133,141.22271178662777,5.380396955806813,1357,11.877253908534149,1776,0.18909225576556374,3133,2670,15290.84863169952,0.0,0.0
cnp_hist,961,unif_300,23.78895908823621,3133,174.20127169042826,6.931059244818811,1357,16.857899843417403,1776,0.3267063303033731,3133,2863,21916.222497441988,0.0,0.0
cnp_hist,961,extrap_300,17.25926327332593,3133,141.19083409756422,5.376297925629284,1357,11.882965347696647,1776,0.18891895136805917,3133,2669,15279.813107607766,0.0,0.0
cnp_hist,961,unif_500,23.807831058370073,3133,174.1879612132907,6.916464599103992,1357,16.891366459266084,1776,0.3248298892302177,3133,2879,21839.00022028462,0.0,0.0
cnp_hist,961,extrap_500,17.259262940920877,3133,141.19083654135466,5.376298346546247,1357,11.882964594374632,1776,0.18891896254609983,3133,2669,15279.814017991579,0.0,0.0
cnp_hist,962,unif_2,16.15365038486522,3063,145.99549648165703,5.860095265489517,1359,10.293555119375704,1704,0.31995344935003867,3063,2820,16243.332543318345,0.0,0.0
cnp_hist,962,extrap_2,12.937979422234825,3063,127.02946131676435,5.4312151787410405,1359,7.506764243493786,1704,0.24945141738798912,3063,2575,15179.949718572278,0.0,0.0
cnp_hist,962,unif_4,18.494995265991086,3063,158.81472987681627,6.711548605394212,1359,11.783446660596875,1704,0.3773176649383613,3063,2763,22200.607586238097,0.0,0.0
cnp_hist,962,extrap_4,12.562777459822566,3063,124.98513291031122,4.929221598662768,1359,7.633555861159797,1704,0.2209813264606982,3063,2647,16102.864483577416,0.0,0.0
cnp_hist,962,unif_8,17.176501268061294,3063,147.6006631925702,6.393543136166992,1359,10.7829581318943,1704,0.3423990559823226,3063,2685,19467.918656374288,0.0,0.0
cnp_hist,962,extrap_8,12.494659163262831,3063,119.53786428272724,4.792280805167938,1359,7.702378358094895,1704,0.20758048570692023,3063,2531,13246.330089863966,0.0,0.0
cnp_hist,962,unif_10,14.32058858299787,3063,134.97758439183235,5.377923743096225,1359,8.942664839901646,1704,0.25085447097981634,3063,2726,16163.582976320264,0.0,0.0
cnp_hist,962,extrap_10,12.844389583617353,3063,123.13951563090086,4.892310016710153,1359,7.9520795669072,1704,0.22076772011738927,3063,2603,13772.945319192717,0.0,0.0
cnp_hist,962,unif_20,16.368606182112828,3063,143.78613051772118,5.898942657628227,1359,10.469663524484599,1704,0.31316062583425897,3063,2732,17640.06342040478,0.0,0.0
cnp_hist,962,extrap_20,12.0834923125865,3063,119.76959671080112,4.740823835004544,1359,7.342668477581958,1704,0.1997940001931101,3063,2547,13423.483037116504,0.0,0.0
cnp_hist,962,unif_40,15.57666932362746,3063,140.30852860212326,5.620264278691708,1359,9.956405044935753,1704,0.29187062009977915,3063,2726,16721.477228551725,0.0,0.0
cnp_hist,962,extrap_40,11.685012406044216,3063,117.10113809257746,4.5645562812539655,1359,7.12045612479025,1704,0.1880381038267199,3063,2508,13148.028238290619,0.0,0.0
cnp_hist,962,unif_80,17.00461864104922,3063,146.95141385495663,6.146735441277236,1359,10.857883199771987,1704,0.32963329832953103,3063,2746,19388.503048817805,0.0,0.0
cnp_hist,962,extrap_80,12.14870469661425,3063,119.69177658855915,4.757782458241471,1359,7.390922238372777,1704,0.20057190330491675,3063,2566,13541.426187423152,0.0,0.0
cnp_hist,962,unif_100,16.88593135125313,3063,146.1485541909933,6.120380748926217,1359,10.765550602326913,1704,0.3260643830621849,3063,2698,18597.084967963005,0.0,0.0
cnp_hist,962,extrap_100,12.3164242550927,3063,119.77473159879446,4.756726510318138,1359,7.559697744774562,1704,0.2031714542862632,3063,2566,13539.423321737222,0.0,0.0
cnp_hist,962,unif_200,16.71804938498066,3063,145.74738992005587,6.037812494113822,1359,10.680236890866837,1704,0.32216713554637544,3063,2733,18744.507881495298,0.0,0.0
cnp_hist,962,extrap_200,12.156010041591259,3063,118.79295618832111,4.708023897271418,1359,7.4479861443198425,1704,0.2000293307556863,3063,2529,13352.507172486741,0.0,0.0
cnp_hist,962,unif_300,16.579367227607644,3063,144.78498229384422,5.975039001487412,1359,10.604328226120234,1704,0.31867351636895436,3063,2708,18545.252839377274,0.0,0.0
cnp_hist,962,extrap_300,12.156008358543716,3063,118.79294363409281,4.708023009305467,1359,7.44798534923825,1704,0.2000292751255799,3063,2529,13352.504680805896,0.0,0.0
cnp_hist,962,unif_500,16.615565765877854,3063,145.01757788658142,5.960021118315356,1359,10.655544647562499,1704,0.31725289504151355,3063,2735,18585.890811352372,0.0,0.0
cnp_hist,962,extrap_500,12.156009025849954,3063,118.79295033961535,4.708023400401823,1359,7.447985625448132,1704,0.20002929662668043,3063,2529,13352.505596810706,0.0,0.0
cnp_hist,963,unif_2,17.836643264518912,3041,154.06465356051922,7.097516149338546,1351,10.739127115180365,1690,0.4013067568412221,3041,2687,20351.708480221976,0.0,0.0
cnp_hist,963,extrap_2,11.449555324911083,3041,121.42919336259365,5.113087301246227,1351,6.336468023664854,1690,0.22040573403660327,3041,2582,13412.021433178046,0.0,0.0
cnp_hist,963,unif_4,15.867139972675115,3041,145.91219798475504,6.747826067778405,1351,9.119313904896712,1690,0.3446085420396293,3041,2648,17099.560049420827,0.0,0.0
cnp_hist,963,extrap_4,11.103363185456171,3041,115.43921659141779,4.668772091440601,1351,6.43459109401557,1690,0.20023135820323112,3041,2577,11813.047992271728,0.0,0.0
cnp_hist,963,unif_8,16.033774442434527,3041,147.16995137929916,6.493916108039864,1351,9.539858334394665,1690,0.3488580326464363,3041,2757,17251.74623484229,0.0,0.0
cnp_hist,963,extrap_8,11.255603025976788,3041,121.34934771060944,5.139266042956946,1351,6.116336983019841,1690,0.21210225135774613,3041,2567,13092.288915771067,0.0,0.0
cnp_hist,963,unif_10,17.944237624857003,3041,155.40400468558073,7.213095294885887,1351,10.731142329971116,1690,0.41718552625396793,3041,2712,17913.28479632215,0.0,0.0
cnp_hist,963,extrap_10,12.922303402185925,3041,126.36635861545801,5.490312918481775,1351,7.431990483704149,1690,0.2547451164763259,3041,2646,13671.6070157365,0.0,0.0
cnp_hist,963,unif_20,16.34635435840057,3041,146.29882369190454,6.5020470943143955,1351,9.844307264086176,1690,0.3590402040083882,3041,2751,17604.153797058272,0.0,0.0
cnp_hist,963,extrap_20,10.99474776853803,3041,116.59289791435003,4.7534687778010865,1351,6.241278990736943,1690,0.20076991146871184,3041,2577,12028.278469355933,0.0,0.0
cnp_hist,963,unif_40,15.113879091937765,3041,141.53420016914606,6.030494457846787,1351,9.08338463409098,1690,0.3226895145620418,3041,2774,16430.75396764758,0.0,0.0
cnp_hist,963,extrap_40,11.827327675968744,3041,120.14391054958105,5.133432095659954,1351,6.693895580308791,1690,0.2288753299353456,3041,2570,12567.361076318573,0.0,0.0
cnp_hist,963,unif_80,15.329334972782508,3041,141.73969868570566,6.162710738027341,1351,9.166624234755165,1690,0.32766741070697786,3041,2726,16901.609496789653,0.0,0.0
cnp_hist,963,extrap_80,11.936712077141982,3041,120.64264063537121,5.1968077459745,1351,6.739904331167482,1690,0.23250448917127559,3041,2571,12819.174959328635,0.0,0.0
cnp_hist,963,unif_100,15.579817744075378,3041,142.4649161696434,6.263931651024103,1351,9.315886093051272,1690,0.3337755343259705,3041,2690,17039.575739786887,0.0,0.0
cnp_hist,963,extrap_100,11.794524586399936,3041,120.59564480930567,5.174444533199867,1351,6.620080053200068,1690,0.22904380584203068,3041,2545,12797.847546693425,0.0,0.0
cnp_hist,963,unif_200,15.285756044817697,3041,141.16077372431755,6.152083579786597,1351,9.1336724650311,1690,0.3238789654344211,3041,2691,16824.516338748523,0.0,0.0
cnp_hist,963,extrap_200,11.685479985352792,3041,119.74199979752302,5.114800246812178,1351,6.5706797385406155,1690,0.2245395323373668,3041,2547,12672.007809937662,0.0,0.0
cnp_hist,963,unif_300,15.380529027195518,3041,141.15122056007385,6.168529424926004,1351,9.211999602269513,1690,0.3267650241493455,3041,2696,16722.775723556966,0.0,0.0
cnp_hist,963,extrap_300,11.685479660146191,3041,119.74199682474136,5.114800002718619,1351,6.57067965742757,1690,0.2245395184467984,3041,2547,12672.00788827293,0.0,0.0
cnp_hist,963,unif_500,15.506955065560044,3041,142.16622380167246,6.195583973526962,1351,9.311371092033083,1690,0.32929961622622506,3041,2722,16973.694012306143,0.0,0.0
cnp_hist,963,extrap_500,11.685480545008712,3041,119.74200472980738,5.1148005294856045,1351,6.5706800155231075,1690,0.22453954528750808,3041,2548,12672.009334235403,0.0,0.0
cnp_hist,964,unif_2,21.237890614503534,3070,172.15192928910255,8.152235986200303,1348,13.085654628303228,1722,0.48329856692111134,3070,2784,25375.185055765076,0.0,0.0
cnp_hist,964,extrap_2,17.764989321304007,3070,142.56880155950785,6.812951115018409,1348,10.952038206285598,1722,0.3653086964062542,3070,2682,13767.027420678358,0.0,0.0
cnp_hist,964,unif_4,18.151704124079693,3070,149.24425829201937,6.6217023558323564,1348,11.53000176824734,1722,0.36569439546926674,3070,2735,15921.122330220207,0.0,0.0
cnp_hist,964,extrap_4,15.642732690934327,3070,139.87985258549452,6.0686359616975185,1348,9.574096729236807,1722,0.28678957379248604,3070,2721,14360.197449667983,0.0,0.0
cnp_hist,964,unif_8,20.018304430074682,3070,158.9422254934907,7.285873683111891,1348,12.73243074696279,1722,0.4194619408498381,3070,2735,19606.086164428718,0.0,0.0
cnp_hist,964,extrap_8,15.338757777670057,3070,137.48532374203205,5.998744900819178,1348,9.340012876850881,1722,0.291645308901545,3070,2643,14290.469478406292,0.0,0.0
cnp_hist,964,unif_10,22.448262006958185,3070,168.9346241876483,8.046726687924988,1348,14.4015353190332,1722,0.5100822581720462,3070,2814,21472.586167068166,0.0,0.0
cnp_hist,964,extrap_10,16.180547109711085,3070,139.82659753412008,6.419370787280483,1348,9.7611763224306,1722,0.32625102224191094,3070,2628,15146.857435557322,0.0,0.0
cnp_hist,964,unif_20,18.084170105510765,3070,151.40244060009718,6.661304639399019,1348,11.422865466111746,1722,0.35853646246620224,3070,2750,17614.623745461824,0.0,0.0
cnp_hist,964,extrap_20,16.260382955063303,3070,138.4368016794324,6.288272995592556,1348,9.972109959470748,1722,0.3213773600424813,3070,2643,14504.282631902859,0.0,0.0
cnp_hist,964,unif_40,21.141578039054586,3070,164.02102964371443,7.564287412776086,1348,13.5772906262785,1722,0.45138774250518765,3070,2826,20697.606304663444,0.0,0.0
cnp_hist,964,extrap_40,15.9655966713639,3070,138.68161095678806,6.279739637153312,1348,9.685857034210589,1722,0.3089788921298172,3070,2634,14553.609326739866,0.0,0.0
cnp_hist,964,unif_80,19.949900239858824,3070,157.6166457310319,7.157578159279791,1348,12.792322080579034,1722,0.4149065960739915,3070,2773,19103.554479636106,0.0,0.0
cnp_hist,964,extrap_80,16.022070070412532,3070,137.60333248972893,6.197026024004019,1348,9.825044046408511,1722,0.30728835506738283,3070,2653,14215.401445705518,0.0,0.0
cnp_hist,964,unif_100,19.932945773176915,3070,158.92497444152832,7.112163879252327,1348,12.820781893924586,1722,0.4149825510833269,3070,2819,19412.866533315195,0.0,0.0
cnp_hist,964,extrap_100,16.141690826770628,3070,137.4077786207199,6.176932040808658,1348,9.964758785961973,1722,0.30777735914496307,3070,2656,14081.350637389634,0.0,0.0
cnp_hist,964,unif_200,19.58589427768332,3070,157.0033189430833,7.03914650401555,1348,12.546747773667771,1722,0.4040066783336257,3070,2774,18919.791653514058,0.0,0.0
cnp_hist,964,extrap_200,15.821080853844752,3070,136.96245265752077,6.103924756996242,1348,9.71715609684851,1722,0.2994706957324167,3070,2648,14335.712554789681,0.0,0.0
cnp_hist,964,unif_300,19.684648635496355,3070,157.37807530909777,7.045155623975331,1348,12.639493011521022,1722,0.4073456226528222,3070,2785,18867.550878434893,0.0,0.0
cnp_hist,964,extrap_300,15.821079581358058,3070,136.96245106309652,6.103924435745537,1348,9.717155145612521,1722,0.2994706608764327,3070,2648,14335.71362158698,0.0,0.0
cnp_hist,964,unif_500,19.79296510872468,3070,157.66080370545387,7.047869603458604,1348,12.745095505266075,1722,0.4083300443532027,3070,2798,18886.295328016793,0.0,0.0
cnp_hist,964,extrap_500,15.821078542584443,3070,136.96244263648987,6.103923686048928,1348,9.717154856535517,1722,0.29947060167203726,3070,2648,14335.711852664477,0.0,0.0
cnp_hist,965,unif_2,17.11011679046776,3062,156.6106021180749,4.689289738929645,1281,12.420827051538117,1781,0.34293813325783873,3062,2885,22683.54269008379,0.0,0.0
cnp_hist,965,extrap_2,14.644456485135668,3062,135.33151879161596,3.669257131471555,1281,10.975199353664113,1781,0.2591775021349605,3062,2843,17130.668996973054,0.0,0.0
cnp_hist,965,unif_4,16.310042941634137,3062,147.41772556304932,4.5622019592363925,1281,11.747840982397744,1781,0.314750691895205,3062,2755,24262.20412880954,0.0,0.0
cnp_hist,965,extrap_4,16.272888717786223,3062,145.7004323452711,4.452254783332849,1281,11.820633934453376,1781,0.31900116831544534,3062,2838,18724.75766934066,0.0,0.0
cnp_hist,965,unif_8,17.10393891952446,3062,151.8848144263029,4.622868109859693,1281,12.481070809664766,1781,0.34086687612465616,3062,2805,24765.92433571146,0.0,0.0
cnp_hist,965,extrap_8,13.487354555185693,3062,133.69011783599854,4.314415028371603,1281,9.17293952681409,1781,0.2473641121675435,3062,2663,19397.760519655443,0.0,0.0
cnp_hist,965,unif_10,18.318915639525024,3062,159.775753647089,4.762746277164728,1281,13.556169362360297,1781,0.38130858643712606,3062,2872,24811.911554668986,0.0,0.0
cnp_hist,965,extrap_10,13.627707898943175,3062,129.7302435413003,3.992232956711735,1281,9.63547494223144,1781,0.2411393092319742,3062,2633,17955.393758592192,0.0,0.0
cnp_hist,965,unif_20,18.986987815168632,3062,160.29347781091928,4.814797477928255,1281,14.17219033724038,1781,0.4015537305020745,3062,2879,24313.036758868006,0.0,0.0
cnp_hist,965,extrap_20,14.854063267074018,3062,135.01909764111042,4.20763803757985,1281,10.646425229494168,1781,0.2782771902717588,3062,2621,18649.173241908436,0.0,0.0
cnp_hist,965,unif_40,17.92531282856162,3062,156.83488024771214,4.675204906332969,1281,13.25010792222865,1781,0.36635246056862714,3062,2837,23639.096532403128,0.0,0.0
cnp_hist,965,extrap_40,14.235524358677596,3062,131.73686042428017,4.038525914386574,1281,10.196998444291022,1781,0.2603520470336747,3062,2645,17977.115722492927,0.0,0.0
cnp_hist,965,unif_80,18.39418231870271,3062,157.29725974798203,4.739150800219132,1281,13.655031518483579,1781,0.37820762770875843,3062,2858,24351.244888195317,0.0,0.0
cnp_hist,965,extrap_80,14.34014432201247,3062,132.6089595258236,4.052974078592484,1281,10.287170243419988,1781,0.2588621000365325,3062,2673,18459.68692281634,0.0,0.0
cnp_hist,965,unif_100,18.508220716016645,3062,157.76798506081104,4.8413481475577775,1281,13.66687256845887,1781,0.38278725024669513,3062,2840,24197.620862733213,0.0,0.0
cnp_hist,965,extrap_100,14.41191931108543,3062,132.90337954461575,4.088252113848736,1281,10.323667197236693,1781,0.26219018562061663,3062,2641,18423.910344143213,0.0,0.0
cnp_hist,965,unif_200,18.292149889475738,3062,156.98357094079256,4.6894684733682945,1281,13.60268141610744,1781,0.37507369175852623,3062,2851,23774.793052763333,0.0,0.0
cnp_hist,965,extrap_200,14.505933481422016,3062,133.92607215046883,4.138230333953835,1281,10.36770314746818,1781,0.2645636750724026,3062,2669,18671.490272718962,0.0,0.0
cnp_hist,965,unif_300,18.096827417574637,3062,155.80302250385284,4.656618883852114,1281,13.440208533722522,1781,0.36779093346219516,3062,2842,23508.189583462176,0.0,0.0
cnp_hist,965,extrap_300,14.505931568607586,3062,133.9260660558939,4.138229713912517,1281,10.36770185469507,1781,0.2645636023005754,3062,2669,18671.490708249687,0.0,0.0
cnp_hist,965,unif_500,18.16635711925263,3062,156.01941795647144,4.628461242493823,1281,13.537895876758808,1781,0.36876864773571466,3062,2842,23628.37998996053,0.0,0.0
cnp_hist,965,extrap_500,14.505932722176102,3062,133.92607072740793,4.138230051094595,1281,10.367702671081506,1781,0.26456365481687244,3062,2669,18671.49083129313,0.0,0.0
cnp_hist,966,unif_2,25.8896145226697,3113,181.42102449387312,7.8619238460727505,1487,18.027690676596954,1626,0.5491399840267714,3113,2977,25973.292965402128,0.0,0.0
cnp_hist,966,extrap_2,23.060745738745027,3113,164.5330650806427,6.923874448381313,1487,16.13687129036371,1626,0.4436412643574076,3113,2747,20114.433899494255,0.0,0.0
cnp_hist,966,unif_4,24.48176116596851,3113,175.24250674247742,7.745200032709567,1487,16.73656113325894,1626,0.49316951623429645,3113,2808,23770.445795769396,0.0,0.0
cnp_hist,966,extrap_4,21.276553616686947,3113,159.1191959604621,6.714591900456735,1487,14.561961716230211,1626,0.3958660358134554,3113,2809,20911.70580287421,0.0,0.0
cnp_hist,966,unif_8,24.60621039928975,3113,177.1668348312378,7.368177942936047,1487,17.238032456353704,1626,0.5084238597857723,3113,2889,26022.395400057663,0.0,0.0
cnp_hist,966,extrap_8,20.353006602421896,3113,154.7767435759306,6.577200062645424,1487,13.775806539776468,1626,0.3748800339105225,3113,2702,21067.617571607057,0.0,0.0
cnp_hist,966,unif_10,24.588918404219733,3113,176.01705814152956,7.25710153397902,1487,17.331816870240715,1626,0.5038591061977906,3113,2896,24583.067052129714,0.0,0.0
cnp_hist,966,extrap_10,20.414827703873584,3113,160.94499158859253,6.943591332760525,1487,13.471236371113058,1626,0.37360024639457945,3113,2752,22944.640147654507,0.0,0.0
cnp_hist,966,unif_20,22.80125201867449,3113,167.3830599784851,6.690978527291103,1487,16.110273491383385,1626,0.4303030442275908,3113,2894,21869.768657031473,0.0,0.0
cnp_hist,966,extrap_20,20.887494789975918,3113,158.18446926027536,6.802699990530222,1487,14.084794799445694,1626,0.39022381445757015,3113,2753,21348.54339434988,0.0,0.0
cnp_hist,966,unif_40,24.853933763615046,3113,180.75635761767626,7.345110437232046,1487,17.508823326383002,1626,0.5081410102777479,3113,2971,26768.38538328626,0.0,0.0
cnp_hist,966,extrap_40,20.406204199943367,3113,157.13379806280136,6.635166382162343,1487,13.771037817781027,1626,0.3726057844093602,3113,2737,21391.45271834008,0.0,0.0
cnp_hist,966,unif_80,24.513998777873525,3113,178.27520156651735,7.276403149333585,1487,17.23759562853994,1626,0.4937124543457124,3113,2908,25992.971690008257,0.0,0.0
cnp_hist,966,extrap_80,20.65328966807762,3113,156.7240967452526,6.615064820657407,1487,14.03822484742021,1626,0.38001450803529435,3113,2732,21069.56914999423,0.0,0.0
cnp_hist,966,unif_100,23.48740838389585,3113,173.857715010643,6.947906700929794,1487,16.539501682966055,1626,0.45411366578327206,3113,2914,24518.968064373814,0.0,0.0
cnp_hist,966,extrap_100,20.828250508021032,3113,158.25816675275564,6.719185911203322,1487,14.109064596817712,1626,0.3854415085615418,3113,2774,21334.333743629308,0.0,0.0
cnp_hist,966,unif_200,25.04313782611912,3113,180.39073456078768,7.39699302689138,1487,17.64614479922774,1626,0.5135470334873828,3113,2934,25935.276350927576,0.0,0.0
cnp_hist,966,extrap_200,20.32039588027661,3113,156.79557353258133,6.652532270692742,1487,13.667863609583872,1626,0.36923298590120546,3113,2739,21389.21630371218,0.0,0.0
cnp_hist,966,unif_300,24.4501712734693,3113,177.8577844724059,7.236724439431568,1487,17.213446834037732,1626,0.4913406759470945,3113,2894,25766.121224207192,0.0,0.0
cnp_hist,966,extrap_300,20.32039500191517,3113,156.79557229578495,6.652532243012464,1487,13.667862758902706,1626,0.36923295920092486,3113,2739,21389.216890230626,0.0,0.0
cnp_hist,966,unif_500,24.62308921358435,3113,178.5591521114111,7.25696161334461,1487,17.366127600239743,1626,0.4962019222409158,3113,2911,25873.083811502816,0.0,0.0
cnp_hist,966,extrap_500,20.32039385474854,3113,156.79556865245104,6.652531881864884,1487,13.667861972883657,1626,0.3692329220231167,3113,2739,21389.215807576747,0.0,0.0
