model,split,rmse,rmse_liquid,rmse_illiquid,mae,call_rmse,call_oob_pct,call_oob_spread_mean,n_rows,butterfly_pct,calendar_pct
bspline_data,extrap_10,0.0841192947856036,0.0539874063378846,0.10402045277219064,0.04949280925337484,0.006230058762069694,85.93579978237214,4.762726308457411,10,0.24928585404883474,8.295454545454545
bspline_data,extrap_100,0.020235214621596113,0.01060467157439507,0.02601329528847737,0.010579817383107447,0.003283552033983576,50.51686615886833,2.085418102123961,10,1.8152893733868445,1.0227272727272727
bspline_data,extrap_100_excl,0.13816116672011813,0.0999439028762177,0.16515419607180587,0.10484153474392259,0.013126528004774495,98.88465723612623,9.74157972390805,10,0.0,0.0
bspline_data,extrap_10_excl,0.13816116672011813,0.0999439028762177,0.16515419607180587,0.10484153474392259,0.013126528004774495,98.88465723612623,9.74157972390805,10,0.0,0.0
bspline_data,extrap_2,0.13734040223488203,0.09860914764576147,0.1645745562440843,0.10167306435396885,0.014078203704003693,96.02829162132753,11.013909823510232,10,1.6597509204695595,0.0
bspline_data,extrap_20,0.07742615504875243,0.04750933994957346,0.09673545664211664,0.04136436488170599,0.00589227510281285,79.76060935799782,4.163072681296795,10,0.16451825539171105,13.59090909090909
bspline_data,extrap_200,0.018462219806958915,0.0084983930016866,0.024136112683439306,0.009633904531262201,0.003293451489406291,46.572361262241564,2.0935629584326927,10,2.0034716336430147,0.3181818181818182
bspline_data,extrap_200_excl,0.13816116672011813,0.0999439028762177,0.16515419607180587,0.10484153474392259,0.013126528004774495,98.88465723612623,9.74157972390805,10,0.0,0.0
bspline_data,extrap_20_excl,0.13816116672011813,0.0999439028762177,0.16515419607180587,0.10484153474392259,0.013126528004774495,98.88465723612623,9.74157972390805,10,0.0,0.0
bspline_data,extrap_2_excl,0.13816116672011813,0.0999439028762177,0.16515419607180587,0.10484153474392259,0.013126528004774495,98.88465723612623,9.74157972390805,10,0.0,0.0
bspline_data,extrap_300,0.01846221980695891,0.008498393001686592,0.024136112683439306,0.009633904531262217,0.003293451489406283,46.572361262241564,2.0935629584327144,10,2.0034716336430147,0.3181818181818182
bspline_data,extrap_300_excl,0.13816116672011813,0.0999439028762177,0.16515419607180587,0.10484153474392259,0.013126528004774495,98.88465723612623,9.74157972390805,10,0.0,0.0
bspline_data,extrap_4,0.113456363564244,0.07848734663039657,0.1375190409063986,0.07534911341455183,0.010847284040571475,92.41022850924918,7.786391974834696,10,0.32773890200004513,2.2954545454545454
bspline_data,extrap_40,0.03281724288342026,0.01905913634945016,0.041462461135063716,0.018550331613884915,0.004491791496824746,65.94124047878128,2.714679920750218,10,1.087756577219035,2.7045454545454546
bspline_data,extrap_40_excl,0.13816116672011813,0.0999439028762177,0.16515419607180587,0.10484153474392259,0.013126528004774495,98.88465723612623,9.74157972390805,10,0.0,0.0
bspline_data,extrap_4_excl,0.13816116672011813,0.0999439028762177,0.16515419607180587,0.10484153474392259,0.013126528004774495,98.88465723612623,9.74157972390805,10,0.0,0.0
bspline_data,extrap_500,0.01846221980695891,0.008498393001686592,0.024136112683439306,0.009633904531262217,0.003293451489406283,46.572361262241564,2.0935629584327144,10,2.0034716336430147,0.3181818181818182
bspline_data,extrap_500_excl,0.13816116672011813,0.0999439028762177,0.16515419607180587,0.10484153474392259,0.013126528004774495,98.88465723612623,9.74157972390805,10,0.0,0.0
bspline_data,extrap_8,0.1099102031120607,0.0733040692866693,0.13459052451920162,0.07158591525142391,0.010602744595756297,90.61479869423286,7.692372406108004,10,0.3546078880983624,7.318181818181818
bspline_data,extrap_80,0.02360877621864545,0.011040199082845885,0.03080911021335466,0.012026477443317687,0.003346539434503346,53.12840043525571,2.1825014917889627,10,1.71036025871115,1.5454545454545454
bspline_data,extrap_80_excl,0.13816116672011813,0.0999439028762177,0.16515419607180587,0.10484153474392259,0.013126528004774495,98.88465723612623,9.74157972390805,10,0.0,0.0
bspline_data,extrap_8_excl,0.13816116672011813,0.0999439028762177,0.16515419607180587,0.10484153474392259,0.013126528004774495,98.88465723612623,9.74157972390805,10,0.0,0.0
bspline_data,unif_10,0.09702925020383617,0.06627982419460772,0.11803758756575523,0.0584953893962922,0.012979755363178778,89.6354733405876,8.297713566316292,10,0.6117040623495809,4.909090909090909
bspline_data,unif_100,0.021471537589814012,0.019088137247018213,0.023409504389802778,0.008056052389474216,0.0005848369141684941,33.54189336235038,1.2195044635060266,10,0.9400126868713136,1.6818181818181817
bspline_data,unif_100_excl,0.13816116672011813,0.0999439028762177,0.16515419607180587,0.10484153474392259,0.013126528004774495,98.88465723612623,9.74157972390805,10,0.0,0.0
bspline_data,unif_10_excl,0.13816116672011813,0.0999439028762177,0.16515419607180587,0.10484153474392259,0.013126528004774495,98.88465723612623,9.74157972390805,10,0.0,0.0
bspline_data,unif_2,0.13154573083016394,0.09714657236064801,0.15614860559510485,0.09741607665070436,0.012631601671161051,98.23177366702939,9.368945622904855,10,0.08108108108108109,0.0
bspline_data,unif_20,0.0795262463524384,0.060574619558766606,0.09334539714519124,0.04464729889739114,0.007373292542331964,80.30467899891185,4.821573560011416,10,0.24423687671098437,7.272727272727272
bspline_data,unif_200,0.012389974998730215,0.010526422183115917,0.013854088573103163,0.00517972293211577,0.0004461038877005447,23.5038084874864,1.0683868063568784,10,0.7504900773094724,2.3636363636363633
bspline_data,unif_200_excl,0.13816116672011813,0.0999439028762177,0.16515419607180587,0.10484153474392259,0.013126528004774495,98.88465723612623,9.74157972390805,10,0.0,0.0
bspline_data,unif_20_excl,0.13816116672011813,0.0999439028762177,0.16515419607180587,0.10484153474392259,0.013126528004774495,98.88465723612623,9.74157972390805,10,0.0,0.0
bspline_data,unif_2_excl,0.13816116672011813,0.0999439028762177,0.16515419607180587,0.10484153474392259,0.013126528004774495,98.88465723612623,9.74157972390805,10,0.0,0.0
bspline_data,unif_300,0.009846916257203901,0.009527929824117395,0.010125336761562288,0.004368740489388853,0.00041292767280474394,19.613710554951034,1.1285849157483812,10,0.9963924917296302,0.8636363636363636
bspline_data,unif_300_excl,0.13816116672011813,0.0999439028762177,0.16515419607180587,0.10484153474392259,0.013126528004774495,98.88465723612623,9.74157972390805,10,0.0,0.0
bspline_data,unif_4,0.12209486399376081,0.08672742954531262,0.14680669369534854,0.08064683795829324,0.010286992714319248,92.79107725788901,7.60490791482788,10,0.30394581355130623,0.06818181818181818
bspline_data,unif_40,0.05770970049178463,0.046720864164533624,0.06605245147116409,0.024905959685253016,0.0029197768738226226,58.8683351468988,2.7962911014580127,10,0.35612678036306,9.15909090909091
bspline_data,unif_40_excl,0.13816116672011813,0.0999439028762177,0.16515419607180587,0.10484153474392259,0.013126528004774495,98.88465723612623,9.74157972390805,10,0.0,0.0
bspline_data,unif_4_excl,0.13816116672011813,0.0999439028762177,0.16515419607180587,0.10484153474392259,0.013126528004774495,98.88465723612623,9.74157972390805,10,0.0,0.0
bspline_data,unif_500,0.008458318260010077,0.0085210018219549,0.008401519563203081,0.004082283422993597,0.0004061381775582095,18.579978237214362,1.0985519083522541,10,0.7235801550902281,0.6136363636363636
bspline_data,unif_500_excl,0.13816116672011813,0.0999439028762177,0.16515419607180587,0.10484153474392259,0.013126528004774495,98.88465723612623,9.74157972390805,10,0.0,0.0
bspline_data,unif_8,0.10374065905978606,0.08073944691675032,0.12074753554149469,0.06681376720872434,0.009085299658595222,89.7170837867247,7.953019041888867,10,0.43733567538487916,5.568181818181818
bspline_data,unif_80,0.0210655708467217,0.02167668087246004,0.020500166531404747,0.00890589108928273,0.0008483238801144772,36.099020674646354,1.6854793693644525,10,0.8941009488988071,3.863636363636364
bspline_data,unif_80_excl,0.13816116672011813,0.0999439028762177,0.16515419607180587,0.10484153474392259,0.013126528004774495,98.88465723612623,9.74157972390805,10,0.0,0.0
bspline_data,unif_8_excl,0.13816116672011813,0.0999439028762177,0.16515419607180587,0.10484153474392259,0.013126528004774495,98.88465723612623,9.74157972390805,10,0.0,0.0
bspline_learned_graph,extrap_10,0.08642700118184664,0.06353960282719662,0.10275140138992492,0.04691105227392783,0.004037278539212993,86.42546245919478,4.333876087283063,10,0.0,9.204545454545457
bspline_learned_graph,extrap_100,0.029217436501056744,0.012125620765674038,0.038593278295146555,0.015670782755185582,0.002778214130691118,72.98694232861806,1.9331693481581738,10,0.1634950218056485,2.090909090909091
bspline_learned_graph,extrap_100_excl,0.0317391913080257,0.025264386048704266,0.03659862360493937,0.020121395758944997,0.003249874007681051,79.81501632208922,2.807918793067939,10,0.054495912806539516,4.25
bspline_learned_graph,extrap_10_excl,0.09113688590944673,0.07618602378449611,0.10274602248867608,0.050228097787270234,0.004336973581698895,87.37758433079433,4.592140183060908,10,0.0,5.909090909090909
bspline_learned_graph,extrap_2,0.10851338236456141,0.07117832205823962,0.1334591367087291,0.0642272981443574,0.005614678149812144,90.72361262241567,5.334953434272594,10,0.0,0.0
bspline_learned_graph,extrap_20,0.0867558191532002,0.04981015400315815,0.10984642483227212,0.05061888629637819,0.00462177707769487,87.81284004352557,4.752578804080848,10,0.02808988764044944,7.340909090909092
bspline_learned_graph,extrap_200,0.023728573347151467,0.010206123837331377,0.031239699514653888,0.012858910326648675,0.0027532950398849003,64.88030467899891,1.8536265275962824,10,0.2720486303592571,0.0
bspline_learned_graph,extrap_200_excl,0.026100216852899538,0.02063589860815269,0.030182747346885273,0.016896954202416086,0.0031627675147602196,75.87051142546245,2.566681065662265,10,0.081968440279067,1.090909090909091
bspline_learned_graph,extrap_20_excl,0.0914057879779201,0.06682823452919279,0.10887661730597746,0.05681143162855686,0.005460900829546153,89.17301414581067,5.658546710667586,10,0.0,10.136363636363637
bspline_learned_graph,extrap_2_excl,0.10961443052327563,0.07349127571506903,0.13403930184287666,0.06505866234415593,0.005635456297451915,91.0500544069641,5.305095325984844,10,0.0,0.0
bspline_learned_graph,extrap_300,0.023709870359976477,0.0102098029726655,0.03121162789131666,0.012848873534309142,0.0027533278060307112,64.88030467899891,1.8529370262989187,10,0.2720486303592571,0.0
bspline_learned_graph,extrap_300_excl,0.026082094573899733,0.02068500097166986,0.0301226856209629,0.016884945730533975,0.00316245268533321,75.76169749727966,2.571852016905937,10,0.081968440279067,1.1136363636363638
bspline_learned_graph,extrap_4,0.10499647401770529,0.06888827420893223,0.1291256592294218,0.061969527036866597,0.005007316946289058,89.7986942328618,5.427488706227223,10,0.0,3.386363636363636
bspline_learned_graph,extrap_40,0.04846707532920024,0.02711405875313103,0.06165336206868936,0.027288722375638633,0.0035423239681622045,79.4885745375408,3.3203403582014985,10,0.026881720430107524,2.0454545454545454
bspline_learned_graph,extrap_40_excl,0.05284981299157093,0.04102099815713123,0.06158050188432851,0.031800515556286234,0.003999861328745593,82.69858541893362,3.937622886534202,10,0.026881720430107524,1.6136363636363638
bspline_learned_graph,extrap_4_excl,0.10652567707857517,0.07091034696193911,0.13051277814781084,0.06239397148146104,0.005083712589562377,89.98911860718172,5.041780990645271,10,0.0,0.0
bspline_learned_graph,extrap_500,0.023709870359976477,0.0102098029726655,0.03121162789131666,0.012848873534309142,0.0027533278060307112,64.88030467899891,1.8529370262989187,10,0.2720486303592571,0.0
bspline_learned_graph,extrap_500_excl,0.026082094573899733,0.02068500097166986,0.0301226856209629,0.016884945730533975,0.00316245268533321,75.76169749727966,2.571852016905937,10,0.081968440279067,1.1136363636363638
bspline_learned_graph,extrap_8,0.08566834223024068,0.06194834631392035,0.10241816544481729,0.048821788187343486,0.004217636962738573,89.00979325353646,4.578510073683991,10,0.0,0.29545454545454547
bspline_learned_graph,extrap_80,0.030165038531828215,0.014151667326399461,0.03935022300246979,0.016828291936115833,0.002769932173659709,73.6670293797606,2.1198059295715628,10,0.10810810810810811,1.2045454545454546
bspline_learned_graph,extrap_80_excl,0.03235715133731949,0.024230490010062306,0.038219735091391,0.020484553226346285,0.0031779406885636694,78.69967355821545,2.9044618257022625,10,0.0,2.4772727272727275
bspline_learned_graph,extrap_8_excl,0.09192570785014531,0.07778306128480554,0.1030040465304542,0.05427116331980384,0.004802926361459105,90.26115342763873,5.3238782936222355,10,0.0,0.0
bspline_learned_graph,unif_10,0.08554691892187923,0.09912987702814813,0.07114289882234799,0.05688831754260172,0.0053960422828580575,88.57453754080522,9.301580798276207,10,0.16216810112388913,11.454545454545455
bspline_learned_graph,unif_100,0.0432506381824294,0.022998833386256495,0.05547770045281872,0.015320365909594402,0.0011990379416000508,62.97606093579978,1.654425617100964,10,0.3313034356385966,2.9772727272727275
bspline_learned_graph,unif_100_excl,0.052796856981290725,0.0447320571580041,0.059120224259308574,0.021574119650745665,0.001679414602824219,69.34167573449402,2.27209402145293,10,0.4664445097354587,10.772727272727273
bspline_learned_graph,unif_10_excl,0.17592671209325944,0.245642294568012,0.06713319862319762,0.10055077140734833,0.008628613918247591,90.47878128400436,19.989645179631868,10,0.16231340772080863,26.25
bspline_learned_graph,unif_2,0.15779244586850288,0.22000264074307196,0.061254335839314965,0.10294211033050558,0.009112172072631172,93.30794341675734,18.439024508480102,10,0.0,0.0
bspline_learned_graph,unif_20,0.06783686978759097,0.04466850784209808,0.08334912207249624,0.037546881411111344,0.0028620534537256524,83.8139281828074,4.191581315988455,10,0.05505073451461458,11.863636363636363
bspline_learned_graph,unif_200,0.01821135462825908,0.011757487799908437,0.022487260518109224,0.007883523222793877,0.0007311291560260698,54.67899891186072,0.9957547771265511,10,0.680809497023992,0.20454545454545453
bspline_learned_graph,unif_200_excl,0.01635793886677542,0.016339442459519765,0.01637456299775019,0.009956574533028067,0.0011839832630906816,64.5810663764962,1.5200699584362865,10,0.953719738525808,2.159090909090909
bspline_learned_graph,unif_20_excl,0.06214897731231672,0.045864390847873505,0.07379091137089648,0.036389222373401975,0.003137957236342023,82.94341675734493,4.778079019696055,10,0.16353465925062688,14.113636363636365
bspline_learned_graph,unif_2_excl,0.17648255543457167,0.24930091102956642,0.05700646701591741,0.11488722132970074,0.010240801748742458,93.44396082698586,23.092130870085168,10,0.0,0.0
bspline_learned_graph,unif_300,0.013572699946346634,0.010392785183999137,0.015899241231887507,0.00639426589904948,0.0006461977168495096,47.63329706202394,0.8344101529337401,10,0.6524637477908246,0.1590909090909091
bspline_learned_graph,unif_300_excl,0.015310201587592265,0.014378662813304577,0.016102354543148064,0.009146139921817535,0.0011945952462033,63.574537540805224,1.1762232447203005,10,0.6523661335199821,2.5
bspline_learned_graph,unif_4,0.13414426965636356,0.16989938665534537,0.09062830298460986,0.08093362555862184,0.006363593987963989,89.60826985854189,12.171176091624726,10,0.27363975955525255,14.545454545454547
bspline_learned_graph,unif_40,0.06173056905855063,0.05479127737620838,0.06736598097651404,0.03290062422677609,0.002829670858839562,79.59738846572361,4.128645520830105,10,0.13856109630757518,9.977272727272725
bspline_learned_graph,unif_40_excl,0.07235391760699851,0.08329908087606636,0.06084609172759127,0.04058360824512494,0.004098772074583053,80.930359085963,5.866560329816409,10,0.1643008296802027,20.386363636363637
bspline_learned_graph,unif_4_excl,0.16014642713864044,0.2117918525388612,0.09145393408251275,0.0952715433755055,0.007560550772353946,90.94124047878128,16.32224602640141,10,0.0,17.272727272727273
bspline_learned_graph,unif_500,0.013107760903960762,0.010114315745394073,0.0153087571430293,0.006086722527518746,0.0005778026048737592,43.171926006528835,0.8345797221136205,10,0.6523439307839188,0.25
bspline_learned_graph,unif_500_excl,0.01600027306869002,0.016192903787568963,0.015824951354728015,0.009627450616707995,0.0011664693640358241,63.46572361262242,1.2928259273316578,10,0.7587402964590108,4.2727272727272725
bspline_learned_graph,unif_8,0.09717326267549113,0.12480792427121411,0.06263617648862548,0.057401769044561984,0.005324584461813863,87.62241566920567,9.8068015406316,10,0.3274075117707006,8.09090909090909
bspline_learned_graph,unif_80,0.045425328063310684,0.031387717311168094,0.05507836485396972,0.016579957290584098,0.0012731744676150135,65.17954298150163,1.6032395503349235,10,0.43516211823743667,3.613636363636364
bspline_learned_graph,unif_80_excl,0.05114286419382676,0.044359232061895355,0.056555204309687475,0.019421290556928542,0.001359331100899735,68.74319912948857,1.6038936186802983,10,0.7339588694216138,8.181818181818182
bspline_learned_graph,unif_8_excl,0.1601388571945991,0.2258164432837417,0.05326586511360517,0.09049058531851685,0.007937133936183035,88.65614798694233,18.699925295790933,10,0.3006710979375127,21.090909090909093
bspline_temporal,extrap_10,0.0820280922571934,0.055270238506070504,0.10017028703236155,0.04367039602352458,0.003800029025843647,85.96300326441785,4.068994833682806,10,0.0,7.090909090909091
bspline_temporal,extrap_100,0.028521972930734496,0.009853399198957833,0.03818494386249854,0.014172621579906966,0.0026981588329818146,62.676822633297064,1.8768498028461993,10,0.08152658152658153,2.159090909090909
bspline_temporal,extrap_100_excl,0.03205186648868492,0.025150993128445685,0.03718191581884689,0.019774005946699827,0.002834580751629274,79.2981501632209,2.6259976204765185,10,0.05596255596255597,3.613636363636364
bspline_temporal,extrap_10_excl,0.0894295072960478,0.0728758414340443,0.10205398661687481,0.048911611429805324,0.004164621768903551,86.67029379760609,4.586384352035608,10,0.0,5.840909090909092
bspline_temporal,extrap_2,0.10800353575389637,0.07032303023499853,0.13308087422958,0.06362616030891434,0.005560795572158635,90.34276387377584,5.210734799712837,10,0.0,0.0
bspline_temporal,extrap_20,0.08405623505624643,0.0399562380489086,0.1094810130116842,0.046120792965351494,0.0040692333246639045,85.79978237214364,4.120651933286829,10,0.6480062843290476,7.386363636363636
bspline_temporal,extrap_200,0.02344078408382124,0.008747726181049364,0.031225006491330566,0.012043129962898736,0.002725973175451807,55.250272034820455,1.9556997865335959,10,0.13704363704363706,0.022727272727272728
bspline_temporal,extrap_200_excl,0.027730835780268654,0.024030777894539307,0.03068091645665585,0.017805316148210897,0.0028219130214979203,76.98585418933624,2.5780341214695133,10,0.11170054085585421,0.20454545454545453
bspline_temporal,extrap_20_excl,0.09413431320411107,0.06934375446262497,0.11183766398371581,0.05828021929759019,0.005532341063393557,90.15233949945593,5.673307699480361,10,0.0,10.59090909090909
bspline_temporal,extrap_2_excl,0.10915242430269455,0.07319924064319129,0.13346560700391985,0.06460869383645036,0.005615338267814692,91.0500544069641,5.156662815723309,10,0.0,0.0
bspline_temporal,extrap_300,0.02344078408382124,0.008747726181049366,0.031225006491330566,0.012043129962898736,0.0027259731754518085,55.250272034820455,1.9556997865336005,10,0.13704363704363706,0.022727272727272728
bspline_temporal,extrap_300_excl,0.027730835780268654,0.024030777894539307,0.03068091645665585,0.017805316148210897,0.0028219130214979203,76.98585418933624,2.5780341214695133,10,0.11170054085585421,0.20454545454545453
bspline_temporal,extrap_4,0.10953793424819191,0.07270199650571393,0.13430750272650746,0.06411971770024828,0.0051124189132528445,89.93471164309031,5.298935638827856,10,0.0,7.068181818181818
bspline_temporal,extrap_40,0.045112350695915654,0.020038307023908686,0.05920247851360177,0.024017355659294783,0.0030119860135773956,75.0544069640914,2.894081311052442,10,0.11010146902922915,2.0681818181818183
bspline_temporal,extrap_40_excl,0.054674587111510194,0.043437518480600415,0.06309729638974962,0.03240579504992641,0.0034365850789286534,82.78019586507072,3.798098169923999,10,0.026881720430107524,1.6136363636363638
bspline_temporal,extrap_4_excl,0.1123250127332385,0.0771789935735446,0.13641652307423152,0.06609159600839837,0.005361592054987987,90.83242655059847,5.03681697715308,10,0.0,0.0
bspline_temporal,extrap_500,0.02344078408382124,0.008747726181049366,0.031225006491330566,0.012043129962898736,0.0027259731754518085,55.250272034820455,1.9556997865336005,10,0.13704363704363706,0.022727272727272728
bspline_temporal,extrap_500_excl,0.027730835780268654,0.024030777894539307,0.03068091645665585,0.017805316148210897,0.0028219130214979203,76.98585418933624,2.5780341214695133,10,0.11170054085585421,0.20454545454545453
bspline_temporal,extrap_8,0.08204917257855532,0.054059506624866346,0.10079561070061446,0.04539677859634445,0.0037506687679312116,88.13928182807399,4.197406251135551,10,0.0,0.7500000000000001
bspline_temporal,extrap_80,0.0291853047853583,0.011423983795358587,0.03873942163014322,0.015137960180572032,0.002646992895381803,63.46572361262242,2.03459867197022,10,0.08108108108108109,1.1818181818181819
bspline_temporal,extrap_80_excl,0.03287074676493585,0.025001671773042744,0.03860350345680079,0.02066004032220075,0.002807049529491831,78.89009793253537,2.769794982075232,10,0.0,1.8863636363636367
bspline_temporal,extrap_8_excl,0.09255308145665497,0.0761961270553338,0.10511688945729622,0.0536439240199028,0.004592043141783003,89.28182807399347,5.277870722906905,10,0.0,0.0
bspline_temporal,unif_10,0.08235785689449583,0.0945814983553323,0.0695472253327138,0.053911648354494975,0.005028023676472359,88.00326441784549,8.654963437959463,10,0.13528638069378157,9.5
bspline_temporal,unif_100,0.03766910470326994,0.01636162539949213,0.04954590561667525,0.01141904795152971,0.0008144917888701535,51.19695321001088,1.175507482632738,10,0.7809123562493123,1.318181818181818
bspline_temporal,unif_100_excl,0.050936368819743456,0.04131037312878561,0.058253362874790965,0.021368978338890243,0.0017179178317806207,72.36126224156692,2.357812072631512,10,0.5185717120825065,9.47727272727273
bspline_temporal,unif_10_excl,0.17304426613280996,0.2412678381628491,0.06717406759896308,0.09975455071203619,0.008540748645934803,90.23394994559304,19.838827943246734,10,0.19040329536125805,26.22727272727273
bspline_temporal,unif_2,0.15761246739221862,0.21981037773458395,0.06099454641317056,0.1024116075610425,0.009071858912043968,92.76387377584331,18.409841336700175,10,0.0,0.0
bspline_temporal,unif_20,0.06432380127467682,0.04618909751346173,0.07707619842392449,0.03577206393856037,0.002643828342905279,82.56256800870511,3.974014164343565,10,0.19003250260549157,10.454545454545455
bspline_temporal,unif_200,0.01473278368666616,0.009732281002878361,0.018086657038954377,0.00596651295315297,0.0005104480560748628,34.90206746463547,0.914422564305928,10,0.7822280227297138,0.22727272727272724
bspline_temporal,unif_200_excl,0.01999777426723457,0.023507893417747016,0.01620220250596711,0.011583471480980228,0.0012547361296902022,66.62132752992383,1.862499963543448,10,0.8213266951810763,1.909090909090909
bspline_temporal,unif_20_excl,0.06896206393328273,0.06296766822317965,0.07394130800301323,0.041759560602930665,0.0033670217049591054,83.54189336235038,5.9527187182402335,10,0.1362867028473571,17.954545454545457
bspline_temporal,unif_2_excl,0.1763110493507616,0.24909908249655302,0.05679170058362486,0.11439557104156213,0.010201754537524503,92.92709466811752,23.08350035196996,10,0.0,0.0
bspline_temporal,unif_300,0.011251035839355125,0.009100464406850911,0.012882744955896265,0.00504793917318469,0.0004404273164081055,28.482045701849838,0.9171572487496176,10,0.789282926015673,0.022727272727272728
bspline_temporal,unif_300_excl,0.019133849482107335,0.02212635120447318,0.015969095192107485,0.011361606674924005,0.0012393915449463245,66.78454842219804,1.7834492080312665,10,0.6555476992604677,1.6363636363636362
bspline_temporal,unif_4,0.13393331929311222,0.16969207540824852,0.09038473165604677,0.0807682752644967,0.0063659141205351915,89.52665941240478,12.172219447314113,10,0.2454707454707455,14.545454545454547
bspline_temporal,unif_40,0.05066757694437211,0.04235765577314957,0.05712033542608035,0.02507559455811898,0.0021606934225910975,71.89880304679,3.266355593977538,10,0.1641555230832832,6.772727272727272
bspline_temporal,unif_40_excl,0.0723214797977565,0.08327008789886475,0.060808524362880804,0.041320304970969925,0.0041615172401060704,80.49510337323177,6.144685068150608,10,0.1643008296802027,20.5
bspline_temporal,unif_4_excl,0.1605118901714776,0.21222660628438092,0.09176376630346685,0.09554190983683962,0.00757704743222356,90.91403699673558,16.374160417081857,10,0.0,17.272727272727273
bspline_temporal,unif_500,0.010552200800132323,0.008687750442033598,0.011984340327179393,0.004785774374828457,0.00042143798432961314,26.00652883569097,0.947663923731712,10,0.6561443264051404,0.06818181818181818
bspline_temporal,unif_500_excl,0.018842648590003747,0.021912578818194944,0.015571563871566779,0.011194293513592803,0.0012284667936678785,66.43090315560391,1.774705317562348,10,0.6555476992604677,1.6363636363636362
bspline_temporal,unif_8,0.09363738681791317,0.11941741762070764,0.06185528269346029,0.05458622964648419,0.0050786143738986165,87.21436343852012,9.111256024856456,10,0.3274075117707006,6.090909090909092
bspline_temporal,unif_80,0.039552457536950726,0.023605313187140417,0.04970517196735104,0.012821404519435677,0.0008702129382810671,53.318824809575624,1.3618564351035585,10,0.49048967292999013,3.1363636363636362
bspline_temporal,unif_80_excl,0.0516537177854291,0.045009488259417835,0.05697339624109773,0.02015702857117152,0.001313396385541134,69.94015233949946,1.9207876884022166,10,0.7087890102839968,8.977272727272728
bspline_temporal,unif_8_excl,0.15392374417618807,0.2162942058350582,0.054008217802828745,0.0884120413525222,0.007706514516201691,89.20021762785636,17.878877728896736,10,0.3006710979375127,21.818181818181817
bspline_temporal_graph,extrap_10,0.08326701660312455,0.05763972704525794,0.10090795356265549,0.044842858511215264,0.003913546272357633,86.07181719260065,4.227489082357762,10,0.0,5.65909090909091
bspline_temporal_graph,extrap_100,0.0286870507682438,0.010802839931777584,0.038188812071912465,0.01438828534296165,0.0025306687245760426,66.70293797606094,1.77355835950477,10,0.2440819894593229,2.159090909090909
bspline_temporal_graph,extrap_100_excl,0.029469182442826362,0.02006427527163389,0.035882922842495654,0.017502284183980837,0.002323770027443985,75.35364526659413,2.2371253009170333,10,0.0,3.4772727272727275
bspline_temporal_graph,extrap_10_excl,0.08706734699973344,0.06883638296803457,0.1006878157455843,0.047515386320301466,0.004197556299118769,86.6974972796518,4.506629676533336,10,0.0,6.022727272727273
bspline_temporal_graph,extrap_2,0.10817155522153143,0.07075795669590555,0.13313268859170937,0.06378293450940586,0.0055461107478490665,90.75081610446136,5.1952924841444075,10,0.0,0.0
bspline_temporal_graph,extrap_20,0.0868147371323463,0.04775589555459236,0.11075195763478951,0.0492499240515277,0.004314943945332679,84.90206746463548,4.6365547812012675,10,0.18809024529011226,7.1818181818181825
bspline_temporal_graph,extrap_200,0.023505761027772035,0.009475753179191613,0.031126500697146862,0.01213775407564085,0.002601264222391031,58.89553862894451,1.8061124588421575,10,0.38521210431322794,0.022727272727272728
bspline_temporal_graph,extrap_200_excl,0.024463540837298584,0.017699387470486792,0.02924154575650242,0.015119843940046286,0.002286976385803031,72.41566920565832,2.0910619056076136,10,0.055737984893298245,0.11363636363636362
bspline_temporal_graph,extrap_20_excl,0.09182295421169888,0.06653952311922534,0.10969946405292369,0.055622443043999055,0.0050251628329719845,87.78563656147988,5.456806995931645,10,0.0,10.454545454545457
bspline_temporal_graph,extrap_2_excl,0.10913374594430403,0.07320990304099965,0.1334313232065963,0.06458777037506361,0.005573207939786276,91.0772578890098,5.164739740004927,10,0.0,0.0
bspline_temporal_graph,extrap_300,0.02350580143610971,0.009476084183506898,0.0311264680024236,0.01213838519977979,0.0026013198583573153,58.8683351468988,1.8073268746880138,10,0.38521210431322794,0.022727272727272728
bspline_temporal_graph,extrap_300_excl,0.024465424014919163,0.017704254410175223,0.029241887968519786,0.015123538820457048,0.002287536073797641,72.41566920565832,2.091953899218031,10,0.055737984893298245,0.11363636363636362
bspline_temporal_graph,extrap_4,0.10899807525673466,0.0714733357735119,0.1340662482386018,0.06381355620419933,0.005046316790401247,90.45157780195865,5.188880340524873,10,0.0,7.272727272727273
bspline_temporal_graph,extrap_40,0.04727358258417782,0.024596717222481804,0.06083735921430413,0.02541569728428435,0.0028582635069190196,77.47551686615887,2.9955470117548093,10,0.026881720430107524,2.159090909090909
bspline_temporal_graph,extrap_40_excl,0.051559953597695045,0.038408548515046693,0.06101650653530708,0.029873582355943163,0.003032795577715964,80.9031556039173,3.646124136353581,10,0.026881720430107524,1.6136363636363638
bspline_temporal_graph,extrap_4_excl,0.11096019006382475,0.07451463813012953,0.13562513156897724,0.06465182018389652,0.005131353593932044,90.01632208922742,4.900674851554244,10,0.0,0.0
bspline_temporal_graph,extrap_500,0.02350580143610971,0.009476084183506898,0.0311264680024236,0.01213838519977979,0.0026013198583573153,58.8683351468988,1.8073268746880138,10,0.38521210431322794,0.022727272727272728
bspline_temporal_graph,extrap_500_excl,0.024465424014919163,0.017704254410175223,0.029241887968519786,0.015123538820457048,0.002287536073797641,72.41566920565832,2.091953899218031,10,0.055737984893298245,0.11363636363636362
bspline_temporal_graph,extrap_8,0.08409344585226197,0.05863167697433301,0.10169267077743045,0.04675764936306874,0.003790966395174312,88.2208922742111,4.23592910093537,10,0.0,0.36363636363636365
bspline_temporal_graph,extrap_80,0.0293984981182313,0.012274252175452662,0.0388115997833419,0.01543954907508111,0.0024782691887563343,66.94776931447225,1.9668816685453216,10,0.32331990206005956,1.5681818181818183
bspline_temporal_graph,extrap_80_excl,0.030169521869798425,0.019236124770648202,0.03736595869148393,0.018246990211637372,0.002331667754364684,74.89118607181719,2.402357645909249,10,0.0,2.0227272727272725
bspline_temporal_graph,extrap_8_excl,0.09062833612122381,0.07352060625783655,0.10363476182332272,0.051977883253062795,0.004340221910856639,88.68335146898804,5.020891545106283,10,0.0,0.0
bspline_temporal_graph,unif_10,0.0841211761764659,0.09755318695754292,0.06986255100946635,0.055326466067150616,0.0052262223153499085,87.64961915125136,9.174687250501272,10,0.21666765562344362,10.886363636363637
bspline_temporal_graph,unif_100,0.03981393310152323,0.0192826064976062,0.051738120057272824,0.013619912840447395,0.0011180749522199935,59.84766050054407,1.4778050742084459,10,0.3791298159674184,2.6136363636363638
bspline_temporal_graph,unif_100_excl,0.04590479355821289,0.03580298028279468,0.05338439657681319,0.019541854208037945,0.0017634395567586677,70.37540805223068,2.237584688978765,10,0.3846610030806711,9.59090909090909
bspline_temporal_graph,unif_10_excl,0.17508681903218656,0.2448182501735893,0.0656539181100138,0.09838506091698425,0.008488547102015439,89.5810663764962,19.830301528816847,10,0.19040329536125805,26.22727272727273
bspline_temporal_graph,unif_2,0.15763452705558406,0.21979921279861095,0.06113887535311919,0.10251386811031678,0.009086710501072962,92.7366702937976,18.43041092966097,10,0.0,0.0
bspline_temporal_graph,unif_20,0.06640801828045509,0.048089541274777575,0.07935465798197494,0.037889334478635385,0.0030827235024421668,82.58977149075082,4.512271994180238,10,0.05505073451461458,14.09090909090909
bspline_temporal_graph,unif_200,0.017503787366814065,0.010774488181320577,0.021853994596474895,0.007367090072455126,0.0007192929900996607,48.20457018498368,0.9703049682901846,10,0.7364094587064006,0.27272727272727265
bspline_temporal_graph,unif_200_excl,0.01875589222470152,0.018572712378369337,0.018919191037364773,0.01165154571850729,0.0015823034835043296,67.38302502720349,1.7856378759894824,10,0.9832862657702235,2.886363636363636
bspline_temporal_graph,unif_20_excl,0.06336930443820643,0.054574177681221206,0.07034909942184024,0.038352957636637625,0.003468377089716427,83.02502720348204,5.472095916068188,10,0.16375923031988457,20.000000000000004
bspline_temporal_graph,unif_2_excl,0.17631960343820902,0.24908339070055407,0.05690396576029221,0.11446859859715545,0.010213727199854108,92.95429815016323,23.086921209217035,10,0.0,0.0
bspline_temporal_graph,unif_300,0.01297619186949421,0.009641083229314755,0.015370427022073628,0.005978996293164261,0.0006060183254077372,40.96844396082699,0.8532671813765307,10,0.7342763857286411,0.13636363636363635
bspline_temporal_graph,unif_300_excl,0.017362082344057308,0.01623087085134868,0.018320282346796044,0.010560093303686343,0.0015464272392064632,64.5810663764962,1.5730077476106288,10,0.5718404279684642,2.5
bspline_temporal_graph,unif_4,0.13369194625060205,0.16952074045972523,0.08999429539224617,0.08061640705598663,0.006351128118683476,89.47225244831338,12.156679521660502,10,0.27363975955525255,14.545454545454547
bspline_temporal_graph,unif_40,0.059254040413614095,0.053239216753442654,0.06418590858303234,0.032240093156692004,0.0028258421918232585,82.3177366702938,4.077918688096631,10,0.11039208222306814,9.931818181818182
bspline_temporal_graph,unif_40_excl,0.07004086680430922,0.08235009750482669,0.056727187016773505,0.04115870316399068,0.004231906609025849,84.38520130576714,6.135767011956831,10,0.1643008296802027,20.06818181818182
bspline_temporal_graph,unif_4_excl,0.1595894831448661,0.21117200769175168,0.09089231326610565,0.09493686223809082,0.007539235662721395,90.72361262241567,16.306465658267275,10,0.0,17.272727272727273
bspline_temporal_graph,unif_500,0.01234787072596032,0.009331834690022172,0.014536200024866233,0.00568049115703883,0.0005624462837907095,38.1664853101197,0.8335360254238862,10,0.5732548284448361,0.1590909090909091
bspline_temporal_graph,unif_500_excl,0.017239473794495846,0.01610264834174703,0.01820174217307132,0.010494260859298811,0.001546780392381407,65.17954298150163,1.5508231135729234,10,0.6273574834855198,2.409090909090909
bspline_temporal_graph,unif_8,0.09468904279830241,0.12097419541831579,0.062174050850041795,0.056474506815760814,0.005298683373139436,87.48639825897715,9.623698146311687,10,0.3005257913405931,7.204545454545455
bspline_temporal_graph,unif_80,0.043557028605957344,0.029161933977878262,0.05328283929984329,0.01581862281530284,0.0012367140734746633,64.00979325353646,1.6128462232849856,10,0.4636521467274652,3.9772727272727266
bspline_temporal_graph,unif_80_excl,0.04795159573079614,0.03969670571393992,0.0543170595205335,0.019146669979269188,0.0016424924925756768,70.29379760609358,1.8280137771800915,10,0.5995771703842644,7.590909090909092
bspline_temporal_graph,unif_8_excl,0.15212906306076587,0.21374048701609874,0.05349305564154134,0.08694057884668403,0.007629568861541422,88.98258977149075,17.652630380358044,10,0.3006710979375127,21.18181818181818
bspline_temporal_graph_interp,extrap_10,0.0781411624577952,0.050671862244253074,0.09638303915278446,0.04363577120323274,0.0036395625303187076,88.71055495103373,3.9104529371475327,10,0.0,0.3181818181818182
bspline_temporal_graph_interp,extrap_100,0.027047520512237546,0.012566987913704105,0.035322732075173696,0.014990817186345684,0.0032394967199597287,68.52557127312296,2.2380869461549224,10,0.6350471855298568,0.0
bspline_temporal_graph_interp,extrap_100_excl,0.028643924412198925,0.020879149599879514,0.034153433333923365,0.018521248800003748,0.003270843496236362,76.98585418933624,2.8274568536706397,10,0.16394416394416395,0.0
bspline_temporal_graph_interp,extrap_10_excl,0.08378561869469917,0.06053656988259183,0.10019471607740037,0.046616062730387216,0.003792571111889912,90.01632208922742,3.9199195500073984,10,0.0,0.2954545454545454
bspline_temporal_graph_interp,extrap_2,0.10936164829298024,0.0708369776237721,0.1349298326597483,0.06578111578744647,0.0060488010084643875,91.59412404787813,5.4518387885150705,10,0.0,0.0
bspline_temporal_graph_interp,extrap_20,0.08187744321268917,0.04532598135856987,0.10434192974139181,0.046695962799653254,0.004377066931118814,87.21436343852012,4.426891105372775,10,0.16120852486000475,1.9772727272727273
bspline_temporal_graph_interp,extrap_200,0.025011297855882287,0.011147806546155528,0.03281154940637735,0.013731779914491073,0.0034302662905424755,62.78563656147987,2.367149726559264,10,0.9077168177500509,0.0
bspline_temporal_graph_interp,extrap_200_excl,0.02692394173154098,0.019324229117627562,0.032266597979212365,0.01750026516553637,0.0034183009656156096,75.51686615886834,2.8611123437819725,10,0.29997029997029995,0.0
bspline_temporal_graph_interp,extrap_20_excl,0.08648751633257691,0.05856069381909647,0.10547372107966216,0.05211870121379012,0.004900151024853614,89.09140369967356,5.079989799914595,10,0.0,2.25
bspline_temporal_graph_interp,extrap_2_excl,0.10979439872190203,0.07247352117876833,0.13481547059490637,0.06656382221337764,0.0061719910612088305,92.19260065288357,5.509425796932118,10,0.0,0.0
bspline_temporal_graph_interp,extrap_300,0.025013546479024578,0.01114865367822765,0.0328145467188337,0.013733046706355828,0.00343009396611462,62.840043525571275,2.365252024377069,10,0.9077168177500509,0.0
bspline_temporal_graph_interp,extrap_300_excl,0.026924705688408594,0.019319780378589918,0.03227020572889132,0.017498916446033626,0.0034181449528075288,75.51686615886834,2.8604971259620373,10,0.29997029997029995,0.0
bspline_temporal_graph_interp,extrap_4,0.10530113390386764,0.06959972778313595,0.12925363180931024,0.06112602478602167,0.00474966953387627,90.23394994559304,5.120908799816189,10,0.0,1.8181818181818183
bspline_temporal_graph_interp,extrap_40,0.04705455079724065,0.026152848944562865,0.059923940785603855,0.024635724423104927,0.0025255017848039084,79.59738846572361,2.7229395932645373,10,0.0,0.022727272727272728
bspline_temporal_graph_interp,extrap_40_excl,0.05168706987957484,0.03827272024017818,0.061296967631616434,0.02888342001261216,0.002587826589212353,82.4537540805223,3.259816268964785,10,0.0,0.0
bspline_temporal_graph_interp,extrap_4_excl,0.10945782955394498,0.07387501126596886,0.13360568863998495,0.06276893352816117,0.004996605284650934,89.11860718171926,4.79561720753812,10,0.0,0.0
bspline_temporal_graph_interp,extrap_500,0.025013546479024578,0.01114865367822765,0.0328145467188337,0.013733046706355828,0.00343009396611462,62.840043525571275,2.365252024377069,10,0.9077168177500509,0.0
bspline_temporal_graph_interp,extrap_500_excl,0.026924705688408594,0.019319780378589918,0.03227020572889132,0.017498916446033626,0.0034181449528075288,75.51686615886834,2.8604971259620373,10,0.29997029997029995,0.0
bspline_temporal_graph_interp,extrap_8,0.08491046181812446,0.05697121612379618,0.10380954952711255,0.046750346243452576,0.0036010718217452694,89.06420021762786,4.273960777173994,10,0.0,0.0
bspline_temporal_graph_interp,extrap_80,0.028356588106487824,0.014481575966837999,0.03659077130052884,0.015683907401424484,0.002946248609238256,69.31447225244831,2.214463919266956,10,0.4682470468987323,0.22727272727272724
bspline_temporal_graph_interp,extrap_80_excl,0.029545698428094763,0.02138486790492024,0.03531165592912237,0.01871209426309831,0.002948277138658636,75.68008705114255,2.7809000932605255,10,0.05494505494505495,0.13636363636363635
bspline_temporal_graph_interp,extrap_8_excl,0.08930493325962889,0.06508668623597137,0.10648751040212573,0.04955036990677495,0.0037001384846942773,89.90750816104462,4.385037804639297,10,0.0,0.0
bspline_temporal_graph_interp,unif_10,0.08228819136053458,0.09595336996987844,0.06767453970201363,0.05647770663003818,0.005471015025407024,89.7986942328618,9.133733929646088,10,0.027247956403269758,2.0227272727272725
bspline_temporal_graph_interp,unif_100,0.033032605854228264,0.020076444125540934,0.04135523842691572,0.014730033375216719,0.0012337838346496402,67.19260065288357,1.8209293156405033,10,0.2754597711757388,1.2045454545454546
bspline_temporal_graph_interp,unif_100_excl,0.03728401795842295,0.030121693166736095,0.04271389330957003,0.019856269132694296,0.001856598915314102,74.02067464635473,2.5584368973390013,10,0.16353465925062688,2.2272727272727275
bspline_temporal_graph_interp,unif_10_excl,0.11479812046889847,0.15468957083818685,0.05921281052446267,0.07404838923679638,0.006637843422756016,90.85963003264418,13.003467027429693,10,0.027247956403269758,9.931818181818183
bspline_temporal_graph_interp,unif_2,0.14502166237727024,0.16413332881865936,0.1253602366420852,0.1321080221644496,0.02886965823827979,96.84439608269858,28.976939552912864,10,0.16216216216216217,0.0
bspline_temporal_graph_interp,unif_20,0.06005479172613253,0.04521188471039647,0.07079824442114269,0.03626103304032968,0.0029468147624262145,85.66376496191512,4.4061758855806055,10,0.0,5.045454545454546
bspline_temporal_graph_interp,unif_200,0.016700168091048316,0.01227529665526398,0.01985582836438916,0.00890222831865685,0.0009289380717816954,56.01196953210011,1.4169723332630284,10,0.5772553328853599,0.045454545454545456
bspline_temporal_graph_interp,unif_200_excl,0.02033408579861756,0.020190848315058837,0.02046210560942335,0.014694195928872748,0.001989583549550755,73.61262241566921,2.57536433371486,10,0.6864239851693721,0.6363636363636364
bspline_temporal_graph_interp,unif_20_excl,0.05144166698139909,0.04916327861331107,0.05340862567623503,0.03531557249593252,0.0033441853696832484,85.1468988030468,5.344558951098656,10,0.05376344086021505,7.522727272727272
bspline_temporal_graph_interp,unif_2_excl,0.14691240515698037,0.16660741771634405,0.12659996514372557,0.13404095189700727,0.029270129104391918,96.78998911860718,29.542639989249928,10,0.0,0.0
bspline_temporal_graph_interp,unif_300,0.01395073500821541,0.011160880679453259,0.016051693968156384,0.007420086843938083,0.0007785495921603778,50.21762785636562,1.224889131337099,10,0.6595088022356034,0.0
bspline_temporal_graph_interp,unif_300_excl,0.01893254461777274,0.01837141775588298,0.019423564725892895,0.013503458434569762,0.0019356072006322933,72.19804134929271,2.321586207341389,10,0.5776159847358595,0.5454545454545454
bspline_temporal_graph_interp,unif_4,0.10506760449334157,0.12825203236761065,0.07856306526583197,0.07873942296867797,0.010597374383942865,93.90642002176278,13.667316039201586,10,0.0,6.863636363636364
bspline_temporal_graph_interp,unif_40,0.057443699183686234,0.046336268032158213,0.06585542247862608,0.03153040804864833,0.002496565806012186,83.51468988030467,3.852401682611854,10,0.0,1.7954545454545454
bspline_temporal_graph_interp,unif_40_excl,0.056950140720063554,0.05653407987036527,0.05732190710846639,0.03471352491585945,0.003322473726151664,85.2013057671382,4.883966606336513,10,0.0,2.0454545454545454
bspline_temporal_graph_interp,unif_4_excl,0.10889069628975627,0.13349777124466047,0.080564886120146,0.08309548510509666,0.011922325184446393,94.17845484221981,14.810114381495428,10,0.0,6.363636363636364
bspline_temporal_graph_interp,unif_500,0.01314330456783195,0.010733542186822142,0.014983836683659666,0.006922526410907809,0.0007194955442519393,46.49075081610446,1.180779539700458,10,0.7408144543859423,0.09090909090909091
bspline_temporal_graph_interp,unif_500_excl,0.01882778359760891,0.01810454843764052,0.019455544663506973,0.013427983177277737,0.0019527301740998517,72.68770402611534,2.2934511228458243,10,0.5782067917782796,0.5454545454545454
bspline_temporal_graph_interp,unif_8,0.08960946891835161,0.10933781486199794,0.06707056247730117,0.06017245315580967,0.006375344489893641,91.02285092491839,9.991149307285541,10,0.0,3.431818181818182
bspline_temporal_graph_interp,unif_80,0.035354837771631634,0.027362878106121688,0.04124255987669942,0.01717824660872538,0.0014815954993121995,70.26659412404788,2.163490117349234,10,0.4939517630312958,2.2954545454545454
bspline_temporal_graph_interp,unif_80_excl,0.03678755496395222,0.03204093204978831,0.04058660329621844,0.02007927410940772,0.002038665707770702,75.38084874863982,2.564803775869323,10,0.46770504387119083,1.840909090909091
bspline_temporal_graph_interp,unif_8_excl,0.10294607527868906,0.13728088498547467,0.05636216327477799,0.07164072239675999,0.007793332986964666,91.29488574537541,13.229876736148373,10,0.0,5.75
cnp,extrap_10,0.07301436701253423,0.052935298668387955,0.08721525706493609,0.03749309978787346,0.002258981565112158,85.1468988030468,2.8909206087032273,10,0.0,0.0
cnp,extrap_100,0.07277227144178591,0.05235312667088682,0.08714701115233174,0.03655191065826665,0.0018930543179451183,82.3721436343852,2.5915927278999273,10,0.0,0.0
cnp,extrap_100_excl,0.06606691711744958,0.049999443229940294,0.07773518859269876,0.041180053545451914,0.004199914634095835,91.67573449401523,4.330932183312568,10,0.0,0.0
cnp,extrap_10_excl,0.06671558911760159,0.050519041326750495,0.07848181860490037,0.041214245338078034,0.004178650700959598,91.53971708378673,4.232387107618583,10,0.0,0.0
cnp,extrap_2,0.07571424611622819,0.05813133108516202,0.08860076084624705,0.04426510644604384,0.0048804248897499885,89.30903155603917,4.269005299086206,10,0.0,0.0
cnp,extrap_20,0.07363984020272088,0.05262897141919538,0.08837339090505582,0.03799827822501304,0.0022988187937637325,86.26224156692057,2.741376250429441,10,0.0,0.0
cnp,extrap_200,0.07307935706750641,0.052345077573554936,0.08763816062900658,0.036445715003550636,0.0017616235763738286,82.3449401523395,2.5057492886375896,10,0.0,0.0
cnp,extrap_200_excl,0.06611570688330114,0.05017193433481564,0.07771399450584256,0.041545207286912286,0.004300138018881982,91.59412404787813,4.4604537074520625,10,0.0,0.0
cnp,extrap_20_excl,0.06616169387620842,0.05006174983310792,0.0778521552103283,0.041167154559567654,0.004184948823383027,91.78454842219804,4.31707519534069,10,0.0,0.0
cnp,extrap_2_excl,0.06766069302292964,0.05203041269596352,0.07912781400738884,0.0414614659066234,0.004209057188742888,90.75081610446136,4.376160429058018,10,0.0,0.0
cnp,extrap_300,0.0731074181527462,0.052363654138426245,0.08767263044152045,0.03644322860536041,0.0017550879643436098,82.23612622415669,2.5037269644006304,10,0.0,0.0
cnp,extrap_300_excl,0.06612072946948719,0.0501716212009978,0.07772229385502534,0.04154562100492442,0.004300226200813002,91.56692056583243,4.46043058978546,10,0.0,0.0
cnp,extrap_4,0.07635586921057747,0.05535433723523808,0.09120859885533168,0.040194532496528344,0.002770139694940905,86.28944504896627,2.959987559670473,10,0.0,0.0
cnp,extrap_40,0.07249287902850252,0.05226857437285178,0.08674939651222602,0.03741534584900111,0.002291064722054549,85.66376496191512,2.7737289220203065,10,0.0,0.0
cnp,extrap_40_excl,0.06593206099266236,0.04991380394925918,0.07756701056998967,0.0411455712126116,0.004195180268484312,91.62132752992383,4.3307200939799575,10,0.0,0.0
cnp,extrap_4_excl,0.06772095592127268,0.0515208672744808,0.0795247383642362,0.04132075070264679,0.004188621664294339,91.56692056583243,4.078146477438843,10,0.0,0.0
cnp,extrap_500,0.0731074181527462,0.052363654138426245,0.08767263044152045,0.03644322860536041,0.0017550879643436098,82.23612622415669,2.5037269644006304,10,0.0,0.0
cnp,extrap_500_excl,0.06612072946948719,0.0501716212009978,0.07772229385502534,0.04154562100492442,0.004300226200813002,91.56692056583243,4.46043058978546,10,0.0,0.0
cnp,extrap_8,0.07432783934852,0.05294529686901942,0.08929280715479354,0.03807510855537763,0.0022066030726631677,84.35799782372143,2.7485364298249286,10,0.0,0.0
cnp,extrap_80,0.07259821740300275,0.052118468975413945,0.08699764884387926,0.03670869637138825,0.0019782155297058857,84.14036996735582,2.581769660519493,10,0.0,0.0
cnp,extrap_80_excl,0.06604667828378395,0.050050319759866256,0.07767303340159586,0.041182318258467125,0.0041965580579498805,91.67573449401523,4.321260121286375,10,0.0,0.0
cnp,extrap_8_excl,0.06611284654609668,0.0501868713675345,0.07770069276380397,0.041187434314351866,0.004200266587764831,91.62132752992383,4.333908908405006,10,0.0,0.0
cnp,unif_10,0.08591569296665409,0.060179352523052315,0.10375206686723154,0.04557022637200174,0.002399088342668672,87.54080522306856,3.2079461026662,10,0.0,0.0
cnp,unif_100,0.08611632661735945,0.06017301902703026,0.10407087763985168,0.04569415802438059,0.0023586291560154455,88.03046789989119,3.164172953348987,10,0.0,0.0
cnp,unif_100_excl,0.08640668446104136,0.061006258387000065,0.10409161343883352,0.04703701603286155,0.0028403449414358324,90.15233949945593,3.3925226115454583,10,0.0,0.0
cnp,unif_10_excl,0.08571293701313733,0.06056751824649176,0.10322893046528571,0.046402227072707976,0.0028030952989826943,89.96191512513602,3.3355428210147555,10,0.0,0.0
cnp,unif_2,0.08283518307938495,0.057962242023660675,0.10006300057554295,0.04316505154957579,0.002134022433229274,84.43960826985854,3.19217871070837,10,0.0,0.0
cnp,unif_20,0.08566002016338861,0.05997016456328916,0.10345902042000404,0.04521598278162788,0.0022753948852607007,87.48639825897715,3.1522267573716274,10,0.0,0.0
cnp,unif_200,0.08585686088279691,0.060005443232686195,0.10375017501728104,0.04533921777634548,0.0022858191764475637,87.94885745375409,3.1326274381432557,10,0.0,0.0
cnp,unif_200_excl,0.08629010066668438,0.060924224188693414,0.10395102164146702,0.0469075404269716,0.002816975985770007,89.93471164309031,3.4064530507809816,10,0.0,0.0
cnp,unif_20_excl,0.08589414296607628,0.06053314415176225,0.10353275932629,0.04631056157837625,0.002696636638913759,89.06420021762786,3.335590431405421,10,0.0,0.0
cnp,unif_2_excl,0.08463273981245578,0.060212011901199645,0.10171174702649963,0.04547192438853189,0.002729920450232822,87.97606093579978,3.1625648066951357,10,0.0,0.0
cnp,unif_300,0.0858239378260703,0.06001269003975664,0.10369464036427288,0.04532254410662381,0.002279801511165735,87.86724700761698,3.138017641723613,10,0.0,0.0
cnp,unif_300_excl,0.08629166847926668,0.06092809651479769,0.10395145203283762,0.04686015508704139,0.002799118643982544,89.7442872687704,3.401133509995351,10,0.0,0.0
cnp,unif_4,0.08400948158082806,0.05936397495997946,0.10117727150208594,0.04433302688731592,0.002388089645232523,86.18063112078346,3.3005016410185073,10,0.0,0.0
cnp,unif_40,0.08581494168587292,0.05996942926483488,0.10370301441835235,0.045201578547405856,0.002258926168475141,87.15995647442872,3.146196404920166,10,0.0,0.0
cnp,unif_40_excl,0.08647473952294692,0.061040627349813546,0.10418081030614387,0.04708912318837915,0.0028527882720420935,90.17954298150163,3.424408969704296,10,0.0,0.0
cnp,unif_4_excl,0.08560063527021652,0.06036711088558947,0.103157499098916,0.04647631665957246,0.002883064742662614,88.95538628944504,3.3906347142580096,10,0.0,0.0
cnp,unif_500,0.08592666507755482,0.06008668545718445,0.10381763165526398,0.04544173332257551,0.0022989249901315283,88.1936887921654,3.136754376645517,10,0.0,0.0
cnp,unif_500_excl,0.08642570206352812,0.06095502855622759,0.10414859482712434,0.04695188159668277,0.0028150033690440565,89.98911860718172,3.388262950334853,10,0.0,0.0
cnp,unif_8,0.08653708736877315,0.06039850269891374,0.10461498262742928,0.046235139225330915,0.0024879856312553343,88.43852013057672,3.2472859338261966,10,0.0,0.0
cnp,unif_80,0.08606811493082238,0.06015751385315679,0.10400315347383411,0.04560490401301602,0.0023355453834904764,87.97606093579978,3.1625123601838756,10,0.0,0.0
cnp,unif_80_excl,0.08638847369688137,0.06102840940440816,0.1040512077609056,0.04702550109163721,0.002840661399296373,89.88030467899891,3.4180044059682855,10,0.0,0.0
cnp,unif_8_excl,0.08649081868102904,0.060738293716864664,0.1043649905286982,0.047098571991991814,0.0029009728997976755,90.28835690968444,3.3438425081312024,10,0.0,0.0
cnp_attn,extrap_10,0.07433305770982492,0.053539904904800824,0.0889815164234452,0.03705410203684661,0.0018813449667405525,84.41240478781285,2.5254750019722767,10,0.0,0.0
cnp_attn,extrap_100,0.07346421473838743,0.05317636572957424,0.08779900587022464,0.036101571096753916,0.001743929255395553,83.70511425462459,2.3341911894369405,10,0.0,0.0
cnp_attn,extrap_100_excl,0.06998003423691872,0.05574006912826869,0.08067197463660622,0.04249770935296494,0.0048097830666382615,90.56039173014146,3.91626990762873,10,0.0,0.0
cnp_attn,extrap_10_excl,0.07044460799521228,0.0559488061460412,0.08130760028092675,0.0420707815668269,0.004664057669012785,90.61479869423286,3.787705021072864,10,0.0,0.0
cnp_attn,extrap_2,0.07132185274390107,0.05225595793790872,0.08489232737309312,0.03611622266349777,0.0021914909810429577,84.68443960826986,2.4983117502461987,10,0.0,0.0
cnp_attn,extrap_20,0.07379121553062949,0.05294866244537069,0.08844142288122825,0.03649536765487591,0.0017848113996875425,84.65723612622416,2.3613779827571277,10,0.0,0.0
cnp_attn,extrap_200,0.0734227378149578,0.052976923253166906,0.08784156343595928,0.03600086054082664,0.0016860527653832496,83.43307943416757,2.3141465669018806,10,0.0,0.0
cnp_attn,extrap_200_excl,0.06985261131716662,0.055371092581000696,0.0806907999353537,0.04225458047059856,0.004736977275347113,90.34276387377584,3.875611748116019,10,0.0,0.0
cnp_attn,extrap_20_excl,0.0707394073241411,0.05646368141968695,0.08147342699135382,0.04292915898889011,0.004879437922720477,90.53318824809575,3.907446067889263,10,0.0,0.0
cnp_attn,extrap_2_excl,0.06889535859025193,0.054132866480500766,0.07987918385801003,0.04110194199897908,0.004522846769200028,90.42437431991294,3.8411882979733503,10,0.0,0.0
cnp_attn,extrap_300,0.07338715524274374,0.05296012550556447,0.08779417606217983,0.03597424557114322,0.0016833187564536092,83.26985854189336,2.3148926917143173,10,0.0,0.0
cnp_attn,extrap_300_excl,0.06977602835074143,0.05523100547048375,0.08065129543843347,0.04212808776829266,0.004709153125550797,90.15233949945593,3.8566552423321636,10,0.0,0.0
cnp_attn,extrap_4,0.07622134288475471,0.054809916552562295,0.09129062219883499,0.03896213588796321,0.0023870323234350187,86.67029379760609,2.763730746969296,10,0.0,0.0
cnp_attn,extrap_40,0.07373905277566295,0.05314501400499653,0.08825260646425906,0.03634065914578874,0.0018066548122309166,83.46028291621327,2.373951526357643,10,0.0,0.0
cnp_attn,extrap_40_excl,0.07065863833193564,0.05643165563601063,0.08136016365804355,0.04282181424223559,0.0048579356577595914,90.58759521218715,3.9248698526968377,10,0.0,0.0
cnp_attn,extrap_4_excl,0.07182852335522644,0.05724633608695675,0.08278179031177578,0.04353944981172762,0.00489010706652358,91.78454842219804,4.010795387491853,10,0.0,0.0
cnp_attn,extrap_500,0.07338715524274374,0.05296012550556447,0.08779417606217983,0.03597424557114322,0.0016833187564536092,83.26985854189336,2.3148926917143173,10,0.0,0.0
cnp_attn,extrap_500_excl,0.06977602835074143,0.05523100547048375,0.08065129543843347,0.04212808776829266,0.004709153125550797,90.15233949945593,3.8566552423321636,10,0.0,0.0
cnp_attn,extrap_8,0.07233419411528076,0.052607103574517075,0.08631253802454195,0.03562985543441331,0.0019097201383124131,82.56256800870511,2.372513433696425,10,0.0,0.0
cnp_attn,extrap_80,0.07379188978438282,0.05334338412409163,0.08822882162511966,0.03642073375810347,0.0017910558196936677,83.65070729053319,2.367930833662946,10,0.0,0.0
cnp_attn,extrap_80_excl,0.07030963411750212,0.056037878490943265,0.08102999104002058,0.042536879726508235,0.004802532576243896,90.56039173014146,3.894091002811558,10,0.0,0.0
cnp_attn,extrap_8_excl,0.06915137269786097,0.05450899465067412,0.0800690835023484,0.04185376652760656,0.00465992650627097,90.28835690968444,3.9452549404786423,10,0.0,0.0
cnp_attn,unif_10,0.0801223812636232,0.055827697956209774,0.09690882433674239,0.04290130363941452,0.0024492856670107256,87.59521218715996,3.4910017740836627,10,0.0,0.0
cnp_attn,unif_100,0.0800949150995336,0.055691327108361735,0.09693628597008042,0.04219666739542673,0.0022371124439645083,85.74537540805223,3.3252356530605818,10,0.0,0.0
cnp_attn,unif_100_excl,0.06853906486856232,0.0512009424817043,0.08102794069639865,0.03494296333994777,0.0022415743041767095,85.55495103373232,2.558114136531113,10,0.0,0.0
cnp_attn,unif_10_excl,0.070277709423992,0.052057204391970764,0.08333357062659577,0.035453933683326375,0.002353072118018271,85.03808487486398,2.4699011446465704,10,0.0,0.0
cnp_attn,unif_2,0.07860657508415315,0.057119163413257554,0.09382427932979649,0.04282341167022666,0.002912396341114493,87.37758433079433,3.75644885544207,10,0.0,0.0
cnp_attn,unif_20,0.08013298990727788,0.055932993532468896,0.09687085162782595,0.04262207424971432,0.002353800823362402,86.6974972796518,3.4078833906380783,10,0.0,0.0
cnp_attn,unif_200,0.08011657832499153,0.05581291035369574,0.09690737395702932,0.04243093020038454,0.0022792804543467628,86.99673558215451,3.3503974366518445,10,0.0,0.0
cnp_attn,unif_200_excl,0.06918666014833982,0.0515737858898576,0.08185651496538955,0.035094516524098514,0.0022299856224905473,84.54842219804135,2.554938651046985,10,0.0,0.0
cnp_attn,unif_20_excl,0.06890534904520536,0.05134449519977158,0.08153479267451659,0.03489038946109057,0.0021764114375090386,84.14036996735582,2.5745483448896462,10,0.0,0.0
cnp_attn,unif_2_excl,0.07140024779193288,0.0531591634306959,0.08451211235333726,0.03663781077739853,0.002360488195627162,84.87486398258977,2.7052663011520783,10,0.0,0.0
cnp_attn,unif_300,0.08004744231695288,0.0558154608933053,0.09679745311124441,0.04241941705897402,0.002280865245814712,87.18715995647443,3.352394132913685,10,0.0,0.0
cnp_attn,unif_300_excl,0.06918456443141546,0.05161684989502089,0.08182872275963154,0.03501155047441333,0.002210582244731871,83.9227421109902,2.558497437364927,10,0.0,0.0
cnp_attn,unif_4,0.07858745269592426,0.05586309779640807,0.09447205968299467,0.04157299068437178,0.002438995493051655,85.3645266594124,3.4477395296849234,10,0.0,0.0
cnp_attn,unif_40,0.07992183558007422,0.055719126371160776,0.09665010293028226,0.04236792848811315,0.0022955663011018914,86.72470076169749,3.3873424370724834,10,0.0,0.0
cnp_attn,unif_40_excl,0.06960835355809615,0.051819340544361436,0.08239439102705438,0.03528399023676334,0.002241554063179772,85.2557127312296,2.4984712461616576,10,0.0,0.0
cnp_attn,unif_4_excl,0.07038905219436563,0.05225312578330731,0.08340174156297886,0.03625900671291403,0.002476306884569075,84.22198041349293,2.8412223319656382,10,0.0,0.0
cnp_attn,unif_500,0.08014309180703959,0.05578750896561664,0.09696216685587351,0.042362177604657394,0.002259521441611093,86.8335146898803,3.32998453023601,10,0.0,0.0
cnp_attn,unif_500_excl,0.06886978523639158,0.051424857458776285,0.08143207771393918,0.03508059783829569,0.0022587622947859666,85.71817192600653,2.544340910979397,10,0.0,0.0
cnp_attn,unif_8,0.07999807617153042,0.055919804792856465,0.09666564747295035,0.042362372199391644,0.002311646315611053,85.03808487486398,3.471983721905048,10,0.0,0.0
cnp_attn,unif_80,0.07996235798676858,0.0557790004665783,0.09668269792569245,0.04234764639438172,0.002280671783157643,86.7791077257889,3.3617594378590008,10,0.0,0.0
cnp_attn,unif_80_excl,0.06889074419593258,0.05157378146570427,0.08138100102766256,0.035105333871271974,0.0022616985416504007,84.76605005440696,2.6133674124179165,10,0.0,0.0
cnp_attn,unif_8_excl,0.06973718441585841,0.05155038600304285,0.08275236698451037,0.035207312266312955,0.002214309851135941,85.2013057671382,2.4584905592626813,10,0.0,0.0
cnp_delta,extrap_10,0.0935167086340986,0.07061047324594784,0.11012713386365883,0.054562514396840706,0.0036411670691888667,89.41784548422198,5.146485188192544,10,0.0,0.0
cnp_delta,extrap_100,0.06345499145941594,0.03790326027950634,0.07972927720075443,0.03456008548366875,0.004060076972997315,83.8411316648531,3.7635219030662164,10,4.475557123646084,3.7954545454545454
cnp_delta,extrap_100_excl,0.06331796581033404,0.03647786241556458,0.08011959798207008,0.0350275565475431,0.0041674547202044014,84.95647442872688,3.729939094933011,10,4.283894327055391,3.3863636363636367
cnp_delta,extrap_10_excl,0.0966086731922364,0.07176171101285182,0.11444342725450744,0.05588667463975995,0.003713345496909964,87.75843307943417,4.948760831006566,10,0.0,0.0
cnp_delta,extrap_2,0.09706019206518073,0.06292786876350681,0.11972450721759507,0.0564443567591327,0.005072379570663775,90.56039173014146,4.8329454785482575,10,0.0,0.0
cnp_delta,extrap_20,0.09359843387140732,0.06549879038657952,0.1130620598995821,0.05834151270539146,0.0055059302933224905,90.47878128400436,5.573531321064934,10,0.0,4.545454545454546
cnp_delta,extrap_200,0.0495898766162626,0.020912234125728343,0.0654085951463859,0.025316903982294702,0.0030449884273654046,78.59085963003264,2.5515219207602278,10,1.8877873556889007,0.5
cnp_delta,extrap_200_excl,0.050441676236980225,0.02101454923135098,0.06660552255597975,0.02673848414588609,0.0034968606019135768,80.930359085963,2.75511483805686,10,1.8340239148286859,0.5
cnp_delta,extrap_20_excl,0.09950640204524927,0.0674733499571499,0.12130179675072007,0.06493190657379624,0.006680539405317469,93.49836779107726,6.202655396793948,10,0.0,4.545454545454546
cnp_delta,extrap_2_excl,0.11279243381040623,0.07574668584074497,0.1378638595275853,0.07209419108531047,0.007319967319626073,93.63438520130576,6.123034000819553,10,0.0,0.0
cnp_delta,extrap_300,0.04958457415217913,0.02090949390608204,0.06540174626807241,0.025310772859732537,0.0030441090866083287,78.53645266594124,2.551873986279919,10,1.8877873556889007,0.5
cnp_delta,extrap_300_excl,0.05045614405706104,0.02101244300884962,0.06662693499724703,0.026753635966790697,0.003500455722131701,81.03917301414582,2.7538811847028613,10,1.8340239148286859,0.5
cnp_delta,extrap_4,0.10172477311394733,0.06796688292393041,0.12450718176732531,0.056757550037169126,0.004116223040103526,89.44504896626768,4.303721938533717,10,0.0,0.0
cnp_delta,extrap_40,0.07543189454765492,0.04396119512209132,0.09523993621069653,0.042491365949798826,0.00332123430953946,86.15342763873775,3.981602827388228,10,0.15907327347300743,0.29545454545454547
cnp_delta,extrap_40_excl,0.07670823509155825,0.044919578175130565,0.09676208249982005,0.04313362290497987,0.003460903180278763,85.3373231773667,4.008646698163614,10,0.15907327347300743,0.34090909090909094
cnp_delta,extrap_4_excl,0.11984540744890314,0.08563275299284533,0.14383345623500352,0.07753385176943356,0.006800317701760362,97.0620239390642,5.954379094743274,10,0.0,0.0
cnp_delta,extrap_500,0.04958457415217913,0.02090949390608204,0.06540174626807241,0.025310772859732537,0.0030441090866083287,78.53645266594124,2.551873986279919,10,1.8877873556889007,0.5
cnp_delta,extrap_500_excl,0.05045614405706104,0.02101244300884962,0.06662693499724703,0.026753635966790697,0.003500455722131701,81.03917301414582,2.7538811847028613,10,1.8340239148286859,0.5
cnp_delta,extrap_8,0.09527990291565416,0.07157508233189304,0.11241431673320322,0.05659433821568876,0.004317127831998876,87.64961915125136,5.366062753087348,10,0.0,0.0
cnp_delta,extrap_80,0.07103107473571184,0.04318669430493429,0.08892065283739314,0.0414872501944454,0.003614148802880326,89.49945593035909,3.990370004387032,10,1.1147551947080054,1.7954545454545454
cnp_delta,extrap_80_excl,0.07119313547373332,0.04296685482289485,0.08926203354466916,0.04209940593202816,0.0038808151605471807,89.7986942328618,4.092368379783601,10,1.1147551947080054,1.7954545454545454
cnp_delta,extrap_8_excl,0.096423936630263,0.07249647706954063,0.113728553512823,0.056713255164679094,0.004242096665494962,86.45266594124048,5.323390212445882,10,0.0,0.0
cnp_delta,unif_10,0.15048413898426674,0.20115368562797412,0.08132947686149675,0.09417139195486393,0.008266691841424076,93.71599564744287,16.18901638615827,10,0.0,27.272727272727273
cnp_delta,unif_100,0.05589584233040416,0.03541568833297969,0.06933201825469512,0.026789081624907445,0.002056607775616693,73.25897714907508,2.9783685310116987,10,3.325548739326895,4.863636363636364
cnp_delta,unif_100_excl,0.05673903140968298,0.035854595041837925,0.07042163825114381,0.027135241378672695,0.0021711539864256698,74.9183895538629,2.8335743819469728,10,3.3530827521413995,4.9772727272727275
cnp_delta,unif_10_excl,0.1607016067721326,0.22076532497686013,0.07217919958109466,0.10238289970299227,0.010356676090584216,94.45048966267682,18.96066901930637,10,0.0,24.545454545454547
cnp_delta,unif_2,0.13484417831929643,0.13105983726184625,0.1381605469853429,0.1228020701075427,0.030925122616315328,96.57236126224157,26.912502617602335,10,0.0,0.0
cnp_delta,unif_20,0.12990523043950356,0.1676407629398675,0.08229835568808336,0.07822236060503886,0.006195520060965956,84.76605005440696,13.636264212140908,10,1.3052818862793183,27.27272727272727
cnp_delta,unif_200,0.0896538700680309,0.12358368731596284,0.039090737250679415,0.030352136162015143,0.0033812297393700135,59.60282916213275,8.78446224749587,10,4.742052467548536,5.340909090909091
cnp_delta,unif_200_excl,0.08984638754730077,0.12436399903953473,0.03767832461740972,0.03226005088837077,0.0035107360693554766,68.55277475516866,8.382089050718617,10,4.90721980472397,5.25
cnp_delta,unif_20_excl,0.12981171828558316,0.16756573793739962,0.0821553917551132,0.07841947247199703,0.006230165449799202,87.56800870511425,13.294060942159218,10,1.3052818862793183,26.954545454545457
cnp_delta,unif_2_excl,0.19243882161156198,0.20824401599406694,0.17701625163559545,0.18277980057767718,0.04241533553044153,97.49727965179542,44.89773625354877,10,0.0,0.0
cnp_delta,unif_300,0.032281480456220035,0.02213429451896896,0.03922883619954819,0.013161449309916542,0.0009115032384756025,53.04678998911861,1.4827772792666682,10,2.71121006769143,0.7499999999999999
cnp_delta,unif_300_excl,0.032629233865888,0.025348702104032377,0.038006012868424505,0.015350140814875247,0.001255752843585103,65.31556039173014,1.9939749896667884,10,2.874772594905437,0.7499999999999999
cnp_delta,unif_4,0.1501718409391924,0.20507536225298884,0.07072999034877328,0.09212639125455001,0.007574365202440464,91.67573449401523,16.910575155716703,10,0.0,15.954545454545457
cnp_delta,unif_40,0.07122571297939437,0.06639601676481383,0.07530693508730318,0.04422528540427514,0.003918620592730705,84.68443960826986,5.991081844279964,10,0.4575726818988037,6.522727272727273
cnp_delta,unif_40_excl,0.07144061637929558,0.06929987658635356,0.07331332561444892,0.04494764486688786,0.004044055639547418,85.2013057671382,6.346341693098334,10,0.4575726818988037,6.545454545454545
cnp_delta,unif_4_excl,0.14590811271445936,0.19608762553352974,0.0764758144178723,0.08979942508623096,0.007371398107187508,88.71055495103373,16.320124157980807,10,0.0,16.363636363636367
cnp_delta,unif_500,0.03257013160748509,0.022113397138069642,0.039689995516011316,0.013101687286724248,0.0009045586238737469,52.50272034820457,1.469254729749358,10,1.7600615944250144,0.7499999999999999
cnp_delta,unif_500_excl,0.032835305745712765,0.025216160100410164,0.038420246345231446,0.01522648457202817,0.0012400436387865086,64.47225244831338,1.970563080785678,10,1.8434966778600976,0.7499999999999999
cnp_delta,unif_8,0.1438372629273646,0.19694912192230474,0.06636276500684606,0.0965418519615753,0.009276056314627166,94.2328618063112,18.24621492503175,10,0.0,19.09090909090909
cnp_delta,unif_80,0.06058379188293025,0.044550457256845095,0.07202116082913317,0.03295833651506464,0.0031196790172082827,76.79542981501632,4.341331515968363,10,0.2721133280595353,2.8181818181818183
cnp_delta,unif_80_excl,0.06022159398721993,0.046782604478822376,0.07014623489045609,0.033466879169284015,0.003355632093392076,77.8835690968444,4.655735502180496,10,0.2721133280595353,2.840909090909091
cnp_delta,unif_8_excl,0.1556569778019027,0.2164629817060797,0.06221355641538221,0.1065344354338362,0.011240494400077225,95.29379760609358,21.338406220733134,10,0.0,18.18181818181818
cnp_delta_attn,extrap_10,0.09333483824497887,0.07064765427877974,0.10981211950301793,0.05475698021916334,0.0036453193472493423,90.12513601741023,5.18531867848197,10,0.0,0.0
cnp_delta_attn,extrap_100,0.06382290040476722,0.03803620146910122,0.08022862892992129,0.03440070769043236,0.003950472132237403,83.48748639825898,3.695236034657659,10,4.421141390401472,3.7954545454545454
cnp_delta_attn,extrap_100_excl,0.06448246007035141,0.037016823064261,0.08164701788854306,0.03598862206932179,0.004139507472762498,86.86071817192601,3.724624494298511,10,4.284260563028554,3.4545454545454546
cnp_delta_attn,extrap_10_excl,0.09595611458329428,0.07182385027703851,0.11336026247060055,0.05542342910477157,0.0035249140414019063,89.47225244831338,4.891834184020275,10,0.0,0.0
cnp_delta_attn,extrap_2,0.0984476414136984,0.0641624043223006,0.12127699317579696,0.05706880391692951,0.004956340255541054,90.39717083786725,4.860734221359984,10,0.0,0.0
cnp_delta_attn,extrap_20,0.0953131640237553,0.06618494147234769,0.11539983178297922,0.059214620014880516,0.0055617059606691945,90.53318824809575,5.611635028769165,10,0.0,4.545454545454546
cnp_delta_attn,extrap_200,0.05016031318343396,0.020888068208659693,0.06623662641879759,0.02535955060125483,0.0029842863844184962,79.08052230685527,2.5059467139004092,10,1.8332878011893463,0.5
cnp_delta_attn,extrap_200_excl,0.05176771841827088,0.021633701112380097,0.0683375212228051,0.028043750436895623,0.0035644431397957245,83.89553862894451,2.8579499242772273,10,1.8609056352587932,0.5227272727272727
cnp_delta_attn,extrap_20_excl,0.0995506160652072,0.06773368504577902,0.12124015673487526,0.06460141389431473,0.0064566550919096435,93.68879216539717,6.11594458552745,10,0.0,4.545454545454546
cnp_delta_attn,extrap_2_excl,0.11504680502708074,0.07847878679774853,0.14001107576520988,0.07406903523613306,0.007260149856208008,95.02176278563657,6.163947569861946,10,0.0,0.0
cnp_delta_attn,extrap_300,0.050164889581802534,0.0208849391751054,0.06624409791473743,0.025360419546474777,0.002983843616851985,79.10772578890098,2.504764507515867,10,1.8332878011893463,0.5
cnp_delta_attn,extrap_300_excl,0.05179569018694922,0.021638820840435346,0.06837631713276335,0.028066883168944005,0.003565512036608197,83.9227421109902,2.860154402078149,10,1.8609056352587932,0.5227272727272727
cnp_delta_attn,extrap_4,0.10407721604548321,0.07007804285407394,0.1271202510198598,0.05868299487731423,0.004372643474771852,89.6354733405876,4.454758276693612,10,0.0,0.0
cnp_delta_attn,extrap_40,0.07593113166121017,0.04442430370056637,0.09579860699511938,0.04271654475720401,0.003286347550038027,87.15995647442872,3.931701227743737,10,0.15907327347300743,0.34090909090909094
cnp_delta_attn,extrap_40_excl,0.07816263914261781,0.04630086196487914,0.09837397497670523,0.043803513731244366,0.0034127417872356755,84.71164309031556,3.9981208310525336,10,0.15907327347300743,0.36363636363636365
cnp_delta_attn,extrap_4_excl,0.11839948913114076,0.08464705613511743,0.1420726981754919,0.07468974384173199,0.0061630722832620045,96.92600652883569,5.5379535865464495,10,0.0,0.0
cnp_delta_attn,extrap_500,0.050164889581802534,0.0208849391751054,0.06624409791473743,0.025360419546474777,0.002983843616851985,79.10772578890098,2.504764507515867,10,1.8332878011893463,0.5
cnp_delta_attn,extrap_500_excl,0.05179569018694922,0.021638820840435346,0.06837631713276335,0.028066883168944005,0.003565512036608197,83.9227421109902,2.860154402078149,10,1.8609056352587932,0.5227272727272727
cnp_delta_attn,extrap_8,0.09400563356473539,0.07132224503082894,0.11050460150593422,0.05527761382437388,0.003987083682092854,88.81936887921654,5.167915357806878,10,0.0,0.0
cnp_delta_attn,extrap_80,0.07130206153669276,0.0431350936741663,0.08935414919744769,0.04109078752050354,0.0034266734445453414,89.7714907508161,3.868709380079709,10,1.1147551947080054,1.818181818181818
cnp_delta_attn,extrap_80_excl,0.07182734276119121,0.04239259914467011,0.0904661796508466,0.042266861763635616,0.0038356380117267126,89.44504896626768,4.086435713719271,10,1.1417822217350326,1.8636363636363638
cnp_delta_attn,extrap_8_excl,0.09765879208220173,0.07330807146008059,0.11525195709472229,0.0571089371045677,0.004131461139664637,85.11969532100109,5.31644889803706,10,0.0,0.0
cnp_delta_attn,unif_10,0.14659192223032358,0.19374556985350622,0.08396427642655385,0.09110134705734353,0.007692494924811962,93.38955386289445,15.272577025355396,10,0.0,28.43181818181818
cnp_delta_attn,unif_100,0.058737329418316185,0.03679396554970814,0.07304917770237458,0.028300754955022815,0.002321287472573161,77.829162132753,2.679868335032885,10,3.2460121025903907,5.045454545454545
cnp_delta_attn,unif_100_excl,0.060486102311242886,0.03914916794315738,0.07464140500880945,0.031053530567664148,0.002724992519753361,85.85418933623504,2.752193263707712,10,3.409281638237193,5.045454545454545
cnp_delta_attn,unif_10_excl,0.1575658470152522,0.21589842832457057,0.07229110382951898,0.0992957653058973,0.009790335996015429,94.42328618063112,18.154240504056823,10,0.0,25.090909090909093
cnp_delta_attn,unif_2,0.12290509597064035,0.10906077008061668,0.13414582637583078,0.10761964896942222,0.028486577220386257,96.08269858541894,22.33482265482655,10,0.0,0.0
cnp_delta_attn,unif_20,0.12779568519036189,0.16283800943619295,0.08466603010897825,0.07773516382327568,0.006067557293802364,90.66920565832426,12.348057326031192,10,1.3334509003638255,28.977272727272727
cnp_delta_attn,unif_200,0.08855329635071207,0.12082452034051203,0.041979062390069,0.030654819264371712,0.0033318972728622713,73.83025027203482,6.863448658269943,10,4.769079494575563,5.454545454545454
cnp_delta_attn,unif_200_excl,0.08732121918578786,0.1185114471226824,0.04299631641637813,0.03217648459198743,0.0034996020833604094,80.00544069640914,6.625595841751405,10,5.04021056448928,5.409090909090909
cnp_delta_attn,unif_20_excl,0.1257901022460523,0.15786700797364928,0.08738731486893993,0.07804584364890256,0.006087555224691442,91.94776931447225,12.015033931937054,10,1.4971167287740257,29.522727272727273
cnp_delta_attn,unif_2_excl,0.18168823280955335,0.19322470595782426,0.17064312412549076,0.17242103224114017,0.040761175214821505,97.22524483133841,41.75049406726663,10,0.0,0.0
cnp_delta_attn,unif_300,0.03355373866991307,0.020880470652083327,0.04179172779599116,0.013848556579843333,0.0010398911613657437,66.64853101196954,1.1581253654787447,10,2.6833108462438213,0.7954545454545454
cnp_delta_attn,unif_300_excl,0.0350127177210786,0.022383288501688574,0.04333698205104349,0.016799139113222554,0.0017096535563982434,77.61153427638737,1.6299093866853478,10,3.2320446798091176,0.8181818181818181
cnp_delta_attn,unif_4,0.1460760473468733,0.1973233568748363,0.07419092240832766,0.08953612708344803,0.007334518051744893,89.689880304679,16.229238833131518,10,0.0,16.227272727272727
cnp_delta_attn,unif_40,0.07092025956030405,0.059948846138766956,0.0795081716547513,0.04303658034395786,0.0036493084176729804,88.13928182807399,5.090735127493621,10,0.4575726818988037,6.795454545454545
cnp_delta_attn,unif_40_excl,0.07008823979312484,0.05938463354796277,0.07848087189029548,0.042235792469230045,0.0035464262433054943,87.97606093579978,4.967565099385079,10,0.5660424691974698,6.772727272727272
cnp_delta_attn,unif_4_excl,0.1422194012440776,0.18867764927795033,0.07996701127932414,0.08842047514387734,0.007297613491317148,91.51251360174102,15.166919987076406,10,0.0,16.363636363636367
cnp_delta_attn,unif_500,0.033877540247410264,0.020901759961176547,0.04227561720725775,0.0138503365030945,0.0010410247100192298,66.89336235038085,1.1463121223667223,10,1.7886969295119624,0.8181818181818181
cnp_delta_attn,unif_500_excl,0.03525880940380365,0.022374401917123837,0.043718469364332276,0.016758174847187217,0.0017080770093284032,76.84983677910773,1.633333653131072,10,2.2290830834452047,0.840909090909091
cnp_delta_attn,unif_8,0.13780446211402186,0.18677102767178472,0.06848477412833642,0.09169515729734047,0.008483319564892174,94.36887921653971,16.703730416333826,10,0.0,19.09090909090909
cnp_delta_attn,unif_80,0.06168485793016736,0.04142745330612343,0.07539490028379325,0.03284656187264638,0.0027061309357067857,81.31120783460283,3.637680026222674,10,0.32602207551666984,2.9318181818181825
cnp_delta_attn,unif_80_excl,0.06081090728242991,0.04085659675155892,0.07431875054857527,0.03218579453819664,0.002660423200684617,84.03155603917301,3.4156484093800303,10,0.32602207551666984,2.954545454545455
cnp_delta_attn,unif_8_excl,0.14704064917349927,0.20335217913974327,0.06219333061498822,0.09870798101113434,0.009865775782541131,94.50489662676823,19.232341387767804,10,0.0,18.18181818181818
cnp_hist,extrap_10,0.07410423871331724,0.05345231798122804,0.08866575781368861,0.03743240006178845,0.0019373088918033016,82.4537540805223,2.8724269640658537,10,0.0,0.0
cnp_hist,extrap_100,0.07380616687869254,0.053007870230274826,0.08843321269371021,0.03707612106440765,0.0017874398742577136,82.72578890097932,2.7804163495642533,10,0.0,0.0
cnp_hist,extrap_100_excl,0.08410145314618421,0.06662121953472322,0.09717805516042237,0.05022323174124444,0.004444978336706902,91.64853101196954,4.060426121422107,10,0.0,0.0
cnp_hist,extrap_10_excl,0.08360015843611561,0.066097638549673,0.0966767255696955,0.04966746007170329,0.00435979013123902,91.51251360174102,3.960406585198718,10,0.0,0.0
cnp_hist,extrap_2,0.07438271648499606,0.0540426790494756,0.08878667213054889,0.04083847117501841,0.0032066742065050237,88.3841131664853,3.5614443455446496,10,0.0,0.0
cnp_hist,extrap_20,0.07507023295637749,0.05328348411071531,0.09028613662652575,0.037956747379441776,0.0019253358311532211,82.99782372143635,2.7920326127082435,10,0.0,0.0
cnp_hist,extrap_200,0.07370454901806389,0.052799347965471,0.08838443103772034,0.03718408824261825,0.001840402515199239,83.24265505984766,2.8228373535430276,10,0.0,0.0
cnp_hist,extrap_200_excl,0.08347633833681244,0.06649515947284868,0.09622715078335047,0.049863875629755305,0.004515360097044236,91.70293797606094,4.029437595284808,10,0.0,0.0
cnp_hist,extrap_20_excl,0.08457039261713124,0.06708686466608059,0.09766176156158361,0.050665522697538753,0.004507756497290247,92.02937976060936,4.100093876138913,10,0.0,0.0
cnp_hist,extrap_2_excl,0.08394218135745678,0.06628252779015614,0.0971248114112493,0.04980466666431759,0.004365245906778202,92.19260065288357,4.018711957041031,10,0.0,0.0
cnp_hist,extrap_300,0.0736665693095751,0.05278156134255528,0.08833382270067235,0.03715403984838912,0.0018376904142624899,83.32426550598477,2.8147362571094736,10,0.0,0.0
cnp_hist,extrap_300_excl,0.08345798045712575,0.06647500466092937,0.09620942767095252,0.04985009833067753,0.004514213130390802,91.48531011969533,4.038603954949962,10,0.0,0.0
cnp_hist,extrap_4,0.07736201768129353,0.05517055191003718,0.09290373830545726,0.039731645237115316,0.0023791631354660395,84.84766050054407,2.899350405566642,10,0.0,0.0
cnp_hist,extrap_40,0.07380247734190871,0.05278163072686398,0.08854904119794264,0.03705805392127172,0.0018323611114009159,82.58977149075082,2.761880746320866,10,0.0,0.0
cnp_hist,extrap_40_excl,0.08419776635883389,0.06678487425621275,0.09723540768428676,0.050341635314145726,0.004481648623032277,91.67573449401523,4.078265040008079,10,0.0,0.0
cnp_hist,extrap_4_excl,0.08522094339466586,0.06779490377124851,0.09829412179484975,0.05140343158464307,0.004677385331781116,92.95429815016323,4.161070964314666,10,0.0,0.0
cnp_hist,extrap_500,0.0736665693095751,0.05278156134255528,0.08833382270067235,0.03715403984838912,0.0018376904142624899,83.32426550598477,2.8147362571094736,10,0.0,0.0
cnp_hist,extrap_500_excl,0.08345798045712575,0.06647500466092937,0.09620942767095252,0.04985009833067753,0.004514213130390802,91.48531011969533,4.038603954949962,10,0.0,0.0
cnp_hist,extrap_8,0.07397075732375859,0.052829355570093675,0.08878985955388649,0.03759548749462564,0.0019557422289821352,83.05223068552775,2.851735360889376,10,0.0,0.0
cnp_hist,extrap_80,0.07373842845781857,0.05281497498968589,0.08842970334753902,0.037075027154598456,0.00182202997272535,83.07943416757345,2.753224329274351,10,0.0,0.0
cnp_hist,extrap_80_excl,0.08388461074266564,0.06648809139341787,0.09690365019157507,0.04997578724991769,0.004422262046916997,91.2676822633297,4.043776932229213,10,0.0,0.0
cnp_hist,extrap_8_excl,0.0827685446340679,0.06537721534119784,0.09575370883999627,0.04893257057089541,0.004311636920726412,91.02285092491839,3.942819328995313,10,0.0,0.0
cnp_hist,unif_10,0.08546440536691288,0.05938523983297596,0.1034552587295785,0.04575041487358989,0.0026655601059079785,87.02393906420022,3.529865153663164,10,0.0,0.0
cnp_hist,unif_100,0.085473559845485,0.05848135780493646,0.10393180257190945,0.04646830895958191,0.002716425151981113,88.43852013057672,3.732342696167012,10,0.0,0.0
cnp_hist,unif_100_excl,0.08384007293051424,0.0649830294845373,0.09774538356167109,0.04925359208724574,0.004188456055091561,93.28073993471165,3.867873491696748,10,0.0,0.0
cnp_hist,unif_10_excl,0.08349727851262087,0.06502336404056015,0.09716207295435031,0.048901971494444564,0.004149931466675088,93.47116430903155,3.8127608133727002,10,0.0,0.0
cnp_hist,unif_2,0.08670545931756532,0.06285028227958896,0.10357521720098953,0.048732877438391387,0.003447814813930773,89.7714907508161,4.1520186446926095,10,0.0,0.0
cnp_hist,unif_20,0.0855403518799542,0.05891763082319087,0.10381443134952514,0.04664635718257954,0.0027659827526820327,88.3841131664853,3.736787642340923,10,0.0,0.0
cnp_hist,unif_200,0.08520655072124528,0.05846255654511155,0.10352400996064633,0.04642963778304587,0.0027174116157346654,88.92818280739935,3.731668281086691,10,0.0,0.0
cnp_hist,unif_200_excl,0.08398516300825207,0.06513681917504369,0.09788980273647907,0.04934556005974589,0.004201797270535142,93.17192600652884,3.8656287637435476,10,0.0,0.0
cnp_hist,unif_20_excl,0.08318091422646469,0.06449710074339364,0.09696195728981252,0.048451137328692696,0.004097164059449124,92.7366702937976,3.7604329690010245,10,0.0,0.0
cnp_hist,unif_2_excl,0.08083581474963826,0.06223844812875167,0.09449055756283965,0.04510070243698339,0.00351464832183403,90.58759521218715,3.3778024748650726,10,0.0,0.0
cnp_hist,unif_300,0.08543317539041864,0.05860821602036564,0.10380434989605199,0.046451088782882274,0.0027080576017177714,88.90097932535365,3.707802359863199,10,0.0,0.0
cnp_hist,unif_300_excl,0.08389943467858495,0.06505510613521993,0.09779899439337732,0.049233273275691096,0.004185054543563508,93.11751904243744,3.8561872808367736,10,0.0,0.0
cnp_hist,unif_4,0.08583833873297556,0.060498255464506816,0.10346316032277883,0.04698252613870052,0.003000125522660838,88.41131664853101,3.6852119042932188,10,0.0,0.0
cnp_hist,unif_40,0.08493888868613174,0.05871920376278212,0.10297399885477852,0.04631377587559044,0.0027384437714424166,88.95538628944504,3.765475813553523,10,0.0,0.0
cnp_hist,unif_40_excl,0.08382649909099556,0.06491585758205476,0.09776342450274514,0.0492465905115511,0.00418296302349017,92.95429815016323,3.8600025596995065,10,0.0,0.0
cnp_hist,unif_4_excl,0.08247924185672934,0.06351824572660124,0.09640301884555764,0.04712096438363146,0.003818254160215768,92.00217627856365,3.628682343141172,10,0.0,0.0
cnp_hist,unif_500,0.08557490951037833,0.058651431058180874,0.1040039857625584,0.04637718166633062,0.0026831209098365514,88.62894450489662,3.6694430078315996,10,0.0,0.0
cnp_hist,unif_500_excl,0.08356308921319651,0.06477552386913293,0.09741816561517834,0.04886479945741878,0.004135728470786078,93.03590859630033,3.8147026803250963,10,0.0,0.0
cnp_hist,unif_8,0.08583832814236779,0.059093786998464855,0.10419090946801014,0.04659883405960553,0.002746260221780096,88.08487486398259,3.670162128245452,10,0.0,0.0
cnp_hist,unif_80,0.0855058651705705,0.05880321688403275,0.10381882514943123,0.04640133552439713,0.002693148604475147,88.2208922742111,3.695990919445829,10,0.0,0.0
cnp_hist,unif_80_excl,0.08379645527738135,0.06506932842827463,0.09762259534251001,0.0492177963078476,0.004204164111906926,93.09031556039173,3.858870511259488,10,0.0,0.0
cnp_hist,unif_8_excl,0.08281647108661848,0.06415018005150301,0.09657561321976812,0.048104939562743844,0.004084647481389757,92.30141458106638,3.713256373489322,10,0.0,0.0
kalman_pca,extrap_10,0.03355925443504332,0.025394352146873352,0.03948815736175758,0.020283822797756968,0.0026449529973830506,79.4885745375408,2.9874303520336465,10,4.2871110203945895,0.5227272727272727
kalman_pca,extrap_100,0.032620529316852546,0.024506676565678596,0.03848569504125201,0.020394153194512675,0.0027718460550507054,81.39281828073993,3.1585967641874704,10,4.281002290570248,0.4318181818181818
kalman_pca,extrap_100_excl,0.04875644227023425,0.04336989945555387,0.05313831640612899,0.0347411019515073,0.004852594681406821,87.73122959738846,4.901002640194633,10,4.264635524009245,0.3181818181818182
kalman_pca,extrap_10_excl,0.0466172249458397,0.03948224719426435,0.052210084845023375,0.03156420695949626,0.004392747394734486,87.62241566920567,4.1493286866607555,10,4.279665060342978,0.27272727272727265
kalman_pca,extrap_2,0.03140522186077201,0.02601031528201325,0.035566616849747296,0.01891291324598517,0.0020270095281605584,76.87704026115343,2.941936370778803,10,4.615918246101956,0.8409090909090908
kalman_pca,extrap_20,0.032114898838902284,0.025079397270429963,0.037328464400915716,0.02054305120672708,0.0025988148851427274,80.8487486398259,3.11850664040129,10,4.613645020793423,1.2045454545454546
kalman_pca,extrap_200,0.03229541518032644,0.024465735098141757,0.03798497712298993,0.020369364859029376,0.002784400210789389,81.71926006528835,3.139234948380198,10,4.55497777748789,0.4318181818181818
kalman_pca,extrap_200_excl,0.04727088309969076,0.04263185273016077,0.05108604497146159,0.03391727699977152,0.004750184252748332,87.10554951033733,4.825732935199177,10,4.367617752518602,0.5909090909090909
kalman_pca,extrap_20_excl,0.049481744579807876,0.04431136756213753,0.05371004481447293,0.033761872563172445,0.004472855501469422,87.97606093579978,4.415637574846458,10,4.03521097293603,0.27272727272727276
kalman_pca,extrap_2_excl,0.038424893937641175,0.036557416433211566,0.04003075431831874,0.023215453181148902,0.0023487757769363907,79.02611534276387,3.587783630506318,10,4.564347490050733,1.0227272727272727
kalman_pca,extrap_300,0.03228905624361913,0.024469931421393597,0.037972273082525355,0.020370382159254137,0.0027887276664816077,81.69205658324266,3.142013379133775,10,4.582225733891159,0.4318181818181818
kalman_pca,extrap_300_excl,0.047249436332005026,0.042621030271043844,0.051056469348696,0.033911981800971505,0.0047565738620202885,87.02393906420022,4.83218275799681,10,4.367617752518602,0.6136363636363636
kalman_pca,extrap_4,0.03363941630561446,0.025972341229110713,0.039278941782912156,0.02030438835271251,0.002614905307911206,77.9379760609358,2.94135249535381,10,4.140042998482825,0.5
kalman_pca,extrap_40,0.03179385613892257,0.024322006875473316,0.037257231344541605,0.02041832652923079,0.002758281824687586,79.4341675734494,3.27623221544918,10,4.403094572992495,0.9772727272727272
kalman_pca,extrap_40_excl,0.049398152617155494,0.043250439996212364,0.054338287922956925,0.03437100633552908,0.0046881882846950065,87.78563656147988,4.641811766709108,10,4.301209663794466,0.36363636363636365
kalman_pca,extrap_4_excl,0.041480493566415096,0.03492202795420672,0.046599107788594184,0.027661569949215557,0.003652243405795609,87.24156692056583,3.539674263984154,10,4.105102672331397,0.20454545454545453
kalman_pca,extrap_500,0.03228905624361913,0.024469931421393597,0.037972273082525355,0.020370382159254137,0.0027887276664816077,81.69205658324266,3.142013379133775,10,4.582225733891159,0.4318181818181818
kalman_pca,extrap_500_excl,0.047249436332005026,0.042621030271043844,0.051056469348696,0.033911981800971505,0.0047565738620202885,87.02393906420022,4.83218275799681,10,4.367617752518602,0.6136363636363636
kalman_pca,extrap_8,0.03600234551764654,0.02553919251489776,0.043307380100491455,0.020547994313115308,0.0025697535495015442,77.69314472252448,2.878769669323479,10,3.453427431879838,0.36363636363636365
kalman_pca,extrap_80,0.03243582823759007,0.024397201119092063,0.038250993187259344,0.020273659204286407,0.002730030396988159,80.35908596300327,3.1432621609481894,10,4.122699599852104,0.5454545454545454
kalman_pca,extrap_80_excl,0.04624017909280907,0.04087846211877539,0.05058090955138262,0.03236734398910008,0.00439441215614688,86.09902067464635,4.549879283124453,10,4.28450263037117,0.38636363636363635
kalman_pca,extrap_8_excl,0.04486593077811668,0.03530818241264129,0.05198470292073961,0.027709747410765824,0.0035195573937370746,84.08596300326442,3.5187816255396083,10,3.290640500875213,0.11363636363636362
kalman_pca,unif_10,0.03931493429893714,0.029033374751385774,0.04666837220430221,0.022267301725710457,0.0025415479036542113,79.62459194776932,2.8169901813432405,10,3.942344434614764,0.27272727272727276
kalman_pca,unif_100,0.03381252114907768,0.0264325798511081,0.039285066874686005,0.02019422010088006,0.002289978297132921,79.08052230685527,2.681925080330378,10,4.2320249018731,0.06818181818181818
kalman_pca,unif_100_excl,0.04922862813702242,0.04222987635138603,0.05476657980349241,0.0317336242857575,0.0033625685901599073,88.1936887921654,3.661624003636439,10,3.900071526445661,0.0
kalman_pca,unif_10_excl,0.058231086317082015,0.0492166485561854,0.06528653736466872,0.03885297528014387,0.004283549430971928,92.00217627856365,4.228321526956709,10,3.6438534423381674,0.2272727272727273
kalman_pca,unif_2,0.0362794718829359,0.03183865531030164,0.03985438510408862,0.02000257803095169,0.0017451639072358072,75.10881392818281,3.0091895634949695,10,4.181553890012578,0.40909090909090906
kalman_pca,unif_20,0.03678968630051664,0.029032841793438652,0.042577772258243586,0.021860821193794067,0.0025324031414129962,80.930359085963,2.8774279817731574,10,4.78315134118317,0.29545454545454547
kalman_pca,unif_200,0.03417467982926977,0.027100976882641296,0.03947021603730795,0.020400916187938108,0.0023218261446308654,80.03264417845485,2.6582019039572975,10,4.2836885773842805,0.045454545454545456
kalman_pca,unif_200_excl,0.05266407151394578,0.0462430667391016,0.057835241942333346,0.0347077336283675,0.0035771868045553486,90.47878128400436,3.818864031690663,10,4.065186220639143,0.0
kalman_pca,unif_20_excl,0.060810857384234,0.0564761943631276,0.06446230579023585,0.041446155934869264,0.00473006076108061,91.32208922742112,4.820437603113918,10,4.561686374052372,0.36363636363636365
kalman_pca,unif_2_excl,0.04384521982658419,0.04069627029188355,0.04649655588452524,0.026759733549665238,0.0025326050996928536,81.44722524483134,3.5638993193177972,10,4.099091687156587,0.22727272727272724
kalman_pca,unif_300,0.034078927554614266,0.027165943605589903,0.039272257786815944,0.020283020669411837,0.0022791694568717012,79.13492927094669,2.660203215242867,10,4.284645620399863,0.045454545454545456
kalman_pca,unif_300_excl,0.051491978725112166,0.04539712123432636,0.05641581350577829,0.033928248834677426,0.0035310978534779224,89.7714907508161,3.796362222704704,10,4.118238893855512,0.0
kalman_pca,unif_4,0.0432173772219635,0.0349816264954759,0.04946918262998932,0.023491541968288506,0.00201613026582191,78.45484221980414,2.9450107306316764,10,4.2979592079190025,0.3181818181818182
kalman_pca,unif_40,0.0314801947887054,0.025275517122884568,0.03616417394557449,0.019451922381906808,0.002392651335050813,78.72687704026116,2.775126547046356,10,4.45051251675967,0.29545454545454547
kalman_pca,unif_40_excl,0.05660875976974629,0.04981962143982539,0.06208595877868297,0.03750961901352133,0.004199332063386863,91.32208922742112,4.316666585971203,10,3.637456294320399,0.045454545454545456
kalman_pca,unif_4_excl,0.050335720778936686,0.044004954759531235,0.05541709417811928,0.02956243350630894,0.002748630458825111,85.2557127312296,3.5734217866821223,10,4.18851633467172,0.40909090909090906
kalman_pca,unif_500,0.03417818937048355,0.027239090457695837,0.03939036717495442,0.0203986338623368,0.0022832262774878523,79.4341675734494,2.6549073674629495,10,4.231254590454126,0.045454545454545456
kalman_pca,unif_500_excl,0.05128530345141553,0.04499091583512206,0.05635091498082234,0.03354753929484212,0.0034541005721118053,89.7170837867247,3.7458424473938345,10,4.090736103199584,0.0
kalman_pca,unif_8,0.036463117250872965,0.029310786353909463,0.04186681753422297,0.020808043165272617,0.0019089861638408663,77.80195865070729,2.7612250440048274,10,4.091840558185028,0.11363636363636362
kalman_pca,unif_80,0.03417458870908078,0.026950650671726726,0.03956256894580423,0.020489410864103365,0.002297717254143564,79.379760609358,2.700569701596963,10,4.04997180214366,0.24999999999999994
kalman_pca,unif_80_excl,0.050773015581204034,0.04505890065038774,0.05541292934821011,0.03379184325443304,0.003624906668695407,89.7986942328618,3.8400554825389333,10,3.909824662268106,0.045454545454545456
kalman_pca,unif_8_excl,0.054255419746198776,0.04731421996130881,0.05981623560987541,0.0349012098135115,0.003660592273808582,88.65614798694233,3.911161698518874,10,4.0101390923561,0.022727272727272728
kalman_ssvi,extrap_10,0.06073450080342631,0.046208930718903175,0.07131865862091256,0.03701463167083434,0.0025040307266925863,86.7791077257889,3.473187781959222,10,0.0,0.0
kalman_ssvi,extrap_100,0.054800449448151094,0.037059647990421704,0.06685336739012263,0.03025301291076935,0.002683068163918039,85.2013057671382,2.5419601483217997,10,0.0,0.0
kalman_ssvi,extrap_100_excl,0.06465494779237978,0.048689867859343254,0.07621284554067752,0.04018023079875174,0.0026702257887863444,89.20021762785636,3.6827063478543245,10,0.0,0.0
kalman_ssvi,extrap_10_excl,0.06564194008161588,0.05181287446748348,0.07596252949842293,0.04211101754387984,0.002979258339823478,87.35038084874864,4.101187416761272,10,0.0,0.0
kalman_ssvi,extrap_2,0.03996975699256114,0.029255068434442068,0.04759138593216576,0.0209013762052594,0.001464492662104515,72.38846572361263,2.2541759490917648,10,0.0,0.0
kalman_ssvi,extrap_20,0.051705933903919934,0.03623523943213798,0.06243085750969042,0.029366192159073448,0.003377364190195306,81.17519042437432,2.935636385247521,10,0.0,0.0
kalman_ssvi,extrap_200,0.048680004961564584,0.031732452341946896,0.05996587076076116,0.026193288036485695,0.0028371777792028877,82.15451577801959,2.276339065393422,10,0.0,0.0
kalman_ssvi,extrap_200_excl,0.05623589302499408,0.04096006094455932,0.06706986039042123,0.03316157082045174,0.002608079604720413,87.45919477693144,3.1026339162147267,10,0.0,0.0
kalman_ssvi,extrap_20_excl,0.056704372351578915,0.04201391162717643,0.06723248081772563,0.03379531797932449,0.0031427759437967274,88.2480957562568,3.2605080246695115,10,0.0,0.0
kalman_ssvi,extrap_2_excl,0.03963913759113973,0.029464277428059352,0.046945557521339644,0.020973246217045084,0.0015070984146580816,73.74863982589771,2.284959928642349,10,0.0,0.0
kalman_ssvi,extrap_300,0.048174221706213965,0.031207842608911147,0.059435268964829,0.025762382548452555,0.002782358225545388,81.22959738846572,2.2614328493917806,10,0.0,0.0
kalman_ssvi,extrap_300_excl,0.05553531908485445,0.04005612584893514,0.0664492281599435,0.032555217285593456,0.0026088085168169896,87.75843307943417,2.9454072478787214,10,0.0,0.0
kalman_ssvi,extrap_4,0.040309266161044806,0.02738665802819507,0.049111485421728385,0.02022724351839456,0.0012428570561902608,67.79107725788901,2.2166244838635754,10,0.0,0.0
kalman_ssvi,extrap_40,0.057478318824126434,0.03909177535364982,0.07000949604942693,0.031618191227522144,0.0024903519063593105,86.18063112078346,2.4340615282432645,10,0.0,0.0
kalman_ssvi,extrap_40_excl,0.06364988722327225,0.04619879760847069,0.07600061920025239,0.03814116152162715,0.002608804100243788,88.95538628944504,3.2021210293968227,10,0.0,0.0
kalman_ssvi,extrap_4_excl,0.040051820343267104,0.027590205682285436,0.04860623909160483,0.020264474351332384,0.0012830375735535455,66.2132752992383,2.362078121800437,10,0.0,0.0
kalman_ssvi,extrap_500,0.048174221706213965,0.031207842608911147,0.059435268964829,0.025762382548452555,0.002782358225545388,81.22959738846572,2.2614328493917806,10,0.0,0.0
kalman_ssvi,extrap_500_excl,0.05553531908485445,0.04005612584893514,0.0664492281599435,0.032555217285593456,0.0026088085168169896,87.75843307943417,2.9454072478787214,10,0.0,0.0
kalman_ssvi,extrap_8,0.042941817526278896,0.03553148406672251,0.048653997059296634,0.030479826862754928,0.005043778761957185,88.79216539717083,4.4089470338545125,10,0.0,0.0
kalman_ssvi,extrap_80,0.052492281686068905,0.035596581440567966,0.06398863790342303,0.029379262004779166,0.002680830535590046,85.85418933623504,2.5160109976943716,10,0.0,0.0
kalman_ssvi,extrap_80_excl,0.05916848212816243,0.04345699690727103,0.07036797186431736,0.03587287431345694,0.002707799818133601,89.47225244831338,3.1747935088476114,10,0.0,0.0
kalman_ssvi,extrap_8_excl,0.04326863780552993,0.03646685526593799,0.04858131341590288,0.031260430943997455,0.005257442786499657,88.95538628944504,4.61098629456493,10,0.0,0.0
kalman_ssvi,unif_10,0.04363170941557166,0.028823316518172187,0.05356395301580535,0.023323696864304543,0.002278257290974295,78.53645266594124,2.372917888814694,10,0.0,0.0
kalman_ssvi,unif_100,0.034961546015588776,0.025771242879327104,0.04152713499045209,0.018339868022901,0.0012541923789745784,70.45701849836779,2.247244641391456,10,0.0,0.0
kalman_ssvi,unif_100_excl,0.036630416424087806,0.035106395540455484,0.03794937043974366,0.02629884186898067,0.0030123285114085374,88.52013057671383,4.102642561372183,10,0.0,0.0
kalman_ssvi,unif_10_excl,0.047904310228848196,0.03378597750247399,0.05772800461367325,0.028158390946445375,0.0030256954232492305,82.61697497279651,3.1449595649173188,10,0.0,0.0
kalman_ssvi,unif_2,0.03853465169727651,0.030613212551949313,0.04447193927208085,0.022258151015889814,0.002008768891704356,80.33188248095756,2.726171555807599,10,0.0,0.0
kalman_ssvi,unif_20,0.03876080452292189,0.027008000421710462,0.046881460369726714,0.02005983448335231,0.001560792619143032,75.65288356909684,1.9878644383247057,10,0.0,0.0
kalman_ssvi,unif_200,0.036028845342051884,0.026432782207956914,0.042864553723741323,0.01849019506077382,0.001227562810904468,68.52557127312296,2.1834865663044187,10,0.0,0.0
kalman_ssvi,unif_200_excl,0.03611747181419014,0.031141935305660597,0.04006958658456724,0.0223596515235553,0.00211655303797864,84.35799782372143,2.9993234705720675,10,0.0,0.0
kalman_ssvi,unif_20_excl,0.03999833433169135,0.028982697028695634,0.047786540160322716,0.022148485684367333,0.002218011958402892,80.44069640914037,2.4337013869492843,10,0.0,0.0
kalman_ssvi,unif_2_excl,0.038544478573335324,0.032972078002698364,0.04294462553844236,0.02419507280844329,0.0025523112206930643,85.11969532100109,3.204188446555383,10,0.0,0.0
kalman_ssvi,unif_300,0.03507458408741209,0.02653990316669518,0.041271837343369255,0.018435520732002948,0.0012800367042508196,69.69532100108815,2.26556780623961,10,0.0,0.0
kalman_ssvi,unif_300_excl,0.03687505366292576,0.03587080974706828,0.037755792100661635,0.025994792354285357,0.002815363837882625,87.54080522306856,4.010778408705224,10,0.0,0.0
kalman_ssvi,unif_4,0.03854967792284038,0.02758513758472944,0.046244073793085205,0.02000466985538694,0.0014416288570882137,73.17736670293797,2.1937352449084693,10,0.0,0.0
kalman_ssvi,unif_40,0.03502404587437647,0.024953029217860464,0.04207320785621418,0.017879806904597745,0.0012845257863254062,70.6474428726877,2.0088110533549584,10,0.0,0.0
kalman_ssvi,unif_40_excl,0.0350754413973728,0.02878017406431883,0.03989952467576043,0.02109890754207143,0.0021582899678753466,83.65070729053319,2.6386564282675904,10,0.0,0.0
kalman_ssvi,unif_4_excl,0.038396846077591106,0.028977348987615035,0.045225233357932104,0.021326925812265172,0.0018743375662448555,79.18933623503808,2.486702775851768,10,0.0,0.0
kalman_ssvi,unif_500,0.035962319851107115,0.026980559508100355,0.04244933967534041,0.018596427452823524,0.0012642322079818899,68.06311207834602,2.2186644655798866,10,0.0,0.0
kalman_ssvi,unif_500_excl,0.036684190646326796,0.03346628871587594,0.03935524285242843,0.023644376772477382,0.0023478679143974926,84.73884657236127,3.3140908067695567,10,0.0,0.0
kalman_ssvi,unif_8,0.039961681694371524,0.02942898810484747,0.047481899130554096,0.02273352282175423,0.002304842301720516,83.48748639825898,2.4944996719236054,10,0.0,0.0
kalman_ssvi,unif_80,0.034709356199883606,0.02673477842998248,0.04056605381646392,0.01907241243060925,0.0014258353986913003,75.87051142546245,2.3591759254596782,10,0.0,0.0
kalman_ssvi,unif_80_excl,0.037112529334318196,0.03679278106473461,0.03739788380331596,0.0272842638364616,0.003227552219270999,88.43852013057672,4.37137785359755,10,0.0,0.0
kalman_ssvi,unif_8_excl,0.041505533341305335,0.031356084878387536,0.048867913056136754,0.024314270076891843,0.0026644057190203835,83.8139281828074,2.866083485975159,10,0.0,0.0
kalman_ssvi_inc,extrap_10,0.036373197333133774,0.029175709208874776,0.041803065725868754,0.020694263985998176,0.0021999182019835986,79.08052230685527,2.327296163452739,10,0.0,0.0
kalman_ssvi_inc,extrap_100,0.04394433841667238,0.02950487744100223,0.053715372175940405,0.02097904567404834,0.0009800213947462172,68.82480957562568,1.7464185470060214,10,0.0,0.0
kalman_ssvi_inc,extrap_100_excl,0.04386739105984818,0.031239611406635004,0.052703834155036905,0.02215326539283997,0.0013633930334636106,76.14254624591948,2.013009721159196,10,0.0,0.0
kalman_ssvi_inc,extrap_10_excl,0.037310184083237205,0.02977631878176415,0.04297438591982156,0.021676299914563,0.0025062856657138625,80.54951033732318,2.472708575746029,10,0.0,0.0
kalman_ssvi_inc,extrap_2,0.037572912705038375,0.04032013357139115,0.03491688132827192,0.02524104419339775,0.002683704164853198,81.52883569096845,4.178796105750999,10,0.0,0.0
kalman_ssvi_inc,extrap_20,0.03510291277157861,0.028846197148225467,0.039902523137177,0.019845957111999914,0.0019699533012894816,78.40043525571274,2.254194477234488,10,0.0,0.0
kalman_ssvi_inc,extrap_200,0.038765691687146206,0.023993621746071604,0.048341656631564846,0.01957348175373706,0.0023209093307983313,73.09575625680087,1.7985943099637294,10,0.0,0.0
kalman_ssvi_inc,extrap_200_excl,0.03928769063899818,0.02616375541303534,0.0481288184099652,0.021205165903270564,0.002599116050881077,80.00544069640914,2.121639406318925,10,0.0,0.0
kalman_ssvi_inc,extrap_20_excl,0.03565218468299054,0.03324164310405418,0.037689516485697634,0.021477469651646132,0.002083580966449532,79.70620239390642,2.901780636412508,10,0.0,0.0
kalman_ssvi_inc,extrap_2_excl,0.04001719500012761,0.044937253169838695,0.03500430197797247,0.02828761537466968,0.003263452176796357,82.1817192600653,5.046779270389407,10,0.0,0.0
kalman_ssvi_inc,extrap_300,0.03880135626752457,0.02399289326625267,0.048396308292250015,0.019591018861695706,0.0023229607994812566,73.12295973884657,1.7981521162988567,10,0.0,0.0
kalman_ssvi_inc,extrap_300_excl,0.03897492656477658,0.026091204218809734,0.04767906096108062,0.021192428546047738,0.0026504947944770334,79.10772578890098,2.178702303840082,10,0.0,0.0
kalman_ssvi_inc,extrap_4,0.03421459552298045,0.03189803808091094,0.03617232801810148,0.020583678872347282,0.0019255279754975337,79.73340587595212,2.771307797706138,10,0.0,0.0
kalman_ssvi_inc,extrap_40,0.047990915622031116,0.03242861162257905,0.05855908478844815,0.02405008699479031,0.0017141770462289834,79.54298150163221,1.834339189508129,10,0.0,0.0
kalman_ssvi_inc,extrap_40_excl,0.048487498213974294,0.03369653502843959,0.05869196102145971,0.025119682657037762,0.0019838393660293746,81.31120783460283,2.1083360555691857,10,0.0,0.0
kalman_ssvi_inc,extrap_4_excl,0.03764529895163679,0.04085545741135982,0.03450266321579896,0.025743365238417092,0.0028084452935292622,81.09357997823722,4.404338838316347,10,0.0,0.0
kalman_ssvi_inc,extrap_500,0.03880135626752457,0.02399289326625267,0.048396308292250015,0.019591018861695706,0.0023229607994812566,73.12295973884657,1.7981521162988567,10,0.0,0.0
kalman_ssvi_inc,extrap_500_excl,0.03897492656477658,0.026091204218809734,0.04767906096108062,0.021192428546047738,0.0026504947944770334,79.10772578890098,2.178702303840082,10,0.0,0.0
kalman_ssvi_inc,extrap_8,0.036682976072301976,0.030632066286229224,0.04137778398231926,0.02135647801786796,0.0023357290915515974,79.92383025027203,2.57334878572246,10,0.0,0.0
kalman_ssvi_inc,extrap_80,0.04026702736460315,0.025059020655681538,0.05015284497186278,0.021476972332595115,0.003449737585417579,76.68661588683351,2.060281922082372,10,0.0,0.0
kalman_ssvi_inc,extrap_80_excl,0.041204053577412754,0.026741151428864095,0.050812758966602534,0.02269901273592936,0.0035718197724547234,80.11425462459195,2.267415221778839,10,0.0,0.0
kalman_ssvi_inc,extrap_8_excl,0.03710357893048817,0.03129878805150263,0.04164046423803398,0.021895210386903646,0.0024671743103098715,80.57671381936888,2.6922581522786815,10,0.0,0.0
kalman_ssvi_inc,unif_10,0.03495956737051146,0.040112526325638456,0.02956538913206107,0.026429039113174176,0.002938065147981492,85.3645266594124,4.648845629436404,10,0.0,0.0
kalman_ssvi_inc,unif_100,0.030568088999768084,0.022946160360724277,0.036074870479383944,0.01589476370032311,0.001163294324487171,71.81719260065289,1.8177784608057532,10,0.0,0.0
kalman_ssvi_inc,unif_100_excl,0.030929101946226688,0.024607424333602967,0.03567203724482072,0.017521323566076528,0.0017641540264506782,75.29923830250272,2.293776011003271,10,0.0,0.0
kalman_ssvi_inc,unif_10_excl,0.03554620063231161,0.03853723951427715,0.03262149340364073,0.02705397497439757,0.005357137424582965,86.18063112078346,4.570266989693812,10,0.0,0.0
kalman_ssvi_inc,unif_2,0.03556025003081469,0.036532153831138656,0.03466250559656947,0.02291294779902578,0.0022769045998938787,79.70620239390642,3.550520118200585,10,0.0,0.0
kalman_ssvi_inc,unif_20,0.03466770757956574,0.03199817294585977,0.03690493397641272,0.020268555110985173,0.0017525351531144343,73.93906420021763,2.939884736848205,10,0.0,0.0
kalman_ssvi_inc,unif_200,0.031909718847125616,0.02441649884365871,0.03738956222335558,0.016414691220321746,0.0010951203013770622,68.77040261153428,1.9453460189225489,10,0.0,0.0
kalman_ssvi_inc,unif_200_excl,0.0320348450130841,0.025222286570791782,0.03711052818271747,0.017057037961651235,0.00135320905791837,72.47007616974973,2.071778991303347,10,0.0,0.0
kalman_ssvi_inc,unif_20_excl,0.03574982844490745,0.033270224667254954,0.0378422271674063,0.021532628468149857,0.0024742880887860005,79.4341675734494,2.954613917342589,10,0.0,0.0
kalman_ssvi_inc,unif_2_excl,0.04046885462982998,0.04628256764818825,0.03440850813018782,0.029447130657757063,0.0034091149823274364,82.3177366702938,5.389236299336067,10,0.0,0.0
kalman_ssvi_inc,unif_300,0.03171991224884193,0.024024279205123525,0.03731126024854656,0.01623058101031706,0.0010812526288561971,68.85201305767139,1.883636535362438,10,0.0,0.0
kalman_ssvi_inc,unif_300_excl,0.03148653893917214,0.026152171964517502,0.035609579021600224,0.0173718240659975,0.001445555336607574,72.85092491838955,2.2690057810308533,10,0.0,0.0
kalman_ssvi_inc,unif_4,0.034800688408132496,0.032547704543199926,0.03670980882671404,0.02093842198828385,0.0019524714905308912,78.34602829162132,2.868818937277126,10,0.0,0.0
kalman_ssvi_inc,unif_40,0.0310437520348183,0.0231118808017807,0.03674511531792575,0.016266602763008297,0.001358693918149091,72.68770402611534,1.8951547657299155,10,0.0,0.0
kalman_ssvi_inc,unif_40_excl,0.03145657648965267,0.023145348420222974,0.03738752582063935,0.017192282034752687,0.0018938411706217531,74.59194776931447,2.115623945773989,10,0.0,0.0
kalman_ssvi_inc,unif_4_excl,0.037633265194334097,0.040106419883710206,0.035260123217710174,0.025804749384789542,0.0029141659695640304,81.52883569096845,4.322829151780256,10,0.0,0.0
kalman_ssvi_inc,unif_500,0.03453205947008141,0.026661057287448248,0.04032151675702293,0.017575120990031553,0.0011476016077670492,65.20674646354733,2.1193749571262175,10,0.0,0.0
kalman_ssvi_inc,unif_500_excl,0.03543983821467945,0.028868300691347843,0.0404501662041095,0.019134864933479524,0.0015067503370842811,74.45593035908597,2.261143714310571,10,0.0,0.0
kalman_ssvi_inc,unif_8,0.03527865511496732,0.036813182831914204,0.033838555840099545,0.023149650999985255,0.0024661840212542017,80.95756256800871,3.587430980451117,10,0.0,0.0
kalman_ssvi_inc,unif_80,0.030392479406019947,0.02266513847555928,0.035952631821068684,0.015978453601335464,0.0012112270067738881,71.9804134929271,1.875451428472162,10,0.0,0.0
kalman_ssvi_inc,unif_80_excl,0.031060611401626036,0.024638590620678788,0.03586921299547121,0.017233262142907282,0.0014948906087494103,74.51033732317737,2.2352043266398725,10,0.0,0.0
kalman_ssvi_inc,unif_8_excl,0.03596369283065562,0.035509821021231874,0.03636721946188849,0.02343852963802121,0.003482515178916307,81.80087051142546,3.473410504192666,10,0.0,0.0
prior,extrap_10,0.09101693608833648,0.06819246088040078,0.10748780168352066,0.05727418236053418,0.005272588106634599,90.23394994559304,6.567567106318454,10,0.028169014084507043,5.5227272727272725
prior,extrap_100,0.054296164488888354,0.019200380341307294,0.07258707837733923,0.026468091199460305,0.0030028068446934257,74.45593035908597,2.681925481902429,10,4.125873337168213,2.3863636363636362
prior,extrap_100_excl,0.054296164488888354,0.019200380341307294,0.07258707837733923,0.026468091199460305,0.0030028068446934257,74.45593035908597,2.681925481902429,10,4.125873337168213,2.3863636363636362
prior,extrap_10_excl,0.09101693608833648,0.06819246088040078,0.10748780168352066,0.05727418236053418,0.005272588106634599,90.23394994559304,6.567567106318454,10,0.028169014084507043,5.5227272727272725
prior,extrap_2,0.1076866114438484,0.08567931405441837,0.12419831708402014,0.07440983035051395,0.01348896624822784,94.77693144722525,10.735693318949593,10,0.0,0.0
prior,extrap_20,0.08162175658026814,0.05354620158055577,0.10038204245845692,0.04873734892582089,0.004514234352533482,86.8063112078346,4.867038310475438,10,0.683174445007164,7.159090909090909
prior,extrap_200,0.0512534668679712,0.01922810794433576,0.06824816897572478,0.02409900397759527,0.0026730416340317717,72.76931447225245,2.367011908015797,10,3.7272626077118565,1.659090909090909
prior,extrap_200_excl,0.0512534668679712,0.01922810794433576,0.06824816897572478,0.02409900397759527,0.0026730416340317717,72.76931447225245,2.367011908015797,10,3.7272626077118565,1.659090909090909
prior,extrap_20_excl,0.08162175658026814,0.05354620158055577,0.10038204245845692,0.04873734892582089,0.004514234352533482,86.8063112078346,4.867038310475438,10,0.683174445007164,7.159090909090909
prior,extrap_2_excl,0.1076866114438484,0.08567931405441837,0.12419831708402014,0.07440983035051395,0.01348896624822784,94.77693144722525,10.735693318949593,10,0.0,0.0
prior,extrap_300,0.0512534668679712,0.01922810794433576,0.06824816897572478,0.02409900397759527,0.0026730416340317717,72.76931447225245,2.367011908015797,10,3.7272626077118565,1.659090909090909
prior,extrap_300_excl,0.0512534668679712,0.01922810794433576,0.06824816897572478,0.02409900397759527,0.0026730416340317717,72.76931447225245,2.367011908015797,10,3.7272626077118565,1.659090909090909
prior,extrap_4,0.10353063380870986,0.07674866672926671,0.1227304175580559,0.06525151643565612,0.006242484082946072,92.35582154515778,6.327344195037951,10,0.0,4.545454545454546
prior,extrap_40,0.07737555745672385,0.04640895418860744,0.09713832241195217,0.04160489091676,0.003632991717917351,81.14798694232861,3.865520934694502,10,1.801406734295241,7.295454545454545
prior,extrap_40_excl,0.07737555745672385,0.04640895418860744,0.09713832241195217,0.04160489091676,0.003632991717917351,81.14798694232861,3.865520934694502,10,1.801406734295241,7.295454545454545
prior,extrap_4_excl,0.10353063380870986,0.07674866672926671,0.1227304175580559,0.06525151643565612,0.006242484082946072,92.35582154515778,6.327344195037951,10,0.0,4.545454545454546
prior,extrap_500,0.0512534668679712,0.01922810794433576,0.06824816897572478,0.02409900397759527,0.0026730416340317717,72.76931447225245,2.367011908015797,10,3.7272626077118565,1.659090909090909
prior,extrap_500_excl,0.0512534668679712,0.01922810794433576,0.06824816897572478,0.02409900397759527,0.0026730416340317717,72.76931447225245,2.367011908015797,10,3.7272626077118565,1.659090909090909
prior,extrap_8,0.09498402327660241,0.06671297896473391,0.11460799385781921,0.057551282205668575,0.005480871861034627,88.43852013057672,5.883219643216783,10,0.3505013429508856,1.6590909090909094
prior,extrap_80,0.06508637318564751,0.0385029561607858,0.08193843369387946,0.03334791463788627,0.0033935536755220885,78.89009793253537,3.3922696229773717,10,3.16243394481875,3.8409090909090913
prior,extrap_80_excl,0.06508637318564751,0.0385029561607858,0.08193843369387946,0.03334791463788627,0.0033935536755220885,78.89009793253537,3.3922696229773717,10,3.16243394481875,3.8409090909090913
prior,extrap_8_excl,0.09498402327660241,0.06671297896473391,0.11460799385781921,0.057551282205668575,0.005480871861034627,88.43852013057672,5.883219643216783,10,0.3505013429508856,1.6590909090909094
prior,unif_10,0.10263780607659881,0.09857998943983572,0.10615631248054888,0.06826560013198879,0.008626375459517733,91.59412404787813,9.855210805965001,10,0.0,8.181818181818183
prior,unif_100,0.05504785165803706,0.04412109055911412,0.06328682153027683,0.02689950398784597,0.006983550601490052,67.32861806311207,4.821781948799772,10,5.970855898324546,9.886363636363637
prior,unif_100_excl,0.05504785165803706,0.04412109055911412,0.06328682153027683,0.02689950398784597,0.006983550601490052,67.32861806311207,4.821781948799772,10,5.970855898324546,9.886363636363637
prior,unif_10_excl,0.10263780607659881,0.09857998943983572,0.10615631248054888,0.06826560013198879,0.008626375459517733,91.59412404787813,9.855210805965001,10,0.0,8.181818181818183
prior,unif_2,0.10878732833438787,0.09357549539904213,0.12084852459832954,0.0729397427801436,0.015667491793182123,92.30141458106638,12.633838831941743,10,0.0,0.0
prior,unif_20,0.10784667579611988,0.11568361468103598,0.10027334759129286,0.06537681042953467,0.006711025119659663,89.33623503808488,10.107272480412089,10,0.2951410817588388,12.90909090909091
prior,unif_200,0.03957471361110185,0.038104386765109674,0.04085242642506641,0.015156218642216902,0.0017898783328239099,56.55603917301415,1.9245646716430742,10,3.791439509263527,3.159090909090909
prior,unif_200_excl,0.03957471361110185,0.038104386765109674,0.04085242642506641,0.015156218642216902,0.0017898783328239099,56.55603917301415,1.9245646716430742,10,3.791439509263527,3.159090909090909
prior,unif_20_excl,0.10784667579611988,0.11568361468103598,0.10027334759129286,0.06537681042953467,0.006711025119659663,89.33623503808488,10.107272480412089,10,0.2951410817588388,12.90909090909091
prior,unif_2_excl,0.10878732833438787,0.09357549539904213,0.12084852459832954,0.0729397427801436,0.015667491793182123,92.30141458106638,12.633838831941743,10,0.0,0.0
prior,unif_300,0.026198552086282304,0.01969670611221934,0.03090065588686857,0.009959102560633286,0.0008227951065002161,51.22415669205658,1.1121089139709748,10,2.7967914422415445,2.340909090909091
prior,unif_300_excl,0.026198552086282304,0.01969670611221934,0.03090065588686857,0.009959102560633286,0.0008227951065002161,51.22415669205658,1.1121089139709748,10,2.7967914422415445,2.340909090909091
prior,unif_4,0.10944755009948758,0.11055083605535033,0.10844528539607716,0.06972050516824597,0.008201972194928398,91.2132752992383,9.441503194558674,10,0.0,2.7272727272727275
prior,unif_40,0.07531264436667448,0.06280391398009323,0.08500849656511743,0.04403177400700286,0.005612495474623677,80.68552774755169,6.349771307876712,10,1.5636008540943815,12.0
prior,unif_40_excl,0.07531264436667448,0.06280391398009323,0.08500849656511743,0.04403177400700286,0.005612495474623677,80.68552774755169,6.349771307876712,10,1.5636008540943815,12.0
prior,unif_4_excl,0.10944755009948758,0.11055083605535033,0.10844528539607716,0.06972050516824597,0.008201972194928398,91.2132752992383,9.441503194558674,10,0.0,2.7272727272727275
prior,unif_500,0.02377135940330741,0.017532977801707386,0.028229699634788247,0.008999223605009106,0.0007616820340098593,49.9727965179543,0.9475984552755086,10,2.3598556701672644,1.3409090909090906
prior,unif_500_excl,0.02377135940330741,0.017532977801707386,0.028229699634788247,0.008999223605009106,0.0007616820340098593,49.9727965179543,0.9475984552755086,10,2.3598556701672644,1.3409090909090906
prior,unif_8,0.1044905072280301,0.11545305870658741,0.09353534485695213,0.07263493894217322,0.00915657579210435,91.59412404787813,11.365229884035243,10,0.0,10.0
prior,unif_80,0.062019984810213216,0.05383180410459041,0.06855645294236583,0.029070389328344083,0.004386944521522796,67.98150163220892,5.078165964390618,10,4.067567022273205,10.840909090909092
prior,unif_80_excl,0.062019984810213216,0.05383180410459041,0.06855645294236583,0.029070389328344083,0.004386944521522796,67.98150163220892,5.078165964390618,10,4.067567022273205,10.840909090909092
prior,unif_8_excl,0.1044905072280301,0.11545305870658741,0.09353534485695213,0.07263493894217322,0.00915657579210435,91.59412404787813,11.365229884035243,10,0.0,10.0
ssvi_data,extrap_10,0.06012265789967212,0.04001098337080426,0.07366602540696535,0.03827708511853706,0.007426427107790657,89.14581066376496,4.076798377621768,10,0.0,0.0
ssvi_data,extrap_100,0.08533716340682784,0.05538012085597634,0.1052391015436366,0.04877292946112272,0.0046107863281137605,89.44504896626768,4.036776774522701,10,0.0,0.0
ssvi_data,extrap_100_excl,0.08838938858134321,0.0581478838448673,0.1086273251889627,0.05178871605473053,0.004841518945365822,90.99564744287268,4.527602525344502,10,0.0,0.0
ssvi_data,extrap_10_excl,0.08487273484954815,0.05744275614286452,0.10351672429523572,0.048387342699242504,0.003388127615488353,89.52665941240478,4.370464224754433,10,0.0,0.0
ssvi_data,extrap_2,0.13139488882539918,0.09633759195872678,0.1563581481990002,0.10347013536489139,0.014277490418205706,98.77584330794342,10.169836924436195,10,0.0,0.0
ssvi_data,extrap_20,0.09070791256357152,0.059553567623617444,0.1115342277077495,0.051597771018866194,0.004677148133082148,89.39064200217628,4.081433888571565,10,0.0,0.0
ssvi_data,extrap_200,0.08534704807567142,0.05523317621477335,0.10532377739140938,0.048778094953943786,0.004678082264345792,89.33623503808488,4.060823405444547,10,0.0,0.0
ssvi_data,extrap_200_excl,0.08890120203054885,0.05836860962185019,0.10931211300035892,0.052223418078648325,0.004974399953470015,91.2132752992383,4.547131205526514,10,0.0,0.0
ssvi_data,extrap_20_excl,0.09517364444673396,0.06307035553348284,0.11674265484995844,0.05657356069790429,0.005263021376663216,92.00217627856365,4.707016369116385,10,0.0,0.0
ssvi_data,extrap_2_excl,0.13139488882539918,0.09633759195872678,0.1563581481990002,0.10347013536489139,0.014277490418205706,98.77584330794342,10.169836924436195,10,0.0,0.0
ssvi_data,extrap_300,0.08534704807565938,0.05523317621476714,0.10532377739139377,0.048778094953934294,0.004678082264346443,89.33623503808488,4.060823405444719,10,0.0,0.0
ssvi_data,extrap_300_excl,0.08890120203054885,0.05836860962185019,0.10931211300035892,0.052223418078648325,0.004974399953470015,91.2132752992383,4.547131205526514,10,0.0,0.0
ssvi_data,extrap_4,0.13139488882539918,0.09633759195872678,0.1563581481990002,0.10347013536489139,0.014277490418205706,98.77584330794342,10.169836924436195,10,0.0,0.0
ssvi_data,extrap_40,0.08487375536927663,0.05507820755289234,0.1046681790618885,0.04823087058881603,0.004350872775875233,89.44504896626768,3.9793995157679998,10,0.0,0.0
ssvi_data,extrap_40_excl,0.08947127969267586,0.058814122135484884,0.1099788308952465,0.052196590618628705,0.004774970832297682,90.94124047878128,4.474548287205266,10,0.0,0.0
ssvi_data,extrap_4_excl,0.13139488882539918,0.09633759195872678,0.1563581481990002,0.10347013536489139,0.014277490418205706,98.77584330794342,10.169836924436195,10,0.0,0.0
ssvi_data,extrap_500,0.08534704807565938,0.05523317621476714,0.10532377739139377,0.048778094953934294,0.004678082264346443,89.33623503808488,4.060823405444719,10,0.0,0.0
ssvi_data,extrap_500_excl,0.08890120203054885,0.05836860962185019,0.10931211300035892,0.052223418078648325,0.004974399953470015,91.2132752992383,4.547131205526514,10,0.0,0.0
ssvi_data,extrap_8,0.06385082907709672,0.04045409946466387,0.0792000793580129,0.03646092157643048,0.00607047455595168,84.87486398258977,3.548292088644309,10,0.0,0.0
ssvi_data,extrap_80,0.0880128961773548,0.05707987122205871,0.10855621832969899,0.05110724889453381,0.0046920981828838994,90.39717083786725,4.367302725350039,10,0.0,0.0
ssvi_data,extrap_80_excl,0.08853610396539781,0.05830527032193182,0.10877829785282986,0.051610045246988964,0.004681330007186652,91.10446137105549,4.459306435053754,10,0.0,0.0
ssvi_data,extrap_8_excl,0.08764871447345714,0.05832388268985763,0.10739530118285923,0.04961664201299356,0.0036486851188699916,88.73775843307943,4.246485132406045,10,0.0,0.0
ssvi_data,unif_10,0.03918440668272934,0.028719486767081203,0.046634558360216634,0.02033721735833969,0.0016459499131128122,71.65397170837868,2.1126122257180655,10,0.0,0.0
ssvi_data,unif_100,0.03231400680410154,0.023675105988560635,0.03846278728378635,0.016439091893768937,0.0011311853001001039,70.04896626768226,1.836265631644655,10,0.0,0.0
ssvi_data,unif_100_excl,0.030945938423653112,0.024812869396607762,0.03557159112842485,0.017321316229460378,0.0017283280427772933,73.3949945593036,2.3586146701225714,10,0.0,0.0
ssvi_data,unif_10_excl,0.04890935633579762,0.0493908924668728,0.04847201005876092,0.03875704979885855,0.009600637344248236,89.22742110990207,6.439382504237913,10,0.0,0.0
ssvi_data,unif_2,0.13139488882539918,0.09633759195872678,0.1563581481990002,0.10347013536489139,0.014277490418205706,98.77584330794342,10.169836924436195,10,0.0,0.0
ssvi_data,unif_20,0.03605872436182417,0.02824434922911392,0.04186097545396152,0.018850610540268473,0.0013832880854937023,69.99455930359086,2.2484704506323223,10,0.0,0.0
ssvi_data,unif_200,0.033360885287400936,0.025295687162162718,0.039224936142835905,0.016913936880573396,0.001104855012997738,65.47878128400436,2.0487763036584754,10,0.0,0.0
ssvi_data,unif_200_excl,0.03239666971706588,0.026598467387656907,0.03684175602386723,0.017590850508095963,0.0014937370651423166,73.06855277475516,2.303053773327147,10,0.0,0.0
ssvi_data,unif_20_excl,0.04154050495237747,0.03862010460626842,0.04400277292597469,0.026889525274335448,0.0036148644910346463,85.39173014145811,3.490404609850717,10,0.0,0.0
ssvi_data,unif_2_excl,0.13139488882539918,0.09633759195872678,0.1563581481990002,0.10347013536489139,0.014277490418205706,98.77584330794342,10.169836924436195,10,0.0,0.0
ssvi_data,unif_300,0.03362523330984962,0.02549031514959417,0.03953912221309513,0.016951824969332747,0.0010896822303192212,65.72361262241567,1.9762888930181188,10,0.0,0.0
ssvi_data,unif_300_excl,0.03200622526787568,0.026187476634934096,0.036456330446969616,0.01736447231129072,0.0015107405070127586,72.87812840043526,2.272347664723524,10,0.0,0.0
ssvi_data,unif_4,0.13139488882539918,0.09633759195872678,0.1563581481990002,0.10347013536489139,0.014277490418205706,98.77584330794342,10.169836924436195,10,0.0,0.0
ssvi_data,unif_40,0.03341484699301777,0.025575641880792137,0.039148782792834416,0.017190823665071474,0.0012697261088444563,67.6822633297062,2.01133720761236,10,0.0,0.0
ssvi_data,unif_40_excl,0.03164623696119845,0.022962154165585842,0.037791046376747725,0.01709785662384216,0.0019027193902135847,73.449401523395,2.0837695873971147,10,0.0,0.0
ssvi_data,unif_4_excl,0.13139488882539918,0.09633759195872678,0.1563581481990002,0.10347013536489139,0.014277490418205706,98.77584330794342,10.169836924436195,10,0.0,0.0
ssvi_data,unif_500,0.03222336090031382,0.02433276000272405,0.037945556724290994,0.016379907575183796,0.001090804362458245,68.19912948857454,1.8885935830088447,10,0.0,0.0
ssvi_data,unif_500_excl,0.032520187464061906,0.026257471828053564,0.03726613024877951,0.01745015555293307,0.0014824808952006992,72.38846572361263,2.2375768149780724,10,0.0,0.0
ssvi_data,unif_8,0.03472483838480732,0.026757115159489704,0.040577972958513696,0.019033023294144486,0.0019182692331613316,71.70837867247008,2.5763112130835033,10,0.0,0.0
ssvi_data,unif_80,0.03402628120034329,0.024514797894454533,0.04072806378891296,0.016918366213544523,0.0011070918012905068,68.44396082698586,1.8333249656659836,10,0.0,0.0
ssvi_data,unif_80_excl,0.031181136226353445,0.02426383027051682,0.03629519211042514,0.017005359385814867,0.0015504961857122454,73.12295973884657,2.2295187796936324,10,0.0,0.0
ssvi_data,unif_8_excl,0.04120229049168486,0.03847400093794174,0.04351108554667195,0.02736745712327338,0.0038808446368886326,84.79325353645267,3.602170512487064,10,0.0,0.0
ssvi_temporal,extrap_10,0.0854264360483798,0.057212365982083326,0.104492177281435,0.04846522545669491,0.003399585994161161,89.06420021762786,4.286229410235524,10,0.0,0.0
ssvi_temporal,extrap_100,0.08818537399045032,0.058010275137816876,0.10837823406673774,0.0516160795349153,0.004797111183312313,90.91403699673558,4.51090529631717,10,0.0,0.0
ssvi_temporal,extrap_100_excl,0.08838940969017996,0.05814788684365999,0.10862735637486727,0.05178873323097704,0.004841524977267353,90.99564744287268,4.527603161431807,10,0.0,0.0
ssvi_temporal,extrap_10_excl,0.08487275016696956,0.057442751854250435,0.1035167502946565,0.04838734710048769,0.0033881287745912347,89.52665941240478,4.370462221838463,10,0.0,0.0
ssvi_temporal,extrap_2,0.08985083613044498,0.0561110825131119,0.11182194539256743,0.059313888878231226,0.009891459214554624,92.79107725788901,6.064351055642401,10,0.0,0.0
ssvi_temporal,extrap_20,0.09379860484161105,0.06216595101379921,0.11505267910623768,0.05516936909569293,0.004975794056424095,91.78454842219804,4.584682332467307,10,0.0,0.0
ssvi_temporal,extrap_200,0.08861717319066532,0.05819170249565064,0.10895827376198981,0.05198114055575857,0.0049123595609818676,91.34929270946681,4.514423152082585,10,0.0,0.0
ssvi_temporal,extrap_200_excl,0.08890122377252807,0.058368613644662684,0.10931214465945925,0.0522234366315991,0.004974406247273819,91.2132752992383,4.547132131380965,10,0.0,0.0
ssvi_temporal,extrap_20_excl,0.09517367198881856,0.06307037171050901,0.11674268964236291,0.05657359216906015,0.0052630289560998,92.00217627856365,4.70701965738879,10,0.0,0.0
ssvi_temporal,extrap_2_excl,0.13139493155333481,0.09633763240560733,0.15635819398937376,0.10347019131614021,0.014277499574885355,98.77584330794342,10.169843032393114,10,0.0,0.0
ssvi_temporal,extrap_300,0.08861717711267478,0.05819170442493981,0.10895827889474811,0.05198114354060641,0.00491236036810419,91.34929270946681,4.514423366074569,10,0.0,0.0
ssvi_temporal,extrap_300_excl,0.08890122377332668,0.058368613645082834,0.10931214466049125,0.052223436632316135,0.004974406247491628,91.2132752992383,4.547132131447361,10,0.0,0.0
ssvi_temporal,extrap_4,0.0760555233390579,0.0531508793850332,0.09190844306442753,0.044596922011174246,0.00610545378309251,91.02285092491839,3.674730296395386,10,0.0,0.0
ssvi_temporal,extrap_40,0.08891430696711487,0.058553349163355355,0.1092434456870307,0.05175024027199738,0.004657386508152034,91.0772578890098,4.437238741802323,10,0.0,0.0
ssvi_temporal,extrap_40_excl,0.08947130185666388,0.05881412759006619,0.10997886252516421,0.052196609703070176,0.004774977053792092,90.94124047878128,4.474549318040086,10,0.0,0.0
ssvi_temporal,extrap_4_excl,0.1313949316407585,0.09633763248496147,0.15635819408494953,0.10347019143274172,0.014277499593740094,98.77584330794342,10.169843045337817,10,0.0,0.0
ssvi_temporal,extrap_500,0.08861717711267478,0.05819170442493981,0.10895827889474811,0.05198114354060641,0.00491236036810419,91.34929270946681,4.514423366074569,10,0.0,0.0
ssvi_temporal,extrap_500_excl,0.08890122377332668,0.058368613645082834,0.10931214466049125,0.052223436632316135,0.004974406247491628,91.2132752992383,4.547132131447361,10,0.0,0.0
ssvi_temporal,extrap_8,0.08801785189177588,0.05826342412442896,0.10799667432582734,0.04977199236072288,0.003691729624566763,88.87377584330794,4.194177159901582,10,0.0,0.0
ssvi_temporal,extrap_80,0.08832209105046744,0.05812852995188693,0.10853261427974432,0.05142025358708733,0.004635612412664333,90.75081610446136,4.449904454045294,10,0.0,0.0
ssvi_temporal,extrap_80_excl,0.08853612510944038,0.058305273807936334,0.10877832886510708,0.051610062663800846,0.00468133589740511,91.10446137105549,4.459307076296196,10,0.0,0.0
ssvi_temporal,extrap_8_excl,0.08764873370216239,0.05832388497842366,0.10739532987754241,0.04961665434164009,0.0036486888935439265,88.73775843307943,4.246484673003048,10,0.0,0.0
ssvi_temporal,unif_10,0.05507193344209893,0.06762716620999586,0.040581421096960744,0.04343536733497471,0.0065157028271580885,89.00979325353646,8.213711595344561,10,0.0,0.0
ssvi_temporal,unif_100,0.030379215725660467,0.022016454715976394,0.036292406204422575,0.015516786277359106,0.00132060249845194,70.45701849836779,1.7705167606775378,10,0.0,0.0
ssvi_temporal,unif_100_excl,0.030945930003417832,0.024812837480722997,0.03557159724306686,0.017321291663055398,0.001728321591159276,73.3949945593036,2.3586063637938626,10,0.0,0.0
ssvi_temporal,unif_10_excl,0.04890935042269454,0.049390859960886394,0.048472028525448116,0.03875704437807354,0.009600641662568037,89.22742110990207,6.439379819207433,10,0.0,0.0
ssvi_temporal,unif_2,0.09799945753374198,0.06963743714329514,0.11782077083868736,0.05635602669932642,0.005004036210776921,90.88683351468988,4.507153561346895,10,0.0,0.0
ssvi_temporal,unif_20,0.04178416509189385,0.04369743166593098,0.039984553762377105,0.027522705051662297,0.003060556248350026,83.10663764961915,4.164688041986248,10,0.0,0.0
ssvi_temporal,unif_200,0.03175048704872211,0.025604047558738977,0.03640433895283125,0.01684045233736372,0.0012689818739977832,71.40914036996736,2.118892137905163,10,0.0,0.0
ssvi_temporal,unif_200_excl,0.03239666281901571,0.0265984330954042,0.03684176677608058,0.01759082974644467,0.0014937334110702606,73.06855277475516,2.3030463015198235,10,0.0,0.0
ssvi_temporal,unif_20_excl,0.04154050367974592,0.03862007443798667,0.04400279446686714,0.026889524132151486,0.0036148683950297162,85.39173014145811,3.4904021046026266,10,0.0,0.0
ssvi_temporal,unif_2_excl,0.13139493157369578,0.09633763242265017,0.15635819401243092,0.10347019134317878,0.014277499579126647,98.77584330794342,10.169843035752615,10,0.0,0.0
ssvi_temporal,unif_300,0.031323816821358035,0.0252384899609006,0.03592871653613085,0.016612166433303804,0.0012807636725988521,71.32752992383026,2.088763304864906,10,0.0,0.0
ssvi_temporal,unif_300_excl,0.03200621895852605,0.0261874432076775,0.036456341528181585,0.017364453127840015,0.0015107378056557744,72.87812840043526,2.2723405628207987,10,0.0,0.0
ssvi_temporal,unif_4,0.032779747801400576,0.0336646969506694,0.031962589074399556,0.021146634280449945,0.0024055458203454828,79.78781284004353,3.33351143296845,10,0.0,0.0
ssvi_temporal,unif_40,0.032385854034814636,0.021910214751195173,0.03950448071343817,0.016605051334984928,0.0016657279768284281,73.25897714907508,1.7209314522985732,10,0.0,0.0
ssvi_temporal,unif_40_excl,0.031646236812928295,0.02296213563586049,0.0377910562708921,0.017097841445964462,0.0019027139595987203,73.449401523395,2.0837634856279887,10,0.0,0.0
ssvi_temporal,unif_4_excl,0.13139493165495164,0.09633763249776084,0.1563581941005125,0.10347019145491058,0.014277499597186664,98.77584330794342,10.169843047970222,10,0.0,0.0
ssvi_temporal,unif_500,0.03184909725529794,0.02533316014790879,0.03673697199758216,0.01668697543196905,0.0012533034663856407,70.89227421109902,2.0518695203476263,10,0.0,0.0
ssvi_temporal,unif_500_excl,0.032520182213231844,0.02625743934612518,0.03726614213590181,0.017450137124529336,0.0014824779544059749,72.38846572361263,2.2375698516616733,10,0.0,0.0
ssvi_temporal,unif_8,0.04118922241598526,0.0431938816774414,0.039298248302528,0.028365913394523497,0.003182160681582886,86.26224156692057,4.157393082712913,10,0.0,0.0
ssvi_temporal,unif_80,0.030586824168933675,0.02333286869184473,0.03588134182972389,0.0163368092137502,0.0013600184328701592,72.60609357997824,2.0352976207811664,10,0.0,0.0
ssvi_temporal,unif_80_excl,0.031181131019682198,0.024263798300429892,0.036295202842459365,0.017005341967590897,0.0015504939766302587,73.12295973884657,2.2295123436279907,10,0.0,0.0
ssvi_temporal,unif_8_excl,0.041202293612537924,0.038473979688447305,0.04351110806660638,0.027367458986616702,0.0038808495933460026,84.79325353645267,3.602168568116548,10,0.0,0.0
ssvi_temporal_graph,extrap_10,0.08407594528012007,0.05761643895855588,0.10218608170962369,0.04825800749420006,0.0033801402535936624,89.49945593035909,4.491690201558311,10,0.0,0.0
ssvi_temporal_graph,extrap_100,0.08708029008674371,0.057950751383332604,0.1066963161184389,0.050935448119716335,0.004577643330121627,90.83242655059847,4.5474474950419665,10,0.0,0.0
ssvi_temporal_graph,extrap_100_excl,0.08708519255546042,0.05798458419733788,0.10668737876129747,0.05094964121100204,0.004579889930174768,90.83242655059847,4.553795946137179,10,0.0,0.0
ssvi_temporal_graph,extrap_10_excl,0.08394263101497629,0.057753306196239154,0.10190797436917523,0.04828977087699577,0.003401075549768564,89.5810663764962,4.532353605136064,10,0.0,0.0
ssvi_temporal_graph,extrap_2,0.0894206550107882,0.05645503038740883,0.1110081335532371,0.05899289469423787,0.009742502257391232,92.92709466811752,6.0846393608885485,10,0.0,0.0
ssvi_temporal_graph,extrap_20,0.09319730490548582,0.061854553534856416,0.11427273758687635,0.05461451320020585,0.00485508516359374,91.48531011969533,4.566660574206372,10,0.0,0.0
ssvi_temporal_graph,extrap_200,0.08754379127086338,0.05810481802122709,0.10733954726481974,0.05128805611255624,0.0046935665633148355,90.99564744287268,4.554760575168339,10,0.0,0.0
ssvi_temporal_graph,extrap_200_excl,0.08756190059511577,0.058143103757827476,0.10734895505317088,0.051310898353313546,0.004698348600934666,91.02285092491839,4.5601649436491565,10,0.0,0.0
ssvi_temporal_graph,extrap_20_excl,0.09342468439508256,0.06199665728053384,0.11455582487889553,0.05483416742795774,0.0049013576332675194,91.64853101196954,4.578758440585721,10,0.0,0.0
ssvi_temporal_graph,extrap_2_excl,0.1297149157759619,0.09468122079431174,0.15459369722561636,0.10119199918056214,0.013972942991727383,98.69423286180631,9.941457942895312,10,0.0,0.0
ssvi_temporal_graph,extrap_300,0.08755085564274481,0.05810755313042365,0.10734916057140798,0.051292582447600016,0.004694816062284721,91.0772578890098,4.550744194172924,10,0.0,0.0
ssvi_temporal_graph,extrap_300_excl,0.08756951713667004,0.05814590552075894,0.10735939204177113,0.05131574547229242,0.0046997031619002,91.0500544069641,4.558872971333598,10,0.0,0.0
ssvi_temporal_graph,extrap_4,0.07759311697192142,0.05447488811836301,0.0936363358732021,0.04468618153231567,0.005549378297574291,89.39064200217628,3.4774909347436482,10,0.0,0.0
ssvi_temporal_graph,extrap_40,0.08792189475004074,0.05843196667505255,0.1077660090300889,0.05111148561207602,0.004469278847642232,91.02285092491839,4.4633654053733975,10,0.0,0.0
ssvi_temporal_graph,extrap_40_excl,0.08799085627326697,0.058473455569806584,0.10785265352885608,0.0511667799797625,0.004483708348045657,91.0772578890098,4.466210312124314,10,0.0,0.0
ssvi_temporal_graph,extrap_4_excl,0.13574086406698166,0.10089982862263219,0.16076000069060695,0.10909296048113877,0.015021359110785802,99.26550598476605,10.712217651271356,10,0.0,0.0
ssvi_temporal_graph,extrap_500,0.08755085564274481,0.05810755313042365,0.10734916057140798,0.051292582447600016,0.004694816062284721,91.0772578890098,4.550744194172924,10,0.0,0.0
ssvi_temporal_graph,extrap_500_excl,0.08756951713667004,0.05814590552075894,0.10735939204177113,0.05131574547229242,0.0046997031619002,91.0500544069641,4.558872971333598,10,0.0,0.0
ssvi_temporal_graph,extrap_8,0.08662889149749882,0.05822425879023996,0.10586100387312185,0.04915186216713941,0.003537921639527547,88.71055495103373,4.323238447709738,10,0.0,0.0
ssvi_temporal_graph,extrap_80,0.08725446266116843,0.05807391643024815,0.10690617749482778,0.050772474235545886,0.004430976336053957,90.58759521218715,4.494582007402922,10,0.0,0.0
ssvi_temporal_graph,extrap_80_excl,0.08726084594995526,0.05812020907757735,0.10689343952445286,0.05079235116766663,0.004434385027278457,90.69640914036997,4.4981042990920015,10,0.0,0.0
ssvi_temporal_graph,extrap_8_excl,0.08651483218352395,0.058266572226595356,0.10566267013394602,0.049129438104351476,0.00353479199904607,89.03699673558215,4.327930354445559,10,0.0,0.0
ssvi_temporal_graph,unif_10,0.05241434228022578,0.062356053703414696,0.041480662618298046,0.041479320695279286,0.007246400282739734,90.04352557127312,7.4607901688292415,10,0.0,0.0
ssvi_temporal_graph,unif_100,0.031170944538152928,0.026643894949407623,0.03474359989315848,0.01881932344222488,0.0020529317228362765,78.86289445048966,2.6617092401478892,10,0.0,0.0
ssvi_temporal_graph,unif_100_excl,0.032280696039650426,0.02907879100460695,0.034911503770764823,0.020682347786895157,0.002534545517320887,80.65832426550598,3.144164399749921,10,0.0,0.0
ssvi_temporal_graph,unif_10_excl,0.05019855817365862,0.056999368683985516,0.04317353488407716,0.03983401576624514,0.008026353314436201,89.8531011969532,6.921543429795669,10,0.0,0.0
ssvi_temporal_graph,unif_2,0.09460458242845787,0.06703498249514234,0.11384015035304969,0.05738082572251047,0.007465382903429178,91.86615886833515,5.40712364060847,10,0.0,0.0
ssvi_temporal_graph,unif_20,0.04226334458136392,0.04391999759846515,0.040715216857306,0.02794325394760635,0.003272152700335969,84.41240478781285,4.138548416877663,10,0.0,0.0
ssvi_temporal_graph,unif_200,0.032918520879907646,0.02983021591822328,0.03546811884458662,0.019726909607950687,0.0018848727568586635,77.23068552774755,2.8861507239191386,10,0.0,0.0
ssvi_temporal_graph,unif_200_excl,0.03359510040084658,0.031277249772534106,0.03555165105781745,0.02073810349324856,0.002155601133090553,78.40043525571274,3.1493060582593984,10,0.0,0.0
ssvi_temporal_graph,unif_20_excl,0.04207370646280719,0.04267817300248728,0.04152232297668411,0.02763179006806375,0.0033492823214829235,84.41240478781285,3.9752872863897113,10,0.0,0.0
ssvi_temporal_graph,unif_2_excl,0.11295029639136663,0.0796104615024677,0.13613985471384626,0.07824579353192906,0.010197996124687782,95.13057671381937,7.572306111024374,10,0.0,0.0
ssvi_temporal_graph,unif_300,0.03251474459409965,0.029447576036940638,0.035045734422219206,0.019438887747556536,0.0018501098046887407,77.06746463547334,2.843683608540668,10,0.0,0.0
ssvi_temporal_graph,unif_300_excl,0.03318366853162336,0.030850661965648552,0.03515068301823064,0.020414689652756314,0.0021088008850445815,78.45484221980414,3.0874337460867536,10,0.0,0.0
ssvi_temporal_graph,unif_4,0.03218505514946488,0.027982341537671904,0.03554422791641683,0.019979539363030083,0.003193058855471358,80.00544069640914,2.748709716656743,10,0.0,0.0
ssvi_temporal_graph,unif_40,0.031208350176649167,0.023088052662594505,0.03702242351382006,0.017134826739095665,0.0019443899189428577,73.85745375408052,2.1561485780681573,10,0.0,0.0
ssvi_temporal_graph,unif_40_excl,0.03165795709599466,0.024851758199007482,0.036718954085566025,0.018566913412304237,0.0023790618639690096,76.4689880304679,2.561205379578594,10,0.0,0.0
ssvi_temporal_graph,unif_4_excl,0.1476406657009434,0.1135608496919148,0.1726470260824884,0.12331652977957884,0.016982198224655135,99.64635473340587,12.03747559386461,10,0.0,0.0
ssvi_temporal_graph,unif_500,0.032729475157213445,0.028636625517423426,0.03601665788221849,0.0188677869008486,0.001723674865806122,75.97932535364527,2.6349486848427133,10,0.0,0.0
ssvi_temporal_graph,unif_500_excl,0.03321540833153191,0.02970133003797483,0.03608588547415624,0.01959769486994936,0.001925156341502137,77.17627856365615,2.8193053209154995,10,0.0,0.0
ssvi_temporal_graph,unif_8,0.04138406599979996,0.04241054796450696,0.04043823500662682,0.028088688343483846,0.003381291773934152,85.03808487486398,4.09835125261612,10,0.0,0.0
ssvi_temporal_graph,unif_80,0.031564025136930456,0.027231064826693106,0.03500718449605512,0.018758826883904116,0.0018145591679127942,77.20348204570185,2.709281065804247,10,0.0,0.0
ssvi_temporal_graph,unif_80_excl,0.03213253039967207,0.02849800160431725,0.03508232662519195,0.019625522093194375,0.0020343166957476587,78.42763873775843,2.928123788868703,10,0.0,0.0
ssvi_temporal_graph,unif_8_excl,0.04121689111947428,0.04096535481406519,0.04144190401828246,0.02767073860422601,0.0035323451097714,84.60282916213275,3.9168634854690656,10,0.0,0.0
