model,day,split,sq,n,abs,sq_liquid,n_liquid,sq_illiquid,n_illiquid,call_sq,call_n,call_oob,call_oob_spread_sum,butterfly_pct,calendar_pct
prior,957,unif_1,52.31092079945636,367,134.5867860019207,26.14316498968681,171,26.167755809769552,196,2.8551312843501395,367,361,43980.89400283693,0.0,0.0
prior,957,extrap_1,5.404319638720111,367,26.529961958527565,1.4681680279499678,171,3.9361516107701435,196,0.013867528104610845,367,331,2089.8833312005318,0.0,0.0
prior,957,unif_2,3.951268999129522,367,22.14351660013199,1.0403299473547145,171,2.9109390517748075,196,0.00685645604991867,367,324,2168.6524207174125,0.0,0.0
prior,957,extrap_2,3.7401302761866675,367,28.42535774409771,1.2904468081502587,171,2.449683468036409,196,0.06825520402815675,367,346,5028.345627825354,0.0,0.0
prior,957,unif_3,6.040998768227762,367,42.50345784922442,2.754594975825053,171,3.286403792402708,196,0.24911182587901165,367,357,10089.879220766765,0.0,0.0
prior,957,extrap_3,5.371354854764535,367,26.335734650492668,1.4569428082470404,171,3.914412046517495,196,0.013439918726721045,367,331,2060.3143774588275,0.0,0.0
prior,957,unif_5,5.635875876808768,367,27.32645571231842,1.8710357674611313,171,3.764840109347637,196,0.015304151829898666,367,306,3142.7108353159956,0.0,0.0
prior,957,extrap_5,3.226163281659016,367,21.94517010450363,0.9859957807303052,171,2.2401675009287105,196,0.008139455524711015,367,312,2646.8963528267022,0.0,0.0
prior,957,unif_10,10.860631190884577,367,40.03884398937225,9.731944706063892,171,1.1286864848206846,196,0.03455345068762465,367,337,7709.0080524738505,0.0,27.272727272727273
prior,957,extrap_10,3.256710958240733,367,23.231477797031403,1.2441554726664648,171,2.012555485574268,196,0.012130292048095717,367,322,2927.0512310949325,0.0,9.090909090909092
prior,957,unif_20,5.01299351394889,367,28.478272825479507,2.6710077442612308,171,2.3419857696876596,196,0.019895622805824804,367,323,4714.422592992991,0.0,36.36363636363637
prior,957,extrap_20,2.994376190975416,367,19.135160610079765,0.7023213810009492,171,2.292054809974467,196,0.005594086413096135,367,300,1702.8200527312156,0.5449591280653951,2.272727272727273
prior,957,unif_50,1.5672676778732804,367,14.62389999628067,0.8105090765089622,171,0.7567586013643182,196,0.010054542140470107,367,270,2454.1456859917025,2.4523160762942777,16.818181818181817
prior,957,extrap_50,1.6030412557176723,367,12.114623114466667,0.14810691980107515,171,1.4549343359165972,196,0.004181001490827163,367,279,1004.9380671912182,3.8147138964577656,7.954545454545454
prior,957,unif_100,0.8614877408263244,367,8.518226370215416,0.26872212018938435,171,0.59276562063694,196,0.0016095333045429885,367,264,669.3725203438564,3.8147138964577656,8.181818181818182
prior,957,extrap_100,1.2990754019823116,367,11.744744211435318,0.06478058801113584,171,1.2342948139711758,196,0.005790522285056146,367,286,1185.8149109311926,2.4523160762942777,0.45454545454545453
prior,958,unif_1,5.926845414747174,388,27.930256262421608,1.050137271310912,181,4.876708143436261,207,0.011443342512815731,388,347,2167.1555424009266,0.0,0.0
prior,958,extrap_1,5.245177178251562,388,25.289176180958748,0.876394781497772,181,4.368782396753789,207,0.005839128914281204,388,345,2085.6122597839,0.0,0.0
prior,958,unif_2,4.452252866103175,388,24.54526861011982,0.7467121242203376,181,3.705540741882837,207,0.008621162259236917,388,351,2839.408950862661,0.0,0.0
prior,958,extrap_2,5.304933074240643,388,25.451220259070396,0.8901878498985036,181,4.4147452243421395,207,0.006153239644195225,388,343,2067.1987501010085,0.0,0.0
prior,958,unif_3,17.50482979296973,388,78.02786888182163,9.065821072723194,181,8.439008720246537,207,0.9065690638660076,388,376,25812.04565387124,0.0,0.0
prior,958,extrap_3,5.692148216880184,388,40.898413593570375,2.3140916913696628,181,3.3780565255105213,207,0.2007651569510492,388,369,10645.487182153925,0.0,0.0
prior,958,unif_5,6.3914145997684,388,29.566706284880638,1.2791977733191875,181,5.112216826449212,207,0.012565915888125247,388,351,2475.4652673230507,0.0,0.0
prior,958,extrap_5,3.794615592660934,388,28.464096158742905,1.1357086360760384,181,2.6589069565848957,207,0.02792513798554508,388,372,4090.556741229219,0.0,0.0
prior,958,unif_10,6.309074309216863,388,32.11601474881172,4.862319602835834,181,1.446754706381029,207,0.01675950375880836,388,340,4816.1658690632885,0.0,9.090909090909092
prior,958,extrap_10,4.376847810070578,388,23.965393409132957,0.7990474066309068,181,3.577800403439671,207,0.007258138786652693,388,335,2209.2661453867718,0.0,0.0
prior,958,unif_20,1.8672415423878381,388,17.338177114725113,0.41299324367270396,181,1.4542482987151342,207,0.018308405099606663,388,335,2944.6950598598373,1.0309278350515463,20.90909090909091
prior,958,extrap_20,2.8241053322258733,388,18.40037077665329,0.31075302900746027,181,2.5133523032184133,207,0.005165735777788829,388,333,1653.973831106261,2.0618556701030926,0.0
prior,958,unif_50,3.3100707175080286,388,21.07920391857624,2.3630715036765784,181,0.9469992138314502,207,0.020866604016980685,388,313,3823.5617319308194,1.0309278350515463,20.90909090909091
prior,958,extrap_50,5.044729418744829,388,24.502972692251205,0.8221708629542275,181,4.222558555790602,207,0.16748584688823748,388,340,3170.4926205022166,6.701030927835052,4.090909090909091
prior,958,unif_100,1.19301649788287,388,9.9820446819067,0.2636499846689113,181,0.9293665132139586,207,0.0023837698243915607,388,212,651.1139676198338,5.154639175257732,7.954545454545454
prior,958,extrap_100,1.2800271544494188,388,11.218265280127525,0.1840418375480024,181,1.0959853169014164,207,0.002980617014617596,388,276,1172.1697090572065,3.865979381443299,12.045454545454545
prior,959,unif_1,3.641234360951712,372,25.011214181780815,0.8941922640143216,172,2.74704209693739,200,0.03378583016342642,372,359,2962.557474885164,0.0,0.0
prior,959,extrap_1,5.1347445528889955,372,24.499318704009056,1.0515583375907311,172,4.083186215298264,200,0.009321342472663302,372,331,1642.7594311629832,0.0,0.0
prior,959,unif_2,3.645167549781898,372,25.358014062047005,0.9149913053229579,172,2.7301762444589404,200,0.03691923432219745,372,356,3078.2344956534325,0.0,0.0
prior,959,extrap_2,4.36298620575441,372,21.963125094771385,0.8542860632658689,172,3.508700142488541,200,0.004356340560355305,372,345,1492.560330021699,0.0,0.0
prior,959,unif_3,3.9564482046283427,372,22.004640782872833,0.78968942275077,172,3.1667587818775726,200,0.007479258770786549,372,353,1783.4392220913248,0.0,0.0
prior,959,extrap_3,5.470270259220211,372,26.461954638361924,1.1508680593082241,172,4.319402199911988,200,0.013331964685212755,372,346,1921.1628057684409,0.0,0.0
prior,959,unif_5,5.444333162442296,372,26.140004321932793,1.3873241085723858,172,4.057009053869911,200,0.011357526743959265,372,351,1929.881829516451,0.0,0.0
prior,959,extrap_5,5.515784958229456,372,26.701492205262184,1.2992291322608225,172,4.216555825968633,200,0.013897585543067758,372,351,2006.599510854698,0.0,0.0
prior,959,unif_10,7.267201215558779,372,35.367800161242485,6.312583358191341,172,0.9546178573674382,200,0.031171350936071943,372,343,5333.466671367301,0.0,18.181818181818183
prior,959,extrap_10,3.706474869134345,372,23.62076035141945,0.637498708836554,172,3.0689761602977903,200,0.014255656454595703,372,354,2160.307467756829,0.0,0.0
prior,959,unif_20,7.264947161773864,372,28.04840487241745,6.845140555551936,172,0.419806606221929,200,0.01806462759126693,372,280,3976.2512137014232,0.8064516129032258,20.90909090909091
prior,959,extrap_20,3.4445679032533905,372,20.4467783421278,0.558235631456071,172,2.886332271797319,200,0.00473496840668471,372,346,1540.9323112391983,0.0,0.0
prior,959,unif_50,2.226780293983516,372,14.008634224534035,1.1846570276725754,172,1.0421232663109403,200,0.0029941554209007367,372,245,1305.8483640425263,3.4946236559139785,21.818181818181817
prior,959,extrap_50,2.5162582679960206,372,16.120825558900833,0.19519462111783437,172,2.3210636468781862,200,0.007246724385494016,372,294,1263.945444541447,1.6129032258064515,7.5
prior,959,unif_100,0.8165615273206199,372,8.684878841042519,0.19826202430994644,172,0.6182995030106735,200,0.012362980936181892,372,220,878.9633607267677,5.645161290322581,10.227272727272727
prior,959,extrap_100,1.190367456621951,372,9.549305021762848,0.023485714181685102,172,1.166881742440266,200,0.0033661447250705914,372,270,743.3082593292794,4.032258064516129,5.681818181818182
prior,960,unif_1,4.283362006580098,372,33.551507875323296,1.5234218378604936,168,2.759940168719604,204,0.1265614968625736,372,347,4119.62095284287,0.0,0.0
prior,960,extrap_1,5.1632445938932845,372,25.218190476298332,0.8576369910476289,168,4.305607602845656,204,0.009083286138413242,372,321,851.6248682011801,0.0,0.0
prior,960,unif_2,5.1888250788529495,372,25.358725905418396,0.8641303068480157,168,4.324694772004932,204,0.00934620482936683,372,322,862.9669473721003,0.0,0.0
prior,960,extrap_2,5.375701056964357,372,26.447594687342644,0.9127126642511609,168,4.4629883927131955,204,0.011403061477704802,372,339,957.6328344401113,0.0,0.0
prior,960,unif_3,4.06685796158958,372,22.31300970415274,0.6412891653344098,168,3.4255687962551704,204,0.005663981397677521,372,339,1003.8940104446293,0.0,0.0
prior,960,extrap_3,5.138320614991608,372,25.081862971186634,0.8513493265791765,168,4.286971288412432,204,0.008831794952585983,372,319,841.3149366523719,0.0,0.0
prior,960,unif_5,4.169379833316858,372,28.13845144212246,2.162219718174283,168,2.0071601151425753,204,0.023743629131885755,372,348,2358.755466182647,0.0,9.090909090909092
prior,960,extrap_5,4.379320258710045,372,24.775375336408615,0.9446106894571642,168,3.4347095692528806,204,0.011988353691806146,372,332,1172.5094037723597,0.0,0.0
prior,960,unif_10,3.467069133378134,372,24.467450603842735,2.214243448374548,168,1.252825685003586,204,0.017147755496861462,372,322,1955.4517351258933,0.8064516129032258,9.090909090909092
prior,960,extrap_10,3.964341378888275,372,22.411856785416603,0.4928103305473337,168,3.4715310483409416,204,0.005198085042815549,372,333,869.816541905534,0.0,0.0
prior,960,unif_20,3.958371243180816,372,21.850843831896782,1.5966666191819427,168,2.3617046239988735,204,0.014722758970434067,372,317,1183.8136272178044,0.8064516129032258,18.181818181818183
prior,960,extrap_20,3.9600872628399886,372,22.765319272875786,0.41324080024888876,168,3.5468464625911,204,0.01149176536679768,372,339,919.661314656326,0.0,2.0454545454545454
prior,960,unif_50,2.1004780575624498,372,15.875310316681862,0.944007911940856,168,1.1564701456215936,204,0.011024143842304011,372,260,1221.136358349111,4.838709677419355,15.681818181818182
prior,960,extrap_50,2.9790805092525083,372,16.482941403985023,0.2990118877316281,168,2.6800686215208804,204,0.002946891100430609,372,301,433.81712172329327,3.4946236559139785,5.0
prior,960,unif_100,2.015206010875639,372,14.938896253705025,0.32537142050176304,168,1.6898345903738763,204,0.003419520346059771,372,242,825.8326324178026,2.150537634408602,3.6363636363636362
prior,960,extrap_100,1.8052754817937486,372,13.18101318180561,0.18327073168137775,168,1.6220047501123709,204,0.0031999987301915495,372,275,545.9111059927104,4.032258064516129,2.0454545454545454
prior,961,unif_1,4.5848996581500145,381,24.274479165673256,0.920978745082184,173,3.663920913067831,208,0.006164104105683548,381,335,1139.0056686768053,0.0,0.0
prior,961,extrap_1,4.988823942559209,381,38.72934050858021,2.2471593420585467,173,2.7416646005006635,208,0.18889880605374854,381,366,5480.698770228064,0.0,0.0
prior,961,unif_2,4.249900777842269,381,23.337022989988327,0.8474952139728091,173,3.4024055638694595,208,0.004392573266035088,381,349,1129.511777299956,0.0,0.0
prior,961,extrap_2,3.3945762710352545,381,26.913949638605118,0.9949814733818898,173,2.3995947976533643,208,0.04622452210531036,381,359,2623.8836562687547,0.0,0.0
prior,961,unif_3,4.150081737357226,381,23.164914920926094,0.8283982306496644,173,3.3216835067075623,208,0.004226462417779178,381,348,1150.0548362457334,0.0,0.0
prior,961,extrap_3,4.502578953367756,381,23.985010042786598,0.9018019640086121,173,3.6007769893591446,208,0.005586054296416372,381,340,1126.0095946705596,0.0,0.0
prior,961,unif_5,4.801381610920485,381,25.02509270608425,1.0167252602350343,173,3.7846563506854514,208,0.008812062456165098,381,346,1216.7461944573533,0.0,0.0
prior,961,extrap_5,3.928625972714508,381,24.61940334737301,1.3201989505906135,173,2.6084270221238945,208,0.007671197750013555,381,352,2036.8475697439692,0.0,18.181818181818183
prior,961,unif_10,3.249935044182735,381,22.146132811903954,0.6893884248773048,173,2.5605466193054305,208,0.005551010635761015,381,322,1411.7769063608453,0.0,0.0
prior,961,extrap_10,3.518617853340811,381,22.547765105962753,0.6030108686935938,173,2.915606984647217,208,0.006058947459500313,381,352,1375.701070517594,0.0,0.0
prior,961,unif_20,2.556865312355547,381,23.10099047422409,0.9640393261930145,173,1.5928259861625325,208,0.03217096976248465,381,350,2535.867115563984,0.5249343832020997,15.909090909090908
prior,961,extrap_20,3.196553028831438,381,19.97101904451847,0.5064633526610025,173,2.6900896761704356,208,0.004489449909269166,381,340,1069.5544193470778,0.0,4.090909090909091
prior,961,unif_50,1.898790864336001,381,16.167134046554565,0.5399715767168332,173,1.3588192876191678,208,0.005942034825912594,381,309,1168.4794369444448,4.4619422572178475,19.318181818181817
prior,961,extrap_50,1.8952495475254383,381,13.375155553221703,0.12611968770881998,173,1.7691298598166183,208,0.0016253747968694976,381,301,591.2067418755398,3.674540682414698,12.727272727272727
prior,961,unif_100,0.8207997287286912,381,7.6447888016700745,0.1875550135506745,173,0.6332447151780167,208,0.0006531248575810922,381,290,386.83823221032185,3.4120734908136483,12.954545454545455
prior,961,extrap_100,1.1995660902290808,381,11.27315329015255,0.03977741781551969,173,1.159788672413561,208,0.0025736138809668075,381,305,660.574188766757,3.1496062992125986,8.181818181818182
prior,962,unif_1,2.352627663560189,355,16.863605961203575,0.46701271962566104,168,1.8856149439345282,187,0.0050559736131152765,355,320,1537.4291176475099,0.0,0.0
prior,962,extrap_1,3.068108753149116,355,19.032127857208252,0.5546400474567095,168,2.5134687056924063,187,0.011106669650990655,355,312,1520.2336037752666,0.0,0.0
prior,962,unif_2,2.3746088462252652,355,16.80731637775898,0.4646046105184063,168,1.9100042357068592,187,0.004821186117079035,355,320,1504.4011363889904,0.0,0.0
prior,962,extrap_2,2.7732709702646092,355,17.377386048436165,0.4955928629667554,168,2.277678107297854,187,0.006778653601649889,355,305,1334.1252513976085,0.0,0.0
prior,962,unif_3,2.2100462717848357,355,18.871348912517227,0.5881067124751398,168,1.621939559309696,187,0.01568577970571818,355,334,2251.2814063612054,0.0,0.0
prior,962,extrap_3,3.1675870141732245,355,19.700139214595154,0.5778093475761248,168,2.5897776665970995,187,0.012807317591418564,355,317,1608.6947459717992,0.0,0.0
prior,962,unif_5,2.6696703226815286,355,22.224551275372505,0.7394456896227519,168,1.930224633058777,187,0.04523786486093502,355,331,3321.0709737320885,0.0,0.0
prior,962,extrap_5,2.253148263643725,355,18.359320774674416,0.5402511271145569,168,1.7128971365291683,187,0.01173249430213579,355,332,2025.7287195176714,0.0,0.0
prior,962,unif_10,8.231918077816427,355,33.86502680182457,6.928764848438386,168,1.3031532293780408,187,0.0254715733267277,355,340,3219.7532512488024,0.0,9.090909090909092
prior,962,extrap_10,2.6989453030032804,355,17.252371951937675,0.5080542973287383,168,2.1908910056745423,187,0.005083844236420571,355,315,1416.9173662380545,0.0,0.0
prior,962,unif_20,5.319427190326721,355,29.405477955937386,3.518424908623924,168,1.8010022817027966,187,0.05285629138328816,355,329,5678.266491849561,0.5633802816901409,26.818181818181817
prior,962,extrap_20,2.134440251923435,355,15.361292779445648,0.17996935007409665,168,1.9544709018493385,187,0.008733284296748025,355,300,1278.3823550946825,0.0,20.227272727272727
prior,962,unif_50,6.5373701556817245,355,24.359189823269844,6.018730813325145,168,0.5186393423565794,187,0.016188254879687062,355,277,2057.800992427663,3.6619718309859155,35.90909090909091
prior,962,extrap_50,1.1439649318701637,355,10.000260978937149,0.18781220515009345,168,0.9561527267200702,187,0.0026136752452433176,355,278,785.656108115312,3.380281690140845,6.136363636363637
prior,962,unif_100,1.7805771389680982,355,13.383657470345497,1.0718377036999882,168,0.70873943526811,187,0.0055918439332318885,355,286,1005.5427175602423,3.943661971830986,21.136363636363637
prior,962,extrap_100,0.8634257765802402,355,7.7126971036195755,0.03067834086713872,168,0.8327474357131015,187,0.0015814621740173878,355,249,519.5274312347019,3.943661971830986,4.545454545454546
prior,963,unif_1,2.008370429056009,351,22.07224413752556,1.089767847864203,170,0.9186025811918062,181,0.041441923451362855,351,333,3437.9609049134824,0.0,0.0
prior,963,extrap_1,2.508618144899317,351,18.64742138981819,0.821231803376123,170,1.6873863415231942,181,0.012741376220660211,351,313,2030.7563675168478,0.0,0.0
prior,963,unif_2,1.9439347855348843,351,16.133671581745148,0.691140730023835,170,1.2527940555110493,181,0.004668292909792482,351,317,1740.1625454781888,0.0,0.0
prior,963,extrap_2,1.7052965450257906,351,17.28586135804653,0.7332346471198572,170,0.9720618979059334,181,0.009803661954117509,351,324,2147.9354557305187,0.0,0.0
prior,963,unif_3,2.220401926976153,351,16.959094459811844,0.7444809005488499,170,1.4759210264273033,181,0.007781347498943077,351,299,1795.6196382920507,0.0,0.0
prior,963,extrap_3,1.7087777027346518,351,17.122439175844193,0.724342328926425,170,0.984435373808227,181,0.008974640915468119,351,326,2103.607782607182,0.0,0.0
prior,963,unif_5,1.9127025652427796,351,20.41621705889702,0.9096671524156719,170,1.0030354128271077,181,0.02852718325396625,351,330,2959.8676184673204,0.0,0.0
prior,963,extrap_5,0.9651085700549507,351,13.185360729694366,0.29757782107663777,170,0.6675307489783129,181,0.033049201501453185,351,300,2499.2434448762706,7.977207977207978,0.0
prior,963,unif_10,3.7605924977080916,351,25.165971666574478,2.74190762878145,170,1.0186848689266408,181,0.04257340012459962,351,326,5031.610965829853,0.0,9.090909090909092
prior,963,extrap_10,2.056483885684217,351,18.482451260089874,0.8863380754664485,170,1.1701458102177686,181,0.008817984214800649,351,312,2269.168598030835,0.0,9.090909090909092
prior,963,unif_20,2.2986642663270476,351,19.28633515536785,1.262397296238514,170,1.0362669700885339,181,0.007400058476628674,351,301,2327.5865523289067,0.0,9.090909090909092
prior,963,extrap_20,1.4056533985796311,351,12.89159283041954,0.36695274057912286,170,1.0387006580005083,181,0.004414814119858378,351,275,1555.4040116866488,0.5698005698005698,7.7272727272727275
prior,963,unif_50,1.333005715844125,351,11.230656132102013,0.8791093667553682,170,0.45389634908875687,181,0.004823815707899929,351,250,1168.2800042408069,5.698005698005698,11.590909090909092
prior,963,extrap_50,1.5645246590858315,351,13.735465750098228,0.5237410132432758,170,1.0407836458425557,181,0.003950646925998429,351,302,1424.548425811418,4.843304843304844,7.2727272727272725
prior,963,unif_100,0.6458227623587733,351,6.444588601589203,0.49945077701487395,170,0.1463719853438994,181,0.000366101171108842,351,213,321.10263649775874,2.849002849002849,7.2727272727272725
prior,963,extrap_100,0.44773176022197525,351,6.705993145704269,0.081067844371846,170,0.36666391585012925,181,0.0024630888385763373,351,250,647.0960601634154,4.273504273504273,2.272727272727273
prior,964,unif_1,1.7735323907969693,356,15.639207422733307,0.3635005102104425,172,1.4100318805865268,184,0.004523551820325793,356,321,1385.571554853323,0.0,0.0
prior,964,extrap_1,1.6223551518764872,356,18.41931462287903,0.5754708519271854,172,1.0468842999493018,184,0.017896817494829454,356,345,2212.934500388429,0.0,0.0
prior,964,unif_2,3.9985277191027073,356,34.839182019233704,2.3311590740755803,172,1.667368645027127,184,0.16100251584053415,356,346,6084.15514305969,0.0,0.0
prior,964,extrap_2,2.040866751276753,356,16.307511910796165,0.3850295600124676,172,1.6558371912642857,184,0.007493643541596072,356,302,1371.3250944866963,0.0,0.0
prior,964,unif_3,1.586291710384498,356,17.402705709139507,0.49543347215798417,172,1.090858238226514,184,0.012201477523875483,356,336,1953.7458955955851,0.0,0.0
prior,964,extrap_3,1.6929409114934906,356,15.730938971042633,0.3715699221478128,172,1.3213709893456778,184,0.004560960719625449,356,328,1455.2502099979524,0.0,0.0
prior,964,unif_5,1.9775781390001335,356,19.514368534088135,1.0870515939399819,172,0.8905265450601516,184,0.007948093419504861,356,329,2384.524949777381,0.0,0.0
prior,964,extrap_5,3.610140607177131,356,23.0465449988842,2.2916095128690763,172,1.3185310943080553,184,0.015368173916863088,356,335,2309.431179021193,0.0,9.090909090909092
prior,964,unif_10,1.618620679558477,356,15.891350418329239,0.38594809369525196,172,1.232672585863225,184,0.004738109830261608,356,322,1532.729563879289,0.0,0.0
prior,964,extrap_10,1.739426364772021,356,14.54374948143959,0.4847664120186128,172,1.2546599527534081,184,0.0038287841807277743,356,317,1142.3057201035263,0.0,0.0
prior,964,unif_20,1.9976892077806605,356,15.125313133001328,0.4233334914992555,172,1.574355716281405,184,0.003607320068040351,356,280,1220.9401964823855,0.0,0.0
prior,964,extrap_20,2.0378815926740996,356,16.531985625624657,0.3157053489767667,172,1.7221762436973331,184,0.009251496492188113,356,306,1505.1588568172158,0.5617977528089888,2.5
prior,964,unif_50,1.3150933378255905,356,12.154139265418053,0.4603564941556808,172,0.8547368436699097,184,0.010286020914323945,356,236,1330.471155142187,5.898876404494382,12.954545454545455
prior,964,extrap_50,0.9809183279684968,356,10.184176176786423,0.1637282542138747,172,0.817190073754622,184,0.003291908119961444,356,269,816.9775250722446,3.0898876404494384,8.636363636363637
prior,964,unif_100,1.5644863191107328,356,9.966358944773674,0.22071907906003552,172,1.3437672400506973,184,0.04951040453355574,356,192,851.0199074302692,3.651685393258427,1.5909090909090908
prior,964,extrap_100,0.6822620256976444,356,7.60168619453907,0.29601493455702954,172,0.38624709114061484,184,0.003153539916377469,356,226,663.9702917674622,4.213483146067416,3.8636363636363638
prior,965,unif_1,2.610116674889695,364,19.869047164916992,0.4873552235270062,169,2.122761451362689,195,0.007359028826601713,364,342,1730.18211978071,0.0,0.0
prior,965,extrap_1,3.5804277959969317,364,22.209854125976562,0.4493584355420617,169,3.1310693604548705,195,0.014527000315616281,364,333,1439.487899042175,0.0,0.0
prior,965,unif_2,3.388089991241518,364,21.196707606315613,0.4233837631466082,169,2.9647062280949097,195,0.011283005153458932,364,328,1367.9410971612526,0.0,0.0
prior,965,extrap_2,2.836043085773446,364,19.416795641183853,0.4088773928134413,169,2.427165692960004,195,0.00510030242661633,364,336,1413.2344593088237,0.0,0.0
prior,965,unif_3,6.675213795848331,364,45.635377705097184,3.8242685604411086,169,2.850945235407222,195,0.26998180970392255,364,357,8193.95495712623,0.0,0.0
prior,965,extrap_3,3.6406084641536838,364,31.474004348119088,1.7879223461951868,169,1.8526861179584972,195,0.09976356643925297,364,355,4823.626843069285,0.0,0.0
prior,965,unif_5,2.513605315543738,364,20.594432204961777,0.6116138618463993,169,1.9019914536973386,195,0.011076593861953182,364,344,2049.3768585430994,0.0,0.0
prior,965,extrap_5,3.1786787713978484,364,22.257395282387733,0.5799391366597204,169,2.598739634738128,195,0.01312690827675939,364,332,1739.9969720922484,0.0,0.0
prior,965,unif_10,3.6092144297833935,364,21.000393986701965,0.6525967998995428,169,2.9566176298838505,195,0.007904006271874561,364,333,1441.1225806796524,0.0,0.0
prior,965,extrap_10,2.9834721759261082,364,20.484604164958,0.5643579499943845,169,2.4191142259317244,195,0.0057254877585050205,364,329,1651.0199051684308,0.0,0.0
prior,965,unif_20,2.8269738950083374,364,21.269952043890953,0.7042092867795622,169,2.122764608228776,195,0.010769853109095048,364,343,2119.164935327251,0.0,0.0
prior,965,extrap_20,2.650653495077247,364,19.689203947782516,0.5601417453019266,169,2.09051174977532,195,0.009706972979613671,364,316,1746.4643232185613,1.098901098901099,16.363636363636363
prior,965,unif_50,1.312247288833037,364,12.007223710417747,0.5963315516442369,169,0.7159157371888001,195,0.011831692263530669,364,276,1200.599536774228,1.9230769230769231,3.8636363636363638
prior,965,extrap_50,2.3149147624992388,364,15.596468418836594,0.7742694476835339,169,1.5406453148157049,195,0.011166030326766545,364,314,1527.788485465816,6.868131868131868,2.0454545454545454
prior,965,unif_100,1.3463773448681386,364,10.513610735535622,0.8327662108175442,169,0.5136111340505944,195,0.004286606026185669,364,212,1200.8743605923962,5.21978021978022,2.272727272727273
prior,965,extrap_100,1.2349076744129655,364,10.444691494107246,0.0671645416594695,169,1.167743132753496,195,0.0028510052670559,364,296,545.6410163569008,5.4945054945054945,2.9545454545454546
prior,966,unif_1,3.1498873120278974,370,27.336913257837296,1.3573494420619732,197,1.7925378699659247,173,0.05272053531358738,370,363,6162.626694793113,0.0,0.0
prior,966,extrap_1,4.524190685818872,370,26.55644589662552,0.8284834035500168,197,3.695707282268855,173,0.023189689555199174,370,362,2534.819139082945,0.0,0.0
prior,966,unif_2,3.655004826730207,370,21.922244414687157,0.6371776040364321,197,3.0178272226937746,173,0.008855421224277972,370,342,2172.7882486879603,0.0,0.0
prior,966,extrap_2,4.966391109434701,370,29.0078734010458,0.9538227479705943,197,4.012568361464107,173,0.031768147805450654,370,361,2832.0156751947898,0.0,0.0
prior,966,unif_3,2.9944489462540798,370,20.905243903398514,0.639319116629626,197,2.355129829624454,173,0.006193484945756683,370,352,2930.7013837512814,0.0,0.0
prior,966,extrap_3,3.494352094220468,370,21.321334153413773,0.6163131282265095,197,2.8780389659939587,173,0.006962102868246769,370,344,2207.0251073573695,0.0,0.0
prior,966,unif_5,3.772239504057059,370,21.879685014486313,0.7079774609185219,197,3.0642620431385375,173,0.007703240057357993,370,350,2072.359659822278,0.0,0.0
prior,966,extrap_5,4.475750308156469,370,23.001279309391975,1.032496270135842,197,3.443254038020627,173,0.00516842778877009,370,340,1743.2379055801866,0.0,0.0
prior,966,unif_10,3.73002271646308,370,24.646026074886322,0.9075523411925448,197,2.8224703752705356,173,0.034612627136383384,370,353,3347.4682572386273,0.0,0.0
prior,966,extrap_10,3.1693892458694988,370,20.30277106165886,0.4381195824961166,197,2.731269663373382,173,0.005895756020696016,370,346,2216.118623393679,0.2702702702702703,0.0
prior,966,unif_20,2.7718386504111514,370,20.946083277463913,1.02663935301795,197,1.7451992973932013,173,0.0075184630614008536,370,348,3791.54715921652,0.2702702702702703,2.5
prior,966,extrap_20,2.9789965800552274,370,19.11000917851925,0.5668420710803399,197,2.4121545089748877,173,0.005907823147418433,370,347,1804.1540009653474,1.0810810810810811,6.136363636363637
prior,966,unif_50,1.3127030851627617,370,11.922622680664062,0.5588327730262863,197,0.7538703121364754,173,0.0017406369710990799,370,345,1833.0934394547476,1.3513513513513513,11.590909090909092
prior,966,extrap_50,2.074281662197752,370,14.75815050303936,0.49603387283727396,197,1.578247789360478,173,0.00550150573222979,370,334,1870.6489015191844,8.378378378378379,6.363636363636363
prior,966,unif_100,1.2559078794387455,370,11.65329971909523,0.2901098491312233,197,0.9657980303075222,173,0.006663374101720574,370,336,1831.4165886611163,3.2432432432432434,7.5
prior,966,extrap_100,1.1127160316070557,370,10.268628671765327,0.15074176381533677,197,0.9619742677917189,173,0.0030159052208110935,370,324,1201.9008491275579,4.054054054054054,0.45454545454545453
bspline_temporal,957,unif_1,47.659912339275955,367,127.73363120557971,26.143164095820318,171,21.516748243455634,196,2.1098225474660794,367,361,42420.90111004982,0.0,9.090909090909092
bspline_temporal,957,extrap_1,5.401972559052639,367,26.501653779376248,1.4661690823883458,171,3.935803476664293,196,0.013859391917118224,367,331,2081.474565973548,0.0,0.0
bspline_temporal,957,unif_2,3.578003510699229,367,23.70614060060735,0.8723995018369092,171,2.7056040088623194,196,0.01624932219683736,367,337,2495.732310263529,0.0,1.5909090909090908
bspline_temporal,957,extrap_2,3.252480409641594,367,25.563193801741274,1.0796509960030793,171,2.1728294136385142,196,0.04284779641033528,367,338,4162.717063457239,0.0,0.0
bspline_temporal,957,unif_3,8.423019068760556,367,41.395864513319665,6.048314469029424,171,2.374704599731132,196,0.07567087232358709,367,349,6822.855798973824,1.3623978201634876,18.181818181818183
bspline_temporal,957,extrap_3,5.015962825003185,367,26.01637529204097,1.2223779702159343,171,3.793584854787251,196,0.014137317525392299,367,337,2136.794460743523,0.0,0.0
bspline_temporal,957,unif_5,5.159902045695639,367,25.01013412244385,1.7292677563353154,171,3.4306342893603237,196,0.010908500020928405,367,298,2689.452391502008,0.2724795640326976,2.727272727272727
bspline_temporal,957,extrap_5,1.7355731015715625,367,17.58290923510816,0.6152565969624217,171,1.1203165046091408,196,0.006971217205459925,367,303,2370.5442661408983,0.0,0.0
bspline_temporal,957,unif_10,6.65070516207603,367,32.01741014278836,5.4382811420040085,171,1.2124240200720209,196,0.02400693446654368,367,331,5648.839761844777,0.5449591280653951,27.954545454545453
bspline_temporal,957,extrap_10,2.9892646059336165,367,22.559965133902544,1.3523245700182676,171,1.6369400359153492,196,0.012185277661038014,367,334,2830.9502406843653,0.0,12.954545454545455
bspline_temporal,957,unif_20,3.6839994795189908,367,19.93358719088343,1.0901767509340758,171,2.593822728584915,196,0.007748511960806897,367,320,1666.5725445469352,0.5449591280653951,17.727272727272727
bspline_temporal,957,extrap_20,2.0568978567954153,367,15.702710128214074,0.6311115297116442,171,1.425786327083771,196,0.007814909186361121,367,291,1433.6852626090772,0.0,3.409090909090909
bspline_temporal,957,unif_50,1.1125556788955282,367,10.692367311975158,0.9063739923575533,171,0.2061816865379746,196,0.00735832637827601,367,248,1939.9734598827395,1.6348773841961852,4.7727272727272725
bspline_temporal,957,extrap_50,0.6736550448040989,367,7.910106347591357,0.06578066216873553,171,0.6078743826353633,196,0.0036414708523747896,367,259,651.6321720861085,0.0,2.272727272727273
bspline_temporal,957,unif_100,0.1490353845298676,367,3.7331482286537363,0.0722007716293438,171,0.07683461290052382,196,0.00046272907567726,367,236,200.3972483874599,1.0899182561307903,1.3636363636363635
bspline_temporal,957,extrap_100,0.4366941839000157,367,6.884576139061882,0.03921136357059127,171,0.39748282032942445,196,0.003923112535800438,367,215,740.7135346677444,0.0,0.0
bspline_temporal,958,unif_1,5.896199194884683,388,27.743796526258972,1.0464071004236526,181,4.849792094461031,207,0.011424540115525473,388,347,2134.2547281139146,0.0,0.0
bspline_temporal,958,extrap_1,5.245181537889231,388,25.28879911701233,0.8763871764587106,181,4.3687943614305205,207,0.005838147715542179,388,345,2085.652516869662,0.0,0.0
bspline_temporal,958,unif_2,4.029063353191389,388,23.054284380610184,0.4973328905585917,181,3.5317304626327966,207,0.0066423594250419535,388,339,2200.390424595241,0.0,0.0
bspline_temporal,958,extrap_2,6.333451937855706,388,29.932364257847123,1.3681934129350934,181,4.965258524920613,207,0.01388605065103201,388,363,3217.516471850566,0.0,0.0
bspline_temporal,958,unif_3,17.366529116518606,388,74.313716168573,7.893985395865658,181,9.472543720652945,207,0.9435175324398294,388,372,22657.98927427979,0.0,27.272727272727273
bspline_temporal,958,extrap_3,1.1295859373077943,388,14.19817482740575,0.2980124771001278,181,0.8315734602076663,207,0.005958620793986643,388,334,2454.7871196161436,0.0,7.5
bspline_temporal,958,unif_5,5.7877296940067176,388,27.418979594456292,0.990267630979072,181,4.797462063027646,207,0.011150012631463754,388,344,2193.1110165967084,0.0,12.045454545454545
bspline_temporal,958,extrap_5,3.1183692245033274,388,25.81211052737754,0.8035856319416093,181,2.3147835925617177,207,0.027123301280418052,388,367,3620.806714752558,0.0,6.136363636363637
bspline_temporal,958,unif_10,7.0493208469697475,388,33.03506264105938,5.846162700900661,181,1.2031581460690868,207,0.0191504847654349,388,338,5028.057074295387,0.0,9.090909090909092
bspline_temporal,958,extrap_10,2.3040631048621556,388,18.36359585509315,0.5087018117771365,181,1.7953612930850187,207,0.006610465051091374,388,328,1912.720278398096,0.0,7.954545454545454
bspline_temporal,958,unif_20,0.8927747625749034,388,9.618208729505817,0.19131392423575885,181,0.7014608383391446,207,0.003966413898545745,388,253,1236.006664058983,1.0309278350515463,8.636363636363637
bspline_temporal,958,extrap_20,1.600743523505587,388,13.720603220558784,0.22960494787967878,181,1.3711385756259082,207,0.0032159033255451572,388,327,1308.0602033885539,0.0,6.818181818181818
bspline_temporal,958,unif_50,0.44280344094475454,388,6.33316154324522,0.1519848955212298,181,0.2908185454235247,207,0.000953913502782709,388,226,624.1456098462531,0.0,7.2727272727272725
bspline_temporal,958,extrap_50,0.5565589926251848,388,7.416044379323829,0.055024571557084706,181,0.5015344210681001,207,0.002354035615205382,388,246,786.3501030668889,0.0,3.8636363636363638
bspline_temporal,958,unif_100,0.22181625092795174,388,3.567645137283813,0.044234609800321324,181,0.17758164112763045,207,8.746570861713816e-05,388,157,275.2370205333925,2.577319587628866,5.909090909090909
bspline_temporal,958,extrap_100,0.34340026618691294,388,5.679125058784532,0.05478803085040298,181,0.28861223533651,207,0.0026835035858478766,388,223,587.6141509846615,2.577319587628866,5.681818181818182
bspline_temporal,959,unif_1,3.6302473744151484,372,24.917756522561398,0.8941764277797271,172,2.7360709466354214,200,0.03378026310168151,372,358,2954.8787288331005,0.0,0.0
bspline_temporal,959,extrap_1,5.134744775863137,372,24.497854997135725,1.0515554636839162,172,4.08318931217922,200,0.009321369521421225,372,330,1642.9884097423915,0.0,0.0
bspline_temporal,959,unif_2,3.7795378663557453,372,28.975095729910684,1.386583493696745,172,2.392954372659,200,0.03150226406537658,372,362,3575.930643404592,0.0,9.090909090909092
bspline_temporal,959,extrap_2,4.458941797439987,372,22.34764634345033,0.930930449025498,172,3.528011348414488,200,0.004972571103043283,372,343,1587.1643074684932,0.0,0.0
bspline_temporal,959,unif_3,4.503057301938177,372,23.59379819668189,0.8847909030640656,172,3.6182663988741113,200,0.020694289930517404,372,351,1934.378674414539,1.3440860215053763,0.0
bspline_temporal,959,extrap_3,5.820586289907948,372,26.288035791207477,1.3814242100500234,172,4.439162079857923,200,0.006487717833787747,372,352,1580.6962572828966,0.0,0.0
bspline_temporal,959,unif_5,5.208485873480198,372,24.517442291816756,1.3763550971690917,172,3.8321307763111063,200,0.010319463390630706,372,346,1661.6245204939942,0.0,4.090909090909091
bspline_temporal,959,extrap_5,4.398169181043515,372,23.79208522098209,0.9421938119570237,172,3.4559753690864916,200,0.013848099218987778,372,354,1918.4335841357301,0.0,4.318181818181818
bspline_temporal,959,unif_10,6.624626374286234,372,33.83629775410208,5.817913999467496,172,0.8067123748187379,200,0.030441593349853822,372,343,5157.672006389584,0.0,4.090909090909091
bspline_temporal,959,extrap_10,3.9587897516183626,372,24.01485898242464,0.6970119877322577,172,3.261777763886105,200,0.013841007106365391,372,354,2035.9081418739738,0.0,16.363636363636363
bspline_temporal,959,unif_20,0.5129743634839546,372,7.430374412232684,0.2602657249418445,172,0.25270863854211006,200,0.0006579525578527249,372,269,501.1547568289632,0.5376344086021505,5.681818181818182
bspline_temporal,959,extrap_20,1.789355612441659,372,13.773104025106207,0.3197816526703272,172,1.4695739597713318,200,0.004279809254906097,372,320,1025.5726748157128,0.0,6.818181818181818
bspline_temporal,959,unif_50,0.3360236194377429,372,5.15306439578727,0.07586644380939721,172,0.26015717562834567,200,0.0005326189537593006,372,217,432.76760610362265,0.0,4.545454545454546
bspline_temporal,959,extrap_50,1.2454002834395295,372,9.134822715957931,0.1015303953413469,172,1.1438698880981826,200,0.002987513128152831,372,248,543.3375007275563,0.0,8.636363636363637
bspline_temporal,959,unif_100,0.06376846451784383,372,2.135499868866197,0.015865038216355973,172,0.047903426301487854,200,0.00011495111631885818,372,142,88.82837909291155,0.0,0.0
bspline_temporal,959,extrap_100,0.21259689281086666,372,4.8403718184783635,0.008979883169109687,172,0.20361700964175697,200,0.003464924486333798,372,221,512.7794916598452,0.8064516129032258,5.0
bspline_temporal,960,unif_1,4.2661192282252465,372,33.40695068433179,1.5234217481271946,168,2.7426974800980517,204,0.12564194662913541,372,347,4097.861922632572,0.0,0.0
bspline_temporal,960,extrap_1,5.162600673878755,372,25.21934729622778,0.857254144048905,168,4.30534652982985,204,0.009084336570771491,372,319,852.7593634624312,0.0,0.0
bspline_temporal,960,unif_2,4.797269946854492,372,23.95064756405585,0.6681100414118328,168,4.129159905442659,204,0.005326993785458759,372,321,767.4531689384489,0.0,9.090909090909092
bspline_temporal,960,extrap_2,5.380482790971305,372,26.412405668940686,0.915200321042638,168,4.465282469928667,204,0.011282975237488686,372,338,947.6811067444478,0.0,0.0
bspline_temporal,960,unif_3,5.2927217262983115,372,24.71016830147832,0.9224414964261501,168,4.370280229872161,204,0.003900295349578003,372,314,751.7845278641631,0.0,0.0
bspline_temporal,960,extrap_3,5.4177355166706365,372,25.424800712136893,1.0456367144038332,168,4.372098802266803,204,0.00473135346565385,372,338,898.9723172756583,0.0,0.0
bspline_temporal,960,unif_5,3.753737143882156,372,25.99582411482512,1.8266054561118623,168,1.9271316877702938,204,0.018011868905343065,372,349,1810.7518904612684,0.0,9.090909090909092
bspline_temporal,960,extrap_5,2.931146205506012,372,20.77990761933598,0.5188861071997044,168,2.4122600983063074,204,0.011608007909638462,372,336,996.5261612671001,0.0,8.181818181818182
bspline_temporal,960,unif_10,4.0659481292542745,372,25.9863503397757,3.034946981262088,168,1.0310011479921861,204,0.02110755813248939,372,338,2150.2137629364624,0.0,12.045454545454545
bspline_temporal,960,extrap_10,3.1508568346823775,372,19.920133149912314,0.6885044348071615,168,2.462352399875216,204,0.004748976590127804,372,330,735.3156546135626,0.0,10.909090909090908
bspline_temporal,960,unif_20,3.3643381260457605,372,17.939701985166558,0.7941415862458476,168,2.5701965397999125,204,0.002774227633384159,372,286,613.2799647651508,0.0,16.136363636363637
bspline_temporal,960,extrap_20,2.7292126778361867,372,18.86046643799566,0.45536713606179446,168,2.273845541774392,204,0.011060694026183088,372,296,816.1232318755941,0.0,11.590909090909092
bspline_temporal,960,unif_50,0.7242705563987322,372,6.67472366441914,0.11157989293567971,168,0.6126906634630523,204,0.00025054954097634714,372,163,122.38660513163494,0.8064516129032258,6.136363636363637
bspline_temporal,960,extrap_50,1.7917987199318794,372,11.555848382123,0.08217317258809213,168,1.7096255473437874,204,0.002991365681425412,372,249,327.3479765036093,0.0,2.272727272727273
bspline_temporal,960,unif_100,0.17930294271885097,372,3.0660873184905144,0.03016340961669912,168,0.14913953310215183,204,6.836401859819198e-05,372,55,17.746466358941895,1.3440860215053763,0.6818181818181818
bspline_temporal,960,extrap_100,0.4783576956891892,372,6.35601454718714,0.03392638077961254,168,0.44443131490957666,204,0.0023772936513646982,372,197,233.2799183265693,0.8064516129032258,5.0
bspline_temporal,961,unif_1,4.584895193290439,381,24.273281129621473,0.9209787715989511,173,3.6639164216914892,208,0.006163964142014032,381,335,1138.9891076147114,0.0,0.0
bspline_temporal,961,extrap_1,4.8104602294286956,381,37.968662384420725,2.0784554112974023,173,2.7320048181312924,208,0.18594124416958843,381,366,5278.3426744106355,0.0,0.0
bspline_temporal,961,unif_2,4.357138460799789,381,23.479180110432225,0.8854913133222023,173,3.4716471474775874,208,0.003788750879939607,381,352,1115.0001547950692,0.0,0.0
bspline_temporal,961,extrap_2,3.2270237944409064,381,23.346190778190838,1.0336370574005551,173,2.1933867370403513,208,0.010655362044594722,381,328,1781.775360349048,0.0,9.090909090909092
bspline_temporal,961,unif_3,4.4837510465632615,381,24.448199320114462,0.8895806651282847,173,3.594170381434976,208,0.009266907295074686,381,358,1252.009480351703,0.0,0.0
bspline_temporal,961,extrap_3,4.140263154187863,381,24.46538306221342,0.6151848816127299,173,3.5250782725751333,208,0.011350175289699335,381,355,1370.9296207228165,0.0,1.5909090909090908
bspline_temporal,961,unif_5,4.74340453986778,381,24.208682551092156,1.0162996180593171,173,3.727104921808462,208,0.007911998111632304,381,343,1085.506704100127,0.0,0.0
bspline_temporal,961,extrap_5,3.8186963039956114,381,24.046163931185003,1.1009532539153746,173,2.7177430500802364,208,0.007621886769152798,381,356,1866.6397728357351,0.0,9.090909090909092
bspline_temporal,961,unif_10,5.256178266075958,381,25.588242008674772,1.4369125268103269,173,3.8192657392656306,208,0.003703791855290444,381,328,1228.212447891031,0.0,0.6818181818181818
bspline_temporal,961,extrap_10,1.9668157006350508,381,15.873610938185937,0.4839423921544309,173,1.4828733084806203,208,0.003003913842440099,381,336,805.5107547713969,0.0,14.318181818181818
bspline_temporal,961,unif_20,1.9776057908558533,381,16.833240290389462,0.6859190818960402,173,1.2916867089598134,208,0.021839587160707254,381,319,1498.2018970459233,1.0498687664041995,11.818181818181818
bspline_temporal,961,extrap_20,2.347783382906789,381,15.256944087038624,0.2998319765845441,173,2.0479514063222455,208,0.0019878403042298772,381,317,663.0903679129192,0.0,6.818181818181818
bspline_temporal,961,unif_50,0.9641306554940834,381,8.302756635803219,0.166780004594799,173,0.7973506508992843,208,0.0005806947071431098,381,242,362.0161099613805,0.0,15.681818181818182
bspline_temporal,961,extrap_50,0.8131557540668788,381,8.17051632447526,0.04564234803249282,173,0.7675134060343858,208,0.0015813741242015572,381,251,341.3493866303828,0.0,10.227272727272727
bspline_temporal,961,unif_100,0.10715184279856736,381,2.973779213707364,0.018041053795089867,173,0.08911078900347749,208,0.0002234938252305999,381,170,112.01083984417265,0.7874015748031497,1.5909090909090908
bspline_temporal,961,extrap_100,0.29419675126238887,381,5.62942088137787,0.01082773361880898,173,0.28336901764357986,208,0.001309296141990067,381,211,350.4708242247096,0.0,0.0
bspline_temporal,962,unif_1,2.3529215581495704,355,16.861666871607273,0.4672812056996601,168,1.88564035244991,187,0.005054342866079832,355,320,1537.3488942360173,0.0,0.0
bspline_temporal,962,extrap_1,3.0682277489762426,355,19.005485502286895,0.5547740903152966,168,2.5134536586609455,187,0.011101545243530587,355,310,1517.8644832111513,0.0,0.0
bspline_temporal,962,unif_2,2.283780217975679,355,16.718580649479208,0.48767407494209825,168,1.7961061430335812,187,0.005186106363052576,355,318,1599.21500540376,0.0,0.0
bspline_temporal,962,extrap_2,2.7345447102120137,355,16.924764488171107,0.5331091545625397,168,2.201435555649474,187,0.004550066443438082,355,312,1315.2641100465971,0.0,0.0
bspline_temporal,962,unif_3,3.1570720486310253,355,22.56298224694145,1.585878828284716,168,1.5711932203463095,187,0.030218970590457583,355,321,3852.4753645960363,0.0,9.090909090909092
bspline_temporal,962,extrap_3,2.5259004687803035,355,18.388842670518425,0.5526897905727325,168,1.9732106782075711,187,0.006384112261008891,355,318,1430.9456602321288,0.0,9.090909090909092
bspline_temporal,962,unif_5,2.7925248385309684,355,23.637792734274058,1.1952365698565797,168,1.597288268674389,187,0.05144688770132984,355,331,4148.356079468957,0.0,0.0
bspline_temporal,962,extrap_5,1.6912032180313923,355,18.426500896847603,0.7480123924878783,168,0.9431908255435145,187,0.012542260437182769,355,336,2225.0940839757886,0.0,9.090909090909092
bspline_temporal,962,unif_10,7.863434242421785,355,32.68962673434505,6.711024476661295,168,1.1524097657604884,187,0.02265069833626364,355,336,3093.4497334629827,0.0,9.318181818181818
bspline_temporal,962,extrap_10,2.5647394514733786,355,15.508919558923322,0.5157901264862288,168,2.04894932498715,187,0.003855652546012575,355,311,1178.5572505630043,0.0,1.1363636363636365
bspline_temporal,962,unif_20,3.6317752975370445,355,22.78516724700745,2.0258178066034955,168,1.6059574909335488,187,0.03971938182930916,355,307,4180.733253167431,0.28169014084507044,31.136363636363637
bspline_temporal,962,extrap_20,1.5553648281640822,355,13.614248647878803,0.15596541888035986,168,1.3993994092837223,187,0.008561979549406972,355,299,1168.2026833960242,0.0,12.272727272727273
bspline_temporal,962,unif_50,0.28235374097175947,355,5.634767443627015,0.16590566918059185,168,0.11644807179116765,187,0.00043046046770161937,355,235,314.5147028148377,0.5633802816901409,1.5909090909090908
bspline_temporal,962,extrap_50,0.35032887452248346,355,5.658752678740439,0.02177250305705472,168,0.32855637146542876,187,0.0019180860209399718,355,250,485.8913428727135,0.0,2.0454545454545454
bspline_temporal,962,unif_100,0.15316489382534645,355,2.7394250772669086,0.028063826792644585,168,0.12510106703270188,187,0.0001265879691036729,355,159,98.02812679724215,1.408450704225352,0.45454545454545453
bspline_temporal,962,extrap_100,0.23225715032729274,355,4.4799334492200815,0.015891456156529926,168,0.21636569417076285,187,0.0016070413346098767,355,213,346.1325699602812,0.28169014084507044,0.45454545454545453
bspline_temporal,963,unif_1,1.9784899348717258,351,21.879206058992416,1.0598873666325819,170,0.9186025682391441,181,0.04133955586236581,351,333,3426.082672469186,0.0,0.0
bspline_temporal,963,extrap_1,2.50689401587284,351,18.589777758410506,0.8195076166303255,170,1.6873863992425142,181,0.012736587608763594,351,312,2025.4824508800993,0.0,0.0
bspline_temporal,963,unif_2,2.330302469025586,351,16.95485067326437,0.7963725085707271,170,1.5339299604548589,181,0.005532796610204326,351,305,1713.8182282648802,0.0,0.0
bspline_temporal,963,extrap_2,1.7483322197875535,351,17.208184570271875,0.7411551669723251,170,1.0071770528152286,181,0.006487272978286728,351,309,2168.6363412607166,0.0,0.0
bspline_temporal,963,unif_3,1.9769271307699268,351,16.57881494742206,0.6063693648956956,170,1.370557765874231,181,0.009056754168709042,351,300,1819.916304017085,0.0,0.0
bspline_temporal,963,extrap_3,1.7366558048872092,351,17.065331327298807,0.8163281124901991,170,0.9203276923970097,181,0.00974621285955333,351,330,2150.7234025368653,0.0,0.0
bspline_temporal,963,unif_5,1.8597202620822364,351,20.03056858451366,0.8825929945606288,170,0.9771272675216077,181,0.02681932619267235,351,327,2898.480950696061,0.0,0.0
bspline_temporal,963,extrap_5,2.7363338304829097,351,23.95202742884345,0.4027270844748546,170,2.333606746008055,181,0.12901513531653958,351,314,5447.173947467771,11.11111111111111,2.5
bspline_temporal,963,unif_10,4.771458667576668,351,26.666087598402537,3.6204422201185755,170,1.1510164474580928,181,0.03641751040746563,351,318,4772.66304146082,0.0,9.090909090909092
bspline_temporal,963,extrap_10,1.03102613552442,351,13.016055422410515,0.20655305258418916,170,0.8244730829402305,181,0.007771869183337268,351,285,1823.8154754589673,0.0,9.090909090909092
bspline_temporal,963,unif_20,1.3494755909155216,351,13.604090811351995,0.640703363491417,170,0.7087722274241046,181,0.0028909571390477976,351,278,1593.6710934614216,0.0,9.318181818181818
bspline_temporal,963,extrap_20,0.7911163535080264,351,9.153077227572421,0.15532427772709095,170,0.6357920757809356,181,0.0019594756243914257,351,281,1068.9961606830636,0.0,10.227272727272727
bspline_temporal,963,unif_50,0.4675662155767109,351,6.93715521538747,0.3628787339301978,170,0.1046874816465131,181,0.0024507053290692598,351,218,1038.7536721288716,0.0,0.0
bspline_temporal,963,extrap_50,0.585221396247342,351,7.257099479135643,0.11965780191004262,170,0.46556359433729944,181,0.002289475307241658,351,244,742.759886676517,0.0,5.2272727272727275
bspline_temporal,963,unif_100,0.0976573431683503,351,2.6650631049323437,0.08153996572637146,170,0.016117377441978848,181,6.357742768122395e-05,351,146,198.323491686187,0.8547008547008547,7.045454545454546
bspline_temporal,963,extrap_100,0.08450505082460233,351,3.6399142126071977,0.031133538210928485,170,0.053371512613673844,181,0.0023835076796435996,351,206,428.57323360419633,0.0,0.22727272727272727
bspline_temporal,964,unif_1,1.7720363707254048,356,15.601308142552098,0.36217239700510656,172,1.4098639737202983,184,0.004484371809920184,356,321,1376.9603293569335,0.0,0.0
bspline_temporal,964,extrap_1,1.5907073970388037,356,18.116843128396283,0.5439422268900062,172,1.0467651701487977,184,0.017639466141673305,356,345,2145.531549766233,0.0,0.0
bspline_temporal,964,unif_2,3.6933471726658693,356,29.271519973813326,3.0762658275398866,172,0.6170813451259829,184,0.04588354873070795,356,343,4712.765589544663,0.0,0.0
bspline_temporal,964,extrap_2,2.4025991256291057,356,18.406298570452606,0.7028798989702456,172,1.6997192266588605,184,0.009249017779531403,356,323,1656.9957048025963,0.0,0.0
bspline_temporal,964,unif_3,2.246600434459025,356,19.584969612197884,0.6643799015011173,172,1.582220532957908,184,0.030647539201640116,356,323,2316.2867996353543,0.0,8.636363636363637
bspline_temporal,964,extrap_3,1.8254659970679818,356,18.282607727839622,0.49905930297950674,172,1.3264066940884751,184,0.012298185207596004,356,323,1939.8206455553839,0.0,0.0
bspline_temporal,964,unif_5,1.7564120530001681,356,17.70991494582537,0.8403763537545008,172,0.9160356992456672,184,0.006143011224435163,356,313,2104.5042265651464,0.0,9.090909090909092
bspline_temporal,964,extrap_5,1.748383750665244,356,16.53854171214056,0.31706725813332937,172,1.4313164925319148,184,0.011232686202060874,356,324,1652.501478129041,1.9662921348314606,10.0
bspline_temporal,964,unif_10,1.6318529384309066,356,15.268564937394084,0.41380025483233207,172,1.2180526835985745,184,0.004684350345986492,356,324,1452.1260683315295,0.0,7.5
bspline_temporal,964,extrap_10,1.3008853778731733,356,11.743083364094975,0.3689028130259315,172,0.9319825648472418,184,0.003983160556981333,356,296,850.0120017728589,0.0,0.0
bspline_temporal,964,unif_20,1.8515123793194153,356,14.248015144012243,0.3916910261022301,172,1.459821353217185,184,0.001649680079614062,356,274,1127.149989863285,0.0,13.409090909090908
bspline_temporal,964,extrap_20,1.233372086732408,356,12.322189600601286,0.08699238790786752,172,1.1463796988245407,184,0.007271488207084088,356,302,1099.3631425437266,0.0,6.590909090909091
bspline_temporal,964,unif_50,0.3464937010541834,356,4.690402275480369,0.08846524813807798,172,0.25802845291610543,184,0.00036764238186320886,356,167,257.6544535463997,0.2808988764044944,3.1818181818181817
bspline_temporal,964,extrap_50,0.40914682687996046,356,5.699662552585842,0.03323640493865256,172,0.3759104219413079,184,0.002859660124017567,356,236,446.08047195165943,0.0,7.5
bspline_temporal,964,unif_100,0.32693149287998535,356,3.6255894130916917,0.044273270340594674,172,0.2826582225393907,184,7.360923440586837e-05,356,114,140.3563366081138,0.0,4.318181818181818
bspline_temporal,964,extrap_100,0.1440364065489782,356,4.067087264841502,0.019319460650597347,172,0.12471694589838084,184,0.002690277651179028,356,193,333.95136518644176,0.8426966292134831,4.090909090909091
bspline_temporal,965,unif_1,2.6085237027693946,364,19.827186954968404,0.4873552020492518,169,2.121168500720143,195,0.007124405871590291,364,342,1722.1244754793083,0.0,0.0
bspline_temporal,965,extrap_1,3.5774738939650006,364,22.17862588250673,0.44716193990581565,169,3.130311954059185,195,0.014523219497906515,364,333,1434.4122482312914,0.0,0.0
bspline_temporal,965,unif_2,3.4760377289394944,364,20.176046395644022,0.4865421817450013,169,2.9894955471944935,195,0.005507154846089024,364,328,1177.4309278225965,0.0,0.0
bspline_temporal,965,extrap_2,3.202986486068433,364,20.098677130953185,0.43360867724296065,169,2.7693778088254724,195,0.006914121456414779,364,341,1282.3251807647237,0.0,0.0
bspline_temporal,965,unif_3,7.733552395258435,364,42.96606606365333,5.947636473835009,169,1.7859159214234273,195,0.13066628286849433,364,353,8901.324502859763,0.0,9.090909090909092
bspline_temporal,965,extrap_3,7.175190467439931,364,40.69720348410617,0.9403252233731154,169,6.234865244066816,195,0.26894956981434387,364,346,6374.162604283203,13.736263736263735,0.0
bspline_temporal,965,unif_5,2.4408262060253216,364,19.047546682383828,0.5404795943776259,169,1.900346611647696,195,0.005520625694642475,364,318,1772.0889353469872,0.0,0.0
bspline_temporal,965,extrap_5,3.333630452247126,364,22.681053995388506,0.6858355855933203,169,2.647794866653806,195,0.013461110144669806,364,332,1784.3601939689077,0.0,9.090909090909092
bspline_temporal,965,unif_10,3.153930891266905,364,16.597782543259925,0.532935369736956,169,2.620995521529949,195,0.003249270091114482,364,300,768.7257534541516,0.5494505494505495,1.5909090909090908
bspline_temporal,965,extrap_10,2.033723501573678,364,16.30896284260273,0.35477190821516147,169,1.6789515933585164,195,0.0031281337384924655,364,337,1138.8025455125462,0.0,9.090909090909092
bspline_temporal,965,unif_20,2.002338431619031,364,12.982598205399775,0.35921603061839374,169,1.6431224010006376,195,0.001390377706952992,364,274,901.6347699725537,0.5494505494505495,10.681818181818182
bspline_temporal,965,extrap_20,1.1579234069080222,364,13.623060320742827,0.2815570618187036,169,0.8763663450893187,195,0.007754796383709828,364,311,1166.3269757394376,0.0,1.8181818181818181
bspline_temporal,965,unif_50,0.6539795122514825,364,8.748688034139304,0.18941095619706377,169,0.46456855605441877,195,0.00790082062232107,364,260,776.4140369354261,0.8241758241758241,5.454545454545454
bspline_temporal,965,extrap_50,0.5841358792688032,364,7.172274687732902,0.08972078538413683,169,0.4944150938846663,195,0.002652168475142327,364,259,365.61452659462077,0.0,2.9545454545454546
bspline_temporal,965,unif_100,0.13283515426092168,364,2.7845603783644863,0.05243714327188904,169,0.08039801098903264,195,9.019008175722873e-05,364,161,109.25036619551928,0.5494505494505495,0.0
bspline_temporal,965,extrap_100,0.2827844282940996,364,4.634443117359773,0.0335995696796476,169,0.24918485861445203,195,0.0025154706162257485,364,217,247.04124771573447,0.0,6.818181818181818
bspline_temporal,966,unif_1,3.1420393497445582,370,27.257719619131876,1.3497616867461364,197,1.7922776629984218,173,0.052361611471194835,370,363,6145.746122873221,0.0,0.0
bspline_temporal,966,extrap_1,4.513419340988801,370,26.456203619093905,0.8179012731330667,197,3.6955180678557342,173,0.023176912534308886,370,363,2515.5298518374043,0.0,0.0
bspline_temporal,966,unif_2,3.944557116580962,370,21.682820375110147,0.7791175953520598,197,3.165439521228902,173,0.004118303118342498,370,353,1900.294122529647,0.0,0.0
bspline_temporal,966,extrap_2,4.871477762029946,370,27.060127120924367,0.9700841367832299,197,3.9013936252467163,173,0.022048002302510965,370,360,2363.825511968532,0.0,0.0
bspline_temporal,966,unif_3,2.6228576087108078,370,20.01921991927614,0.9024301394249833,197,1.7204274692858244,173,0.00942137063452915,370,353,3950.5691480340442,0.0,11.363636363636363
bspline_temporal,966,extrap_3,4.720719414409675,370,32.7110296312306,1.3280074083833846,197,3.3927120060262905,173,0.10601224567607297,370,359,4898.654578831658,10.81081081081081,7.7272727272727275
bspline_temporal,966,unif_5,3.73305884411241,370,22.18031095338316,0.919146857478275,197,2.8139119866341344,173,0.006721612703947481,370,346,3762.9275509853624,0.0,9.090909090909092
bspline_temporal,966,extrap_5,3.834023904271454,370,21.834915770975638,0.7559096732354995,197,3.078114231035955,173,0.005204383345225888,370,344,2185.4196274279284,0.0,9.090909090909092
bspline_temporal,966,unif_10,2.472229346381036,370,16.56344092123443,0.684659291212188,197,1.787570055168848,173,0.002771453092643351,370,339,1587.2253693542668,0.8108108108108109,5.909090909090909
bspline_temporal,966,extrap_10,1.847398896168889,370,16.02033713584845,0.22120655906685738,197,1.6261923371020317,173,0.005671217745999712,370,339,1776.9576370293912,0.0,11.590909090909092
bspline_temporal,966,unif_20,1.7248313301635663,370,14.915856702303508,0.5793657876157764,197,1.1454655425477898,173,0.004800166734413712,370,328,2537.0989292404142,0.0,5.909090909090909
bspline_temporal,966,extrap_20,2.2802607319754316,370,15.220522625795228,0.2733686911593553,197,2.0068920408160764,173,0.0029629739148794836,370,323,1426.214596212058,0.0,4.545454545454546
bspline_temporal,966,unif_50,0.7830046446547445,370,8.717234973670214,0.2375467502844956,197,0.5454578943702488,173,0.0010281348942298828,370,306,1266.0826097041243,0.0,10.454545454545455
bspline_temporal,966,extrap_50,0.8755891705355148,370,8.153887445813556,0.09934962076645608,197,0.7762395497690586,173,0.0021121870717650177,370,282,798.8410101479633,0.0,0.6818181818181818
bspline_temporal,966,unif_100,0.3637263944345959,370,5.853809954251653,0.15381180229844496,197,0.209914592136151,173,0.001082349328659306,370,277,951.8653993700316,0.0,4.7727272727272725
bspline_temporal,966,extrap_100,0.44343670252952877,370,6.5533456660598155,0.0743744777758251,197,0.3690622247537036,173,0.002502946894779752,370,262,846.8538135176555,0.0,4.7727272727272725
bspline_pca_graph,957,unif_1,47.694491145376674,367,127.77637008793657,26.156984852974922,171,21.537506292401755,196,2.110907356689956,367,361,42453.40374548999,0.0,9.090909090909092
bspline_pca_graph,957,extrap_1,5.406718786502619,367,26.49485039828708,1.4674712059806259,171,3.939247580521993,196,0.01386148751421019,367,330,2080.818220182732,0.0,0.0
bspline_pca_graph,957,unif_2,3.622572109664075,367,23.922651671173302,0.8758641778540512,171,2.7467079318100236,196,0.016301838233546688,367,337,2511.0971060516654,0.0,0.0
bspline_pca_graph,957,extrap_2,3.3062451111614677,367,25.773395539741554,1.1173711157131483,171,2.1888739954483194,196,0.04296402131112659,367,338,4189.2618115075475,0.0,0.0
bspline_pca_graph,957,unif_3,8.42340172013161,367,41.43941386826313,6.045434544515259,171,2.3779671756163507,196,0.07602533654796391,367,350,6842.757542286421,1.3623978201634876,18.181818181818183
bspline_pca_graph,957,extrap_3,5.032635492784692,367,26.134450781011196,1.2280338348128772,171,3.8046016579718143,196,0.014140096841879963,367,337,2143.164819797604,0.0,0.0
bspline_pca_graph,957,unif_5,5.194764451021759,367,25.233217665248546,1.7419704342800948,171,3.452794016741664,196,0.01146031754707498,367,300,2769.3491715844943,0.0,3.409090909090909
bspline_pca_graph,957,extrap_5,1.7826647191285656,367,17.91585632077114,0.6317331050154462,171,1.1509316141131194,196,0.007070997690183653,367,303,2413.785623245435,0.0,0.0
bspline_pca_graph,957,unif_10,9.15791398560264,367,36.43486419471069,7.893232550831334,171,1.2646814347713067,196,0.02875784936801335,367,335,6770.314717117507,0.0,27.272727272727273
bspline_pca_graph,957,extrap_10,3.0414888659479473,367,22.90673308448768,1.396812886893083,171,1.6446759790548646,196,0.01256957525484811,367,335,2920.24932761141,0.0,13.409090909090908
bspline_pca_graph,957,unif_20,3.9688343128559134,367,21.15034348163777,1.265307806791764,171,2.7035265060641493,196,0.00906423697430006,367,321,1845.7831998140266,0.5449591280653951,20.454545454545453
bspline_pca_graph,957,extrap_20,2.1903846496870663,367,16.534081383101586,0.7338664637711024,171,1.4565181859159642,196,0.007871862502950761,367,304,1493.6242960434952,0.0,3.6363636363636362
bspline_pca_graph,957,unif_50,1.4697490043791646,367,12.422262911589717,1.1837836929967118,171,0.2859653113824527,196,0.00972071042353662,367,260,2274.31968307883,1.6348773841961852,6.363636363636363
bspline_pca_graph,957,extrap_50,0.7077387152905985,367,8.296714621658303,0.08722370114040022,171,0.6205150141501984,196,0.003668578367532738,367,276,700.3507487071913,0.0,2.5
bspline_pca_graph,957,unif_100,0.19155609866592502,367,4.516181937428368,0.08464484353967176,171,0.10691125512625323,196,0.0006098849970446871,367,249,311.64060096565885,1.0899182561307903,0.9090909090909091
bspline_pca_graph,957,extrap_100,0.4724977722103806,367,7.5812085206315505,0.053497607401894756,171,0.4190001648084858,196,0.0039908968683839,367,254,812.8909884717391,0.0,0.0
bspline_pca_graph,958,unif_1,5.969623478056966,388,27.975701066577265,1.0591796212225848,181,4.910443856834381,207,0.011457663526976306,388,346,2162.5373889390144,0.0,0.0
bspline_pca_graph,958,extrap_1,5.294370121614927,388,25.366635158620028,0.8849009958130286,181,4.409469125801897,207,0.00584175446061007,388,345,2084.2127652601266,0.0,0.0
bspline_pca_graph,958,unif_2,4.163178765386575,388,23.443613121034893,0.5522335123198018,181,3.6109452530667725,207,0.006659171291342141,388,338,2198.295995271451,0.0,0.0
bspline_pca_graph,958,extrap_2,6.382188639278881,388,30.232081622494817,1.4131664140344806,181,4.9690222252444,207,0.013853428454314977,388,364,3230.3494798029014,0.0,0.0
bspline_pca_graph,958,unif_3,17.398585130923593,388,74.37898109375604,7.894596723179843,181,9.50398840774375,207,0.9433938283376787,388,372,22670.469003937287,0.0,27.272727272727273
bspline_pca_graph,958,extrap_3,1.1418455255980953,388,14.286261813458339,0.30884675677536966,181,0.8329987688227259,207,0.00595170096816033,388,337,2471.6880359668976,0.0,7.7272727272727275
bspline_pca_graph,958,unif_5,5.9039965105807015,388,27.87425949310296,1.0408545818831634,181,4.863141928697538,207,0.01172273362941161,388,347,2236.544054352999,0.0,12.045454545454545
bspline_pca_graph,958,extrap_5,3.172081963057237,388,26.051175937120796,0.8368179541585251,181,2.335264008898712,207,0.027289729276679976,388,369,3660.352190623218,0.0,7.954545454545454
bspline_pca_graph,958,unif_10,7.142912753153313,388,33.31989965171352,5.921107924932665,181,1.221804828220648,207,0.01944833444908805,388,340,5095.141006183228,0.0,9.090909090909092
bspline_pca_graph,958,extrap_10,2.376836257723773,388,18.70939967543925,0.5319067000267651,181,1.8449295576970077,207,0.006789598483046775,388,324,1972.790545264651,0.0,7.7272727272727275
bspline_pca_graph,958,unif_20,0.9156222222667695,388,9.95573441671454,0.20480272724528714,181,0.7108194950214823,207,0.004468673748946773,388,261,1330.3543876310046,1.0309278350515463,9.090909090909092
bspline_pca_graph,958,extrap_20,1.6370426325344494,388,14.098947826513268,0.26117073263272633,181,1.375871899901723,207,0.003298375027968584,388,325,1371.2101204620608,0.0,7.2727272727272725
bspline_pca_graph,958,unif_50,0.5168879512942793,388,7.112770252901013,0.21989224007820077,181,0.2969957112160786,207,0.0012617883823180262,388,228,752.4437064262619,0.0,9.545454545454545
bspline_pca_graph,958,extrap_50,0.6022244183196543,388,7.873090536616785,0.08387283430317154,181,0.5183515840164828,207,0.002476365433788446,388,251,841.7463534144342,0.0,4.090909090909091
bspline_pca_graph,958,unif_100,0.25259689736372615,388,3.8593049520800817,0.05635546102337105,181,0.19624143634035512,207,0.0001074929113728949,388,175,299.65430640257796,2.0618556701030926,6.136363636363637
bspline_pca_graph,958,extrap_100,0.41076879969743285,388,6.185822775403436,0.11504369840224765,181,0.29572510129518526,207,0.0027311801498482897,388,252,626.1320078137932,2.3195876288659796,7.954545454545454
bspline_pca_graph,959,unif_1,3.6240488215728077,372,24.97315826100339,0.8946653038392751,172,2.7293835177335333,200,0.03397087641730738,372,358,2967.2401636519994,0.0,0.0
bspline_pca_graph,959,extrap_1,5.108106994268002,372,24.415416565323216,1.0480841305143327,172,4.0600228637536695,200,0.00926788566929956,372,326,1635.196442635021,0.0,0.0
bspline_pca_graph,959,unif_2,3.8063929740045337,372,29.161434993071747,1.4365922491376466,172,2.369800724866887,200,0.031660119524487156,372,363,3619.9743535054677,0.0,9.090909090909092
bspline_pca_graph,959,extrap_2,4.435886425529461,372,22.313813281277216,0.9276706711577103,172,3.508215754371752,200,0.0050068952460185605,372,343,1589.8828697445392,0.0,0.0
bspline_pca_graph,959,unif_3,4.4898869025854315,372,23.65752392907591,0.8847595176673528,172,3.605127384918078,200,0.021180434480255618,372,350,1956.6529592742954,0.0,0.0
bspline_pca_graph,959,extrap_3,5.804832984623589,372,26.372569827079722,1.3854942870173121,172,4.419338697606277,200,0.006478092230641079,372,355,1597.7453336739968,0.0,0.0
bspline_pca_graph,959,unif_5,5.195009532127166,372,24.58086482187156,1.3827506794437392,172,3.8122588526834265,200,0.010288293329404782,372,349,1669.7644421006337,0.0,4.090909090909091
bspline_pca_graph,959,extrap_5,4.416079376329133,372,23.99454499021862,0.9641562199917395,172,3.451923156337393,200,0.01382977581338348,372,361,1930.0455096650367,0.0,4.318181818181818
bspline_pca_graph,959,unif_10,7.027036757284432,372,34.854641304913386,6.201486317745046,172,0.825550439539386,200,0.032053831783685455,372,342,5328.664204917643,0.0,4.318181818181818
bspline_pca_graph,959,extrap_10,4.151039337088282,372,24.983294479522776,0.8444903827647814,172,3.3065489543235,200,0.01398579124233682,372,356,2117.2984160358237,0.0,18.40909090909091
bspline_pca_graph,959,unif_20,0.5826543359654028,372,8.006771349575711,0.3082686310894412,172,0.27438570487596164,200,0.0007521406411977747,372,281,544.9839318588895,0.5376344086021505,4.7727272727272725
bspline_pca_graph,959,extrap_20,2.2361437335757994,372,15.368915965403827,0.6411929106452108,172,1.5949508229305889,200,0.0042782429615557845,372,323,1047.0169936343693,0.0,6.818181818181818
bspline_pca_graph,959,unif_50,0.4210595310374153,372,6.210455895846061,0.14456375194679486,172,0.27649577909062045,200,0.0006973208632116217,372,223,533.403466107262,0.0,9.772727272727273
bspline_pca_graph,959,extrap_50,1.3449442597036982,372,9.755214172273117,0.15972496802800015,172,1.185219291675698,200,0.0030213311990109283,372,263,562.9115066395343,0.0,9.772727272727273
bspline_pca_graph,959,unif_100,0.06758167224923632,372,2.2970839120178486,0.0163239423836958,172,0.05125772986554054,200,0.0001394324350427847,372,163,101.75246466813277,0.0,0.9090909090909091
bspline_pca_graph,959,extrap_100,0.2165919906349392,372,5.028057460809485,0.012760672785883918,172,0.20383131784905523,200,0.0034684626302450487,372,243,517.6205475706437,0.8064516129032258,5.0
bspline_pca_graph,960,unif_1,4.286482215869347,372,33.540952450095396,1.5249053997487398,168,2.761576816120608,204,0.12648160543025677,372,347,4118.086532707461,0.0,0.0
bspline_pca_graph,960,extrap_1,5.169286350006134,372,25.21594856175001,0.857943304110383,168,4.31134304589575,204,0.009061244014879035,372,322,850.6065216437435,0.0,0.0
bspline_pca_graph,960,unif_2,4.80346844422524,372,23.974153786528813,0.6692590156568515,168,4.134209428568388,204,0.005328858394061483,372,322,770.2630732326447,0.0,9.090909090909092
bspline_pca_graph,960,extrap_2,5.386250233604831,372,26.418510005626807,0.9151350276723178,168,4.471115205932514,204,0.011259999397903854,372,336,949.1539094138487,0.0,0.0
bspline_pca_graph,960,unif_3,5.300607065300143,372,24.754506548539712,0.9228146430700731,168,4.37779242223007,204,0.004028142435760084,372,313,759.5006212131799,0.0,0.0
bspline_pca_graph,960,extrap_3,5.435085990078968,372,25.570351136306577,1.0563148706604601,168,4.378771119418508,204,0.004866460351086077,372,338,921.4624169628396,0.0,0.0
bspline_pca_graph,960,unif_5,3.821063896863297,372,26.337922070812034,1.8737082102060387,168,1.9473556866572583,204,0.018772171660670668,372,350,1847.9035122567013,0.0,9.090909090909092
bspline_pca_graph,960,extrap_5,2.9778699346943,372,20.964675792415775,0.5351684699851593,168,2.442701464709141,204,0.011586744086327296,372,336,997.1142148047895,0.0,8.181818181818182
bspline_pca_graph,960,unif_10,4.346554067874924,372,26.809018268286493,3.273715156543933,168,1.0728389113309904,204,0.02293877401974176,372,333,2250.4674788682387,0.0,12.045454545454545
bspline_pca_graph,960,extrap_10,3.170999851927137,372,20.13233243702879,0.7008066463648023,168,2.470193205562335,204,0.004845730330785394,372,327,764.3274868180822,0.0,11.136363636363637
bspline_pca_graph,960,unif_20,3.6529461188597283,372,19.070402989408034,1.0610015639905404,168,2.5919445548691877,204,0.0048583074155576075,372,290,737.4151854582365,0.26881720430107525,16.136363636363637
bspline_pca_graph,960,extrap_20,2.783373738936276,372,19.259219493517516,0.47576664214395564,168,2.307607096792321,204,0.011191812458198669,372,307,852.3565261912333,0.0,12.045454545454545
bspline_pca_graph,960,unif_50,0.769400235857621,372,7.223743887100513,0.1396037355069791,168,0.629796500350642,204,0.00034251904948365036,372,192,163.0974973211134,0.5376344086021505,6.363636363636363
bspline_pca_graph,960,extrap_50,1.865344713139104,372,12.101940481309498,0.11626104633793025,168,1.749083666801174,204,0.0030114061919468017,372,254,339.41127380576216,0.0,3.409090909090909
bspline_pca_graph,960,unif_100,0.23814117156826828,372,3.6522293650981275,0.05017519047018256,168,0.18796598109808568,204,8.968581910035924e-05,372,91,29.522022519977256,1.075268817204301,3.8636363636363638
bspline_pca_graph,960,extrap_100,0.48913974879695343,372,6.575852638442406,0.040364180656105766,168,0.4487755681408477,204,0.002411191699883743,372,210,238.7700300915916,0.0,5.454545454545454
bspline_pca_graph,961,unif_1,4.576735520517543,381,24.25615187970758,0.9168094259147915,173,3.6599260946027514,208,0.0061648154182953946,381,336,1138.632279229621,0.0,0.0
bspline_pca_graph,961,extrap_1,4.820848607284056,381,38.018710595334724,2.093547694969516,173,2.7273009123145395,208,0.18608998807810237,381,366,5289.359522500014,0.0,0.0
bspline_pca_graph,961,unif_2,4.350176035144519,381,23.49635961120793,0.8813717767629239,173,3.4688042583815952,208,0.003923679204398512,381,352,1121.7262358328053,0.0,0.0
bspline_pca_graph,961,extrap_2,3.2739781366185046,381,23.627785069460252,1.0784885461454914,173,2.195489590473013,208,0.010802809904021183,381,331,1824.78482313892,0.0,9.090909090909092
bspline_pca_graph,961,unif_3,4.504542636969286,381,24.578243918629685,0.8859257026371354,173,3.61861693433215,208,0.00926087923596278,381,357,1260.1883746558315,0.0,0.0
bspline_pca_graph,961,extrap_3,4.379317787802755,381,25.12742451582622,0.7716566689787219,173,3.6076611188240326,208,0.011346124516199964,381,356,1375.3153940614925,0.0,0.0
bspline_pca_graph,961,unif_5,4.751452687737693,381,24.367187236717484,1.012120241830751,173,3.7393324459069417,208,0.00838721958426987,381,345,1109.929766009085,0.0,0.0
bspline_pca_graph,961,extrap_5,3.9854669128570976,381,24.654238053564647,1.261736634187243,173,2.7237302786698545,208,0.008111501476828691,381,351,1990.2801258097957,0.0,9.090909090909092
bspline_pca_graph,961,unif_10,5.275275462966293,381,25.844406245099755,1.4403871338675323,173,3.8348883290987605,208,0.004043579616566587,381,332,1264.7288192213405,0.0,0.6818181818181818
bspline_pca_graph,961,extrap_10,2.0075842063898395,381,16.203260813641354,0.5065746045677136,173,1.5010096018221257,208,0.003144303349205979,381,339,825.2715232896644,0.0,15.227272727272727
bspline_pca_graph,961,unif_20,2.2875026964996907,381,17.88077601556318,0.787021307556816,173,1.5004813889428747,208,0.024948458447969623,381,320,1568.131339946783,1.0498687664041995,11.363636363636363
bspline_pca_graph,961,extrap_20,2.5407858536175505,381,16.032138673008326,0.39734962350427133,173,2.143436230113279,208,0.002034236897192552,381,317,672.0165789780276,0.0,6.136363636363637
bspline_pca_graph,961,unif_50,1.3564417308135774,381,10.115990037431631,0.3339307438682561,173,1.0225109869453213,208,0.0007515314152807327,381,267,433.5460856721493,0.0,16.59090909090909
bspline_pca_graph,961,extrap_50,0.8571155220032618,381,8.762672070398255,0.06456218441259999,173,0.7925533375906619,208,0.0016555806158465012,381,277,394.7486707046902,0.0,10.681818181818182
bspline_pca_graph,961,unif_100,0.1320174591803493,381,3.5737030027940406,0.022883725735790623,173,0.10913373344455865,208,0.00028606471286258986,381,215,160.020397611145,0.5249343832020997,1.5909090909090908
bspline_pca_graph,961,extrap_100,0.3019020742839408,381,5.99339665051992,0.016639350579129353,173,0.2852627237048115,208,0.0013696377827251487,381,245,385.3243547384965,0.0,0.22727272727272727
bspline_pca_graph,962,unif_1,2.349453676620818,355,16.849587486756885,0.4667800503749924,168,1.8826736262458257,187,0.005036524710494439,355,320,1534.9583359083656,0.0,0.0
bspline_pca_graph,962,extrap_1,3.0650212876057514,355,19.03218839721763,0.5538056411373625,168,2.5112156464683895,187,0.01114861438922943,355,312,1523.0438765647461,0.0,0.0
bspline_pca_graph,962,unif_2,2.2984958680414063,355,16.844495138882458,0.4942259854631691,168,1.804269882578237,187,0.005192045698114563,355,319,1604.6254565876623,0.0,0.0
bspline_pca_graph,962,extrap_2,2.7360324318576374,355,16.972527517368306,0.5371754243019641,168,2.1988570075556737,187,0.00459384669389917,355,312,1327.3562443257115,0.0,0.0
bspline_pca_graph,962,unif_3,3.18295976504593,355,22.69871671037579,1.6058162753217573,168,1.5771434897241727,187,0.030756004670766883,355,321,3893.9764006151954,0.0,9.090909090909092
bspline_pca_graph,962,extrap_3,2.5228478273968182,355,18.348848990022013,0.5487835177463638,168,1.9740643096504544,187,0.006395206510794506,355,314,1428.1905833438072,0.0,9.090909090909092
bspline_pca_graph,962,unif_5,3.0221126984958975,355,24.051126690082008,1.2063688089893476,168,1.8157438895065499,187,0.05143670568527238,355,329,4178.70810320133,0.0,0.0
bspline_pca_graph,962,extrap_5,1.7101975920427142,355,18.531528874561786,0.7525072925368254,168,0.9576902995058888,187,0.012520573995126398,355,333,2229.4664022018387,0.0,10.0
bspline_pca_graph,962,unif_10,8.087825743185734,355,33.27692473815475,6.872056808821071,168,1.215768934364662,187,0.023650007669549094,355,337,3153.5906050248195,0.0,9.090909090909092
bspline_pca_graph,962,extrap_10,2.6826464834068444,355,16.09849686999071,0.6183986692874869,168,2.0642478141193568,187,0.0039075109458059885,355,315,1203.0588866490264,0.0,1.1363636363636365
bspline_pca_graph,962,unif_20,3.7649100818658163,355,23.604795276508803,2.104277873675051,168,1.6606322081907647,187,0.04493312256850386,355,305,4329.163687149378,0.28169014084507044,32.27272727272727
bspline_pca_graph,962,extrap_20,1.6135784874039611,355,14.13997408217153,0.1908609137429923,168,1.422717573660969,187,0.008657304710336171,355,303,1223.310370657644,0.0,12.5
bspline_pca_graph,962,unif_50,0.4962208519980263,355,7.459982286078688,0.35969948669174584,168,0.13652136530628042,187,0.0008579879454979121,355,252,462.01420456442725,0.5633802816901409,3.409090909090909
bspline_pca_graph,962,extrap_50,0.3704358080689306,355,6.13415065367382,0.03363765002535131,168,0.3367981580435793,187,0.0019778956846865452,355,267,532.919007898329,0.0,2.272727272727273
bspline_pca_graph,962,unif_100,0.2052207733152112,355,3.2807191982373722,0.03695968040501099,168,0.16826109291020025,187,0.00016854296517977485,355,194,138.2333003777665,1.408450704225352,1.1363636363636365
bspline_pca_graph,962,extrap_100,0.23937242392490377,355,4.757109174584722,0.02152199734427486,168,0.21785042658062892,187,0.0016531833404529277,355,236,378.2854952241935,0.28169014084507044,0.45454545454545453
bspline_pca_graph,963,unif_1,1.9984649443952658,351,22.013872555916592,1.078807238043311,170,0.919657706351955,181,0.04135847783643032,351,333,3432.256080302611,0.0,0.0
bspline_pca_graph,963,extrap_1,2.511727323818141,351,18.64930383447748,0.8198851969306165,170,1.6918421268875243,181,0.01276327314998856,351,312,2030.5053581777493,0.0,0.0
bspline_pca_graph,963,unif_2,2.3342747415368197,351,16.991391538027486,0.7960565248326125,170,1.5382182167042069,181,0.005553691598557742,351,306,1719.095557166248,0.0,0.0
bspline_pca_graph,963,extrap_2,1.7690858925517812,351,17.27461738909778,0.758418721137968,170,1.010667171413813,181,0.0064918626987847845,351,312,2160.298105562811,0.0,0.0
bspline_pca_graph,963,unif_3,2.0282696501947024,351,16.799394483502837,0.6519131777195051,170,1.3763564724751973,181,0.00914268384160517,351,298,1821.1912536189323,0.0,0.0
bspline_pca_graph,963,extrap_3,1.7503992074628865,351,17.285488611831017,0.8281062600420468,170,0.9222929474208394,181,0.00997802401750528,351,331,2184.7330797056547,0.0,0.0
bspline_pca_graph,963,unif_5,1.8901049972771424,351,20.214710899098534,0.9011518112078738,170,0.9889531860692686,181,0.027186499483654748,351,328,2913.5089350791595,0.0,0.0
bspline_pca_graph,963,extrap_5,2.754463070480175,351,24.089283681496216,0.41194663687071753,170,2.342516433609458,181,0.12981638518623026,351,313,5481.578612426703,11.11111111111111,2.727272727272727
bspline_pca_graph,963,unif_10,4.84592651289003,351,27.063703157679665,3.668352246803642,170,1.1775742660863888,181,0.0372467896875464,351,318,4948.00742888023,0.0,9.090909090909092
bspline_pca_graph,963,extrap_10,1.103474142447786,351,13.832282491116759,0.2758849219082302,170,0.827589220539556,181,0.007946761200381474,351,291,1933.9992803448313,0.0,9.090909090909092
bspline_pca_graph,963,unif_20,1.6584568818723808,351,15.23047470299867,0.9210958720109297,170,0.7373610098614511,181,0.003764645228445697,351,281,1823.6449827367112,0.0,9.318181818181818
bspline_pca_graph,963,extrap_20,0.8126082485986614,351,9.367588439297093,0.17437336687230534,170,0.6382348817263561,181,0.002030907335867246,351,280,1086.4836309436214,0.0,10.227272727272727
bspline_pca_graph,963,unif_50,0.6593549424928881,351,8.199065365836205,0.5275981400155944,170,0.13175680247729368,181,0.0037926108475607218,351,226,1237.2980189377504,0.0,0.22727272727272727
bspline_pca_graph,963,extrap_50,0.6660509266580734,351,8.01989917566281,0.18605492768925835,170,0.4799959989688152,181,0.00237187174048684,351,262,802.7241143913204,0.0,8.181818181818182
bspline_pca_graph,963,unif_100,0.11365630368263437,351,3.0850108843261985,0.08733222361621745,170,0.0263240800664169,181,9.13071852763017e-05,351,177,296.23613161645864,0.8547008547008547,6.818181818181818
bspline_pca_graph,963,extrap_100,0.09526573664472271,351,3.9165772668840457,0.04049504373330944,170,0.05477069291141325,181,0.0024313450529633547,351,224,463.11802928094653,0.0,0.22727272727272727
bspline_pca_graph,964,unif_1,1.7727920461911235,356,15.634688237145099,0.3631921786539701,172,1.409599867537153,184,0.0045198824103423576,356,321,1384.9599433422318,0.0,0.0
bspline_pca_graph,964,extrap_1,1.6126116698881108,356,18.341451468473487,0.566416761883597,172,1.0461949080045136,184,0.01779727654441703,356,345,2195.1547624857562,0.0,0.0
bspline_pca_graph,964,unif_2,3.7054256219302912,356,29.34470484444524,3.0880507228024205,172,0.6173748991278707,184,0.04598443082609738,356,343,4732.541367718557,0.0,0.0
bspline_pca_graph,964,extrap_2,2.409963959194199,356,18.54490956022297,0.7109154588040669,172,1.6990485003901323,184,0.009424455126708196,356,327,1678.8820247035974,0.0,0.0
bspline_pca_graph,964,unif_3,2.2669382925406296,356,19.76909297784777,0.665829105514054,172,1.6011091870265752,184,0.03208043840480908,356,321,2350.214578244851,0.0,9.090909090909092
bspline_pca_graph,964,extrap_3,1.8353672981864877,356,18.396163924517605,0.5087635847570908,172,1.3266037134293969,184,0.012429638171829667,356,324,1960.1364640957188,0.0,0.0
bspline_pca_graph,964,unif_5,1.9346979863356824,356,18.62842115976257,1.01198858805229,172,0.9227093982833922,184,0.0065044560069358204,356,314,2237.0334424914563,0.0,9.090909090909092
bspline_pca_graph,964,extrap_5,1.7657582221570793,356,16.65591777771227,0.326225554166625,172,1.4395326679904545,184,0.011326171290919642,356,322,1663.4780574957208,2.247191011235955,10.0
bspline_pca_graph,964,unif_10,1.68204053887173,356,15.673762703066375,0.4419259058177916,172,1.2401146330539388,184,0.004838234160758146,356,324,1486.5262603955098,0.0,7.5
bspline_pca_graph,964,extrap_10,1.3603007178361182,356,12.18715981342904,0.4225877581656984,172,0.93771295967042,184,0.004028133987707733,356,302,891.2787878694144,0.0,0.0
bspline_pca_graph,964,unif_20,1.9381920699349073,356,14.87158762364967,0.4404966684040595,172,1.4976954015308477,184,0.0018176466075799965,356,272,1194.6248505300464,0.0,11.136363636363637
bspline_pca_graph,964,extrap_20,1.2596960593636635,356,12.601784590705023,0.09815309914791912,172,1.1615429602157443,184,0.007312471394157498,356,304,1134.6656309405125,0.0,6.818181818181818
bspline_pca_graph,964,unif_50,0.549969609817206,356,5.650058603918495,0.1314142222472771,172,0.41855538756992905,184,0.00046633645490630276,356,182,305.92217844556404,0.2808988764044944,7.045454545454546
bspline_pca_graph,964,extrap_50,0.4371137367219696,356,6.219961937989279,0.053668984321917884,172,0.3834447524000516,184,0.00292508831636213,356,254,498.9392925895019,0.0,8.181818181818182
bspline_pca_graph,964,unif_100,0.472844659880831,356,4.383830437450505,0.06664328222716581,172,0.40620137765366526,184,8.845254027234703e-05,356,127,183.84896383496346,0.0,5.0
bspline_pca_graph,964,extrap_100,0.16583310409356072,356,4.360664049926479,0.0341137211354808,172,0.13171938295807994,184,0.0027368045455026056,356,200,356.12561250539073,0.8426966292134831,5.2272727272727275
bspline_pca_graph,965,unif_1,2.634230637346255,364,19.8834757582915,0.4854581181310225,169,2.1487725192152327,195,0.007261135027129726,364,342,1721.7043977544613,0.0,0.0
bspline_pca_graph,965,extrap_1,3.6142705326910898,364,22.263157905730417,0.4523456557536716,169,3.1619248769374177,195,0.014517823961677964,364,333,1435.639272671309,0.0,0.0
bspline_pca_graph,965,unif_2,3.5132631336896507,364,20.25762973067909,0.4923501538162309,169,3.02091297987342,195,0.00551040600522672,364,328,1180.0359456348488,0.0,0.0
bspline_pca_graph,965,extrap_2,3.2397296236877846,364,20.212036785542946,0.440486997624972,169,2.7992426260628123,195,0.007095683993964162,364,342,1289.2696089699377,0.0,0.0
bspline_pca_graph,965,unif_3,7.731024333950462,364,42.97099062013721,5.931045946431728,169,1.7999783875187336,195,0.1305623293983118,364,352,8891.03933675213,0.0,9.090909090909092
bspline_pca_graph,965,extrap_3,7.192857165625389,364,40.81250548967141,0.9481573209802023,169,6.244699844645187,195,0.270316112819072,364,347,6400.637779735499,14.56043956043956,0.0
bspline_pca_graph,965,unif_5,2.5098452878936586,364,19.4993410794562,0.5824196934955848,169,1.9274255943980736,195,0.005999058317954679,364,322,1851.744899729068,0.0,0.0
bspline_pca_graph,965,extrap_5,3.370891648210854,364,22.862447593303635,0.6930690262110032,169,2.6778226219998507,195,0.01347582374571621,364,335,1798.7039447583738,0.0,9.090909090909092
bspline_pca_graph,965,unif_10,3.3055576261467623,364,16.99092253664205,0.5442410028041126,169,2.76131662334265,195,0.0033475478185306658,364,306,784.1303917950811,0.27472527472527475,2.0454545454545454
bspline_pca_graph,965,extrap_10,2.0663786156399753,364,16.450966803471854,0.3612586706034146,169,1.7051199450365606,195,0.0031169107206337732,364,334,1144.9814590968242,0.0,9.090909090909092
bspline_pca_graph,965,unif_20,2.1516476894754355,364,13.641227465392925,0.41828961056118696,169,1.7333580789142486,195,0.0015103341671852217,364,272,995.9353743650577,0.5494505494505495,15.681818181818182
bspline_pca_graph,965,extrap_20,1.2307177290498659,364,14.177950421027624,0.34088066176686443,169,0.8898370672830015,195,0.007937213101363824,364,320,1256.4794195932843,0.0,1.8181818181818181
bspline_pca_graph,965,unif_50,1.0533677681949651,364,10.641690801353965,0.44475416518905986,169,0.6086136030059055,195,0.010393481489895318,364,268,1059.4561193714324,0.27472527472527475,4.090909090909091
bspline_pca_graph,965,extrap_50,0.6417016072344846,364,7.759509715088383,0.13221752561942918,169,0.5094840816150553,195,0.0027066785824210026,364,275,413.17318894933385,0.0,3.1818181818181817
bspline_pca_graph,965,unif_100,0.15261496047909623,364,3.244520537645447,0.06551242995218909,169,0.08710253052690715,195,0.0001278904906615379,364,179,165.5880137588982,0.5494505494505495,0.0
bspline_pca_graph,965,extrap_100,0.31723318374571957,364,5.145778487605484,0.06477414167338823,169,0.2524590420723313,195,0.002566124813798049,364,243,292.65431581580617,0.0,7.5
bspline_pca_graph,966,unif_1,3.147307948168719,370,27.312404960162,1.3554114532891672,197,1.791896494879552,173,0.05253103745843032,370,363,6159.802228133662,0.0,0.0
bspline_pca_graph,966,extrap_1,4.522469793081369,370,26.54068625806037,0.8236593855847667,197,3.698810407496602,173,0.02323363473280401,370,361,2532.8315056673764,0.0,0.0
bspline_pca_graph,966,unif_2,3.946269652773799,370,21.727698329362177,0.7774353782491487,197,3.1688342745246505,173,0.0042665613641588405,370,353,1910.2147540961284,0.0,0.0
bspline_pca_graph,966,extrap_2,4.87290886226552,370,27.088065665692266,0.9684415488300138,197,3.9044673134355063,173,0.02210532060872011,370,361,2371.3938253380043,0.0,0.0
bspline_pca_graph,966,unif_3,2.6424967721456243,370,20.086015437350163,0.9114289759966928,197,1.7310677961489311,173,0.009404711471741451,370,354,3949.356684392325,0.0,10.909090909090908
bspline_pca_graph,966,extrap_3,4.735874645930378,370,32.874274467752116,1.341861856994511,197,3.3940127889358678,173,0.10683227202402684,370,359,4926.85259212124,10.81081081081081,7.954545454545454
bspline_pca_graph,966,unif_5,3.739320007115974,370,22.287410421590664,0.9195971344979,197,2.819722872618074,173,0.007171087257173494,370,345,3785.0446055721886,0.0,9.090909090909092
bspline_pca_graph,966,extrap_5,3.842659939648639,370,21.914464440106002,0.7609572250565089,197,3.0817027145921307,173,0.005262043160440095,370,343,2204.302355780383,0.0,9.090909090909092
bspline_pca_graph,966,unif_10,2.5328064207987984,370,16.9171734588069,0.7065372328556516,197,1.8262691879431472,173,0.003180837300902715,370,341,1619.6915847345563,0.8108108108108109,5.681818181818182
bspline_pca_graph,966,extrap_10,1.8591285044315256,370,16.173385755421414,0.22927660516617654,197,1.6298518992653492,173,0.00570725359195566,370,344,1814.26897112198,0.0,11.363636363636363
bspline_pca_graph,966,unif_20,1.854253481335509,370,15.717174503217816,0.664188646335588,197,1.190064834999921,173,0.005233856048966297,370,330,2794.614362930317,0.0,5.681818181818182
bspline_pca_graph,966,extrap_20,2.460609213952002,370,15.891043117527223,0.3890253605534493,197,2.0715838533985527,173,0.003010880643114756,370,327,1419.1238909002425,0.0,4.090909090909091
bspline_pca_graph,966,unif_50,1.0190283014048942,370,10.30346996255648,0.414471846598758,197,0.6045564548061363,173,0.0014539583629040956,370,319,1557.4543257102612,0.0,17.727272727272727
bspline_pca_graph,966,extrap_50,0.8843156418262139,370,8.409393586020652,0.10434077227669933,197,0.7799748695495146,173,0.002186641011943379,370,295,866.500861248325,0.0,1.1363636363636365
bspline_pca_graph,966,unif_100,0.4564793330738236,370,6.694288905956351,0.19200866076784592,197,0.2644706723059776,173,0.0012616658594931187,370,305,1074.2714843786807,0.0,5.454545454545454
bspline_pca_graph,966,extrap_100,0.4550002664437871,370,6.838450911477989,0.08190056510279713,197,0.3730997013409899,173,0.002571764489429226,370,292,907.857316444363,0.0,4.545454545454546
bspline_learned_graph,957,unif_1,47.70373502331546,367,127.87511195152194,26.116382338088236,171,21.587352685227224,196,2.1108809483788575,367,365,42424.9465266661,0.0,9.090909090909092
bspline_learned_graph,957,extrap_1,5.5161545714546945,367,26.56611543380996,1.4714296962663886,171,4.044724875188305,196,0.013780303694236683,367,324,2077.3574585145298,0.0,0.0
bspline_learned_graph,957,unif_2,3.734234635498096,367,23.910857024024896,0.8646738168511738,171,2.8695608186469226,196,0.016190847838564074,367,339,2490.5869033348554,0.0,0.0
bspline_learned_graph,957,extrap_2,3.414656175933194,367,25.80516978402607,1.106532048698097,171,2.308124127235098,196,0.04314334725364221,367,338,4180.460527008574,0.0,0.0
bspline_learned_graph,957,unif_3,8.312967937477449,367,41.211578067108036,5.936686813160598,171,2.376281124316851,196,0.07561983227212611,367,349,6782.3519964106645,1.3623978201634876,18.181818181818183
bspline_learned_graph,957,extrap_3,5.137438077833779,367,26.10986897903409,1.2250656230600734,171,3.9123724547737058,196,0.01404138169902219,367,337,2125.692544852155,0.0,0.0
bspline_learned_graph,957,unif_5,5.316034197615717,367,25.434315706815383,1.754183155854438,171,3.5618510417612796,196,0.011598764799394578,367,305,2790.8541897298055,0.0,3.409090909090909
bspline_learned_graph,957,extrap_5,1.894139645707652,367,18.0158031080979,0.6360649261468415,171,1.2580747195608106,196,0.007128151873550314,367,301,2416.1634336034676,0.0,0.0
bspline_learned_graph,957,unif_10,9.083619886875312,367,36.325063469985395,7.8172939444520075,171,1.2663259424233053,196,0.028609436039484935,367,334,6746.0290761607275,0.0,27.272727272727273
bspline_learned_graph,957,extrap_10,3.1724541724122055,367,22.98916727844756,1.371701854639072,171,1.8007523177731335,196,0.012606460496379177,367,338,2914.026912349749,0.0,13.409090909090908
bspline_learned_graph,957,unif_20,4.031984729129354,367,21.25621109388476,1.258198603548935,171,2.7737861255804193,196,0.008953841211694989,367,326,1854.7230150503715,0.5449591280653951,20.227272727272727
bspline_learned_graph,957,extrap_20,2.2139916970353144,367,16.45060372120777,0.7405800924316518,171,1.4734116046036627,196,0.007806571252819496,367,303,1478.7015937052638,0.0,3.409090909090909
bspline_learned_graph,957,unif_50,1.4851999013494777,367,12.441897485405738,1.198058917367004,171,0.2871409839824736,196,0.009885241051050781,367,252,2292.580594263959,1.9073569482288828,6.363636363636363
bspline_learned_graph,957,extrap_50,0.799901113800981,367,8.288753132221103,0.08073121090921728,171,0.7191699028917637,196,0.0036160396765743913,367,274,685.8554730181804,0.0,2.272727272727273
bspline_learned_graph,957,unif_100,0.19958870441360743,367,4.5004678432844765,0.08353160455882115,171,0.11605709985478632,196,0.0006081250451333594,367,246,299.28068388903216,0.5449591280653951,1.5909090909090908
bspline_learned_graph,957,extrap_100,0.5455579828412331,367,7.687429807695752,0.05272312193094105,171,0.4928348609102922,196,0.003950748149502154,367,258,809.3603718129965,0.0,0.0
bspline_learned_graph,958,unif_1,5.692341470019408,388,27.22778792505158,0.9608201302637231,181,4.731521339755685,207,0.011470699321547324,388,347,2133.7471026485787,0.0,0.0
bspline_learned_graph,958,extrap_1,5.048353185465741,388,24.813721267639934,0.8082205234034738,181,4.240132662062267,207,0.005853325457029173,388,343,2071.648647830501,0.0,0.0
bspline_learned_graph,958,unif_2,4.032572242750772,388,23.40448445229414,0.5546431824021936,181,3.477929060348578,207,0.006765000902263438,388,339,2254.0903120769467,0.0,0.0
bspline_learned_graph,958,extrap_2,6.248161294282472,388,29.717429329931893,1.349458587148445,181,4.898702707134027,207,0.013798050486008625,388,360,3209.558633285258,0.0,0.0
bspline_learned_graph,958,unif_3,17.546086402879464,388,74.96821915411084,8.13127234362704,181,9.414814059252421,207,0.9441510411596417,388,372,22868.79150324731,0.0,27.272727272727273
bspline_learned_graph,958,extrap_3,1.2167098417663142,388,14.9422287194024,0.3684784691081339,181,0.8482313726581803,207,0.006015377219298432,388,342,2593.8698006011955,0.0,7.5
bspline_learned_graph,958,unif_5,5.61794673309099,388,27.104652659310908,0.9461564491121767,181,4.6717902839788135,207,0.01166909674835716,388,347,2183.1978562079357,0.0,12.045454545454545
bspline_learned_graph,958,extrap_5,3.212092137427266,388,26.471939739087414,0.9393060488337847,181,2.272786088593482,207,0.027596688025259893,388,368,3798.0332196772865,0.0,7.5
bspline_learned_graph,958,unif_10,7.48408168599871,388,34.09085655214352,6.304669399279343,181,1.1794122867193675,207,0.020475669679758033,388,340,5324.510401115426,0.0,9.090909090909092
bspline_learned_graph,958,extrap_10,2.339284022317461,388,18.894821365122322,0.5555282704570133,181,1.7837557518604479,207,0.006855252887457541,388,325,2043.2190478490409,0.0,9.090909090909092
bspline_learned_graph,958,unif_20,0.949781865003063,388,10.486939690512353,0.24053431572646355,181,0.7092475492765996,207,0.004524114224661287,388,273,1448.3425480185579,1.0309278350515463,9.772727272727273
bspline_learned_graph,958,extrap_20,1.6631430054291425,388,14.527127445437195,0.2792982263479238,181,1.383844779081219,207,0.0033548766720695776,388,330,1465.2229829194098,0.0,7.954545454545454
bspline_learned_graph,958,unif_50,0.5330884246635571,388,7.331875683010286,0.2516032155566164,181,0.28148520910694064,207,0.0013186520474599405,388,233,864.1753785945929,0.0,11.818181818181818
bspline_learned_graph,958,extrap_50,0.5960436041041924,388,8.334372246148606,0.10617525766370961,181,0.4898683464404828,207,0.002538995525917845,388,262,938.6334064725893,0.0,4.090909090909091
bspline_learned_graph,958,unif_100,0.26511160443401416,388,4.160036047936772,0.08253830614974704,181,0.1825732982842671,207,0.00013796347776918728,388,169,401.8438981074902,2.0618556701030926,7.045454545454546
bspline_learned_graph,958,extrap_100,0.42027214667670415,388,6.449570006409255,0.13407976395404292,181,0.28619238272266123,207,0.002773217466747575,388,254,716.3469938632113,2.0618556701030926,8.863636363636363
bspline_learned_graph,959,unif_1,3.5718229016403837,372,25.00531069383504,0.8940568093668954,172,2.6777660922734885,200,0.03453292216596355,372,357,3000.932953797803,0.0,0.0
bspline_learned_graph,959,extrap_1,5.012827790329433,372,24.181678448904073,1.0178907315090384,172,3.994937058820394,200,0.009124458699080615,372,329,1615.146269010595,0.0,0.0
bspline_learned_graph,959,unif_2,3.7812865669958557,372,29.096339487542597,1.45392275815614,172,2.3273638088397153,200,0.03132500022364047,372,360,3614.6251643570786,0.0,9.090909090909092
bspline_learned_graph,959,extrap_2,4.350548244247517,372,22.197459418319568,0.9045131794538926,172,3.446035064793624,200,0.00513612151906184,372,344,1594.2161720484105,0.0,0.0
bspline_learned_graph,959,unif_3,4.40759728316638,372,23.568121881076657,0.8630187857078099,172,3.54457849745857,200,0.02156879653516968,372,351,1965.9279148826613,0.0,0.0
bspline_learned_graph,959,extrap_3,5.698917617229205,372,26.129817777152226,1.3483069154806553,172,4.35061070174855,200,0.0063797721159803015,372,355,1582.40965555462,0.0,0.0
bspline_learned_graph,959,unif_5,5.091106266818551,372,24.355366765501866,1.3463904083665463,172,3.7447158584520053,200,0.010164165642347319,372,351,1661.2506789881495,0.0,4.318181818181818
bspline_learned_graph,959,extrap_5,4.3860941567233676,372,23.768784529739346,0.9331778807817737,172,3.4529162759415932,200,0.013628637205426808,372,360,1903.5783841725865,0.0,4.318181818181818
bspline_learned_graph,959,unif_10,7.075146728198455,372,35.087777544628615,6.276915550969712,172,0.798231177228743,200,0.032455517156869104,372,343,5378.2786330591725,0.0,4.318181818181818
bspline_learned_graph,959,extrap_10,4.094558600727644,372,24.7920908440081,0.8231035304911009,172,3.2714550702365432,200,0.013785035941957478,372,357,2097.3393766592962,0.0,18.40909090909091
bspline_learned_graph,959,unif_20,0.5602400686058575,372,8.007107717328045,0.3091273432559985,172,0.25111272534985907,200,0.0007538234192688467,372,275,554.8721491728409,0.5376344086021505,4.7727272727272725
bspline_learned_graph,959,extrap_20,2.2104344895128882,372,15.290323849396405,0.6313844348667619,172,1.5790500546461266,200,0.004178920408789436,372,330,1036.3380178082207,0.0,6.818181818181818
bspline_learned_graph,959,unif_50,0.4280087567902808,372,6.280659605270813,0.14674989844156822,172,0.28125885834871256,200,0.0006925763692361087,372,222,540.5528551707803,0.0,9.772727272727273
bspline_learned_graph,959,extrap_50,1.3090188124789837,372,9.766692993732216,0.15799428958087547,172,1.151024522898108,200,0.002946170188430631,372,263,560.7179027422374,0.0,10.227272727272727
bspline_learned_graph,959,unif_100,0.05345638458993388,372,2.264496606627663,0.017534791081546673,172,0.03592159350838721,200,0.00013046635104952607,372,164,104.8224640011832,0.0,0.0
bspline_learned_graph,959,extrap_100,0.21479907011645147,372,5.125010355365882,0.01486676036722176,172,0.19993230974922968,200,0.003388447963842688,372,238,518.6857774942727,1.075268817204301,5.454545454545454
bspline_learned_graph,960,unif_1,4.829227732681914,372,34.85320362979036,1.8002109304847203,168,3.029016802197193,204,0.12795443949464608,372,350,4174.337028883338,0.0,7.5
bspline_learned_graph,960,extrap_1,5.277117930942522,372,25.016784849225807,0.8681571708934155,168,4.408960760049106,204,0.008980026340282546,372,318,872.2595386782236,0.0,7.7272727272727275
bspline_learned_graph,960,unif_2,4.8741958505587615,372,23.578624899101,0.6422694321401928,168,4.231926418418569,204,0.0052983268106179485,372,318,778.1841949273645,0.0,16.818181818181817
bspline_learned_graph,960,extrap_2,5.481114806134216,372,26.1538438450314,0.9182548005080502,168,4.562860005626165,204,0.011134723592477221,372,330,965.9763818585776,0.0,7.7272727272727275
bspline_learned_graph,960,unif_3,5.39578475535152,372,24.499374888100327,0.9251203118176732,168,4.470664443533846,204,0.004085004040861722,372,307,779.1723624347696,0.0,7.7272727272727275
bspline_learned_graph,960,extrap_3,5.499773283983749,372,25.28054746847726,1.0408793389229964,168,4.458893945060752,204,0.00496763380836424,372,338,941.5994308849948,0.0,7.5
bspline_learned_graph,960,unif_5,4.7331352909180815,372,28.501579076091947,2.4074283481670524,168,2.3257069427510295,204,0.020157836305109433,372,350,1953.6621363870902,0.0,16.59090909090909
bspline_learned_graph,960,extrap_5,4.039731130877014,372,23.23866590980257,0.8481346664030206,168,3.1915964644739936,204,0.01210190900337398,372,335,1071.552949374438,0.0,8.636363636363637
bspline_learned_graph,960,unif_10,5.514829845080348,372,29.166532987417092,3.979448455671511,168,1.5353813894088362,204,0.02528015369284556,372,339,2364.5865512651176,0.0,19.318181818181817
bspline_learned_graph,960,extrap_10,4.147066577757719,372,23.13468976736958,1.0710552628919825,168,3.0760113148657355,204,0.0056015014497118355,372,336,892.8154562892076,1.075268817204301,12.5
bspline_learned_graph,960,unif_20,3.7078377979681747,372,18.597546242864574,1.0219874011147563,168,2.685850396853419,204,0.004872302633252374,372,286,732.0449940528156,0.26881720430107525,16.59090909090909
bspline_learned_graph,960,extrap_20,3.7197217818274964,372,21.85553712067167,0.7591444409133892,168,2.960577340914107,204,0.011551048618944243,372,308,941.5852007355516,0.5376344086021505,11.818181818181818
bspline_learned_graph,960,unif_50,0.9175704222282081,372,8.109750377072666,0.2523022981280901,168,0.6652681241001179,204,0.0006378649861142115,372,188,216.03095509759407,0.5376344086021505,10.909090909090908
bspline_learned_graph,960,extrap_50,2.1430234918402293,372,12.535627126112002,0.18877992279481542,168,1.9542435690454145,204,0.003128768708244755,372,258,377.25127072417877,0.0,10.227272727272727
bspline_learned_graph,960,unif_100,1.1213228822402443,372,6.467426234172694,0.2960819218310518,168,0.8252409604091925,204,0.0005903667476089399,372,101,131.66375943041274,2.4193548387096775,7.954545454545454
bspline_learned_graph,960,extrap_100,1.1786832109546492,372,8.731619085159203,0.17660071144439846,168,1.0020824995102509,204,0.0025962620447755338,372,209,301.93596629803784,1.075268817204301,8.409090909090908
bspline_learned_graph,961,unif_1,4.3443568724326385,381,23.96260622371198,0.9727006927851738,173,3.3716561796474647,208,0.006039278612364044,381,335,1130.8095287835824,0.5249343832020997,6.363636363636363
bspline_learned_graph,961,extrap_1,4.581233053469221,381,37.51249148423831,2.0476155557808657,173,2.5336174976883554,208,0.18590109894686882,381,367,5256.406109573459,0.7874015748031497,2.272727272727273
bspline_learned_graph,961,unif_2,4.114723196559224,381,23.16699312392918,0.9334669086365638,173,3.18125628792266,208,0.0038083332969028466,381,350,1109.9538229353695,0.5249343832020997,6.136363636363637
bspline_learned_graph,961,extrap_2,3.0272399209243543,381,22.931542281907305,1.0665367775406982,173,1.9607031433836564,208,0.01059423453079145,381,324,1802.1204534551496,0.7874015748031497,9.090909090909092
bspline_learned_graph,961,unif_3,4.267396452494819,381,24.300593701744564,0.9406716185512967,173,3.3267248339435227,208,0.009288065733500717,381,351,1257.1363256789034,0.5249343832020997,6.590909090909091
bspline_learned_graph,961,extrap_3,4.141237064896805,381,24.836506409405253,0.8221898376750207,173,3.3190472272217835,208,0.011193011631082023,381,357,1374.2214266311646,0.5249343832020997,5.909090909090909
bspline_learned_graph,961,unif_5,4.525393183832481,381,24.138497897101765,1.0740177552911192,173,3.451375428541361,208,0.008461912011184104,381,350,1108.2038522349412,0.5249343832020997,6.363636363636363
bspline_learned_graph,961,extrap_5,3.7545397679306705,381,24.30730307736581,1.3084000238275295,173,2.446139744103141,208,0.007917731551240391,381,355,1973.4451395247715,0.5249343832020997,15.454545454545455
bspline_learned_graph,961,unif_10,5.074626415192195,381,25.76186171236927,1.499019472167354,173,3.5756069430248405,208,0.004046578277441147,381,329,1268.2667913744804,0.5249343832020997,4.7727272727272725
bspline_learned_graph,961,extrap_10,1.8576787436738678,381,15.88384290757774,0.5141611709033481,173,1.34351757277052,208,0.003127133150119033,381,336,829.9305794216876,1.0498687664041995,12.5
bspline_learned_graph,961,unif_20,2.236226417907289,381,17.726666183279114,0.7560873440510376,173,1.4801390738562514,208,0.02467965779212248,381,325,1534.7377012344284,1.5748031496062993,12.272727272727273
bspline_learned_graph,961,extrap_20,2.3047519966160235,381,15.526347052371591,0.4096798334907183,173,1.8950721631253054,208,0.0019560474727990614,381,313,662.8862017710085,0.5249343832020997,8.409090909090908
bspline_learned_graph,961,unif_50,1.4213248788233415,381,10.729669479597755,0.339129722135924,173,1.0821951566874173,208,0.0007550780688496641,381,270,458.65870839356927,0.5249343832020997,19.545454545454547
bspline_learned_graph,961,extrap_50,0.7785042520057854,381,8.558897717234892,0.07692651422643053,173,0.7015777377793551,208,0.0016518080471976506,381,265,405.014815551443,1.0498687664041995,9.090909090909092
bspline_learned_graph,961,unif_100,0.15131029353471812,381,3.727289794178639,0.03041538547063095,173,0.12089490806408718,208,0.0002976582658621907,381,214,180.59076586561343,1.3123359580052494,6.136363636363637
bspline_learned_graph,961,extrap_100,0.24896467467159797,381,5.642194656860569,0.025053670570452886,173,0.22391100410114506,208,0.001317435785230818,381,219,385.7030740698198,1.0498687664041995,7.7272727272727275
bspline_learned_graph,962,unif_1,2.3043874615555633,355,16.789442749387213,0.4665510060556006,168,1.8378364554999624,187,0.005004221153369349,355,320,1532.661147838332,0.0,0.0
bspline_learned_graph,962,extrap_1,3.0146622551698954,355,18.965366167416985,0.5520394726782065,168,2.4626227824916893,187,0.011016776008570622,355,314,1523.147896707412,0.0,0.0
bspline_learned_graph,962,unif_2,2.2528908989575704,355,16.770006587132485,0.49225166361221534,168,1.7606392353453557,187,0.005140196156188065,355,317,1598.5467007764933,0.0,0.0
bspline_learned_graph,962,extrap_2,2.685127922983328,355,16.890048090897288,0.5348698629211445,168,2.1502580600621837,187,0.004525800180920304,355,310,1324.5126267440971,0.0,0.0
bspline_learned_graph,962,unif_3,3.130599173565888,355,22.614019519459276,1.601909434831632,168,1.5286897387342564,187,0.03062290657856819,355,320,3888.8608823888517,0.0,9.090909090909092
bspline_learned_graph,962,extrap_3,2.521844569411295,355,18.32194987145197,0.5482453934454081,168,1.973599175965887,187,0.006291922667058701,355,316,1423.8700706332916,0.0,9.090909090909092
bspline_learned_graph,962,unif_5,2.976637567247198,355,24.004254897686337,1.2030067717396304,168,1.7736307955075672,187,0.051446902158070795,355,332,4177.716189409769,0.0,0.0
bspline_learned_graph,962,extrap_5,1.6868918568400442,355,18.459811561550616,0.7506044415230192,168,0.9362874153170251,187,0.012552179413016265,355,333,2229.0278656189594,0.0,9.090909090909092
bspline_learned_graph,962,unif_10,8.096856263697518,355,33.283449011896096,6.891382507293195,168,1.2054737564043245,187,0.023750876395939747,355,336,3163.207071188621,0.0,9.090909090909092
bspline_learned_graph,962,extrap_10,2.6238466957727504,355,16.013224006331118,0.613990809865041,168,2.009855885907709,187,0.0038335506913136294,355,313,1200.0003660792138,0.0,1.1363636363636365
bspline_learned_graph,962,unif_20,3.7035398810798736,355,23.513377904449307,2.0886235263288153,168,1.6149163547510588,187,0.04477206745065587,355,311,4315.6423734780365,0.28169014084507044,32.27272727272727
bspline_learned_graph,962,extrap_20,1.6035888723546183,355,14.056848896059599,0.18586286664476703,168,1.417726005709851,187,0.008521151732815138,355,302,1213.2745136818107,0.0,12.5
bspline_learned_graph,962,unif_50,0.482258432682658,355,7.408074967609919,0.3585233135005412,168,0.12373511918211695,187,0.0008511362381865134,355,256,462.0463460620949,0.5633802816901409,5.454545454545454
bspline_learned_graph,962,extrap_50,0.3508307264933388,355,6.0771063662068325,0.03376744324941602,168,0.3170632832439228,187,0.0019524779595335804,355,266,531.761111021258,0.0,2.0454545454545454
bspline_learned_graph,962,unif_100,0.18605734673088462,355,3.2225374026264566,0.035914892734114634,168,0.15014245399676998,187,0.0001721949421151127,355,199,135.79203078632042,1.408450704225352,1.1363636363636365
bspline_learned_graph,962,extrap_100,0.22223058679896282,355,4.693095116129099,0.02085537977523921,168,0.2013752070237236,187,0.0016430345031673674,355,235,377.2165291617448,0.28169014084507044,0.6818181818181818
bspline_learned_graph,963,unif_1,1.999242615792275,351,22.03479374398122,1.0845320413671944,170,0.9147105744250803,181,0.041479631976485326,351,333,3438.9872889501985,0.0,0.0
bspline_learned_graph,963,extrap_1,2.4983032515950994,351,18.588544645688092,0.815881127924629,170,1.6824221236704704,181,0.012773100359716207,351,309,2022.2749278069093,0.0,0.0
bspline_learned_graph,963,unif_2,2.321719094429823,351,16.948054479751647,0.7924736252890243,170,1.5292454691407982,181,0.0055630860462582195,351,303,1713.5272327986067,0.0,0.0
bspline_learned_graph,963,extrap_2,1.7643974058507306,351,17.271394230023695,0.7623784285245552,170,1.0020189773261756,181,0.006548504124689771,351,313,2160.087066844635,0.0,0.0
bspline_learned_graph,963,unif_3,2.0193983314962183,351,16.78069195389932,0.6507642161534902,170,1.368634115342728,181,0.009166374426213568,351,303,1816.7153362858298,0.0,0.0
bspline_learned_graph,963,extrap_3,1.7457752907065078,351,17.28553332920238,0.8299606186671382,170,0.9158146720393696,181,0.010060509943333747,351,328,2187.0166386731116,0.0,0.0
bspline_learned_graph,963,unif_5,1.8879807503761585,351,20.229643437048146,0.9052501321900384,170,0.9827306181861201,181,0.02729165215268761,351,328,2918.0909425079667,0.0,0.0
bspline_learned_graph,963,extrap_5,2.7596218242673753,351,24.126107278806035,0.4129292543643489,170,2.346692569903026,181,0.12971491877829314,351,312,5488.381265557114,11.11111111111111,2.9545454545454546
bspline_learned_graph,963,unif_10,4.845390967820537,351,27.06028442889602,3.6705364923187553,170,1.1748544755017813,181,0.037327354998268863,351,318,4958.967967262957,0.0,9.090909090909092
bspline_learned_graph,963,extrap_10,1.095606786504482,351,13.80989773315069,0.27599010664682394,170,0.8196166798576581,181,0.007975784407946706,351,294,1928.069381565434,0.0,9.090909090909092
bspline_learned_graph,963,unif_20,1.6483813070544975,351,15.22435885173493,0.9214073162574206,170,0.7269739907970769,181,0.003799096129408909,351,287,1823.8319362047364,0.0,9.318181818181818
bspline_learned_graph,963,extrap_20,0.8071624107917645,351,9.348249892362952,0.17271477265584978,170,0.6344476381359149,181,0.0020452718414137017,351,283,1083.2344671494077,0.0,10.227272727272727
bspline_learned_graph,963,unif_50,0.6631995295373332,351,8.232143801609785,0.531371823362979,170,0.13182770617435433,181,0.003836439617695017,351,229,1246.003835294113,0.0,0.45454545454545453
bspline_learned_graph,963,extrap_50,0.65943915916685,351,7.993372284199184,0.18491866810272536,170,0.4745204910641246,181,0.0023826027619644695,351,266,798.3252733013439,0.0,7.954545454545454
bspline_learned_graph,963,unif_100,0.1149480701754018,351,3.138009419324984,0.08695294670375375,170,0.027995123471648037,181,0.00010132266727793792,351,181,313.7688976164474,0.8547008547008547,6.590909090909091
bspline_learned_graph,963,extrap_100,0.09456191868869054,351,3.9293358531354188,0.04077413085051148,170,0.053787787838179064,181,0.0024331801797403676,351,220,466.26666062774746,0.0,0.22727272727272727
bspline_learned_graph,964,unif_1,1.7761066635850646,356,15.569909341649439,0.3584241211017087,172,1.4176825424833561,184,0.004542017484611011,356,323,1372.9934830610741,0.0,0.0
bspline_learned_graph,964,extrap_1,1.6046192520093927,356,18.23742475656474,0.5539437203745565,172,1.0506755316348362,184,0.017602511865251285,356,346,2179.55242043846,0.0,0.0
bspline_learned_graph,964,unif_2,3.6640717418765205,356,29.219053321950437,3.0454925372566644,172,0.6185792046198565,184,0.04560911608148067,356,343,4706.573535608992,0.0,0.0
bspline_learned_graph,964,extrap_2,2.4203112997028993,356,18.6208503391303,0.7147135062808185,172,1.7055977934220814,184,0.009325272290603832,356,327,1685.1806218570182,0.0,0.0
bspline_learned_graph,964,unif_3,2.266638081883157,356,19.6816659260274,0.6623024323800836,172,1.6043356495030736,184,0.031859999146849526,356,322,2331.710654494216,0.0,9.090909090909092
bspline_learned_graph,964,extrap_3,1.8293094320439152,356,18.345776928742563,0.4937886856180647,172,1.3355207464258505,184,0.012544546819920212,356,326,1951.9369843339707,0.0,0.0
bspline_learned_graph,964,unif_5,1.914352576595363,356,18.526823746410933,0.9868998485177198,172,0.9274527280776436,184,0.006463526923555249,356,318,2220.4983026769073,0.0,9.090909090909092
bspline_learned_graph,964,extrap_5,1.773347515657949,356,16.740593025709483,0.33283162735346944,172,1.4405158883044793,184,0.011479416685112381,356,323,1675.6701363276127,2.247191011235955,10.0
bspline_learned_graph,964,unif_10,1.6822512634618232,356,15.611073610194476,0.43638525597798666,172,1.2458660074838366,184,0.004842350541046414,356,325,1479.30305464173,0.0,7.2727272727272725
bspline_learned_graph,964,extrap_10,1.3786925486197747,356,12.344830763705714,0.4307429178713903,172,0.9479496307483843,184,0.004135842165355924,356,304,907.9708343302229,0.0,0.0
bspline_learned_graph,964,unif_20,1.9257660557743839,356,14.742148391255029,0.4247870855016692,172,1.5009789702727148,184,0.0017884052131791096,356,272,1175.0569208340578,0.0,11.136363636363637
bspline_learned_graph,964,extrap_20,1.265883515129314,356,12.690661584859683,0.10187021630923809,172,1.1640132988200758,184,0.007435318390604177,356,304,1140.4791599998484,0.0,6.363636363636363
bspline_learned_graph,964,unif_50,0.5550286875097817,356,5.665624669255583,0.13341682788254544,172,0.4216118596272364,184,0.00046531294877192057,356,185,304.34066776289006,0.2808988764044944,6.136363636363637
bspline_learned_graph,964,extrap_50,0.438987421040045,356,6.259358739994553,0.05345847019688661,172,0.38552895084315847,184,0.0029927420393478826,356,256,496.10387931794367,0.0,8.409090909090908
bspline_learned_graph,964,unif_100,0.4743402276822428,356,4.410075185049777,0.07067638137940105,172,0.40366384630284174,184,8.675115333138991e-05,356,123,183.39145929936643,0.0,5.2272727272727275
bspline_learned_graph,964,extrap_100,0.17187651572974216,356,4.461618859820237,0.03826986924924865,172,0.1336066464804935,184,0.0028084380027336812,356,204,365.035538762108,0.8426966292134831,5.2272727272727275
bspline_learned_graph,965,unif_1,2.7102336723679286,364,19.644366887012936,0.4499595267218819,169,2.2602741456460467,195,0.007217983823973689,364,343,1716.3662921381629,0.0,6.590909090909091
bspline_learned_graph,965,extrap_1,3.6282063346717,364,21.879068065905415,0.38865620329199313,169,3.239550131379707,195,0.014692747193977049,364,333,1428.6953831369356,0.0,6.818181818181818
bspline_learned_graph,965,unif_2,3.5052253097461485,364,19.713595430972656,0.4193050354609683,169,3.08592027428518,195,0.005513596246727003,364,323,1155.4687120931521,0.0,6.818181818181818
bspline_learned_graph,965,extrap_2,3.2563704803459403,364,19.75596492605699,0.3784963755493089,169,2.8778741047966307,195,0.006955171888255217,364,343,1268.3877086497967,0.0,6.818181818181818
bspline_learned_graph,965,unif_3,8.129319527213188,364,44.139233864745094,6.147087136576773,169,1.9822323906364152,195,0.13116052036872256,364,355,8984.353732381016,0.0,12.954545454545455
bspline_learned_graph,965,extrap_3,7.333415229982393,364,41.244092272785984,1.0396994752694164,169,6.293715754712977,195,0.2701229569646383,364,346,6449.47683571585,15.934065934065934,5.681818181818182
bspline_learned_graph,965,unif_5,2.6151263757918763,364,19.374471811315896,0.564628637313541,169,2.050497738478336,195,0.006128256741273039,364,320,1856.6942816052563,0.0,6.590909090909091
bspline_learned_graph,965,extrap_5,3.295816618787108,364,22.20736246951872,0.5575720656207136,169,2.7382445531663944,195,0.013435993281369176,364,332,1754.261418447545,0.0,8.863636363636363
bspline_learned_graph,965,unif_10,3.317006309609445,364,16.719516816160837,0.4886771966209911,169,2.828329112988454,195,0.003382555420083879,364,298,796.381775918152,0.27472527472527475,7.7272727272727275
bspline_learned_graph,965,extrap_10,2.280646411239257,364,16.184961450930746,0.2735972418352362,169,2.0070491694040196,195,0.0030214682677919373,364,334,1095.73438525271,0.0,8.636363636363637
bspline_learned_graph,965,unif_20,2.21083041357343,364,13.334132986756375,0.3612925959167338,169,1.849537817656696,195,0.0014692008543786253,364,274,971.4732214669007,0.5494505494505495,14.772727272727273
bspline_learned_graph,965,extrap_20,1.5318787648878271,364,15.221402770930027,0.3256794091938908,169,1.206199355693936,195,0.007952969467737103,364,322,1286.9119962391194,0.0,8.409090909090908
bspline_learned_graph,965,unif_50,1.2666315410601454,364,11.618157393677025,0.49029564813249277,169,0.7763358929276525,195,0.010401448926653086,364,262,1147.9044461450426,0.27472527472527475,8.863636363636363
bspline_learned_graph,965,extrap_50,0.9389665654485848,364,9.02202444944172,0.16625734737139491,169,0.7727092180771901,195,0.0027871554344644743,364,271,476.3575324085899,0.0,8.181818181818182
bspline_learned_graph,965,unif_100,0.383186987213019,364,4.593189701561904,0.1373004600415943,169,0.24588652717142473,195,0.00021053392515940595,364,163,245.8318256553982,0.5494505494505495,7.5
bspline_learned_graph,965,extrap_100,0.5682033576004402,364,6.694005001765558,0.10438118318639508,169,0.4638221744140453,195,0.0026610187469295696,364,244,362.4368832489345,0.0,8.409090909090908
bspline_learned_graph,966,unif_1,3.011846362422495,370,26.962903790331453,1.3359112601666059,197,1.675935102255889,173,0.05238788484996632,370,362,6008.033897318411,0.5405405405405406,5.681818181818182
bspline_learned_graph,966,extrap_1,4.460874930600982,370,26.875437079148398,0.9199927800996921,197,3.5408821505012895,173,0.02307198788757925,370,364,2618.9619232010054,0.5405405405405406,6.363636363636363
bspline_learned_graph,966,unif_2,3.8885321581809498,370,22.10931275030125,0.8753016031204801,197,3.0132305550604697,173,0.004314412932211422,370,357,2007.0165106505524,0.5405405405405406,6.363636363636363
bspline_learned_graph,966,extrap_2,4.80742195330334,370,27.395568676920753,1.0665703951497174,197,3.740851558153622,173,0.021956945682546723,370,362,2450.494642260558,0.5405405405405406,5.454545454545454
bspline_learned_graph,966,unif_3,2.5531742714262804,370,19.82448797764032,0.8845751830716567,197,1.668599088354624,173,0.008975337688077671,370,355,3806.771461439892,0.5405405405405406,15.227272727272727
bspline_learned_graph,966,extrap_3,4.6720076110015825,370,33.136549589494976,1.4209706697693045,197,3.251036941232278,173,0.10692147441930111,370,358,5003.011968885037,11.08108108108108,5.0
bspline_learned_graph,966,unif_5,3.6860666739750134,370,22.375518853911863,0.9845862147492626,197,2.7014804592257504,173,0.0071155027423671705,370,342,3787.0126016493064,0.5405405405405406,15.454545454545455
bspline_learned_graph,966,extrap_5,3.861831417850086,370,22.4338932541922,0.8641583570897472,197,2.997673060760338,173,0.005254097619694774,370,346,2299.1049835069825,0.5405405405405406,12.045454545454545
bspline_learned_graph,966,unif_10,2.4477448895743743,370,17.3381543887728,0.7877167657893485,197,1.6600281237850263,173,0.0032356037657606147,370,344,1741.461616285832,1.3513513513513513,11.818181818181818
bspline_learned_graph,966,extrap_10,1.835923384564198,370,16.70003482477208,0.30388723325336753,197,1.5320361513108305,173,0.00572978822155093,370,343,1919.6622595160059,1.0810810810810811,14.318181818181818
bspline_learned_graph,966,unif_20,1.6951193875050397,370,15.256313637922265,0.5792017051398928,197,1.1159176823651467,173,0.004423808376186398,370,329,2581.5284638169355,0.5405405405405406,9.545454545454545
bspline_learned_graph,966,extrap_20,2.4313587424790666,370,16.352529733951236,0.48000583270642844,197,1.9513529097726383,173,0.0029795857022698827,370,332,1531.6930797560622,0.5405405405405406,9.545454545454545
bspline_learned_graph,966,unif_50,0.9887744463521385,370,10.18622729672599,0.3922353464613911,197,0.5965390998907474,173,0.0012495453539360646,370,332,1365.2506641347243,0.5405405405405406,19.318181818181817
bspline_learned_graph,966,extrap_50,0.8186918136810797,370,7.754183190968444,0.09354250578155762,197,0.7251493078995221,173,0.0019520085431891621,370,287,665.5346868344792,0.5405405405405406,2.5
bspline_learned_graph,966,unif_100,0.317988964194262,370,5.484534768476101,0.08724486052290853,197,0.23074410367135345,173,0.0006767674845199318,370,315,716.7442224656005,1.0810810810810811,2.9545454545454546
bspline_learned_graph,966,extrap_100,0.35000863907486474,370,5.988643874020335,0.03304126407893904,197,0.31696737499592564,173,0.0021953457981840887,370,280,626.0205377414416,0.8108108108108109,6.818181818181818
bspline_market_graph,957,unif_1,47.638072205699494,367,127.69582098589902,26.11165304182216,171,21.526419163877335,196,2.1108840985515287,367,361,42411.456833763914,0.0,9.090909090909092
bspline_market_graph,957,extrap_1,5.418843449750275,367,26.52277773553383,1.4741649700763682,171,3.944678479673906,196,0.013686000885856798,367,329,2076.065463721786,0.0,0.0
bspline_market_graph,957,unif_2,3.594322927616424,367,23.74475275885161,0.8745348938063351,171,2.719788033810089,196,0.016072144025706142,367,338,2497.7040909836496,0.0,1.1363636363636365
bspline_market_graph,957,extrap_2,3.260438192783231,367,25.588538590326287,1.0780171298479044,171,2.182421062935327,196,0.04316820899778791,367,339,4163.390578899723,0.0,0.0
bspline_market_graph,957,unif_3,8.420157430616985,367,41.3781264402738,6.047250988627112,171,2.372906441989872,196,0.07554947608742764,367,349,6817.950160502685,1.3623978201634876,18.181818181818183
bspline_market_graph,957,extrap_3,5.0468483741295325,367,26.09832569859337,1.233049504535577,171,3.813798869593956,196,0.01397572215948727,367,338,2139.833057078561,0.0,0.0
bspline_market_graph,957,unif_5,5.188519422918805,367,25.117251016982785,1.7425153103354836,171,3.446004112583321,196,0.011040056575282007,367,300,2705.929175423883,0.2724795640326976,3.409090909090909
bspline_market_graph,957,extrap_5,1.7461233622791155,367,17.617703964944464,0.616001802734608,171,1.1301215595445073,196,0.00695832913487698,367,301,2371.363764111269,0.0,0.0
bspline_market_graph,957,unif_10,6.7545880149714765,367,32.31789381273458,5.527313032204818,171,1.227274982766657,196,0.02442247386944644,367,332,5727.16099246343,0.5449591280653951,27.727272727272727
bspline_market_graph,957,extrap_10,2.9963140969859183,367,22.633620824872786,1.355305075759083,171,1.6410090212268351,196,0.012369651539921974,367,336,2849.1510506713694,0.0,12.954545454545455
bspline_market_graph,957,unif_20,3.754086941052854,367,20.32587218673054,1.1252039737835235,171,2.62888296726933,196,0.008405374080217534,367,320,1732.0933566229812,0.5449591280653951,20.681818181818183
bspline_market_graph,957,extrap_20,2.086913606550964,367,15.92355214845725,0.6382801445137828,171,1.4486334620371815,196,0.007705207367826369,367,288,1454.9742298362564,0.0,3.8636363636363638
bspline_market_graph,957,unif_50,1.2805043569181267,367,11.376692262362793,1.0511817212281682,171,0.2293226356899583,196,0.008635105268589977,367,250,2096.2518988400598,1.0899182561307903,5.454545454545454
bspline_market_graph,957,extrap_50,0.7017525593980629,367,8.0587986470121,0.06863308225234754,171,0.6331194771457155,196,0.003562880252843169,367,269,665.3202402492093,0.0,2.272727272727273
bspline_market_graph,957,unif_100,0.16166108297163262,367,4.079972151712947,0.07829097160041706,171,0.08337011137121558,196,0.0005065951921288237,367,243,259.6992650848847,1.0899182561307903,1.3636363636363635
bspline_market_graph,957,extrap_100,0.4716731960359464,367,7.174769502207553,0.04136166679925377,171,0.4303115292366927,196,0.0038340995480233846,367,229,762.7636561489028,0.0,0.0
bspline_market_graph,958,unif_1,5.923107038649594,388,27.788557453320777,1.0557634779233174,181,4.867343560726276,207,0.011335546473519855,388,346,2125.246888425685,0.0,0.0
bspline_market_graph,958,extrap_1,5.266207459215271,388,25.331026441923413,0.8842745803087111,181,4.381932878906559,207,0.005803038929884933,388,345,2087.7039221142663,0.0,0.0
bspline_market_graph,958,unif_2,4.065664938392402,388,23.081568190474826,0.4993322114305556,181,3.5663327269618454,207,0.006577420512317019,388,343,2187.4327652129264,0.0,0.0
bspline_market_graph,958,extrap_2,6.366059497664883,388,30.05365052925211,1.3853655433907812,181,4.980693954274103,207,0.013962809625460157,388,364,3223.525184088228,0.0,0.0
bspline_market_graph,958,unif_3,17.356624910294535,388,74.29181955185845,7.871593816149435,181,9.485031094145096,207,0.9444251461530172,388,372,22664.46991175561,0.0,27.272727272727273
bspline_market_graph,958,extrap_3,1.1274884992924266,388,14.191273696366201,0.2974673391817359,181,0.8300211601106905,207,0.005978743526210779,388,334,2457.7699786965013,0.0,7.5
bspline_market_graph,958,unif_5,5.87008608181209,388,27.652587151960436,1.0171746584368415,181,4.852911423375249,207,0.011523781080949766,388,344,2209.514862746881,0.0,12.045454545454545
bspline_market_graph,958,extrap_5,3.1157142522655477,388,25.800573901083478,0.8024490876154174,181,2.31326516465013,207,0.027005320012940138,388,368,3621.761020924224,0.0,6.136363636363637
bspline_market_graph,958,unif_10,7.108578596335799,388,33.20590693653968,5.905588866691808,181,1.2029897296439898,207,0.019417529299508598,388,339,5069.473960665248,0.0,9.090909090909092
bspline_market_graph,958,extrap_10,2.3073230940450533,388,18.367022653751537,0.5073696774487362,181,1.7999534165963171,207,0.006579783158693261,388,328,1913.7796366492926,0.0,7.954545454545454
bspline_market_graph,958,unif_20,0.8861762556336289,388,9.625430288841867,0.19042273667891507,181,0.6957535189547139,207,0.004191622585332764,388,255,1251.8652838839994,1.0309278350515463,8.409090909090908
bspline_market_graph,958,extrap_20,1.6051351880423945,388,13.727306730362995,0.23395257609868939,181,1.3711826119437052,207,0.0031692424690400846,388,325,1302.3969719435788,0.0,6.818181818181818
bspline_market_graph,958,unif_50,0.448571358581349,388,6.398202510133178,0.15547083326920233,181,0.29310052531214664,207,0.0010204490753224526,388,220,643.7294288180692,0.0,7.2727272727272725
bspline_market_graph,958,extrap_50,0.568671045318216,388,7.433072177163737,0.055961717971676116,181,0.51270932734654,207,0.002320678923042115,388,239,783.9480339003702,0.0,3.8636363636363638
bspline_market_graph,958,unif_100,0.22212510863881993,388,3.5745898540710535,0.04444426082207807,181,0.17768084781674187,207,8.665458927907367e-05,388,158,277.8215598966094,2.577319587628866,5.909090909090909
bspline_market_graph,958,extrap_100,0.3381267889718395,388,5.623859748762701,0.05757603203085055,181,0.28055075694098897,207,0.0026500447664849188,388,222,580.3769926704547,2.577319587628866,5.681818181818182
bspline_market_graph,959,unif_1,3.6267142407296173,372,24.87806092471919,0.8875217616661776,172,2.73919247906344,200,0.03368842404002082,372,358,2941.037158100316,0.0,0.0
bspline_market_graph,959,extrap_1,5.139919968621782,372,24.52254909468153,1.052930603610014,172,4.0869893650117675,200,0.009310163525563192,372,329,1646.341595215161,0.0,0.0
bspline_market_graph,959,unif_2,3.7890607418026834,372,29.03836366564648,1.397479348086737,172,2.391581393715947,200,0.03153804889280601,372,362,3589.1451518628783,0.0,9.090909090909092
bspline_market_graph,959,extrap_2,4.458006598508691,372,22.340422786919213,0.9294069507374716,172,3.528599647771219,200,0.004959509627689896,372,343,1584.9709116582198,0.0,0.0
bspline_market_graph,959,unif_3,4.512276024965335,372,23.64393805717494,0.8848417141383388,172,3.6274343108269957,200,0.02128750957817959,372,350,1943.3112501589717,1.3440860215053763,0.0
bspline_market_graph,959,extrap_3,5.830523307451487,372,26.34136778223983,1.3839360339336815,172,4.446587273517806,200,0.006478689795769507,372,348,1587.2521803070588,0.0,0.0
bspline_market_graph,959,unif_5,5.235325488616592,372,24.58253760288511,1.3876461778436013,172,3.847679310772991,200,0.010303757786113522,372,345,1661.778171229083,0.0,4.090909090909091
bspline_market_graph,959,extrap_5,4.413567448067838,372,23.87655205833251,0.9497301279399102,172,3.4638373201279284,200,0.013843654641674905,372,355,1927.9763587392997,0.0,4.318181818181818
bspline_market_graph,959,unif_10,6.682308321879456,372,34.056118492515715,5.862806755413349,172,0.8195015664661074,200,0.03050075797814835,372,351,5179.70501152024,0.0,4.090909090909091
bspline_market_graph,959,extrap_10,3.965773618316291,372,24.052561121358586,0.697075073382097,172,3.268698544934194,200,0.013846414711032602,372,351,2050.214304509366,0.0,16.363636363636363
bspline_market_graph,959,unif_20,0.5127723594732926,372,7.452861831305798,0.2603625363550712,172,0.25240982311822135,200,0.0006720673458001044,372,266,505.97929787261967,0.5376344086021505,5.681818181818182
bspline_market_graph,959,extrap_20,1.8390931275769087,372,13.929403432508453,0.32788092135409225,172,1.5112122062228164,200,0.004280217290845945,372,322,1030.7383049759223,0.0,7.045454545454546
bspline_market_graph,959,unif_50,0.34313975669471564,372,5.265891200296458,0.07661349051032604,172,0.2665262661843896,200,0.0005436039355029264,372,219,443.9011294730111,0.0,4.545454545454546
bspline_market_graph,959,extrap_50,1.2839224222629684,372,9.253383120745951,0.10970830493749756,172,1.1742141173254705,200,0.002977064301510867,372,250,544.397323304016,0.0,8.863636363636363
bspline_market_graph,959,unif_100,0.06519846075601722,372,2.1990720792144356,0.016624078092349757,172,0.04857438266366747,200,0.00011834144664229646,372,156,93.59791657060927,0.0,0.0
bspline_market_graph,959,extrap_100,0.21623172784475644,372,4.901304356333325,0.009255633421079058,172,0.20697609442367743,200,0.0034551384619191912,372,224,519.9969104686347,0.8064516129032258,5.0
bspline_market_graph,960,unif_1,4.279879728446906,372,33.49079017346963,1.5252758012580983,168,2.754603927188808,204,0.1268424258673634,372,347,4112.965803871513,0.0,0.0
bspline_market_graph,960,extrap_1,5.159570839795544,372,25.183759026885387,0.8567582378141764,168,4.302812601981368,204,0.008933559957094061,372,318,848.20845026271,0.0,0.0
bspline_market_graph,960,unif_2,4.793010041751813,372,23.927241600407775,0.6669242239590938,168,4.126085817792719,204,0.005242312399259702,372,321,765.524201596168,0.0,9.090909090909092
bspline_market_graph,960,extrap_2,5.373223851176998,372,26.362419724500032,0.9134463470691585,168,4.459777504107839,204,0.011104347944050828,372,337,942.6195719722177,0.0,0.0
bspline_market_graph,960,unif_3,5.291345713958893,372,24.71969058195631,0.9213940612546525,168,4.36995165270424,204,0.004004456253913136,372,311,757.1862816893504,0.0,0.0
bspline_market_graph,960,extrap_3,5.414343023274449,372,25.42282912947887,1.045009099450099,168,4.36933392382435,204,0.0047881658336972124,372,338,902.7627693725152,0.0,0.0
bspline_market_graph,960,unif_5,3.765828236134013,372,26.099679287970446,1.833896961490822,168,1.9319312746431907,204,0.018256201450324305,372,350,1824.002537804118,0.0,9.090909090909092
bspline_market_graph,960,extrap_5,2.930924583699361,372,20.750270089978425,0.5186186515896773,168,2.412305932109683,204,0.011420759182051241,372,334,989.0325779629992,0.0,8.181818181818182
bspline_market_graph,960,unif_10,4.144241560586439,372,26.264057516482723,3.1029847668857977,168,1.04125679370064,204,0.021663672017581,372,336,2183.089447613009,0.0,12.045454545454545
bspline_market_graph,960,extrap_10,3.1528730753405396,372,19.9104787711684,0.6884644214652005,168,2.464408653875339,204,0.004679373622496798,372,328,732.5147286592363,0.0,10.681818181818182
bspline_market_graph,960,unif_20,3.4112240834413274,372,18.21956861571552,0.8316627183072365,168,2.579561365134091,204,0.003058730770214636,372,294,642.0876648980936,0.0,16.136363636363637
bspline_market_graph,960,extrap_20,2.737932371475413,372,18.930796863907233,0.4566343654138552,168,2.281298006061558,204,0.010904924118402331,372,304,821.6821288810543,0.0,11.590909090909092
bspline_market_graph,960,unif_50,0.7326556422057451,372,6.759309179706575,0.11171475063804479,168,0.6209408915677003,204,0.0002565378321448429,372,167,127.59589739689584,0.8064516129032258,6.136363636363637
bspline_market_graph,960,extrap_50,1.8133930283005757,372,11.60586768670744,0.08302830287205863,168,1.7303647254285173,204,0.0029044504471359275,372,248,325.4529073220721,0.0,2.272727272727273
bspline_market_graph,960,unif_100,0.18763713563799378,372,3.177826107569677,0.030199772063509125,168,0.15743736357448462,204,7.111571987169043e-05,372,67,21.478941162842013,1.3440860215053763,1.1363636363636365
bspline_market_graph,960,extrap_100,0.4813143458387643,372,6.383104434228599,0.03259706761377152,168,0.44871727822499285,204,0.0023144023180105572,372,197,231.71126445261785,0.8064516129032258,5.0
bspline_market_graph,961,unif_1,4.5810413032523005,381,24.27514700585194,0.9200207428800729,173,3.661020560372227,208,0.006229626147182867,381,337,1141.447850651647,0.0,0.0
bspline_market_graph,961,extrap_1,4.810643135721872,381,37.968979780233,2.083987165771742,173,2.72665596995013,208,0.18546358009051045,381,366,5278.51757499006,0.0,0.0
bspline_market_graph,961,unif_2,4.353161987618493,381,23.47368182352224,0.8847104703482082,173,3.4684515172702852,208,0.0038023016074670447,381,352,1115.3661375985894,0.0,0.0
bspline_market_graph,961,extrap_2,3.231270132551254,381,23.386423942825473,1.036986327656907,173,2.1942838048943467,208,0.010759814439409508,381,329,1788.9227675191178,0.0,9.090909090909092
bspline_market_graph,961,unif_3,4.486566735831806,381,24.452871739258825,0.8898346934533571,173,3.596732042378449,208,0.009171192537582347,381,356,1251.1950319169237,0.0,0.0
bspline_market_graph,961,extrap_3,4.152889123144816,381,24.495668021171458,0.6182010638536047,173,3.534688059291211,208,0.011455513379997957,381,354,1371.7788731261887,0.0,1.5909090909090908
bspline_market_graph,961,unif_5,4.736927577476856,381,24.194582376298488,1.0135946431557445,173,3.7233329343211117,208,0.008000797337926828,381,345,1087.1941134176286,0.0,0.0
bspline_market_graph,961,extrap_5,3.8121545594157435,381,24.04617447186204,1.1030314639712857,173,2.709123095444458,208,0.007676956057749282,381,356,1872.08237170662,0.0,9.090909090909092
bspline_market_graph,961,unif_10,5.256385679535225,381,25.606107116095117,1.4354538589260957,173,3.8209318206091294,208,0.0037889480347378123,381,324,1235.5222813834694,0.0,0.6818181818181818
bspline_market_graph,961,extrap_10,1.9662983083314904,381,15.85649088544261,0.48470537892787635,173,1.481592929403614,208,0.003001598464799283,381,335,803.9069903746829,0.0,14.318181818181818
bspline_market_graph,961,unif_20,2.0718481819731354,381,17.225840662058147,0.716560443085224,173,1.3552877388879114,208,0.02321863908735213,381,317,1531.6879908887054,1.0498687664041995,11.818181818181818
bspline_market_graph,961,extrap_20,2.3620202720162387,381,15.305477037706805,0.30475825135514556,173,2.057262020661093,208,0.0020282012086634354,381,319,664.2089224258607,0.0,6.818181818181818
bspline_market_graph,961,unif_50,0.9868607467124324,381,8.322536653647129,0.16838318073955078,173,0.8184775659728816,208,0.00058746686599304,381,242,356.18270435076187,0.0,15.909090909090908
bspline_market_graph,961,extrap_50,0.8173875600486543,381,8.174993052986345,0.04524983274400239,173,0.7721377273046521,208,0.0015957064636048374,381,253,340.38194638752555,0.0,10.227272727272727
bspline_market_graph,961,unif_100,0.10922206122485276,381,3.0574169889387175,0.01839889560395706,173,0.09082316562089571,208,0.00023879975252471497,381,183,121.01675953109647,0.7874015748031497,1.5909090909090908
bspline_market_graph,961,extrap_100,0.2894778947293154,381,5.602260177009441,0.010876389426385384,173,0.2786015053029301,208,0.0013419755240992538,381,214,351.2401320462749,0.0,0.0
bspline_market_graph,962,unif_1,2.355284570287196,355,16.8581412510648,0.46679326948059513,168,1.8884913008066007,187,0.005008826712148393,355,319,1532.887548968711,0.0,0.0
bspline_market_graph,962,extrap_1,3.0764152327767986,355,19.08371517992363,0.5554072243171654,168,2.5210080084596327,187,0.011559680080984848,355,311,1530.906848108798,0.0,0.0
bspline_market_graph,962,unif_2,2.287798987072772,355,16.731841416948463,0.4880362046152341,168,1.7997627824575377,187,0.005171887989592252,355,320,1598.0759615419374,0.0,0.0
bspline_market_graph,962,extrap_2,2.7404030518762936,355,16.951239513450943,0.5336344600678948,168,2.2067685918083986,187,0.004698599909223912,355,312,1318.626326220177,0.0,0.0
bspline_market_graph,962,unif_3,3.169282252166679,355,22.61965167948855,1.5949799416561488,168,1.5743023105105303,187,0.030611896273078247,355,321,3869.1502998107317,0.0,9.090909090909092
bspline_market_graph,962,extrap_3,2.5332656637325686,355,18.450772881805605,0.5536418087448183,168,1.9796238549877505,187,0.006643359979122201,355,311,1441.4696097351073,0.0,9.090909090909092
bspline_market_graph,962,unif_5,2.8618117471640487,355,23.655058869348455,1.220508006171318,168,1.6413037409927307,187,0.05150733583781105,355,327,4151.202291384321,0.0,0.0
bspline_market_graph,962,extrap_5,1.6984023037189617,355,18.392070951548614,0.7441864919579826,168,0.9542158117609792,187,0.01217064680061974,355,336,2206.705185323056,0.0,9.318181818181818
bspline_market_graph,962,unif_10,7.908911542983027,355,32.850399020714555,6.723721448588497,168,1.1851900943945306,187,0.022687761895398575,355,333,3104.409836782981,0.0,9.318181818181818
bspline_market_graph,962,extrap_10,2.5990811072247926,355,15.640995341766208,0.5272156450090306,168,2.071865462215762,187,0.004131536807424857,355,310,1192.2742502000715,0.0,1.3636363636363635
bspline_market_graph,962,unif_20,3.673580207915735,355,22.974379592583325,2.0415337168899077,168,1.632046491025827,187,0.041252721033726514,355,303,4238.445413511754,0.28169014084507044,33.63636363636363
bspline_market_graph,962,extrap_20,1.5846836545557175,355,13.78846535633161,0.16063711393373703,168,1.4240465406219804,187,0.008955689627454445,355,296,1185.0978320715444,0.0,12.5
bspline_market_graph,962,unif_50,0.28846985238060346,355,5.6901405061150285,0.1759045542874527,168,0.11256529809315077,187,0.0004403621050786405,355,239,318.60361743030796,0.5633802816901409,1.5909090909090908
bspline_market_graph,962,extrap_50,0.35569285546866153,355,5.6909948312953915,0.022040815376469625,168,0.3336520400921919,187,0.0020772932640326603,355,250,489.1208284233181,0.0,2.0454545454545454
bspline_market_graph,962,unif_100,0.16566326774389356,355,2.7986940472778814,0.03089098593826693,168,0.13477228180562661,187,0.00011641770878707559,355,157,99.06178355777126,1.408450704225352,0.6818181818181818
bspline_market_graph,962,extrap_100,0.23969341220431206,355,4.506353246360848,0.01637667144438293,168,0.2233167407599291,187,0.001699153702189373,355,208,347.1594542526987,0.28169014084507044,0.22727272727272727
bspline_market_graph,963,unif_1,1.966577124170126,351,21.78675361955853,1.045909259950228,170,0.9206678642198979,181,0.04074589135372544,351,333,3390.275505023815,0.0,0.0
bspline_market_graph,963,extrap_1,2.5252462323061855,351,18.666914183487098,0.8209503653985833,170,1.7042958669076023,181,0.012926678350086455,351,310,2028.576431666792,0.0,0.0
bspline_market_graph,963,unif_2,2.3458465543445146,351,16.984169854069634,0.797438319256237,170,1.5484082350882777,181,0.005415850255606971,351,303,1706.406713876861,0.0,0.0
bspline_market_graph,963,extrap_2,1.7578335124687938,351,17.2161493603544,0.7384058897742578,170,1.0194276226945358,181,0.00651309378212162,351,311,2161.0656907668626,0.0,0.0
bspline_market_graph,963,unif_3,1.9920113447519572,351,16.634423730005587,0.6055321656964165,170,1.3864791790555406,181,0.00920179458529114,351,298,1818.1400161973038,0.0,0.0
bspline_market_graph,963,extrap_3,1.730423706506221,351,16.985076331778778,0.8046501556174315,170,0.9257735508887897,181,0.009479249472112827,351,330,2127.24373160472,0.0,0.0
bspline_market_graph,963,unif_5,1.8583384619454297,351,19.950272518533204,0.8723748477327229,170,0.985963614212707,181,0.026545477005983194,351,325,2872.965849568144,0.0,0.0
bspline_market_graph,963,extrap_5,2.7391333602024184,351,23.998620969748085,0.4050487366787429,170,2.3340846235236756,181,0.1288814484772619,351,313,5447.786737659993,11.11111111111111,2.5
bspline_market_graph,963,unif_10,4.771898644586373,351,26.670639671820496,3.620605070071651,170,1.1512935745147226,181,0.03632598259968458,351,316,4769.300206904782,0.0,9.090909090909092
bspline_market_graph,963,extrap_10,1.0383133266696007,351,13.043633429616992,0.2044759025807836,170,0.8338374240888173,181,0.007848908958797801,351,285,1825.9398041625236,0.0,9.090909090909092
bspline_market_graph,963,unif_20,1.3618987791718007,351,13.660601951420116,0.6434100473110628,170,0.7184887318607378,181,0.0029522901622262504,351,279,1599.674796988828,0.0,9.545454545454545
bspline_market_graph,963,extrap_20,0.7955795611163732,351,9.173783695842818,0.15566604022514358,170,0.6399135208912297,181,0.002005167776993078,351,280,1072.9058721167694,0.0,10.0
bspline_market_graph,963,unif_50,0.4776272560471638,351,6.986838550247013,0.3718959340447149,170,0.10573132200244896,181,0.0025010064111821643,351,215,1054.255403883209,0.0,0.0
bspline_market_graph,963,extrap_50,0.5938611560959174,351,7.245266733432697,0.1194141298857122,170,0.4744470262102052,181,0.0023663552652059255,351,234,749.2014988322305,0.0,5.454545454545454
bspline_market_graph,963,unif_100,0.09960146324383681,351,2.7478270108962564,0.08212460384086752,170,0.017476859402969294,181,6.860086511152707e-05,351,149,215.46145208355014,0.8547008547008547,7.045454545454546
bspline_market_graph,963,extrap_100,0.08252215192302864,351,3.591344794944434,0.030525693029393532,170,0.05199645889363512,181,0.0024398357005714476,351,207,414.9411935328997,0.0,0.22727272727272727
bspline_market_graph,964,unif_1,1.7697243317062075,356,15.605320612100797,0.36204374142944035,172,1.407680590276767,184,0.004481063612496919,356,321,1379.6424727266196,0.0,0.0
bspline_market_graph,964,extrap_1,1.5898133226684552,356,18.150467838478242,0.5476774973550552,172,1.0421358253134003,184,0.017753178165089537,356,344,2155.957574525524,0.0,0.0
bspline_market_graph,964,unif_2,3.703550849853378,356,29.31439390324742,3.0865891414480013,172,0.6169617084053767,184,0.04605755427371082,356,343,4724.259813582608,0.0,0.0
bspline_market_graph,964,extrap_2,2.406174533868847,356,18.440720138549594,0.7064786793659614,172,1.6996958545028855,184,0.009340701465242284,356,324,1662.6668292935042,0.0,0.0
bspline_market_graph,964,unif_3,2.2485273134968824,356,19.623903793994973,0.6634355928768876,172,1.585091720619995,184,0.03100162407100482,356,323,2326.994185937757,0.0,9.090909090909092
bspline_market_graph,964,extrap_3,1.8262935116018246,356,18.296105345006936,0.5028803224657474,172,1.3234131891360776,184,0.012258115977078606,356,324,1944.9940221796141,0.0,0.0
bspline_market_graph,964,unif_5,1.7664710341270378,356,17.785075193927455,0.8532480028362244,172,0.9132230312908133,184,0.006166141619799077,356,311,2118.7135821611346,0.0,9.090909090909092
bspline_market_graph,964,extrap_5,1.7487714288313174,356,16.54267079889354,0.3181412329096962,172,1.430630195921621,184,0.011172698025774279,356,324,1652.1427661293246,1.9662921348314606,10.0
bspline_market_graph,964,unif_10,1.6417603276407098,356,15.31316883473723,0.4150132228512544,172,1.2267471047894554,184,0.00467728046199077,356,324,1456.3740850373642,0.0,7.5
bspline_market_graph,964,extrap_10,1.3133285394804615,356,11.811581840060915,0.3771097806896817,172,0.9362187587907798,184,0.00394365385824022,356,299,854.1557894474075,0.0,0.0
bspline_market_graph,964,unif_20,1.8633924076177029,356,14.285662804222632,0.39008214992075296,172,1.4733102576969503,184,0.0016640520177927057,356,270,1126.121069373194,0.0,13.181818181818182
bspline_market_graph,964,extrap_20,1.246137627034896,356,12.33352534236729,0.08737096328575622,172,1.1587666637491398,184,0.007211103797089895,356,304,1096.1363618026346,0.0,6.590909090909091
bspline_market_graph,964,unif_50,0.3754519421398494,356,4.802190589814462,0.09410019481093723,172,0.28135174732891216,184,0.0003657710629548271,356,156,266.97106184759934,0.2808988764044944,3.8636363636363638
bspline_market_graph,964,extrap_50,0.4097295878412075,356,5.694368144171668,0.03338433277592398,172,0.3763452550652836,184,0.002830184675996627,356,236,445.0486445435591,0.0,7.5
bspline_market_graph,964,unif_100,0.3533120717628697,356,3.792037463567533,0.047376203954928364,172,0.30593586780794135,184,7.487979298700103e-05,356,120,152.5380001612817,0.0,4.545454545454546
bspline_market_graph,964,extrap_100,0.1472870712856274,356,4.104923659963344,0.020878901444343595,172,0.12640816984128378,184,0.002663351780838703,356,196,334.8778465101013,0.8426966292134831,4.090909090909091
bspline_market_graph,965,unif_1,2.603077671859804,364,19.83033932771638,0.48998739169627403,169,2.11309028016353,195,0.007085564256041843,364,343,1725.0644799576535,0.0,0.0
bspline_market_graph,965,extrap_1,3.5727862276464077,364,22.230467140953063,0.4458209760716022,169,3.1269652515748056,195,0.014783871699046379,364,332,1443.9820857933998,0.0,0.0
bspline_market_graph,965,unif_2,3.4650690056628277,364,20.183804703502652,0.4839807127450757,169,2.981088292917752,195,0.005606612569527225,364,327,1182.819190742149,0.0,0.0
bspline_market_graph,965,extrap_2,3.1943298063007166,364,20.090177201512986,0.43340185933902325,169,2.760927946961693,195,0.006819843831417769,364,341,1283.436729177366,0.0,0.0
bspline_market_graph,965,unif_3,7.720325369116335,364,42.93405015490496,5.94662274325202,169,1.7737026258643152,195,0.13007817712987305,364,353,8893.178957184558,0.0,9.090909090909092
bspline_market_graph,965,extrap_3,7.173430715424093,364,40.73387978230856,0.9414014327341185,169,6.2320292826899735,195,0.2686661862253614,364,347,6375.111852965623,13.736263736263735,0.0
bspline_market_graph,965,unif_5,2.427869111651879,364,19.06957972628191,0.5464922048656424,169,1.881376906786237,195,0.005562041624136289,364,321,1785.623931470359,0.0,0.0
bspline_market_graph,965,extrap_5,3.349188040032381,364,22.789241461756113,0.6971476467834022,169,2.6520403932489787,195,0.01372770978457766,364,331,1798.6362967752748,0.0,9.090909090909092
bspline_market_graph,965,unif_10,3.173693625928151,364,16.706726429538282,0.5382069249443135,169,2.6354867009838374,195,0.0033095367751596085,364,306,771.3355029762806,0.5494505494505495,1.8181818181818181
bspline_market_graph,965,extrap_10,2.042532049248653,364,16.386638310186886,0.3608999454923914,169,1.6816321037562618,195,0.003212584618738173,364,338,1149.6271252988277,0.0,9.090909090909092
bspline_market_graph,965,unif_20,2.013100310882838,364,12.948356203894349,0.3504672121018907,169,1.6626330987809468,195,0.0013318893464795466,364,270,884.6274179732989,0.5494505494505495,11.136363636363637
bspline_market_graph,965,extrap_20,1.1566560891365085,364,13.710662979477563,0.29031664064780494,169,0.8663394484887035,195,0.007960695879351509,364,314,1188.120848657571,0.0,1.8181818181818181
bspline_market_graph,965,unif_50,0.6602914290464276,364,8.873151411998258,0.19728822049530748,169,0.4630032085511203,195,0.008516442620417605,364,260,801.7840985533841,0.8241758241758241,5.454545454545454
bspline_market_graph,965,extrap_50,0.5939694010779389,364,7.238799731138657,0.09137654443177211,169,0.5025928566461667,195,0.002733612998735848,364,262,370.3074608063092,0.0,2.9545454545454546
bspline_market_graph,965,unif_100,0.12926316052312917,364,2.795619377827822,0.051354850243060295,169,0.0779083102800689,195,8.987489713701961e-05,364,160,114.7319272270093,0.5494505494505495,0.0
bspline_market_graph,965,extrap_100,0.2855969335572502,364,4.68134330306315,0.03491547751031996,169,0.25068145604693026,195,0.0026037237547034764,364,220,250.49198510472624,0.0,6.818181818181818
bspline_market_graph,966,unif_1,3.1384523105901803,370,27.226508129735837,1.3501968787803147,197,1.7882554318098647,173,0.051997400855372314,370,363,6137.340220577738,0.0,0.0
bspline_market_graph,966,extrap_1,4.523308209938853,370,26.523861935554592,0.8193996047158411,197,3.703908605223013,173,0.02341519836921587,370,362,2525.441539817632,0.0,0.0
bspline_market_graph,966,unif_2,3.9460735207315265,370,21.679846229053535,0.7788243485017917,197,3.167249172229735,173,0.004103187375048027,370,352,1894.93288805279,0.0,0.0
bspline_market_graph,966,extrap_2,4.8774065081563185,370,27.118195040922362,0.9706029270823006,197,3.9068035810740183,173,0.02228330888350212,370,361,2374.082152226682,0.0,0.0
bspline_market_graph,966,unif_3,2.6221972191682568,370,20.001446418831236,0.9022882677045523,197,1.719908951463705,173,0.009273548194859947,370,354,3943.264350340452,0.0,11.363636363636363
bspline_market_graph,966,extrap_3,4.7234138949768525,370,32.721316770622444,1.3291954047684444,197,3.3942184902084085,173,0.10605687278116407,370,359,4896.101577449288,10.81081081081081,7.7272727272727275
bspline_market_graph,966,unif_5,3.7371019465847164,370,22.232735984713607,0.9188912996185328,197,2.8182106469661834,173,0.0069539285503763,370,347,3771.505129870693,0.0,9.090909090909092
bspline_market_graph,966,extrap_5,3.83677359248204,370,21.84749457957666,0.7563029814938561,197,3.0804706109881845,173,0.005247928143830884,370,346,2186.0127010973856,0.0,9.090909090909092
bspline_market_graph,966,unif_10,2.493139293056462,370,16.595010719281277,0.6884032475163901,197,1.8047360455400716,173,0.002746721491548659,370,338,1568.7273495384416,0.8108108108108109,6.136363636363637
bspline_market_graph,966,extrap_10,1.8713408360986885,370,16.136377425037267,0.2245993919233059,197,1.6467414441753825,173,0.005727399709172033,370,342,1780.9502790906058,0.0,11.590909090909092
bspline_market_graph,966,unif_20,1.692647095040731,370,14.83855072363507,0.5590904451901435,197,1.1335566498505876,173,0.00465732766929544,370,325,2510.158929938465,0.0,5.909090909090909
bspline_market_graph,966,extrap_20,2.303798985328379,370,15.28029521272678,0.27609032470580575,197,2.027708660622573,173,0.003015135448665365,370,322,1414.0570010131678,0.0,4.545454545454546
bspline_market_graph,966,unif_50,0.7989632407009195,370,8.866513343519262,0.24712747894836334,197,0.5518357617525561,173,0.0010721473789597853,370,309,1278.5342138216963,0.0,15.0
bspline_market_graph,966,extrap_50,0.8713207410286363,370,8.167856504133079,0.09841091702826264,197,0.7729098240003736,173,0.0021545050134194068,370,285,805.5316751355849,0.0,0.6818181818181818
bspline_market_graph,966,unif_100,0.3760980502112402,370,5.981043713911564,0.15708045617334335,197,0.21901759403789686,173,0.0011237304189870713,370,279,961.0430612795501,0.0,4.545454545454546
bspline_market_graph,966,extrap_100,0.44257867534910306,370,6.565601018458583,0.07477049168104091,197,0.3678081836680621,173,0.002536636894134047,370,267,851.4393421864722,0.0,4.545454545454546
