model,split,rmse,rmse_liquid,rmse_illiquid,mae,call_rmse,call_oob_pct,call_oob_spread_mean,n_rows,butterfly_pct,calendar_pct
bspline_data,extrap_10,0.0933640335110395,0.06545347957477013,0.11077626474037897,0.057545158732176215,0.012927354542081018,85.28710446606948,14.476953530633192,10,1.3855758318229108,3.9403587021981332
bspline_data,extrap_100,0.02460539491442785,0.016109171286539065,0.029712224252080578,0.01300040032439259,0.0035752499650823387,56.196429722240126,7.0464393947312205,10,1.342166776974838,0.7833954381210478
bspline_data,extrap_2,0.20508375943956073,0.1795840500224063,0.2234391388486505,0.15014236166101036,0.035183785386447196,96.213829992911,24.52789553121458,10,0.9136344437163342,0.021604938271604937
bspline_data,extrap_20,0.07030331834411986,0.046003822772499384,0.08490506433252912,0.03714924617201525,0.008717840585672702,77.35064767674164,8.614442000822171,10,1.0256424257727716,5.169979862993075
bspline_data,extrap_200,0.021380098277196308,0.015426922288585257,0.025155879847199223,0.011785349642634387,0.003607975420009003,53.93117226267964,7.161107543549322,10,1.5696981443154852,0.5873748494429388
bspline_data,extrap_300,0.021397701121485098,0.015424836514405571,0.025183858670554594,0.01179008240633451,0.003611307939007105,53.92472771798673,7.191669271328822,10,1.516053461450228,0.5873748494429388
bspline_data,extrap_4,0.13155694631365408,0.10306760532477384,0.15055670482461028,0.09208797121316048,0.021904970202809196,93.1687826255075,20.45126007644459,10,1.2731966165647335,1.3781889867509787
bspline_data,extrap_40,0.03838165165139588,0.023058723194614803,0.04720265188066565,0.019343141111219257,0.0039941730817185175,66.15325127279758,6.530874627740361,10,1.1589309605566223,2.0466152890695577
bspline_data,extrap_500,0.021397701121485098,0.015424836514405571,0.025183858670554594,0.01179008240633451,0.003611307939007105,53.92472771798673,7.191669271328822,10,1.516053461450228,0.5873748494429388
bspline_data,extrap_8,0.09725905803156479,0.06533577550691717,0.1167116009712072,0.06279349561748236,0.014513865615751562,87.70058645356706,15.592870039879916,10,1.4000638296058727,3.1118554275820536
bspline_data,extrap_80,0.024982492882785298,0.014715225996780198,0.030837738216134242,0.013614326890964699,0.0036066986284876193,57.69478636334343,7.012456245945927,10,1.471306536421959,0.9854994730502862
bspline_data,unif_10,0.0975560791529077,0.07886839385693784,0.11027692939908175,0.061883128904393056,0.013698344192006339,87.05613198427531,17.25739730326414,10,1.145360329726206,2.970779697380307
bspline_data,unif_100,0.018446520225740594,0.017907862402353536,0.01886735892416312,0.007900761185598402,0.0010005947213399204,36.51479023007025,4.568883321277542,10,0.6607147436643223,1.487156541704306
bspline_data,unif_2,0.2320183046536839,0.20840863217243014,0.24934081982911335,0.18061371338634602,0.040684919677407554,98.52419926532191,26.647678599319487,10,0.4020552041228697,0.0
bspline_data,unif_20,0.07824613589256645,0.0647631819120126,0.0875708737610473,0.04403137583608358,0.009373486898558528,77.29264677450539,13.322956197218739,10,0.6105233054671656,7.342240665462211
bspline_data,unif_200,0.014995850527252823,0.014320132940007781,0.015516458647890518,0.006328565340440247,0.0009114717669572241,31.23026358187794,4.361334378474054,10,0.6858145686291508,0.7679755721168322
bspline_data,unif_300,0.013825116006457836,0.01366495277788399,0.01395222150813163,0.005908479499155745,0.0008952275292452174,29.644905587420247,4.354597868682494,10,0.6816106365537824,0.7436897771755495
bspline_data,unif_4,0.15267208824842413,0.13175303277371395,0.16757073886488977,0.1109169941657032,0.025225680029316033,95.22459238254817,22.884622125667075,10,1.0546762894513138,0.08589562631737428
bspline_data,unif_40,0.05028466988996174,0.042891556626593434,0.055506232386830626,0.021856570944502034,0.003706562345606329,56.69588193594122,7.226667759798716,10,0.5805930777500575,5.070188760915387
bspline_data,unif_500,0.013499286560669038,0.013414020318708999,0.01356727380529041,0.0057810293064432874,0.0008911451301879852,29.200232003608946,4.227851744480158,10,0.711320049630127,0.6822229750075278
bspline_data,unif_8,0.09741437275051151,0.07819632473500693,0.11043488548559936,0.0645267138528094,0.013536186197047858,87.63936327898433,17.99427387438483,10,1.0764896164547635,2.502266824751581
bspline_data,unif_80,0.022680810922295704,0.02126952226183955,0.023752007802116025,0.009509911188684404,0.0011091305625253443,39.40516852484372,4.868025072642795,10,0.6418317737234384,1.9920872854561877
bspline_data_interp,extrap_10,0.12755588249932315,0.09227480320835924,0.1499662451331358,0.07414174356531299,0.023496481182143612,88.15170458207128,23.98727065769947,10,5.015391608874111,4.130119881059922
bspline_data_interp,extrap_100,0.0750508515066917,0.04017887461472149,0.09410030221322578,0.03622627457717764,0.008176861166763461,73.68692401881808,13.671750071844116,10,8.673212538380117,2.0474885200240887
bspline_data_interp,extrap_2,0.16846336275337473,0.14541749343750457,0.1848797510245074,0.11326223753611266,0.03045343959131966,93.69079074563382,43.732949986255825,10,1.6742294341818937,0.0589891975308642
bspline_data_interp,extrap_20,0.10248319174875094,0.0692034715929271,0.12281924459170124,0.054477064507889285,0.015353122678605481,85.45144035573887,16.035401863899327,10,7.585276206602492,3.7295581150255943
bspline_data_interp,extrap_200,0.07241877398829906,0.03912392704758523,0.09067825590405379,0.03394002842392638,0.007729408704736972,70.05542308435909,13.407607262238184,10,8.805639836329606,2.1746141975308637
bspline_data_interp,extrap_300,0.07244849284391272,0.039122818849920304,0.09072140485158263,0.033951595653339876,0.007737127315909419,69.98131082039053,13.494011584797724,10,8.802409709869046,2.1746141975308637
bspline_data_interp,extrap_4,0.1481754147811251,0.12366079899147497,0.1652263159385002,0.09854226171306467,0.026378486732419878,92.61777405426307,36.75205707813416,10,3.145545193960544,2.2106105088828665
bspline_data_interp,extrap_40,0.08087079005231514,0.04425966220040955,0.10106280021014605,0.04148490701548763,0.009060418095658407,80.06702326480634,15.310277705504218,10,8.812628967643496,2.2485706489009334
bspline_data_interp,extrap_500,0.07244849284391272,0.039122818849920304,0.09072140485158263,0.033951595653339876,0.007737127315909419,69.98131082039053,13.494011584797724,10,8.802409709869046,2.1746141975308637
bspline_data_interp,extrap_8,0.13690178070990322,0.11055363112558252,0.15482387569000008,0.08179906773052284,0.022495700482055136,89.60817168267062,27.832540433026864,10,5.57132259665082,3.7709735395965076
bspline_data_interp,extrap_80,0.07581177753093618,0.04070467636908936,0.0950137476086031,0.03709060877548073,0.008337228543113253,74.78894116130695,14.004696080570021,10,8.742057491313354,2.0266062556458895
bspline_data_interp,unif_10,0.13213886164684038,0.1163590855208267,0.14354474749349966,0.08253512511698896,0.02153087260322538,91.39331056260875,31.278858609809312,10,3.176688318815999,6.684417344173442
bspline_data_interp,unif_100,0.04886588635035794,0.040056975577532204,0.05491819701805759,0.021356975661172325,0.0077783786868056495,63.36920796545724,7.1516789087106885,10,1.1655293553029937,5.162405901836796
bspline_data_interp,unif_2,0.18005970244723224,0.16286064822618934,0.19274590701163918,0.12524351077235507,0.03194192370238184,94.2546884062641,46.53373894271725,10,0.295233507282868,0.125
bspline_data_interp,unif_20,0.10152494326978077,0.08545215246232325,0.11277055236633499,0.056766810648134124,0.014495788980474617,86.44712251079461,18.83881217426429,10,4.189471590606589,7.78397790575128
bspline_data_interp,unif_200,0.04469276552853593,0.038094912179276165,0.049350318667876425,0.01767356739180764,0.007636352381950764,54.18573177804988,5.38553415689963,10,0.8941639693681331,5.201529095152063
bspline_data_interp,unif_300,0.04301031321784372,0.037704543097354486,0.04683269401919553,0.016330283138100237,0.007611347791761319,49.49732551395244,5.1200886841076985,10,0.866700809425398,5.391575391448359
bspline_data_interp,unif_4,0.16663230051976316,0.1486499605126155,0.17975723958675605,0.11518147125509204,0.030412820029122167,94.00012889089386,49.9231785089028,10,1.2761750375580123,2.3671446853357425
bspline_data_interp,unif_40,0.06929225651287195,0.05090482244678725,0.08107831307208258,0.03302967572669095,0.011697054363759797,75.74917832055165,11.456787130206518,10,2.475429246702687,5.036803673592291
bspline_data_interp,unif_500,0.04241588521741635,0.03743029340086444,0.04602526671608671,0.015711660352733123,0.007598068266651778,46.44261132950957,5.080169372699255,10,0.8352342132808376,5.397785870219814
bspline_data_interp,unif_8,0.14079090754633658,0.12511962864030265,0.15219623471021143,0.08740089283361542,0.02253143729797207,91.38686601791584,32.35421300572639,10,3.6923719194525804,5.702107798855766
bspline_data_interp,unif_80,0.05551464617981021,0.04828844326556715,0.06069083536388035,0.024442633114244328,0.008105392759946208,66.82026164851453,8.19238886599443,10,1.2995039188684623,5.776649540800964
bspline_factored_graph,extrap_10,0.06951051935244738,0.04652587624720785,0.08348894934062072,0.04041545015573827,0.0046555085346926565,85.85100212669975,14.732294402583237,10,0.6076151423935592,4.009487917795845
bspline_factored_graph,extrap_100,0.030609494001854125,0.018686023202418155,0.03752695830206508,0.017073182943271512,0.0031377054515470426,71.00599342656442,4.9479130118592805,10,1.0448778332355686,0.7330237503763927
bspline_factored_graph,extrap_2,0.08632526379911643,0.06131272138990199,0.10204549016265826,0.05568403697759668,0.008471069799916676,88.47393181671715,19.494156088536702,10,0.0,1.2331376091538693
bspline_factored_graph,extrap_20,0.0614358192344175,0.04041926193728493,0.07410078442162135,0.033652458870960536,0.0038652070061541534,82.00038667268157,10.20367134135182,10,1.988288376199747,3.6289718834688345
bspline_factored_graph,extrap_200,0.027046724893600015,0.01547082630100355,0.03355890375412667,0.015046669507818163,0.0030836926877464716,68.13172649352323,4.6015517779044,10,1.0341247299925607,0.289915499849443
bspline_factored_graph,extrap_300,0.027046986998134997,0.015449839958667867,0.03356703630661956,0.015044840331102574,0.0030848989248181196,68.08339240832635,4.605294628416131,10,1.027672471863522,0.2898392803372479
bspline_factored_graph,extrap_4,0.07643312562511852,0.05254370526882525,0.0911745589067073,0.04575177897452073,0.005459312451902389,88.8058258684024,12.888066151845027,10,0.1842787486383385,1.2753331074977416
bspline_factored_graph,extrap_40,0.04439237632740547,0.027250732350328825,0.05436425423708313,0.023365089969014912,0.003218058192023785,75.526841528646,5.532447627095632,10,1.8111447135044787,1.0848022056609454
bspline_factored_graph,extrap_500,0.027046986998134997,0.015449839958667867,0.03356703630661956,0.015044840331102574,0.0030848989248181196,68.08339240832635,4.605294628416131,10,1.027672471863522,0.2898392803372479
bspline_factored_graph,extrap_8,0.07151523958982152,0.05122767880722703,0.08432832523029465,0.04086120962200273,0.00420111467152975,85.49332989624283,11.547113300279252,10,0.39248014346130394,0.6166854862993075
bspline_factored_graph,extrap_80,0.03239890508081466,0.019223215952768033,0.039938729058453665,0.018129560367355625,0.0031548780090113536,72.41734871431333,5.048959368820435,10,0.6537472104655115,0.6219418096958746
bspline_factored_graph,unif_10,0.07424199260075723,0.07929568424717308,0.06992609747021798,0.04596859438395824,0.00549622274507417,85.49655216858929,18.5235017597932,10,0.4308918945116188,6.6230418172237275
bspline_factored_graph,unif_100,0.0293697409200109,0.025707127546169946,0.0320053703449173,0.013622442732294472,0.0016927479415498332,64.72578462331636,4.548456805843998,10,0.5580837479936822,1.034712812405902
bspline_factored_graph,unif_2,0.08902372897780243,0.0994872460054076,0.07964609547184776,0.05533223754018622,0.007475550813218493,89.64683895082813,27.55142562531795,10,0.0481437191229373,0.4953703703703704
bspline_factored_graph,unif_20,0.06710304885768234,0.0745131743543679,0.06050882303717877,0.03702565597041226,0.004172150624560425,82.39994844364246,13.417680554178796,10,0.14556609330432746,8.132022545919902
bspline_factored_graph,unif_200,0.019665981213171885,0.018852001685083733,0.02029513345461673,0.009839401886722927,0.0013339838488819252,56.064316556035315,3.7003024847158037,10,0.49347130298123154,0.4631916214995483
bspline_factored_graph,unif_300,0.018003779969594454,0.018581937593016053,0.017526386008224055,0.009023281616314929,0.0012647553061416916,52.909711928852225,3.7189755916790666,10,0.5485285267244353,0.32783047274917193
bspline_factored_graph,unif_4,0.0881180166233905,0.1044801459495564,0.07237241982630953,0.05306628553973137,0.006624211286860296,89.26661081394599,34.413198266072634,10,0.08688149737161335,3.8334462511291774
bspline_factored_graph,unif_40,0.046080952895203406,0.04210586850105445,0.049036290572394926,0.023604631527043344,0.0025825503351897604,72.11767738609267,9.378468771447348,10,0.5013592735751249,3.4523204607046067
bspline_factored_graph,unif_500,0.016803873035032335,0.017146185105741493,0.01652425307861014,0.00829839316927065,0.0011705458566953642,50.60256492878778,3.583051524620151,10,0.5388779082017378,0.37721224781692264
bspline_factored_graph,unif_8,0.08031434201276336,0.09154633811009114,0.07001763323093448,0.045517771432153166,0.005876147668088382,85.0357672230457,20.40306114614569,10,0.17123357750751536,5.590984454983439
bspline_factored_graph,unif_80,0.03172016540928907,0.029454278547001413,0.033426378212786316,0.01466348659656585,0.0018093064123511195,63.85254881742605,4.63381808798352,10,0.3842862055383763,1.9018443239987957
bspline_factored_graph_interp,extrap_10,0.06763232067143962,0.0438701659499619,0.08184605894983352,0.03962516968106982,0.0046427348526089695,85.2387703808726,14.84743856599481,10,0.4712693996292986,1.0966454004817825
bspline_factored_graph_interp,extrap_100,0.031594068877278954,0.018692700262743746,0.03896700789342749,0.017549645687353163,0.0031290091917178502,72.84591093639234,4.78519854232768,10,1.2498171474518422,0.12338903944595003
bspline_factored_graph_interp,extrap_2,0.08444649227275158,0.05802566719498706,0.10074582207366638,0.05421525117976677,0.007798737343138591,90.85196880840368,16.676232779746258,10,0.019274012206874396,0.4768518518518519
bspline_factored_graph_interp,extrap_20,0.06027084430192145,0.03868081502830922,0.07311438851365713,0.033936499929688564,0.004082425244620954,83.3569633305407,10.158019673654344,10,1.7048076618034227,1.3799260388437216
bspline_factored_graph_interp,extrap_200,0.028383433729731553,0.01572215893496342,0.03540371089598573,0.015628654483360885,0.003084070986817945,69.57530450473674,4.492710407094124,10,1.2972954078555445,0.08013870069256249
bspline_factored_graph_interp,extrap_300,0.028387426200411642,0.01570823988065037,0.03541443163780763,0.015629927220894752,0.003085283070249562,69.55274859831152,4.493270373831795,10,1.2972954078555445,0.08013870069256249
bspline_factored_graph_interp,extrap_4,0.0758537570951192,0.05044308090700984,0.09125402734160348,0.04639466565783907,0.0063402465298071356,89.31816717148934,12.660803702838376,10,0.9737594593444037,0.5667438271604939
bspline_factored_graph_interp,extrap_40,0.04478628990399187,0.026922816137489668,0.05507281907485338,0.02407715409777215,0.0033330884340850857,77.20886769349745,5.506211415637467,10,1.8411009977193018,0.2348953628425173
bspline_factored_graph_interp,extrap_500,0.028387426200411642,0.01570823988065037,0.03541443163780763,0.015629927220894752,0.003085283070249562,69.55274859831152,4.493270373831795,10,1.2972954078555445,0.08013870069256249
bspline_factored_graph_interp,extrap_8,0.07107443356127445,0.04931112022297327,0.08457260247597986,0.041022487969661445,0.0044457054311168795,86.09267255268415,12.250292430655465,10,0.23949415197727014,0.13641975308641974
bspline_factored_graph_interp,extrap_80,0.033392823413217886,0.01926208964347336,0.0413730716511241,0.01864225661033109,0.00316497290467553,74.18959850486563,4.9986755975261215,10,0.9328192698417155,0.07118055555555555
bspline_factored_graph_interp,unif_10,0.06939764528399148,0.07308055231336856,0.06629670263934426,0.04375325677841039,0.0053157830270169435,85.97022620351872,17.375835207877255,10,0.3313270367848036,1.941859567901235
bspline_factored_graph_interp,unif_100,0.027900579209487977,0.025158648819370445,0.029918313189614815,0.013839126793757574,0.0017852259663538685,65.70213314429336,4.645993227313624,10,0.42306790013368306,0.4631859756097561
bspline_factored_graph_interp,unif_2,0.0899049255395431,0.08999745061983853,0.08983066149131876,0.05871503759995875,0.013112844350236443,87.84236643681123,30.418200486170655,10,0.21908037243913903,0.0
bspline_factored_graph_interp,unif_20,0.05923421232199406,0.0627044940186639,0.05629708352058316,0.03360422475041437,0.0037994405505491127,82.62872978024103,12.327515977329915,10,0.05834027886623999,3.8289991719361636
bspline_factored_graph_interp,unif_200,0.01968312226971718,0.018899304561051013,0.020289795849546054,0.010444822204397956,0.0014258488424876317,59.28336663014758,3.735211571881044,10,0.4455797530587625,0.19517935109906653
bspline_factored_graph_interp,unif_300,0.018212234294176767,0.018482951190109214,0.01799220579456128,0.009592436550586806,0.0013254801996531184,56.43810014822453,3.6856568389615387,10,0.5269131452283402,0.1330642125865703
bspline_factored_graph_interp,unif_4,0.08173022654676099,0.09649628000627032,0.0675979799992434,0.052578463494868354,0.007372167699664122,87.68769736418122,35.22807668105199,10,0.09698395454124871,1.486111111111111
bspline_factored_graph_interp,unif_40,0.044358044132596246,0.0404776845597808,0.04723995858835196,0.023134489836485157,0.0025722694161456508,72.25301282464393,9.148089475831075,10,0.3822556677842414,1.2669884823848239
bspline_factored_graph_interp,unif_500,0.01704215799895659,0.017086841341755636,0.01700624192751019,0.008840064079518296,0.0012174502536159966,53.821615002900046,3.5531124713790407,10,0.5398718098123887,0.17315097109304428
bspline_factored_graph_interp,unif_8,0.07563393471059113,0.08536682169060063,0.06681260582931278,0.0438097348357666,0.005155123585441462,84.85531997164401,17.184260682211033,10,0.05447458964177199,1.5659722222222223
bspline_factored_graph_interp,unif_80,0.02968184052326443,0.027419374818801998,0.03137846111937926,0.014907609675381345,0.0018422740578822778,65.94702584262421,4.766671998344935,10,0.2554560548849561,0.6637994956338452
bspline_learned_graph,extrap_10,0.07012693892185692,0.047203419734520316,0.0841105125076053,0.041183008117420074,0.004640362382148236,87.12057743120448,13.03803817480253,10,0.26455054534222205,3.809531202950918
bspline_learned_graph,extrap_100,0.03168309056935451,0.019377414043791112,0.03882878818958362,0.01792573869785166,0.0031684388182712814,74.00270670877103,4.35559562169358,10,0.8051331280963779,0.7290640996687745
bspline_learned_graph,extrap_2,0.08707903430347848,0.06122415466183574,0.10323519188188922,0.05662782628889732,0.008669122604453393,89.16027582651286,19.197896882038407,10,0.0680504301822799,1.2331376091538693
bspline_learned_graph,extrap_20,0.061875383783653135,0.040390038844816664,0.07476956825358856,0.035216129914799325,0.004179704730248063,84.19475414061996,9.097896617159632,10,0.25230150156799414,2.8681769421860883
bspline_learned_graph,extrap_200,0.027870150013161926,0.015682055098562724,0.03467570809621693,0.015593942058860374,0.003084264904848559,68.84062640974415,4.591855752117798,10,0.7767176747534945,0.39281372327612163
bspline_learned_graph,extrap_300,0.027866952406756847,0.015651930350384504,0.03468199127038508,0.015589230432517608,0.0030853175144724384,68.76973641812206,4.601155044084698,10,0.7926451575080874,0.38667852303523037
bspline_learned_graph,extrap_4,0.07635698711534812,0.05224637558909061,0.09119661796057106,0.046262578460149806,0.00561791192229836,88.52226590191403,13.155279873920875,10,0.07125776999004703,0.8342225609756098
bspline_learned_graph,extrap_40,0.0450944365680013,0.027891643825147878,0.055139244602008974,0.024760467802664585,0.0034776333616117184,77.31842495327705,5.2747319117860485,10,0.547422254857105,1.1875489310448661
bspline_learned_graph,extrap_500,0.027866952406756847,0.015651930350384504,0.03468199127038508,0.015589230432517608,0.0030853175144724384,68.76973641812206,4.601155044084698,10,0.7926451575080874,0.38667852303523037
bspline_learned_graph,extrap_8,0.07246594739094861,0.05117396157698782,0.08580400805545833,0.04177976210923419,0.004259076298733132,86.73390474962945,11.48115650091802,10,0.006361323155216285,0.8504027401385125
bspline_learned_graph,extrap_80,0.03364697112233312,0.020095737768280702,0.04142609272424406,0.01903003687643681,0.0032074518465110115,75.13372430237804,4.510962140465184,10,0.379525870713855,0.6520409891598916
bspline_learned_graph,unif_10,0.0742818207120467,0.07982858597710052,0.0695148867514707,0.04516017499572584,0.0052223195405747234,82.02616485145325,19.294926140132322,10,0.40557370147312655,5.942038354411322
bspline_learned_graph,unif_100,0.02872130415508058,0.025317806405258117,0.03118331342453296,0.013259749422365656,0.0016177434687374608,62.59586260230715,3.15415126313308,10,0.4935202977049631,1.1939316094549834
bspline_learned_graph,unif_2,0.08884615849172259,0.09922186346672598,0.07955423120173082,0.05501074237599268,0.007411880080739676,89.41161306953664,27.516708875690817,10,0.057524183201682254,0.4922839506172839
bspline_learned_graph,unif_20,0.06616204734969282,0.07222605044179917,0.06086443461739917,0.036208474955945195,0.0038371653469284066,79.60623831926274,13.107743806132035,10,0.12345206220936636,7.108868751881964
bspline_learned_graph,unif_200,0.019030368915483063,0.01868891159499989,0.019299817077234972,0.009576899680663003,0.0012638426980518009,55.26519301411355,2.715957961559074,10,0.5378928569529621,0.5520889792231255
bspline_learned_graph,unif_300,0.017394036087508148,0.018274054369104963,0.0166547957426968,0.008581630066327476,0.0011347359200935027,50.747567184378426,2.4574877327657068,10,0.48578280970756466,0.45229411321891
bspline_learned_graph,unif_4,0.08932537159407679,0.1055763805110333,0.0737505708778992,0.05391628386945439,0.006682052213870049,88.62860088934717,35.44057336808472,10,0.07434081484909409,3.8803212511291774
bspline_learned_graph,unif_40,0.045610725430569085,0.04071579124683061,0.04918524374526078,0.023512654644968895,0.002494339099879926,72.59779596571502,7.714973970511749,10,0.22259672661629887,3.2416977190605243
bspline_learned_graph,unif_500,0.016029614038589022,0.01675385480235804,0.01542430177378768,0.007814617258296084,0.0010547520518419272,47.25140168847071,2.3509799056352776,10,0.5090926321380209,0.6405252559470039
bspline_learned_graph,unif_8,0.08140131573058809,0.09255635702283459,0.07120461475352698,0.046303285337136055,0.00588335795612582,82.96384610427273,21.586364436885834,10,0.06797581787972759,5.010315981632038
bspline_learned_graph,unif_80,0.03133808719138774,0.029527664400776525,0.03271755612321795,0.014682425748008227,0.0018246493292791248,64.31333376296965,3.613073923332775,10,0.3162267383141232,1.7281419376693765
bspline_learned_graph_interp,extrap_10,0.06633162514638072,0.04362890391858554,0.08001082627270803,0.039910359388436754,0.004749917536344312,87.71025327060643,12.946246083215442,10,0.019147539952318365,0.7462191358024691
bspline_learned_graph_interp,extrap_100,0.030920606241166493,0.019296444869056774,0.03773822560090941,0.017407330097899975,0.0032181836742857387,74.05426306631436,4.4877588654272556,10,1.095950316361479,0.018557098765432097
bspline_learned_graph_interp,extrap_2,0.08435346691773803,0.057527607807304114,0.10083440373635491,0.05358757313001078,0.007733511478444403,89.91750982793066,17.822340010884055,10,0.04818503051718599,0.12345679012345678
bspline_learned_graph_interp,extrap_20,0.06062084961671305,0.03839466291138538,0.07375393424991765,0.03532295687714906,0.004514870007064308,86.4245666043694,8.402667144532568,10,0.2971494835980787,0.763551076482987
bspline_learned_graph_interp,extrap_200,0.027842661174414838,0.01602044383398711,0.034511485736808685,0.01540077799441518,0.0031461148987559184,69.61074950054778,4.6591944607354,10,1.1699931267487282,0.04016203703703704
bspline_learned_graph_interp,extrap_300,0.027847190449022084,0.016006651390542956,0.03452320044794912,0.015399115261325048,0.0031468035958954637,69.58819359412257,4.657822249826888,10,1.166714034066111,0.03707561728395061
bspline_learned_graph_interp,extrap_4,0.07424457679439858,0.04995608719716799,0.08905775863859684,0.04522373906245051,0.00609343299114139,89.05394083907971,13.675269991847626,10,0.47816228947563255,0.22002314814814813
bspline_learned_graph_interp,extrap_40,0.04446697042132519,0.027786795902263395,0.05425640089636406,0.02467138118670018,0.003587549154216752,79.07456338209705,5.279745749616438,10,0.7718382311370101,0.12689419602529356
bspline_learned_graph_interp,extrap_500,0.027847190449022084,0.016006651390542956,0.03452320044794912,0.015399115261325048,0.0031468035958954637,69.58819359412257,4.657822249826888,10,1.166714034066111,0.03707561728395061
bspline_learned_graph_interp,extrap_8,0.07123719812061977,0.04930149168333041,0.08482348878146585,0.04180616076332412,0.004649518401754772,86.90468518399175,14.292826097212037,10,0.06804201831342792,0.10231481481481482
bspline_learned_graph_interp,extrap_80,0.033100157420664064,0.01985830147907032,0.04071808469506388,0.018606011971990636,0.003211362195495685,75.09505703422053,5.225457967373288,10,0.7022373799824861,0.10817901234567902
bspline_learned_graph_interp,unif_10,0.06999901946492051,0.07617245033593831,0.06462392060904784,0.044268414214589484,0.0050997898443890044,84.16897596184829,18.61940111401662,10,0.3445460271470123,1.2187669376693768
bspline_learned_graph_interp,unif_100,0.02753831610735526,0.025363389772355076,0.029165433087477433,0.013887928854075308,0.0017333948982905007,65.1060127601985,3.71889259856301,10,0.45161981303652404,0.5255758807588077
bspline_learned_graph_interp,unif_2,0.08575249671781776,0.0828246463735017,0.08802999401332517,0.0569273378475467,0.01201120095731736,87.63614100663789,30.1813917782688,10,0.22502092376709956,0.0
bspline_learned_graph_interp,unif_20,0.05845623326688569,0.05956817734890862,0.05754905355396323,0.03376836174206532,0.00359114606908003,82.33872526905974,12.265906442876009,10,0.032462616471123494,2.592487202649804
bspline_learned_graph_interp,unif_200,0.01925960306604035,0.01870627098282302,0.019692086304404735,0.01045183069866148,0.0013870241698239567,58.664690339627505,3.398279159472136,10,0.5160192943112826,0.2114573923517013
bspline_learned_graph_interp,unif_300,0.017944930352955475,0.018409789602088354,0.017563276312290592,0.009482803045943768,0.0012292885741724219,55.1363021202552,3.135586114328151,10,0.49046316589756617,0.15594041704305933
bspline_learned_graph_interp,unif_4,0.08028411548481056,0.08964592176678961,0.07190164347164255,0.053201503395378325,0.008570488508997134,86.67590384739319,36.05959546753967,10,0.1514467441563407,0.7438271604938271
bspline_learned_graph_interp,unif_40,0.043644054085508685,0.03850411902167895,0.04736445601544944,0.023217118515938166,0.0025461782411888927,74.67938390152736,8.477791624194131,10,0.21633283972934128,0.6094916817223728
bspline_learned_graph_interp,unif_500,0.01674951518414976,0.016757614896333723,0.016743017252248638,0.008682778273935947,0.0011309053043806207,51.810917058709805,2.930837862152134,10,0.5104955889701159,0.1621508958145137
bspline_learned_graph_interp,unif_8,0.07641057702352537,0.08614351150491086,0.06760087991956001,0.045128503689853716,0.004853233416288706,83.32151833472965,16.016738471223004,10,0.009691576975415717,0.9537808641975308
bspline_learned_graph_interp,unif_80,0.02873980962576375,0.027026995684079774,0.030042835836362067,0.014969461743375,0.0019000997710943107,67.18115615131791,4.084032957368405,10,0.39157857088729686,0.8138277250828063
bspline_temporal,extrap_10,0.06829600166278778,0.04234246860529835,0.08346823556578535,0.039358559528606715,0.004500894773856747,85.73177804988077,12.409797689468064,10,0.3382003440846363,2.749530450165613
bspline_temporal,extrap_100,0.029316427444351888,0.014537819449485448,0.037137089832459204,0.015722369319824,0.0031156344159745,66.09525037056132,4.256597781159373,10,1.0127727100935515,0.7123343872327611
bspline_temporal,extrap_2,0.08614879983796926,0.060774235177710655,0.10203508604525903,0.05547587448365705,0.008458089862044061,88.52226590191403,19.011707409271256,10,0.1457353030407301,1.2331376091538693
bspline_temporal,extrap_20,0.05956864499689979,0.033610230040432974,0.07408118851254596,0.03229645570933065,0.003869314239980721,81.42359992266546,8.376596958633595,10,0.6059194270057519,2.5765253312255347
bspline_temporal,extrap_200,0.02598736221788687,0.012285460759707297,0.03310383614656649,0.013920664510118488,0.003069324835833232,61.4519559193143,4.639215990113314,10,0.9837599140865356,0.3742876769045468
bspline_temporal,extrap_300,0.02598797454364056,0.0122624109037088,0.03311155455872232,0.013919149168127582,0.0030701889330812843,61.43584455758201,4.648003935900135,10,0.9996873968411284,0.3742876769045468
bspline_temporal,extrap_4,0.07620344269901645,0.050968492036414445,0.09154442127332271,0.04595373931390849,0.005634590728900094,88.53837726364632,12.889352855637565,10,0.05497023195407609,1.3128716877446553
bspline_temporal,extrap_40,0.042799602889333294,0.02202825207807224,0.05395928556282015,0.02238496382252477,0.0032896057272059943,72.94902365147902,4.950791514300603,10,0.7733366216069978,0.8227030638361938
bspline_temporal,extrap_500,0.02598797454364056,0.0122624109037088,0.03311155455872232,0.013919149168127582,0.0030701889330812843,61.43584455758201,4.648003935900135,10,0.9996873968411284,0.3742876769045468
bspline_temporal,extrap_8,0.0702185228065712,0.0469367175809892,0.0843674828214841,0.03975681711725926,0.004063326995023687,85.45144035573887,11.05905830322019,10,0.07390686127605742,0.44188215146040355
bspline_temporal,extrap_80,0.031147961257431148,0.0151720094001683,0.0395423909655107,0.016752708537792486,0.003130451335374995,67.6419410968615,4.3057349328957315,10,0.6284223409050016,0.6231575579644686
bspline_temporal,unif_10,0.07063630929077477,0.07334949784585221,0.0683828942470987,0.04185606094050988,0.004797843441061726,79.78668557066443,18.032016852609782,10,0.512174745391839,4.570619730502861
bspline_temporal,unif_100,0.02263087376900218,0.01892484129447847,0.025212168054928243,0.009587314182113746,0.0011646292940105402,50.847457627118644,2.7060424924187254,10,0.5984307763372426,0.2840456564287865
bspline_temporal,unif_2,0.08883670257174414,0.09932688906384451,0.079430010774434,0.05499667898053753,0.007423610524358298,89.2891667203712,27.577614914155777,10,0.057524183201682254,0.4922839506172839
bspline_temporal,unif_20,0.05792227610058829,0.058568679172923264,0.05739867115339357,0.0314000023922067,0.0033007269335063125,76.30340916414255,12.113567519952834,10,0.30378154420851683,6.016910380909366
bspline_temporal,unif_200,0.01465464302626108,0.014030521427952886,0.015136541016718812,0.006856675101242327,0.000916316585203685,41.757427337758585,2.423931127547878,10,0.6534312059499593,0.3040509259259259
bspline_temporal,unif_300,0.012584731891371766,0.013475180976427492,0.011822331979679673,0.006064425135233273,0.000836959917996792,37.87781143262229,2.294680904249147,10,0.6509745302314508,0.2764274691358025
bspline_temporal,unif_4,0.08814725805186353,0.10470643543664494,0.07217406442462461,0.05270595182979614,0.006515343388789332,88.16781594380357,35.06277296001829,10,0.18311677332510182,3.894421860885275
bspline_temporal,unif_40,0.03897983852047287,0.032483721908678785,0.04349362047632061,0.018523886082499427,0.001956007862153233,65.49912998646646,6.170513719537209,10,0.401597403725687,1.9496932399879554
bspline_temporal,unif_500,0.01176041395463455,0.012697591324246665,0.010951107658159234,0.005612172256550869,0.0007910834239205065,35.24843719791197,2.290063651733722,10,0.680164735603896,0.27935956790123456
bspline_temporal,unif_8,0.07836066152406097,0.0876450316576966,0.07003191639244787,0.04398643986142083,0.005689202783982534,81.20126313075981,21.45437550752914,10,0.24504051484267958,5.272091425775369
bspline_temporal,unif_80,0.02528292392697687,0.021884216603662212,0.02770876250508976,0.010805157425122919,0.0013356180502551683,53.80228136882129,3.12341951465849,10,0.4186153667254831,1.2596751731406204
bspline_temporal_graph,extrap_10,0.06865126202506124,0.043988381330104166,0.08331067475438635,0.040045776056143706,0.004612347362929358,86.182896178385,13.1474962557049,10,0.174044532189313,2.597636254140319
bspline_temporal_graph,extrap_100,0.030159475251686548,0.01730064069943485,0.037402867840764305,0.01658942366461976,0.0030553060048555424,70.0232003608945,4.249873751141218,10,0.784085122936096,0.649951068955134
bspline_temporal_graph,extrap_2,0.08619115104774777,0.06093605396339002,0.10202214054456064,0.05549950753083607,0.008427478014772744,88.6962686086228,19.14757336145559,10,0.044931177731653844,1.2331376091538693
bspline_temporal_graph,extrap_20,0.060588978429172526,0.037591122597652085,0.07403812266416546,0.03337248081751361,0.0039056191125021863,82.0068312173745,9.036458820740009,10,0.33281813722915,2.8239799759108704
bspline_temporal_graph,extrap_200,0.026694851680866515,0.014372477311590562,0.03344264586962856,0.014703315857148375,0.003013899520541704,66.1435844557582,4.506897184503532,10,0.7123971978665786,0.2343176001204456
bspline_temporal_graph,extrap_300,0.026697089182126453,0.014356902353389298,0.03345122776695879,0.014703401521840426,0.0030150660924972298,66.09202809821485,4.517189071229718,10,0.7283246806211715,0.23119260012044562
bspline_temporal_graph,extrap_4,0.0763759238349568,0.051776213905235416,0.09143988840793862,0.046229035426134144,0.005641801468968756,88.85738222594574,12.999268501472226,10,0.0352826585726995,1.3594408687142425
bspline_temporal_graph,extrap_40,0.043740083039082965,0.025010056666964188,0.0542750934980668,0.023195731465171406,0.0032857114925086152,74.98872204678739,5.14777447384287,10,0.44448462187740123,1.1995012797350195
bspline_temporal_graph,extrap_500,0.026697089182126453,0.014356902353389298,0.03345122776695879,0.014703401521840426,0.0030150660924972298,66.09202809821485,4.517189071229718,10,0.7283246806211715,0.23119260012044562
bspline_temporal_graph,extrap_8,0.0707731703217715,0.04910665020199621,0.08421199936027558,0.04030915371937412,0.004094603566941283,85.6512212412193,11.412413627333816,10,0.006361323155216285,0.4135689551339957
bspline_temporal_graph,extrap_80,0.03202878295369713,0.018002878368923475,0.03985677669420319,0.01760564875624442,0.0030662006207633876,70.99954888187149,4.356950336148263,10,0.37992319098835015,0.6095556684733514
bspline_temporal_graph,unif_10,0.07279948809422662,0.07700898024991412,0.06923927906016084,0.04379409846813866,0.0050793179558981496,81.13359541148418,18.869007584220807,10,0.49269171168884024,5.960889980427583
bspline_temporal_graph,unif_100,0.02583741085337578,0.022620913378784187,0.028152436620936597,0.01163437442303751,0.001438410461176702,57.92034542759554,2.995605444210778,10,0.43182912067862206,0.5707241794640169
bspline_temporal_graph,unif_2,0.0888509963434007,0.09932923588583238,0.07945646139531912,0.055050568196695106,0.007427967047030003,89.35683443964683,27.56438962814075,10,0.057524183201682254,0.46759259259259256
bspline_temporal_graph,unif_20,0.06401753702371024,0.0698428340599679,0.05893172264218778,0.03436483899239959,0.0037421651362281156,77.48920538763936,13.002531868912547,10,0.14947806661609475,7.502943390545016
bspline_temporal_graph,unif_200,0.017498946815090583,0.0167050529088644,0.018110439404570553,0.00858222710941223,0.001164783565453093,50.754011729071344,2.54793825946866,10,0.5972116623662789,0.28488313008130084
bspline_temporal_graph,unif_300,0.015564047186582131,0.016246145953211284,0.014994677063590834,0.00770333405330096,0.0010663417310135554,47.293291228974674,2.364122590909088,10,0.5574186620913351,0.23846827009936766
bspline_temporal_graph,unif_4,0.08818634503336124,0.10477411904927308,0.07218133616624442,0.05269828923260043,0.006546754407268914,88.17748276084295,35.0714018256154,10,0.22588038718529813,3.8334462511291774
bspline_temporal_graph,unif_40,0.04209108315886117,0.03673355389612868,0.04593803291574098,0.02106389423377323,0.002296281537268251,68.68273506476767,7.302972380459203,10,0.25759919657888786,2.9458126317374287
bspline_temporal_graph,unif_500,0.014525754722267706,0.015130912517515022,0.014021626483108816,0.007108796298279163,0.0009937276148283976,44.89269833086293,2.2569238613074627,10,0.5551275074534052,0.22604354862993067
bspline_temporal_graph,unif_8,0.07896198628520457,0.08867152672791766,0.07021252697794739,0.04413834447029364,0.00574724242963193,81.35915447573629,21.517138659134567,10,0.09673225487170314,5.170455058717254
bspline_temporal_graph,unif_80,0.028740247224640882,0.026353133183187234,0.030519863834571514,0.013060350912525144,0.0016489028281033834,59.43481343043114,3.4448420347920092,10,0.3942366325694024,0.9006022282445045
bspline_temporal_graph_interp,extrap_10,0.06585282553242822,0.04225324197116571,0.07989011350704495,0.0385848055887794,0.004682495304787698,86.95301926918863,12.948234092435966,10,0.01596675551079551,0.40821759259259255
bspline_temporal_graph_interp,extrap_100,0.03225397846471598,0.017978275766047522,0.040191504694510265,0.016950617768142686,0.003299372861344226,71.22833021847006,4.844939564133014,10,1.5157452073279258,0.0030864197530864196
bspline_temporal_graph_interp,extrap_2,0.08357959061370111,0.057240155771870214,0.09979909152224324,0.05243224923644293,0.007292732987242182,88.77682541728427,17.727442389598803,10,0.04818503051718599,0.12345679012345678
bspline_temporal_graph_interp,extrap_20,0.0585360337736117,0.03631933745851251,0.0715286970671497,0.03218254204031603,0.003887171391040339,83.78230328027325,8.390124686590276,10,0.33277596739582493,0.5040932700993677
bspline_temporal_graph_interp,extrap_200,0.02990706729945021,0.015277583350885299,0.03774263341818667,0.0157846517436781,0.003432329499781886,68.86962686086228,5.168561514266598,10,1.7420375759632318,0.0030864197530864196
bspline_temporal_graph_interp,extrap_300,0.029906244987426757,0.015267747536383356,0.03774465088078082,0.01578129326587583,0.0034321563424474797,68.84062640974415,5.165112191550803,10,1.7356151001431317,0.0030864197530864196
bspline_temporal_graph_interp,extrap_4,0.07451938554694927,0.049732264879298736,0.08957031272215933,0.04452845708791873,0.005971278576641676,88.93471676226075,12.5253770689674,10,0.6777949458717407,0.2731481481481482
bspline_temporal_graph_interp,extrap_40,0.04394132213333639,0.025468963031023424,0.054396728564817205,0.022716226890566113,0.003195797638903051,77.22497905522975,5.1957379370023276,10,0.8481783365096632,0.10841143480879252
bspline_temporal_graph_interp,extrap_500,0.029906244987426757,0.015267747536383356,0.03774465088078082,0.01578129326587583,0.0034321563424474797,68.84062640974415,5.165112191550803,10,1.7356151001431317,0.0030864197530864196
bspline_temporal_graph_interp,extrap_8,0.07065379439614283,0.04846280744649382,0.0843303856365332,0.041079962646249954,0.004569897213987755,86.26989753173939,14.322471209118515,10,0.05790517352173017,0.05258487654320987
bspline_temporal_graph_interp,extrap_80,0.03377028259096436,0.018886249076180278,0.04205839668760025,0.017804833481010623,0.003214828802845268,72.32068054391958,5.467060465031261,10,1.2939715129914204,0.030864197530864196
bspline_temporal_graph_interp,unif_10,0.06873374768481912,0.07064600818686863,0.06716099504753753,0.04280297736894342,0.00493239009363217,84.70387317136044,17.28163676870354,10,0.38645519713327253,0.9340249548328817
bspline_temporal_graph_interp,unif_100,0.0254595867881559,0.02276457792774169,0.02743006014555079,0.013141311598496762,0.0016190337400491027,63.130759811819296,3.8802185192889254,10,0.47850647842010263,0.17040895061728395
bspline_temporal_graph_interp,unif_2,0.08446874846632028,0.08219865301100869,0.08624596422614406,0.056222160997053634,0.011940002461057761,87.06257652896822,30.436651156852967,10,0.24699172379683515,0.0
bspline_temporal_graph_interp,unif_20,0.05730015495974536,0.05835916405145287,0.05643658832452309,0.031973909643779934,0.0033760933499903728,79.26467745053812,12.215064730069379,10,0.15301769965044673,2.6814824224631137
bspline_temporal_graph_interp,unif_200,0.019222535787062463,0.017287198565278463,0.020643801595319564,0.010178345074953129,0.0013031133580586704,57.13088870271315,3.2599556239078633,10,0.5618367948279215,0.006172839506172839
bspline_temporal_graph_interp,unif_300,0.017375700100982595,0.01663981249169125,0.017944013197652656,0.009124138831098761,0.0011682793845055302,53.76361410066379,2.9600269329376965,10,0.6035290219849752,0.0
bspline_temporal_graph_interp,unif_4,0.0791862889647797,0.08803340704736656,0.07130314288231979,0.052841117888627775,0.009017124251170574,87.29780241025972,36.802071768785446,10,0.17495432272281525,0.9351851851851851
bspline_temporal_graph_interp,unif_40,0.04138428494389127,0.035361021313243576,0.0456436170627552,0.021542690467482018,0.0023544273908156915,71.7793387897145,7.957668832571515,10,0.2615454056897928,0.6066386254140319
bspline_temporal_graph_interp,unif_500,0.01624042099487042,0.01549748624317856,0.01681247336337965,0.008397482155478503,0.0010771002615983982,50.85712444415802,2.826964860469312,10,0.6263940608621609,0.012345679012345678
bspline_temporal_graph_interp,unif_8,0.0757973628062321,0.08425772086557366,0.06825963994977376,0.04441517847303784,0.005016458854468385,83.31185151769027,16.350172922438862,10,0.042074655691197414,1.0243827160493826
bspline_temporal_graph_interp,unif_80,0.028252879343517962,0.025466803578712893,0.030302510937225573,0.014663468117473044,0.001776420198839223,64.44222465682799,4.388099364955116,10,0.5232199780888642,0.3579644685335742
bspline_temporal_interp,extrap_10,0.06551965926399665,0.0406180925125075,0.08007637297577982,0.03799910529256613,0.004491435524146883,86.49867886833795,11.22129823956428,10,0.4678485304401437,0.1798996913580247
bspline_temporal_interp,extrap_100,0.03234246031317754,0.01604517615089137,0.040968244285163165,0.016946949588820457,0.0034382282691609216,69.99419990977637,5.347518112433482,10,2.1640120778798506,0.0
bspline_temporal_interp,extrap_2,0.08409114530415343,0.05735065502392979,0.10051993954955481,0.053912089777281694,0.0077330999365740685,91.12263968550621,16.562453859916108,10,0.1871921120061855,0.12345679012345678
bspline_temporal_interp,extrap_20,0.05776220732738073,0.03335369001172582,0.07155337445453845,0.03189528148632487,0.003980788093964607,83.8403041825095,8.161906885523091,10,1.064217810051966,0.13218909966877446
bspline_temporal_interp,extrap_200,0.030062439745887442,0.013619313267409332,0.03846714831014139,0.015791615740121823,0.0035689453695660063,65.95024811497068,5.9405128604357085,10,2.5707459037211566,0.0
bspline_temporal_interp,extrap_300,0.030060633686226287,0.013613264936611469,0.03846632189486959,0.01578767050933196,0.003568061293339713,65.93091448089193,5.935321032015928,10,2.5706803613864264,0.0
bspline_temporal_interp,extrap_4,0.07590013551804191,0.049329068675121046,0.09181017218634437,0.047034632387363794,0.006622078760115779,89.89173164915898,13.451171468292497,10,0.9583590730009938,0.16693672839506174
bspline_temporal_interp,extrap_40,0.0438454063211104,0.023526916861154747,0.05495574411938601,0.02285795739163302,0.003401478870011537,77.69220854546626,5.11760599027949,10,1.3397606739194576,0.003048780487804878
bspline_temporal_interp,extrap_500,0.030060633686226287,0.013613264936611469,0.03846632189486959,0.01578767050933196,0.003568061293339713,65.93091448089193,5.935321032015928,10,2.5706803613864264,0.0
bspline_temporal_interp,extrap_8,0.07061227545468295,0.04624129962766367,0.08526284303054009,0.040733917514864416,0.004682350925864742,85.94444802474705,13.608744765927941,10,0.374992536354136,0.10570987654320987
bspline_temporal_interp,extrap_80,0.03361277623963929,0.016749677077238363,0.04255396420713566,0.017714255734503182,0.0033566269975276787,71.44100019333634,5.432325829761726,10,2.0930324525872557,0.021604938271604937
bspline_temporal_interp,unif_10,0.06494085898610703,0.06530324522837368,0.064648796509816,0.0410224399077026,0.004955297633519257,84.7618740735967,15.656065912461836,10,0.5031803911721827,0.3572342667871123
bspline_temporal_interp,unif_100,0.023252146165038068,0.02021953631290062,0.025423964256613352,0.012095793793974286,0.0014701379237842878,60.784945543597345,3.8297681041947254,10,0.5975154644932552,0.061844135802469134
bspline_temporal_interp,unif_2,0.09110545753284618,0.08948164913452719,0.09238696081339134,0.05968170416909994,0.014159381690178822,87.73280917703164,31.034793687990614,10,0.386109648698756,0.0
bspline_temporal_interp,unif_20,0.05009864340017067,0.04554424618148278,0.0534712552879149,0.028855417024267256,0.00315232669036858,78.77166978152994,11.33514722843199,10,0.17828485792088716,0.7965428334838902
bspline_temporal_interp,unif_200,0.017416378523870974,0.015341757815608594,0.01891632745888936,0.00900464475243921,0.0011154956119857477,52.92582329058452,3.1284992360223582,10,0.6847684832353124,0.1265432098765432
bspline_temporal_interp,unif_300,0.015303198532379965,0.014363248310746122,0.016017136234071618,0.007848046827434108,0.000977719904698075,48.044080685699555,2.880823934960589,10,0.6645293301346291,0.12345679012345678
bspline_temporal_interp,unif_4,0.07880444569859313,0.08573347240739611,0.07277302096542954,0.05456273822275498,0.009365000480003252,88.08081459044918,33.64695570686256,10,0.3482930835920078,0.2484567901234568
bspline_temporal_interp,unif_40,0.038902061479058926,0.032471588997457355,0.0433752482771977,0.020263307815050164,0.0022707358230377264,72.50112779532127,6.899906150718768,10,0.35832361983030553,0.3240364348087925
bspline_temporal_interp,unif_500,0.014296409305055149,0.013493558741561763,0.014909007453260749,0.00718962639668253,0.0009011288348801796,44.68969517303602,2.8015800759154366,10,0.677940565241258,0.16084104938271604
bspline_temporal_interp,unif_8,0.07197844536036976,0.077056586883904,0.06763140752449603,0.04394064863685319,0.00545821455705081,84.65231681381711,16.56509568946556,10,0.08675498061257088,0.3873456790123457
bspline_temporal_interp,unif_80,0.025463729353820685,0.021730695921485892,0.028101204245414235,0.013436429581426303,0.0016110344526819736,63.865437906811884,4.266964883173619,10,0.6300500432654457,0.2556910569105691
bspline_tiered_graph,extrap_10,0.06849184626877397,0.04331707562987714,0.08335629557403469,0.03964973660643386,0.004498385763465374,85.76722304569182,13.088755736114738,10,0.19351631098110875,2.682349066546221
bspline_tiered_graph,extrap_100,0.029798339087340857,0.01601909371852019,0.037338983962698566,0.01616106347191025,0.0030802856611664847,67.95772378681446,4.294956551684105,10,0.8745775968352545,0.6810091087021981
bspline_tiered_graph,extrap_2,0.08619887722630397,0.06091005329124357,0.10204635021679669,0.05553432843830653,0.008450181387074185,88.60604498292196,19.16573131433504,10,0.07737328710195923,1.2331376091538693
bspline_tiered_graph,extrap_20,0.060116220765566546,0.03582215265846187,0.07404700098631087,0.03283635558717028,0.003875345582169998,81.29148675646066,8.971312577334118,10,0.45516693945416237,2.7127117208672087
bspline_tiered_graph,extrap_200,0.026384958669418878,0.013301856070186793,0.03335461258505575,0.014303443857338389,0.003039001879024192,63.73976928529999,4.599169480983133,10,0.8644325416470421,0.2995953778982234
bspline_tiered_graph,extrap_300,0.026386456445303363,0.01328179204335796,0.0333631579960171,0.014302921249449776,0.0030400685372586017,63.70754656183541,4.608370575657401,10,0.880360024401635,0.2995953778982234
bspline_tiered_graph,extrap_4,0.07632273353159774,0.051492039384494113,0.09148852699830352,0.046069022223961385,0.005602583692606039,88.6962686086228,12.983637253893372,10,0.028967914325222367,1.3625272884673292
bspline_tiered_graph,extrap_40,0.04328943778148233,0.023594929007744903,0.05413199188504831,0.022760660381272498,0.00326973029049055,73.81903718502288,5.132270937483496,10,0.6095270308509835,1.0202866230051189
bspline_tiered_graph,extrap_500,0.026386456445303363,0.01328179204335796,0.0333631579960171,0.014302921249449776,0.0030400685372586017,63.70754656183541,4.608370575657401,10,0.880360024401635,0.2995953778982234
bspline_tiered_graph,extrap_8,0.07058919577269607,0.04825005161081384,0.08433073706295446,0.04012917107028233,0.004070543233256101,85.59322033898304,11.400143217738957,10,0.015998329258653483,0.3951633544113219
bspline_tiered_graph,extrap_80,0.031660199865730716,0.016773026335220334,0.039756258823823734,0.01718246251472419,0.003086255358309086,69.08229683572856,4.391214398774338,10,0.5190178564072176,0.6161086645588678
bspline_tiered_graph,unif_10,0.07215844216055961,0.07574785830121683,0.06914562946083405,0.04314311093331424,0.00499172556333451,80.3505832312947,18.943568189353197,10,0.48618112251114204,5.748934808792532
bspline_tiered_graph,unif_100,0.024527911138019873,0.02093600706008655,0.027066014710707995,0.010693320587027726,0.0013123133264498375,54.34362312302636,2.9628138367367565,10,0.49280057941144645,0.45045825805480283
bspline_tiered_graph,unif_2,0.08884451775329605,0.09932796404408004,0.07944468198414335,0.05502662143179731,0.007425996856467563,89.32461171618225,27.570919662935587,10,0.057524183201682254,0.4953703703703704
bspline_tiered_graph,unif_20,0.06152716806233997,0.06513317695395304,0.058475099171191584,0.03317567160758918,0.003556985877129193,77.1121995231037,12.790869670043522,10,0.19111801983144588,6.768190115928936
bspline_tiered_graph,unif_200,0.01631614444184619,0.015407331403971264,0.017009870883931712,0.007766921758105693,0.0010444087596478589,46.49094541470645,2.567328892621529,10,0.5548753619076212,0.31315774616079495
bspline_tiered_graph,unif_300,0.014212367806205436,0.014754503241046876,0.013762212762709503,0.006888042739871398,0.000945343237765094,42.39543726235741,2.402711723421105,10,0.5930688683855265,0.26983212887684427
bspline_tiered_graph,unif_4,0.08813339885204956,0.10462717560340362,0.0722357124843412,0.05267566936169626,0.006523119845377323,88.02925823290585,35.14109663301957,10,0.14482327503622136,3.8456413730803973
bspline_tiered_graph,unif_40,0.04080927720596637,0.0348210280181531,0.045039636335800895,0.019977387065158583,0.0021570783952984474,67.33260295160147,7.209884731749719,10,0.27396504277638883,2.4963386404697383
bspline_tiered_graph,unif_500,0.013222809184542978,0.013767342972079636,0.012769386205695291,0.006338590284181348,0.0008819113562687635,39.65006122317458,2.334649331128063,10,0.6190541960101468,0.2667824074074074
bspline_tiered_graph,unif_8,0.07859876802996031,0.08809749440051429,0.07005745853955614,0.04399097709680796,0.00571562072522779,81.27215312238191,21.498471291016052,10,0.15471639606458268,5.2232921183378505
bspline_tiered_graph,unif_80,0.027130378456034377,0.024032332674402083,0.029379601635565845,0.011998900140906118,0.0014996587925076366,56.78932783398853,3.367905323026025,10,0.3840990211029713,0.7407059244203554
bspline_tiered_graph_interp,extrap_10,0.06579805902424697,0.04174260146576969,0.08002395274094685,0.0382174058283734,0.00449541338559364,86.72746020493652,12.679007422486004,10,0.06730672683102662,0.33433641975308637
bspline_tiered_graph_interp,extrap_100,0.03208435468532374,0.01701293205431078,0.04028373372790656,0.016674078587629662,0.0032721458141617456,70.60965392794999,4.836743680305816,10,1.5274887285104692,0.0030864197530864196
bspline_tiered_graph_interp,extrap_2,0.08355089605023913,0.05721110009024895,0.09976915318703902,0.053006713456081746,0.00750695338472712,90.42018431397821,17.53237478849951,10,0.08370306158449023,0.12345679012345678
bspline_tiered_graph_interp,extrap_20,0.05829275669285553,0.03502398534183688,0.07168855019960663,0.03214960283866198,0.003925343372910588,84.04652961268286,8.359721972052423,10,0.5007112933470587,0.2592639641674195
bspline_tiered_graph_interp,extrap_200,0.029651562512527447,0.014376373702089867,0.03766319392428666,0.015444238047448816,0.003395839078039958,67.26815750467229,5.2190166288733675,10,1.747493000972059,0.0030864197530864196
bspline_tiered_graph_interp,extrap_300,0.029650204396506247,0.014367823772263224,0.03766388360734296,0.015440111075486686,0.0033953224228224503,67.25849068763291,5.213431897188296,10,1.747493000972059,0.0030864197530864196
bspline_tiered_graph_interp,extrap_4,0.0753252377283139,0.049473447248285396,0.09089011906614602,0.04561732189961607,0.006165950185865468,89.56628214216666,12.645736192144598,10,0.7423182447966555,0.24814814814814817
bspline_tiered_graph_interp,extrap_40,0.043727154925558516,0.0244192444802244,0.05447170129471415,0.022647327734506895,0.0032156763667695737,77.23464587226913,5.168309913343356,10,0.9286533654272088,0.04652777777777778
bspline_tiered_graph_interp,extrap_500,0.029650204396506247,0.014367823772263224,0.03766388360734296,0.015440111075486686,0.0033953224228224503,67.25849068763291,5.213431897188296,10,1.747493000972059,0.0030864197530864196
bspline_tiered_graph_interp,extrap_8,0.07071463122029366,0.047557777170731834,0.08483393583470382,0.040996217279472946,0.0046079767716533425,85.9412257524006,14.35916652511933,10,0.12912492355354277,0.040123456790123455
bspline_tiered_graph_interp,extrap_80,0.03352451053228216,0.017840330273855096,0.04207029863590042,0.017543600270966984,0.0032086041386528916,71.66978152993491,5.4433984840737475,10,1.354315520679047,0.021604938271604937
bspline_tiered_graph_interp,unif_10,0.06731309238420394,0.06850962819122637,0.06633800865927811,0.04204357313890685,0.004924725973180767,84.58464909454148,17.136637104407107,10,0.42232373205462526,0.6494165913881361
bspline_tiered_graph_interp,unif_100,0.02453996611595337,0.02151533555901608,0.02671916587777726,0.012617861123922144,0.0015346581324011158,61.81607269446414,3.8365754874505047,10,0.4847571247743276,0.11770833333333335
bspline_tiered_graph_interp,unif_2,0.08774217865071844,0.0858198021988561,0.08925381015803559,0.05795726544929311,0.013070834740953446,87.2204678739447,30.814949424678797,10,0.3311323410708062,0.0
bspline_tiered_graph_interp,unif_20,0.05378930239307697,0.051477184804380634,0.0555739195957814,0.03042275054603098,0.0032181090888193753,79.33878971450667,11.817916179580987,10,0.06836078276812729,1.8710365853658537
bspline_tiered_graph_interp,unif_200,0.018433504228366693,0.016275986121142335,0.01999612231143712,0.009599702922958702,0.0012003969141741915,55.226525745956046,3.228591747302113,10,0.5780559229302324,0.006172839506172839
bspline_tiered_graph_interp,unif_300,0.01636754542270702,0.015344513559918303,0.01714385919862763,0.008461720339648402,0.0010577477467699039,50.94734806985886,2.946609091395998,10,0.6033535837319838,0.08950617283950617
bspline_tiered_graph_interp,unif_4,0.07925416451783904,0.08798094578936906,0.07149070419633792,0.05338854290523978,0.009163095223655755,86.71457111555068,36.88783932399694,10,0.1937862012389374,0.2484567901234568
bspline_tiered_graph_interp,unif_40,0.040361575101353284,0.0340074717821601,0.04481060230759811,0.02097498219387582,0.002299558910029168,72.16278919894309,7.727540266083061,10,0.2713183766802132,0.4108438723276122
bspline_tiered_graph_interp,unif_500,0.015269356497396623,0.014310259457752253,0.015996959843516432,0.007757354723265276,0.0009712427735668824,47.892633885416,2.828928242108634,10,0.6458415952997629,0.08333333333333333
bspline_tiered_graph_interp,unif_8,0.07437528998091841,0.08164360921062011,0.06798780171047702,0.04407709674029253,0.0051533188731528205,84.22053231939164,16.117156766594487,10,0.03560392996822047,0.4684027777777778
bspline_tiered_graph_interp,unif_80,0.026889046135089974,0.023525495056411334,0.02930868946662825,0.014012720090406142,0.0016844636342153605,64.11677514983566,4.2862060946840135,10,0.5622072770543624,0.2806505947003914
cnp,extrap_10,0.07712553978232473,0.06661206250252957,0.08461769845338397,0.04699063394164666,0.010511249227719784,87.70703099825997,6.8344107008139305,10,0.0,0.0
cnp,extrap_100,0.07694995777389298,0.06606031239794104,0.08467649406551246,0.04639800101770233,0.010458729480464042,87.45247148288973,6.669901564291899,10,0.0,0.0
cnp,extrap_2,0.0786206285684448,0.06950920230697519,0.08522615296003937,0.049470201267444835,0.010883769943083103,88.85093768125282,8.172810197179897,10,0.0,0.0
cnp,extrap_20,0.07744670247295618,0.0666898436723083,0.08509577918662758,0.04688961272236382,0.010565930080429869,87.5716955597087,6.73933252359228,10,0.0,0.0
cnp,extrap_200,0.07752286654867412,0.06681566520798975,0.08514158497397539,0.046635568783665746,0.010626645083335287,87.4395823935039,6.613526322818141,10,0.0,0.0
cnp,extrap_300,0.07757937672070143,0.06687527287264504,0.08519678710258906,0.04666677880891783,0.010641469700047437,87.4009151253464,6.616760665412713,10,0.0,0.0
cnp,extrap_4,0.07945321176122958,0.06827287189032379,0.08739131162788438,0.0488574769898405,0.010890306731849951,89.2343880904814,7.118901245722695,10,0.0,0.0
cnp,extrap_40,0.07683124220464815,0.06593163215296685,0.0845625971947932,0.046438327983089916,0.010442554284348392,87.72314235999227,6.630291133858806,10,0.0,0.0
cnp,extrap_500,0.07757937672070143,0.06687527287264504,0.08519678710258906,0.04666677880891783,0.010641469700047437,87.4009151253464,6.616760665412713,10,0.0,0.0
cnp,extrap_8,0.07840388405470339,0.06812071794520543,0.08576368969586556,0.04836582707676559,0.01086062579330868,88.6028227105755,7.248044423156312,10,0.0,0.0
cnp,extrap_80,0.07676270667066722,0.06608296116661393,0.08435546832769039,0.046402616662465396,0.010434017674442969,87.71025327060643,6.688705613410285,10,0.0,0.0
cnp,unif_10,0.0942166697075004,0.0819358855995098,0.10301217776917766,0.06091231826073178,0.013523337950948799,93.01089128053103,9.799903061468559,10,0.0,0.0
cnp,unif_100,0.09323339651788216,0.08070607210781418,0.10217527876052139,0.06024570755788736,0.01326811954243045,93.54256621769672,9.407780017926187,10,0.0,0.0
cnp,unif_2,0.0936714490361732,0.08170930356361969,0.10225778906448364,0.060835625182146066,0.013459991262620664,92.26976864084553,10.47233009072134,10,0.0,0.0
cnp,unif_20,0.09423156552004171,0.08181424305192073,0.10311420722950719,0.06098810570244784,0.013535168750989267,93.34922987690919,9.758722698895724,10,0.0,0.0
cnp,unif_200,0.09319330411398323,0.08064348406750257,0.10214899739503312,0.0601262157856016,0.013277013426719855,93.61667848166528,9.41526816498551,10,0.0,0.0
cnp,unif_300,0.0934502033924635,0.0809344979217287,0.10238705839627257,0.06032326984174659,0.013337962036803595,93.58445575820069,9.451095778093995,10,0.0,0.0
cnp,unif_4,0.09271071692339317,0.0809755534569126,0.1011421003490621,0.059907424592623014,0.013339495939112433,92.09576593413675,10.114353728579246,10,0.0,0.0
cnp,unif_40,0.09322665774280245,0.0805563815834384,0.10225889081045933,0.060103229579601646,0.013248212206019063,93.50067667719276,9.445968748041086,10,0.0,0.0
cnp,unif_500,0.09315593085343793,0.08058636989374114,0.10212371253998312,0.06005403858472593,0.0132597860625983,93.58123348585423,9.336477285455148,10,0.0,0.0
cnp,unif_8,0.09461613143924555,0.08215630486090308,0.10352982411719341,0.06164476909874149,0.013554723952497637,93.4265644132242,9.753369804351566,10,0.0,0.0
cnp,unif_80,0.09355111499193783,0.0810022056040068,0.10251009847267563,0.060366391421388076,0.013353197734720436,93.60378939227944,9.406055724689045,10,0.0,0.0
cnp_attn,extrap_10,0.0886126727029877,0.07635018991205766,0.09733610876328594,0.05482413436841272,0.012938336701304827,92.10543275117612,6.408486073047737,10,0.0,0.0
cnp_attn,extrap_100,0.08740111006338276,0.07505028739376117,0.09616589066647861,0.0536637340170011,0.012617683619371123,92.29876909196365,6.183766887454665,10,0.0,0.0
cnp_attn,extrap_2,0.08678433616325638,0.07582387588068168,0.09466099079367296,0.05357047832055582,0.012760362876770152,90.64252110588387,6.920318260703093,10,0.0,0.0
cnp_attn,extrap_20,0.08808831440926305,0.07601162259031694,0.0966888296826501,0.05414491683953415,0.012796550154520234,92.26976864084553,6.256552777872805,10,0.0,0.0
cnp_attn,extrap_200,0.08679023713705486,0.07459516836520393,0.09545027723159327,0.05311936601274267,0.012450959051585678,92.11187729586905,6.166374502559816,10,0.0,0.0
cnp_attn,extrap_300,0.08673813540264191,0.07454899560327838,0.0953938490204292,0.0530731535722006,0.012441127619138166,92.10865502352259,6.159617831961356,10,0.0,0.0
cnp_attn,extrap_4,0.09047476746707747,0.07855858656663223,0.0989994027367748,0.05650565939670741,0.013341443733758384,92.38577044531804,6.905937688154719,10,0.0,0.0
cnp_attn,extrap_40,0.08780579658276282,0.07556181680230066,0.09650834090208678,0.05387060037783651,0.012710541537574125,91.9829864020107,6.188064611762074,10,0.0,0.0
cnp_attn,extrap_500,0.08673813540264191,0.07454899560327838,0.0953938490204292,0.0530731535722006,0.012441127619138166,92.10865502352259,6.159617831961356,10,0.0,0.0
cnp_attn,extrap_8,0.08730931631156018,0.07616499379856899,0.09530904163547603,0.053831479708118725,0.012813319797234856,91.03563833215183,6.565214807302942,10,0.0,0.0
cnp_attn,extrap_80,0.08761808366108856,0.07539287632240448,0.09630667110872919,0.053966048568354644,0.012676861026614819,92.2955468196172,6.229414843457623,10,0.0,0.0
cnp_attn,unif_10,0.08221111965736452,0.07065051407314626,0.09041986273518243,0.05246321007459559,0.011073337586552908,92.21821228330218,7.710167097294342,10,0.0,0.0
cnp_attn,unif_100,0.08183339340808565,0.07039753144259907,0.08995950723759197,0.052151646372633066,0.01092827126494033,92.28910227492428,7.02828923233789,10,0.0,0.0
cnp_attn,unif_2,0.08323061405305326,0.0719273705160428,0.09128902182985014,0.053755402095409875,0.011322946404184322,91.40297737964812,9.997410075973399,10,0.0,0.0
cnp_attn,unif_20,0.08193483485492876,0.07041880453187126,0.09011240443759323,0.05221463461093407,0.010983938595075342,92.08609911709738,7.352018320280699,10,0.0,0.0
cnp_attn,unif_200,0.08165696316473976,0.07004520776239183,0.08989113798335555,0.051979328576337816,0.010872339833462596,92.55010633498743,6.90699476182887,10,0.0,0.0
cnp_attn,unif_300,0.08154832384108802,0.06996659577827505,0.08976243269742805,0.05190342608036212,0.010851758865864097,92.46310498163305,6.912499969832425,10,0.0,0.0
cnp_attn,unif_4,0.08338725816079957,0.0728977403040879,0.09092866021313724,0.05469718246594751,0.011580017431516532,91.647870077979,10.33136471037359,10,0.0,0.0
cnp_attn,unif_40,0.0820709448859196,0.0700944693968622,0.0905373611235206,0.0523379056341694,0.01094675035088688,92.85299993555455,7.058392818857175,10,0.0,0.0
cnp_attn,unif_500,0.08157737702452765,0.06998078508169339,0.08980112309273833,0.051924639467116125,0.010854257893865437,92.50499452213701,6.8605292186271765,10,0.0,0.0
cnp_attn,unif_8,0.08290091535193898,0.0715792494368462,0.09096730459877828,0.053194470732411195,0.011267893560249912,91.65109235032546,7.5778718766156645,10,0.0,0.0
cnp_attn,unif_80,0.08141935696967101,0.06992555613065829,0.08957693302800923,0.051737316465824544,0.010834056595546355,92.52432815621576,6.863714159396754,10,0.0,0.0
cnp_delta,extrap_10,0.07099569323374846,0.04914504332491767,0.08453094068869013,0.043006155892711846,0.005255816234677748,88.32570728878005,13.16079690942374,10,0.00965561635017702,1.9133657031014757
cnp_delta,extrap_100,0.05615403307519326,0.036589427219322186,0.067884470426959,0.030479562643913497,0.004421288441276222,80.85647998968872,12.938679313301161,10,0.8760852181959631,0.832298253538091
cnp_delta,extrap_2,0.07486178565119482,0.05223601254870917,0.08893974845580926,0.04655871005558219,0.006612760363859574,89.33427853322162,14.770942097611657,10,0.0,0.0
cnp_delta,extrap_20,0.06860032177317082,0.04985570076185112,0.0805390438490574,0.04039029845763237,0.004920769555834518,84.13997551073017,16.664288712009128,10,0.24480629531608752,1.5982036660644385
cnp_delta,extrap_200,0.050736432349569774,0.032632785509695464,0.061518061368162354,0.025680846961861237,0.0035520841734581554,78.64277888767158,5.98045326445771,10,1.1535738760874386,0.5391006097560975
cnp_delta,extrap_300,0.05073518457904591,0.032620568335110366,0.061521402854483424,0.025674239649312248,0.0035514918675439017,78.64277888767158,5.972693511185078,10,1.1470421974460279,0.5360141900030111
cnp_delta,extrap_4,0.07503061630150278,0.05524489646457873,0.08772997285712923,0.04630099603716676,0.005803097574377247,89.81761938519044,14.292925582697928,10,0.0,0.040123456790123455
cnp_delta,extrap_40,0.06035741152233516,0.03837977861378619,0.07336983258781321,0.03313582643492485,0.004412537702539793,81.92627440871303,10.407117301314845,10,2.4569218532313983,0.6062368262571515
cnp_delta,extrap_500,0.05073518457904591,0.032620568335110366,0.061521402854483424,0.025674239649312248,0.0035514918675439017,78.64277888767158,5.972693511185078,10,1.1470421974460279,0.5360141900030111
cnp_delta,extrap_8,0.07348038798276266,0.05422545121997192,0.08585567006645843,0.04363233666665753,0.004672772565598908,87.53625056389767,13.91487355046492,10,0.006437077566784679,0.49537037037037035
cnp_delta,extrap_80,0.057016550603106154,0.03878329914267088,0.06820254766925755,0.030729157018565694,0.0038678679827972243,82.80917703164272,7.414859155754072,10,1.4076998499496423,1.0882066772056609
cnp_delta,unif_10,0.09211315420040592,0.11268737995988991,0.07145605387930547,0.057233967010377265,0.006591292191291535,86.49867886833795,21.540289687616163,10,0.0,7.309093646492021
cnp_delta,unif_100,0.05485580429821343,0.046992757469664394,0.06042637766627077,0.029316354109320278,0.005783549645424323,73.41625314171554,14.558316231658276,10,4.845623125439084,4.262317449563385
cnp_delta,unif_2,0.0781001982357506,0.06814181698051738,0.08524942541307208,0.050120901375275737,0.011881213443418918,85.78333440742412,24.472044339372378,10,0.0,0.0
cnp_delta,unif_20,0.08448829459841924,0.10148159289173665,0.06785349471540478,0.0488997068312133,0.005335819171270341,80.65025455951537,22.480493886821215,10,0.23151868114871893,7.802807889190002
cnp_delta,unif_200,0.05270855861862637,0.05574020410058577,0.0501452617225412,0.020818508754845602,0.0022473179241196055,64.76767416382033,6.30691873751839,10,1.3640001322467388,1.4519581827762722
cnp_delta,unif_300,0.04237260244512556,0.034758901098557456,0.04760623901238294,0.018047573617775217,0.0019246690799996145,63.894438357930014,4.794525711508774,10,1.259679143776261,0.7646971921108099
cnp_delta,unif_4,0.1049042974131306,0.13896113352839595,0.06591633494282602,0.06000205557253996,0.007403679683352191,85.36121673003802,43.62130544322757,10,0.0,6.911236261668172
cnp_delta,unif_40,0.06420061913792273,0.0569743699615629,0.06945422563113944,0.03555072590752257,0.008872972433312629,77.07353225494619,13.903835844234294,10,2.887920319698832,3.562031391147245
cnp_delta,unif_500,0.04211141446715936,0.03403693655082201,0.04760694892369675,0.017795718062743184,0.001926141434762054,63.84288200038667,4.4641037837200805,10,1.0736422997645734,0.6286218383017165
cnp_delta,unif_8,0.11734555117037589,0.1559246977841802,0.07291088318123057,0.06228561587833551,0.007297378626599393,85.34188309595928,21.208063783092236,10,0.0,5.808943089430894
cnp_delta,unif_80,0.08235933717743478,0.091109505912634,0.07460483918031813,0.03806743245032644,0.009325321327767342,75.82329058452021,12.00639835772677,10,5.190355977962865,4.328141937669376
cnp_delta_attn,extrap_10,0.07063466267376667,0.04916731539469741,0.0839737346560875,0.04198653845130452,0.004790553403360899,87.61358510021267,12.701328620640906,10,0.00965561635017702,1.8730107648298708
cnp_delta_attn,extrap_100,0.05657622622828478,0.03678661963653502,0.06842848648580895,0.030513124383152904,0.0042772452484861855,81.10459496036604,12.707583267403406,10,0.8696764821968964,0.832298253538091
cnp_delta_attn,extrap_2,0.07523078202704513,0.052151081586209035,0.08953872642072813,0.04632691232900881,0.006388702001674685,89.79184120641877,13.912589629819315,10,0.0,0.0
cnp_delta_attn,extrap_20,0.06923698138914619,0.050099800148226487,0.08139470526468882,0.040689505480642284,0.004824787415006992,84.54598182638397,16.39603555440587,10,0.25137144348281526,1.592106105088829
cnp_delta_attn,extrap_200,0.051212407334193855,0.03271894283610388,0.062188373650258935,0.025712047801294904,0.0033968348066671108,78.91022749242767,5.816393773461137,10,1.1597588632471414,0.5360141900030111
cnp_delta_attn,extrap_300,0.05122388034851781,0.032713345754670935,0.062207758151865154,0.025714561288489382,0.003396620245721263,78.88122704130953,5.80498207125329,10,1.1533721474528331,0.5298413504968383
cnp_delta_attn,extrap_4,0.07431775898977609,0.05576240076977388,0.08636344790717677,0.044779918052759576,0.005210164646151938,88.57382225945737,13.979224997801541,10,0.0,0.06481481481481481
cnp_delta_attn,extrap_40,0.060889434802996675,0.03879780603469605,0.0739830693414412,0.03329411285206547,0.00427224432790125,81.9907198556422,10.196203117173715,10,2.4666091014531184,0.6154584462511292
cnp_delta_attn,extrap_500,0.05122388034851781,0.032713345754670935,0.062207758151865154,0.025714561288489382,0.003396620245721263,78.88122704130953,5.80498207125329,10,1.1533721474528331,0.5298413504968383
cnp_delta_attn,extrap_8,0.07306251287743003,0.05429883046437931,0.08517316726169417,0.042708670560532555,0.004294134900167819,86.51801250241671,13.322088401146301,10,0.006437077566784679,0.49537037037037035
cnp_delta_attn,extrap_80,0.05756078516965525,0.039341390636712874,0.06876761545103587,0.030993947864759275,0.0037790544134110554,83.28929561126506,7.218244609913041,10,1.378998749789104,1.0662159364649202
cnp_delta_attn,unif_10,0.0915425501225111,0.11155757284767603,0.07155628005987731,0.0570496368090724,0.006639044264042028,87.38158149126764,20.7802590779733,10,0.0,7.769177205660947
cnp_delta_attn,unif_100,0.055715364049082984,0.04543844775496883,0.06275196310708635,0.029932361805480895,0.00600266503287643,77.85976670748212,13.27766861102475,10,4.820008725922583,4.3488595302619695
cnp_delta_attn,unif_2,0.07585101948444777,0.06169639890251626,0.08552547900356315,0.047706399171998204,0.01091481487465392,85.29032673841593,21.213044948480622,10,0.0,0.0
cnp_delta_attn,unif_20,0.08275347618717618,0.09732205388439966,0.06887972588556622,0.04848080202488478,0.005450272527537652,84.06908551910807,20.06447626180174,10,0.2347855873885098,8.126302318578741
cnp_delta_attn,unif_200,0.05312522195037624,0.05454298117112686,0.05196039071262232,0.021600279882906526,0.002723326027488324,70.21331442933557,5.618662941511908,10,1.3543184171048854,1.4798159439927734
cnp_delta_attn,unif_300,0.04419511106482272,0.03505000817785972,0.0503422624748677,0.019119872236544065,0.002469856828512951,69.48830315138235,4.34781453283742,10,1.2793363919828835,0.8048253538090936
cnp_delta_attn,unif_4,0.10214974250543915,0.1342341212932082,0.0659759864613853,0.058958316203269384,0.007034463858607093,85.75111168395952,38.32846602250398,10,0.0,6.946333935561578
cnp_delta_attn,unif_40,0.06477391071152437,0.054763345195254914,0.07179995088677957,0.03652740185692257,0.008964322246722427,81.93271895340594,12.638466456994692,10,2.836517054699452,3.651391711833786
cnp_delta_attn,unif_500,0.04396326790662593,0.03441337157838356,0.05032868668251651,0.01888054635336173,0.0024766054940554482,69.39807952568151,4.077246228447722,10,1.1122680031553867,0.6562500000000001
cnp_delta_attn,unif_8,0.1155727529606825,0.15253200695603894,0.07356047751065699,0.06097678084099142,0.007080928385433751,85.85744667139267,19.43828997674245,10,0.0,5.808943089430894
cnp_delta_attn,unif_80,0.080643909454656,0.0873178566000817,0.07486350235478713,0.03847742091647275,0.009280718907614083,80.48914094219244,10.968199268156372,10,5.1869458651191245,4.377450316169828
cnp_hist,extrap_10,0.07250169643086758,0.06340780917384105,0.07904171039550477,0.043901395294670055,0.008890767742749979,84.46220274537603,6.0351776366043515,10,0.0,0.0
cnp_hist,extrap_100,0.07242559530503975,0.06336842529750539,0.07894125964510058,0.04368510339623983,0.008873800938372247,84.15608687246247,5.983962885842566,10,0.0,0.0
cnp_hist,extrap_2,0.0743706646876065,0.06476690133208368,0.08125589479693737,0.046091624977783865,0.009422116322678479,88.32248501643359,6.536480917121289,10,0.0,0.0
cnp_hist,extrap_20,0.0734474747926351,0.06420572335191699,0.08009160273023345,0.0444441451681788,0.009098434980295294,84.58787136688792,6.092440825062584,10,0.0,0.0
cnp_hist,extrap_200,0.07214810773748101,0.0633223828613744,0.07851186390557269,0.04378324724374193,0.008817987067399384,84.29142231101373,6.046598240700088,10,0.0,0.0
cnp_hist,extrap_300,0.07213607647336213,0.06331907780691728,0.0784940791901205,0.04377972009797805,0.008816624838181398,84.29464458336018,6.046268180501512,10,0.0,0.0
cnp_hist,extrap_4,0.073695358717377,0.06470257090446013,0.08018122122756918,0.0453012672788267,0.009155853250730412,86.63723657923568,6.368305513424196,10,0.0,0.0
cnp_hist,extrap_40,0.07230292096592876,0.06322570088409482,0.07883032075735101,0.04354955770136301,0.008838198592324858,83.94341689759618,5.940974800267296,10,0.0,0.0
cnp_hist,extrap_500,0.07213607647336213,0.06331907780691728,0.0784940791901205,0.04377972009797805,0.008816624838181398,84.29464458336018,6.046268180501512,10,0.0,0.0
cnp_hist,extrap_8,0.07294646413882247,0.06449040365403605,0.07907670951883082,0.044960533208910275,0.009113102953275179,85.56744216021139,6.39603361931353,10,0.0,0.0
cnp_hist,extrap_80,0.07246810169560845,0.06349082966049868,0.07893268191081895,0.043809529753308124,0.008918385490458494,83.98208416575369,6.059337473309196,10,0.0,0.0
cnp_hist,unif_10,0.08367476881879105,0.07128388122000376,0.09241840434343657,0.05255824368210108,0.011001104373074153,91.1161951408133,7.327717702497796,10,0.0,0.0
cnp_hist,unif_100,0.08324972024998215,0.07065762422171845,0.09211187264257743,0.052418416712533694,0.01091853994481166,90.78430108912805,7.675452746230513,10,0.0,0.0
cnp_hist,unif_2,0.08757597751052046,0.0756617404763851,0.09606828499010926,0.05630870311424782,0.012000289569425516,91.55764645227815,8.318732444442677,10,0.0,0.0
cnp_hist,unif_20,0.08389393065004083,0.07111386868940016,0.09288029238423987,0.052756807892475575,0.011115509294344562,91.05497196623058,7.707487705644457,10,0.0,0.0
cnp_hist,unif_200,0.08291852465676336,0.07015893563496943,0.09187895939063187,0.052076415196680534,0.010849391223081283,90.6940774634272,7.502234132077023,10,0.0,0.0
cnp_hist,unif_300,0.08321784089452292,0.07040674286041669,0.09221395761674367,0.05229835583991463,0.01090450703349087,90.79074563382098,7.5094912406967556,10,0.0,0.0
cnp_hist,unif_4,0.08522521700306356,0.07269719750573006,0.09407362296914455,0.054251010258948976,0.011534924770193375,92.16987819810531,7.437823208911676,10,0.0,0.0
cnp_hist,unif_40,0.08336797367275847,0.07066052512073293,0.09230260691390045,0.05238745402235757,0.01091238434168006,90.85196880840368,7.6269268492204425,10,0.0,0.0
cnp_hist,unif_500,0.08328611783712692,0.07040761781149962,0.09232442681159259,0.05236435540175556,0.010907530774326267,91.06463878326996,7.534253569248253,10,0.0,0.0
cnp_hist,unif_8,0.08490969306226037,0.07221439728100729,0.09385745090376811,0.054208042090588826,0.011309875035971485,90.87130244248245,8.031461238306594,10,0.0,0.0
cnp_hist,unif_80,0.08318524279583456,0.07040527354983553,0.09216184491058571,0.05222331664569447,0.010885726527442713,90.60707611007282,7.553316020825415,10,0.0,0.0
kalman_pca,extrap_10,0.05570769393341134,0.031246382417853717,0.0693468226121893,0.028272958277837452,0.01649594575710766,80.79847908745248,6.299140893915886,10,7.048874090553127,1.089915499849443
kalman_pca,extrap_100,0.08272053603228131,0.027522105872904337,0.10826994925253407,0.03157386821092619,0.02931991478197895,81.64915898691757,6.165943772864821,10,7.593191553744838,0.9323481255645889
kalman_pca,extrap_2,0.04916713534738156,0.04260464809744103,0.05385487978777759,0.03024843189695686,0.009393895881978882,82.79306566991042,6.8728193094945444,10,7.070041343841558,1.1036237202649803
kalman_pca,extrap_20,0.07098574495687308,0.029968170827131546,0.0914304200288375,0.030081158328369363,0.02393164031218774,80.97248179416124,6.259771912107213,10,7.283295785420428,1.2624331903041253
kalman_pca,extrap_200,0.08436806872704802,0.027349122880615313,0.11057135913900028,0.03204098250714195,0.029838599806905005,81.92627440871303,6.150467520573708,10,7.79023028660386,0.9354383092442035
kalman_pca,extrap_300,0.08444289276765873,0.027348427236489895,0.1106743687360581,0.03205659022861253,0.029870530340772087,81.94238577044531,6.150417624619101,10,7.796729734608067,0.9447747289972899
kalman_pca,extrap_4,0.05130194801109597,0.03411881408680963,0.06171632893188174,0.0285633010440538,0.014116334653346604,81.91016304698073,6.621410051575347,10,7.01812777840791,0.8343411246612465
kalman_pca,extrap_40,0.07901327884277458,0.02799505039423978,0.1030579067593361,0.031092732742976383,0.027386365788878157,80.76947863633434,6.204221427894511,10,7.573175394460259,1.0441066320385428
kalman_pca,extrap_500,0.08444289276765873,0.027348427236489895,0.1106743687360581,0.03205659022861253,0.029870530340772087,81.94238577044531,6.150417624619101,10,7.796729734608067,0.9447747289972899
kalman_pca,extrap_8,0.06804253769256445,0.03319874681516313,0.08636300257062747,0.030244751962092187,0.021912318515089943,81.96494167687052,6.5391793830419145,10,6.745549640533932,0.7894120746763023
kalman_pca,extrap_80,0.08665111924916262,0.027674948266138276,0.11364501652598383,0.03195971819077281,0.030321044134107827,82.0616098472643,6.378845918411187,10,7.543195326202991,0.9176791629027402
kalman_pca,unif_10,0.0517767803757125,0.03502040942367384,0.0620250968502747,0.02718295396570001,0.014036396063798758,79.89946510279049,6.162803360964184,10,6.913414108998586,0.8384353357422463
kalman_pca,unif_100,0.03598467025939498,0.03045226045067887,0.039870255485917064,0.022996087916837542,0.005246136421956111,79.4225687955146,5.767142492023623,10,6.240797230765596,0.383154546823246
kalman_pca,unif_2,0.050580657509059324,0.044444130532712296,0.055009130135285716,0.030762560176569923,0.010825618975495969,83.20873880260359,6.221075717371499,10,6.604304063715944,0.5987682550436616
kalman_pca,unif_20,0.05233120170193766,0.03365641741471304,0.06345261499302711,0.026792484548497853,0.014502611930046452,80.57292002320037,6.315070622755465,10,7.115689366641083,0.8633365326708823
kalman_pca,unif_200,0.03496376902958543,0.030227297137757868,0.0383414934866652,0.022394592179805564,0.004202360592617982,78.95856157762454,5.695186844242665,10,6.251130517449733,0.27192769497139413
kalman_pca,unif_300,0.03484355354950749,0.030162579638122584,0.03818485045282914,0.022350283961294282,0.004113842744277795,78.45266481923052,5.714961286944945,10,6.26693993875404,0.21628933303221923
kalman_pca,unif_4,0.054606713985163154,0.046151094132302485,0.06053991752376745,0.031711915240391374,0.01132540480004215,82.23561255397306,7.35693958572368,10,7.414087721481925,1.1798300587172537
kalman_pca,unif_40,0.045812398131992435,0.03161616244756931,0.0545913149909844,0.024857960250975634,0.011852443804144408,80.03157826899529,6.042776186488675,10,6.755543348657605,0.6012496236073472
kalman_pca,unif_500,0.034770383267715844,0.030174372516317917,0.03805698320087303,0.02232233885640034,0.004047510037236934,78.81033704968743,5.696057349762308,10,6.199389275472944,0.21007791327913278
kalman_pca,unif_8,0.04788524790947562,0.036582443386766035,0.05530444398315705,0.028040549227470464,0.011112412428755164,81.38815492685441,6.209098664796014,10,6.875041859080693,0.8800765959048478
kalman_pca,unif_80,0.03642675661566797,0.03090825551132908,0.04030983276528101,0.023305768011055838,0.0050138460124130296,79.61590513630212,5.913333987557245,10,6.251580115281751,0.3761846958747365
kalman_ssvi,extrap_10,0.050296563076065635,0.04153182880255653,0.05634845922685789,0.03152357355849953,0.004798708318266542,85.63188760714056,6.783842208900004,10,0.0,0.0
kalman_ssvi,extrap_100,0.04803170942702822,0.03613732446721528,0.05576603981462109,0.028226695238528065,0.00459614010270963,83.42463104981633,7.054148490658207,10,0.0,0.0
kalman_ssvi,extrap_2,0.05054478424951225,0.04852398261965616,0.052108663523623956,0.03213196463313038,0.007527859444510274,83.81452600373784,6.9314658219387395,10,0.0,0.0
kalman_ssvi,extrap_20,0.050889472229800024,0.041980852213944146,0.057036668423108755,0.03265631257060507,0.0058919087739058166,85.95733711413288,8.221049543250324,10,0.0,0.0
kalman_ssvi,extrap_200,0.045028181825086014,0.03524969038531142,0.05154629184258568,0.026103796062603,0.003745648434729051,81.12715086679125,7.812757937249081,10,0.0,0.0
kalman_ssvi,extrap_300,0.04492233853997285,0.03523560335838018,0.0513873643849843,0.02598143036726812,0.0036867637997765566,80.75014500225559,7.8490832200808445,10,0.0,0.0
kalman_ssvi,extrap_4,0.04271708850683305,0.040587140741766496,0.04435123927920904,0.027778636466399418,0.004889595068696024,81.27537539472836,7.0808433721305075,10,0.0,0.0
kalman_ssvi,extrap_40,0.047293734511666984,0.03767364818412377,0.053778800157075105,0.0285110299879225,0.0044438092317519535,83.67919056518657,8.033195261000103,10,0.0,0.0
kalman_ssvi,extrap_500,0.04492233853997285,0.03523560335838018,0.0513873643849843,0.02598143036726812,0.0036867637997765566,80.75014500225559,7.8490832200808445,10,0.0,0.0
kalman_ssvi,extrap_8,0.05281648464392993,0.051777289402691454,0.05363526329431217,0.038860759807816364,0.00681295455305783,90.36218341174197,12.933861300982144,10,0.0,0.0
kalman_ssvi,extrap_80,0.04696103042698483,0.03790780583202414,0.053117436012990314,0.02807632595772045,0.004018884778086337,82.6931752271702,8.857846567304007,10,0.0,0.0
kalman_ssvi,unif_10,0.046377886902227286,0.04329138847561746,0.048711841674970786,0.028993602663480368,0.0034527272018217052,81.70715988915383,8.193174022698956,10,0.0,0.0
kalman_ssvi,unif_100,0.03677659940825155,0.0359891315813325,0.037396086177687624,0.02089822086309021,0.002032287049353473,68.85029322678353,8.416344756191377,10,0.0,0.0
kalman_ssvi,unif_2,0.04331887318263316,0.04439200597178415,0.04243873555183426,0.027531573848392835,0.004962313124163199,82.40639298833537,7.672195794020709,10,0.0,0.0
kalman_ssvi,unif_20,0.03871884454385104,0.036283108771413164,0.04056652147599447,0.02263369359720303,0.0023438040167507155,74.60204936521235,7.86525533988223,10,0.0,0.0
kalman_ssvi,unif_200,0.03630683358712392,0.03553492802593706,0.036914159555480254,0.02040994250832612,0.0019397971418402742,67.09737707030999,8.265553270783437,10,0.0,0.0
kalman_ssvi,unif_300,0.03567613468663439,0.03499496738380612,0.03621310231704975,0.020043541451615795,0.00189898765227822,67.04582071276664,8.296421933941039,10,0.0,0.0
kalman_ssvi,unif_4,0.039173663009032036,0.039825637293981565,0.03864290327002254,0.024481064543924774,0.0030547874692155134,79.02945156924663,7.630174401941539,10,0.0,0.0
kalman_ssvi,unif_40,0.03811667338743681,0.03629803355665944,0.039514602261755134,0.021790632892712433,0.0021934678816628184,71.13488432042276,8.078776181947841,10,0.0,0.0
kalman_ssvi,unif_500,0.0355377268828847,0.035010039747502796,0.03595528077091152,0.01994624348593336,0.0018814553462280636,66.85248437197912,8.145524701431706,10,0.0,0.0
kalman_ssvi,unif_8,0.039736997603898226,0.03760847760757283,0.04136478826586525,0.02432583278888865,0.0028924703231688947,79.03589611393954,8.15743266396132,10,0.0,0.0
kalman_ssvi,unif_80,0.036808447335246464,0.03592956478546415,0.037498337766523386,0.021107702496975505,0.002072465704104562,70.29064896565058,8.364813748640483,10,0.0,0.0
kalman_ssvi_inc,extrap_10,0.0438892211031178,0.03329045941156133,0.05081554195352553,0.02735386397393685,0.007098694461027387,82.9735129213121,4.713326278051909,10,0.0,0.0
kalman_ssvi_inc,extrap_100,0.04747204896030901,0.03443352042067702,0.05576700914427041,0.02726341610517468,0.006602827988010469,80.57292002320037,4.5552536151837,10,0.0,0.0
kalman_ssvi_inc,extrap_2,0.04085530082097402,0.04391859109112423,0.03822191039616907,0.027351557607788925,0.005760054467123217,84.63620545208481,6.4724611855293634,10,0.0,0.0
kalman_ssvi_inc,extrap_20,0.04399173805100549,0.03466957131028508,0.050232420625240436,0.02670702361719416,0.006439240791430827,82.74473158471353,4.823556272755138,10,0.0,0.0
kalman_ssvi_inc,extrap_200,0.04495030249846448,0.032436122395988205,0.052887662820850216,0.026183687564719962,0.006372722002510952,80.4214732229168,4.74630606622195,10,0.0,0.0
kalman_ssvi_inc,extrap_300,0.04499821527393117,0.032458010863482156,0.05295027318738374,0.02621689466792818,0.006388990781175886,80.28613778436554,4.7777644528255,10,0.0,0.0
kalman_ssvi_inc,extrap_4,0.03477909655712425,0.03695446735538519,0.032931026532091436,0.023514983802619762,0.0038528805728998703,82.825288393375,5.893630563320923,10,0.0,0.0
kalman_ssvi_inc,extrap_40,0.048126460791063815,0.033338340473621615,0.057290536333296546,0.028607292037297838,0.008093937794246024,81.62660308049236,5.100797767708466,10,0.0,0.0
kalman_ssvi_inc,extrap_500,0.04499821527393117,0.032458010863482156,0.05295027318738374,0.02621689466792818,0.006388990781175886,80.28613778436554,4.7777644528255,10,0.0,0.0
kalman_ssvi_inc,extrap_8,0.04497373017692506,0.036601027849932695,0.050698423405839396,0.027506672693610925,0.004694268818917393,82.36450344783141,7.442719012397978,10,0.0,0.0
kalman_ssvi_inc,extrap_80,0.045483738621647216,0.03360875646165416,0.0531218018283611,0.02615789489837409,0.005716424333938707,80.9209254366179,4.768108312750307,10,0.0,0.0
kalman_ssvi_inc,unif_10,0.035279102545177146,0.035604829813539685,0.035015715182190224,0.021649165500736492,0.002521071444241562,76.16162918089837,4.557247812971421,10,0.0,0.0
kalman_ssvi_inc,unif_100,0.03151837742568974,0.03302870657254336,0.030252829883026983,0.01785776244837853,0.0016684135243752807,67.55816201585358,5.004280147127911,10,0.0,0.0
kalman_ssvi_inc,unif_2,0.039607458892120924,0.04470049056636838,0.034991879206975864,0.025260700766818737,0.004665303992490615,79.67068376619191,7.304882857938355,10,0.0,0.0
kalman_ssvi_inc,unif_20,0.03287889527480608,0.034183377639453935,0.03179419641974377,0.01902469232528,0.0018244663692551747,69.21763227427982,5.291995005462972,10,0.0,0.0
kalman_ssvi_inc,unif_200,0.03181961631084494,0.03292800669503101,0.030902097480535698,0.017968748827282142,0.001649079400456587,66.78481665270348,5.184394456011307,10,0.0,0.0
kalman_ssvi_inc,unif_300,0.03152970494515436,0.03271754293932341,0.030543830560137656,0.017740807959025984,0.001626332983658047,66.6043694013018,4.912946726727006,10,0.0,0.0
kalman_ssvi_inc,unif_4,0.034149615556432374,0.03857288919737044,0.030137188759939804,0.02162660470998432,0.00244065361686597,76.41296642392216,6.527809242546056,10,0.0,0.0
kalman_ssvi_inc,unif_40,0.032459987174381345,0.03316889303906268,0.03188013403557675,0.018240531317153696,0.0017129566925006465,68.61184507314559,5.080932860134746,10,0.0,0.0
kalman_ssvi_inc,unif_500,0.03186015389758664,0.032971964316433684,0.030939750330775423,0.01789149179552305,0.0016307501003666805,66.17258490687632,4.965940763645711,10,0.0,0.0
kalman_ssvi_inc,unif_8,0.034167154427809265,0.03573983198201568,0.03285168830380164,0.02056899802913824,0.002276987395227602,73.31314042662886,5.007512580680287,10,0.0,0.0
kalman_ssvi_inc,unif_80,0.03129583558713194,0.03260641886201884,0.030203831252824068,0.017710778535723854,0.0016500598178648478,67.62905200747568,4.721519043331545,10,0.0,0.0
prior,extrap_10,0.07640131946160861,0.05541873389457495,0.08975041753456839,0.04636740588910218,0.005751852037403698,87.02713153315719,16.865953586414644,10,0.042185939340465994,3.3612362616681724
prior,extrap_100,0.05144646840844454,0.02987955240477476,0.06366490548158311,0.026476940704911626,0.003714245387378175,77.93710124379713,6.217501938237699,10,3.853569350796236,1.5024728997289973
prior,extrap_2,0.08354853558237349,0.06654182817879273,0.09501170252615974,0.05572669087074471,0.009873168014877002,90.03028936005671,22.963655113728667,10,0.0,0.0
prior,extrap_20,0.07086394192486346,0.05284395188263717,0.08251842081928912,0.04026090303166914,0.005069685076445039,84.79731906940775,14.735832564213565,10,0.837432129339075,3.6044292005420053
prior,extrap_200,0.04623292570651059,0.024218989069504156,0.05814772760903927,0.023511591519212848,0.003542533460989521,76.07140555519753,5.206655442876143,10,2.7752149353079463,0.8614649202047575
prior,extrap_300,0.04618968452010723,0.024155296454707723,0.05810703681368816,0.023468116817726658,0.0035369508879739076,76.03273828704002,5.190014970534795,10,2.7561555794199246,0.8614649202047575
prior,extrap_4,0.08169043396666478,0.061894977396631044,0.09461806408247064,0.051206238260049136,0.007129082582334039,88.91860540052845,18.90951930092771,10,0.0,1.2376919602529357
prior,extrap_40,0.06539751251363449,0.04408245607990436,0.07840987843413166,0.03562341414820774,0.005431984010980446,82.6770638654379,10.692111014992715,10,3.449443486644598,3.293784816320386
prior,extrap_500,0.04618968452010723,0.024155296454707723,0.05810703681368816,0.023468116817726658,0.0035369508879739076,76.03273828704002,5.190014970534795,10,2.7561555794199246,0.8614649202047575
prior,extrap_8,0.07760420864498747,0.05905049865338914,0.08975284839015592,0.04715501304012203,0.006073593465474541,86.7371270219759,17.668051113119773,10,0.11506401784683365,2.6464299156880458
prior,extrap_80,0.05987680511297601,0.03961141455365448,0.07212476780187094,0.030255970065377228,0.008020855826584667,79.20667654830186,8.619461923185236,10,4.143805697971943,2.808763361939175
prior,unif_10,0.0793320362445236,0.0796815196506684,0.07905067176558803,0.04844062871836798,0.00632450183820417,83.99175098279306,21.583463868138832,10,0.07986196696935473,4.381120144534779
prior,unif_100,0.05766144897174457,0.052492915157737845,0.06149300441893297,0.02679222541202042,0.007620568206742456,69.07585229103564,11.756025850288072,10,5.6525842989910675,6.5012279810298095
prior,unif_2,0.08124687887074834,0.06831713707329277,0.09028718064875621,0.05245451343060884,0.010284363356189707,88.6189340723078,30.75297938610789,10,0.0,0.0
prior,unif_20,0.07973476363935031,0.08320830382028731,0.07683599276658966,0.046385255605923485,0.005902211900377939,81.59115808468131,23.417848568224468,10,0.2541673915305925,8.320241455886782
prior,unif_200,0.037339889003715834,0.0375827167745092,0.03714402028260279,0.015416984620583368,0.0021616442950130677,58.95469485080879,4.660666936924851,10,2.854338349705203,2.364052619692864
prior,unif_300,0.02992333950706929,0.030619657565612864,0.029353035714365743,0.012530190884450466,0.001714896430174106,56.78288328929561,2.851976713153007,10,1.9871016853174468,1.3893189174947307
prior,unif_4,0.08734431105683241,0.08968482125501043,0.08542115437704756,0.053565593117896895,0.007245584843029403,86.66623703035381,20.26101566655429,10,0.0,1.9784703402589578
prior,unif_40,0.06764924549962577,0.06643578926455404,0.06860680321405774,0.03532339980216104,0.005037481185907367,75.65573242250434,12.73777320951989,10,1.9156786568087596,7.540300361336945
prior,unif_500,0.02814451134801139,0.028424164467365325,0.027918235797889955,0.011917718858719487,0.0016904604097179342,56.25443062447638,2.5391446437454417,10,1.5701795649781016,1.1153850496838302
prior,unif_8,0.08806532337575265,0.0957150960169573,0.08141337341150634,0.055217056409923686,0.007428397747004851,85.30643810014823,25.110998619868482,10,0.006311139160618491,6.148863294188496
prior,unif_80,0.061008440522302844,0.055979056386466934,0.06475989152673253,0.02891655451169009,0.005688685707320725,70.53231939163499,10.774408767954622,10,4.523049678167819,6.838641410719663
ssvi_data,extrap_10,0.06689688085142977,0.04464671261633786,0.08040759516053879,0.03950990824339722,0.008748110342921275,87.48791647870078,6.317161981210002,10,0.0,0.0
ssvi_data,extrap_100,0.06718924436479724,0.04481358381774399,0.0807715793480069,0.0379638304850525,0.007191333371915855,87.07224334600761,5.949622931449804,10,0.0,0.0
ssvi_data,extrap_2,0.2563109252737045,0.2330897189711876,0.27351120626236797,0.20817324160420347,0.04674073969332041,99.64232776954309,27.371253076192808,10,0.0,0.0
ssvi_data,extrap_20,0.06900944914726116,0.046531682054158946,0.0827339424334909,0.03906886765260343,0.007863415479744427,87.31069149964554,6.268996274718918,10,0.0,0.0
ssvi_data,extrap_200,0.06726514392038901,0.0451951441669534,0.08071490805158575,0.03817340303457765,0.0074274709004243916,87.56847328736225,5.721913068181755,10,0.0,0.0
ssvi_data,extrap_300,0.06741963056550229,0.045306959128520306,0.08089668483966059,0.03844178528173474,0.007442972945373593,87.59747373848037,6.2912425511479855,10,0.0,0.0
ssvi_data,extrap_4,0.2563109252737045,0.2330897189711876,0.27351120626236797,0.20817324160420347,0.04674073969332041,99.64232776954309,27.371253076192808,10,0.0,0.0
ssvi_data,extrap_40,0.06719879307238695,0.04549090888883832,0.080481750132159,0.037908205037612205,0.007142766197883171,86.83379519236966,5.980933305734593,10,0.0,0.0
ssvi_data,extrap_500,0.06741963056550229,0.045306959128520306,0.08089668483966059,0.03844178528173474,0.007442972945373593,87.59747373848037,6.2912425511479855,10,0.0,0.0
ssvi_data,extrap_8,0.06436922451909907,0.04220877003036912,0.07770019943412744,0.0388517183769855,0.009230518684632984,86.93368563510988,10.12739545580355,10,0.0,0.0
ssvi_data,extrap_80,0.06704566233352535,0.04537150653292381,0.08030548277493678,0.037961967229133385,0.007072668629828646,87.24624605271637,5.837660989916701,10,0.0,0.0
ssvi_data,unif_10,0.04574487486869517,0.03633068421203473,0.05207874882118525,0.02354837213430886,0.002505226625503032,72.60101823806149,5.58423740728867,10,0.0,0.0
ssvi_data,unif_100,0.03201019376847846,0.03276973542254864,0.03138784683641367,0.017921430114924402,0.0016508747516055804,66.73326029516015,4.946293009919271,10,0.0,0.0
ssvi_data,unif_2,0.2563109252737045,0.2330897189711876,0.27351120626236797,0.20817324160420347,0.04674073969332041,99.64232776954309,27.371253076192808,10,0.0,0.0
ssvi_data,unif_20,0.034227997843352564,0.033488222346303366,0.03480986206595743,0.018788103820191453,0.0017328643797882917,67.90938970161758,4.6522234799892,10,0.0,0.0
ssvi_data,unif_200,0.03220703745489533,0.033147054081424196,0.031432941832710636,0.018016970959210492,0.0016385067853015183,66.1435844557582,5.033564714722939,10,0.0,0.0
ssvi_data,unif_300,0.03186014096013211,0.03277840472867477,0.031104212668262143,0.017870941011814457,0.0016200703106332172,65.95347038731714,5.063921230051581,10,0.0,0.0
ssvi_data,unif_4,0.2563109252737045,0.2330897189711876,0.27351120626236797,0.20817324160420347,0.04674073969332041,99.64232776954309,27.371253076192808,10,0.0,0.0
ssvi_data,unif_40,0.03282937005811148,0.03298183773742221,0.03270659383096261,0.018221534528052943,0.0016967736241687533,66.59148031191596,4.8977626091089705,10,0.0,0.0
ssvi_data,unif_500,0.03180944527914566,0.032836083217136956,0.030961607607263558,0.017819538625588664,0.0016273660432225235,66.31436489012052,5.004443465952146,10,0.0,0.0
ssvi_data,unif_8,0.04186013283136436,0.038815185245437124,0.04415039509856121,0.02405538964391171,0.00295835889766088,75.69762196300832,6.4066696881261285,10,0.0,0.0
ssvi_data,unif_80,0.0319530985969923,0.032361186055961576,0.03162205162435376,0.017796418961813033,0.0016252582058730364,66.88148482309725,4.839497048662403,10,0.0,0.0
ssvi_temporal,extrap_10,0.0722132432077983,0.052635512722789796,0.08470409234729628,0.044193105993640076,0.006379952393454203,89.42127988657602,15.071131904766654,10,0.0,0.0
ssvi_temporal,extrap_100,0.06943048225739858,0.04925404677804165,0.08210255209211886,0.04026275415566528,0.0066310532781589685,88.45459818263839,6.0337555113762225,10,0.0,0.0
ssvi_temporal,extrap_2,0.08353906463044232,0.057317894076649126,0.09970212529197725,0.05781974876398869,0.01650344389690285,92.79177676097184,10.728757123766027,10,0.0,0.0
ssvi_temporal,extrap_20,0.07250433551032143,0.05189565223222375,0.08551436885195073,0.04282206076641403,0.007154750820929531,89.29883353741059,7.144833047777261,10,0.0,0.0
ssvi_temporal,extrap_200,0.07096635374566082,0.050149200447495025,0.08401202614044935,0.04153210340359927,0.007177386334710396,89.06038538377264,5.841770621635501,10,0.0,0.0
ssvi_temporal,extrap_300,0.07157866998824919,0.05050587404369977,0.0847732606802354,0.04294393107685923,0.00727343321866946,89.13449764774118,9.549512845093563,10,0.0,0.0
ssvi_temporal,extrap_4,0.09652914441355621,0.05670865359594426,0.11921002124870712,0.06075789114130596,0.02588355741249274,90.30418250950571,10.737339302507662,10,0.0,0.0
ssvi_temporal,extrap_40,0.07172416079488296,0.051097846995653895,0.08471034564788177,0.04199859729008278,0.007330980724347628,88.92504994522137,6.221514063612585,10,0.0,0.0
ssvi_temporal,extrap_500,0.07157866998824919,0.05050587404369977,0.0847732606802354,0.04294393107685923,0.00727343321866946,89.13449764774118,9.549512845093563,10,0.0,0.0
ssvi_temporal,extrap_8,0.0713762258002286,0.051140345085048076,0.08415843934285795,0.04203453987246477,0.00519203493029291,89.14416446478056,13.394735601438036,10,0.0,0.0
ssvi_temporal,extrap_80,0.07046647267803034,0.04982372833956159,0.083406952694899,0.040825245268921145,0.00702667940123549,88.97660630276471,5.95378609032302,10,0.0,0.0
ssvi_temporal,unif_10,0.04976620528744078,0.043859640527883714,0.05403820525873195,0.029195757405528155,0.003697011422372669,81.30115357350003,9.1281489273768,10,0.0,0.0
ssvi_temporal,unif_100,0.03614232938396758,0.034045879862796634,0.03773941340381432,0.019854558626563903,0.0019953604150736532,71.93400786234453,4.92343570118111,10,0.0,0.0
ssvi_temporal,unif_2,0.07910089080027294,0.06902851777194152,0.08633299928128672,0.049397479414246374,0.00664911781966728,87.79403235161436,14.429469221618756,10,0.0,0.0
ssvi_temporal,unif_20,0.04096905101609685,0.03826048564581729,0.04301799670166283,0.023824973808747044,0.002577867832144777,76.4870786878907,6.72682962460336,10,0.0,0.0
ssvi_temporal,unif_200,0.03697479005992303,0.03453796263676541,0.038818505122125216,0.020238014999147944,0.001970662241504433,72.02423148804537,4.57745546795227,10,0.0,0.0
ssvi_temporal,unif_300,0.032807005126954565,0.03375878249416191,0.03202335111021384,0.018974603559145164,0.0019590229655564798,71.97911967519495,4.569083291459455,10,0.0,0.0
ssvi_temporal,unif_4,0.07042584218837745,0.07020986070975781,0.07059855881938135,0.046662903409084855,0.006971261297353322,86.71779338789715,26.0271613393931,10,0.0,0.0
ssvi_temporal,unif_40,0.036653671184942754,0.0334394168812896,0.03904043628714422,0.020099132696677048,0.0020423785998043785,73.67403492943224,4.783647364760127,10,0.0,0.0
ssvi_temporal,unif_500,0.043646771137377034,0.04398794370569297,0.04337124842107936,0.02581094778450399,0.0037715117806699306,72.44634916543146,23.34006413063978,10,0.0,0.0
ssvi_temporal,unif_8,0.04228992702308745,0.04376704301672068,0.04106707219306231,0.02704809291174026,0.0035705244335132876,80.9048140748856,8.23102633704416,10,0.0,0.0
ssvi_temporal,unif_80,0.035867813344353294,0.03353990720850832,0.0376306469825596,0.019766244817306284,0.002034948607780292,73.5676999419991,4.411231765544543,10,0.0,0.0
ssvi_temporal_graph,extrap_10,0.07227616842057075,0.05332510307492594,0.08445455746551167,0.0444900043915068,0.006418621163365495,89.59850486563124,15.710239695077956,10,0.0,0.0
ssvi_temporal_graph,extrap_100,0.06942041719630236,0.049382589725481964,0.08202526198327681,0.04036237781650211,0.006659201096758923,88.60926725526842,6.335869361242614,10,0.0,0.0
ssvi_temporal_graph,extrap_2,0.08466712519966611,0.058393931847130306,0.1009087370785627,0.059017542887779155,0.016898079512050326,92.54043951794806,11.069331549748297,10,0.0,0.0
ssvi_temporal_graph,extrap_20,0.07253513416852919,0.05212463890457475,0.0854497272056616,0.04290079255681534,0.00716798862504615,89.29238899271766,7.593933761684985,10,0.0,0.0
ssvi_temporal_graph,extrap_200,0.0709487984572283,0.050252386783908795,0.08393583086300754,0.04165378475458517,0.007199067143564863,89.40516852484372,6.193139464683607,10,0.0,0.0
ssvi_temporal_graph,extrap_300,0.07156984818466992,0.050662023352195495,0.08468507841572191,0.04305729211134201,0.007300784007432778,89.43416897596185,9.878786010284337,10,0.0,0.0
ssvi_temporal_graph,extrap_4,0.09772507820324568,0.05687097571640404,0.12089190274792733,0.06176489052251961,0.02608830537739546,89.91750982793066,11.50627099876661,10,0.0,0.0
ssvi_temporal_graph,extrap_40,0.07178927021194523,0.05125617343651528,0.08473302031048034,0.042198287564506776,0.007380036150012404,89.34072307791455,6.587667237364886,10,0.0,0.0
ssvi_temporal_graph,extrap_500,0.07156984818466992,0.050662023352195495,0.08468507841572191,0.04305729211134201,0.007300784007432778,89.43416897596185,9.878786010284337,10,0.0,0.0
ssvi_temporal_graph,extrap_8,0.07136717206691773,0.051280428604899606,0.08407621001283366,0.04202591001706295,0.005169209019553675,88.86060449829219,13.37181153511029,10,0.0,0.0
ssvi_temporal_graph,extrap_80,0.07047751672615357,0.04996605761399353,0.08335547540616524,0.040955439822357,0.007053810093605231,89.12805310304827,6.280653251267562,10,0.0,0.0
ssvi_temporal_graph,unif_10,0.050766459636192945,0.04409240790776832,0.05554193140994052,0.030248519826105102,0.00406257149612772,82.38705935425662,9.729487029604886,10,0.0,0.0
ssvi_temporal_graph,unif_100,0.03705621634286834,0.035264577217964346,0.038432624655428745,0.021310738008881513,0.002351920902374658,74.62460527163756,6.500662501376393,10,0.0,0.0
ssvi_temporal_graph,unif_2,0.07428238690203333,0.06352201750206905,0.08189591418900016,0.04810952679572336,0.008068789941017207,89.02816266030806,16.82125068726145,10,0.0,0.0
ssvi_temporal_graph,unif_20,0.04131993260806618,0.03853039070879313,0.04342758462119115,0.024247949374940278,0.002859978985155158,77.56976219630083,7.449346700188117,10,0.0,0.0
ssvi_temporal_graph,unif_200,0.03796622034307869,0.03592708105281409,0.0395254611845556,0.021700449826511037,0.0023321036642890065,73.90281626603081,6.285271826656859,10,0.0,0.0
ssvi_temporal_graph,unif_300,0.033544132807044665,0.03505073419789129,0.032285246393178965,0.02028148839200795,0.0023173470162724556,73.87703808725914,6.226476287482871,10,0.0,0.0
ssvi_temporal_graph,unif_4,0.07227604790973205,0.0729772163357838,0.07170883293918649,0.04810336991173825,0.008387033613288531,87.57491783205516,35.66197325350265,10,0.0,0.0
ssvi_temporal_graph,unif_40,0.03743285301237425,0.03439531614078869,0.03970108349587474,0.021111930169242274,0.002354931705583223,74.84371979119675,5.543213426138569,10,0.0,0.0
ssvi_temporal_graph,unif_500,0.045592840809504494,0.04715113747677725,0.044303673349504316,0.02743392472166813,0.004500948358992654,74.44738029258232,26.766771728179958,10,0.0,0.0
ssvi_temporal_graph,unif_8,0.04221766769439182,0.04383066182545296,0.040878263058257945,0.027457415968450766,0.0037981089278610208,81.75227170200425,10.232049404262515,10,0.0,0.0
ssvi_temporal_graph,unif_80,0.03686433442964932,0.034951867678754495,0.03832904907560303,0.021158241791548106,0.0023740800872374263,75.00161113617322,6.039013698843607,10,0.0,0.0
svi_temporal,extrap_10,0.1330400341034127,0.1598631163120446,0.10676856935379665,0.07166693788998449,0.01065398954999931,89.31494489914287,44.02331568169827,10,0.16771673263054837,8.850150557061125
svi_temporal,extrap_100,0.030024108119558714,0.025346501102810896,0.033303736607745854,0.020177453389241175,0.004407284772869736,78.22710575497841,12.34034745805953,10,0.0,0.7007217329117735
svi_temporal,extrap_2,0.3013294724421123,0.36164678917606763,0.24234809642831298,0.19991059520740515,0.04286624838440186,95.62737642585552,95.57767745447524,10,1.8313398910078107,10.701105653417645
svi_temporal,extrap_20,0.11825992948807579,0.1318190052879616,0.10614292861888043,0.05948361077656114,0.00946217666513622,86.41489978733003,41.492540721812595,10,0.22498505814256645,11.771685862691958
svi_temporal,extrap_200,0.029646200583839218,0.02539957434740524,0.03265496497539893,0.019937462996514898,0.004360716853578518,77.88554488625378,12.318756658097739,10,0.0,0.4415481029810298
svi_temporal,extrap_300,0.029650477865473597,0.025413718271806277,0.03265313812213912,0.01993768042511269,0.004360940404877926,77.88554488625378,12.32676604008175,10,0.0,0.4415481029810298
svi_temporal,extrap_4,0.1862881564188649,0.24204532107385512,0.12470743166884916,0.10073673647664867,0.01622084413620439,93.2944512470194,30.38155726526223,10,0.5597425972414123,8.313885124962361
svi_temporal,extrap_40,0.05525877622985535,0.06432583376435991,0.046733880362437925,0.027409449807345235,0.00579535436199341,79.9929110008378,23.63550252031466,10,0.0032123353678123997,4.334072944896116
svi_temporal,extrap_500,0.029650477865473597,0.025413718271806277,0.03265313812213912,0.01993768042511269,0.004360940404877926,77.88554488625378,12.32676604008175,10,0.0,0.4415481029810298
svi_temporal,extrap_8,0.16290549631230425,0.2025457178280498,0.12215370085332225,0.0917195791596544,0.012319342505526831,90.91963652767932,68.92759654076042,10,0.21044452181154796,11.48672933604336
svi_temporal,extrap_80,0.030682087944290802,0.02568904968902333,0.034162755693966096,0.020443093635154886,0.0043709214234519496,78.09499258877361,12.067777788774505,10,0.0,0.207007490213791
svi_temporal,unif_10,0.18777171769923187,0.23983342920423775,0.13193405813187806,0.10937349038413793,0.01822954173752271,94.2546884062641,59.536504160129866,10,0.0,19.084797500752785
svi_temporal,unif_100,0.03065282728335336,0.03895961314939991,0.02181505853542642,0.019553634705678145,0.002733819742328741,77.48598311529291,8.587123928094327,10,0.13148535608946718,3.0825363218909967
svi_temporal,unif_2,0.2718120165818303,0.35020587417463295,0.18649281084801586,0.15052385750421587,0.022712118954279468,94.41257975124057,55.172952149276284,10,0.0,10.590456564287866
svi_temporal,unif_20,0.17088186460299623,0.21669791675290048,0.12231557462128827,0.08640223544892343,0.01564832594680912,90.44274022040342,54.82874865904944,10,0.0,19.588270663956642
svi_temporal,unif_200,0.027727443333571824,0.03627208749728703,0.018173977172524412,0.017227284459518415,0.0024904265784628328,75.40117290713411,6.9774087194081815,10,0.6836528824510946,2.902359040951521
svi_temporal,unif_300,0.02839767400748579,0.03719216025367197,0.01854381138891943,0.017843004672463733,0.0025344980681928594,75.13372430237804,7.738525369163075,10,0.0032658393207054214,2.8900067750677505
svi_temporal,unif_4,0.3265508033452964,0.44013863069067644,0.19183669742670723,0.18404437004667049,0.02335001058002688,93.39111941741317,150.54219920827418,10,0.0,19.8666676076483
svi_temporal,unif_40,0.0909694529637466,0.11207357064568241,0.06956504491239797,0.0396600750185481,0.007039478036146619,79.3839015273571,46.014268629112564,10,0.0,9.147573208370972
svi_temporal,unif_500,0.02760352038678096,0.036053782012749426,0.018182394337709733,0.017421302314079214,0.0025295446839285318,75.09183476187407,7.364516749509627,10,0.3131755325503238,2.095628199337549
svi_temporal,unif_8,0.21056435099630547,0.27773675765615885,0.13429434944025676,0.12028533155096086,0.014557405728792036,94.20957659341367,62.233250283271175,10,0.0,14.031810825052697
svi_temporal,unif_80,0.04255148446186489,0.05104544814493465,0.03425079365125789,0.021485609904525887,0.00470563455235198,78.16266030804924,6.169749129857518,10,0.12594128653217662,6.337656202950919
svi_temporal_graph,extrap_10,0.16014661524550505,0.19706036308005212,0.12277337377787041,0.08795216551206521,0.011657843285369339,92.53399497325513,48.462606601320786,10,0.4603027959448472,16.142091990364346
svi_temporal_graph,extrap_100,0.03134325645428747,0.028827408141388317,0.03322334228246959,0.021397588170836843,0.004262643353413034,79.02622929690017,13.397856368430858,10,0.0,0.7822107422463114
svi_temporal_graph,extrap_2,0.29868652097609116,0.3593199143537184,0.2392078370873077,0.21171487203257044,0.042753986294505095,97.51562802088033,98.13178666311299,10,2.005174805707857,8.989344323998795
svi_temporal_graph,extrap_20,0.12664804531315518,0.14267111178074404,0.11215749758997436,0.0631371598503205,0.009869116237712286,87.83269961977186,45.122019177062626,10,0.4772597578454988,13.902019346582353
svi_temporal_graph,extrap_200,0.031072660445217577,0.028957818617797844,0.03266977967776888,0.021230300040162624,0.0042409973769370266,78.84255977315203,13.330517505314143,10,0.0,0.6176452875639867
svi_temporal_graph,extrap_300,0.031078077095457367,0.02897273002780713,0.03266846205847925,0.021230756795091583,0.004241057040520726,78.83289295611264,13.344054864638986,10,0.0,0.6207317073170732
svi_temporal_graph,extrap_4,0.2130442196487138,0.2821504637043722,0.1339635383637304,0.11918367575624517,0.017416896501042712,93.89701617580718,39.22774040607896,10,0.83708497015734,9.654684206564287
svi_temporal_graph,extrap_40,0.07355490553904596,0.08883520877592159,0.05848530752087965,0.037553783090655414,0.00668320222839323,82.44506025649288,29.468206013431036,10,0.006424670735624799,9.487696665161097
svi_temporal_graph,extrap_500,0.031078077095457367,0.02897273002780713,0.03266846205847925,0.021230756795091583,0.004241057040520726,78.83289295611264,13.344054864638986,10,0.0,0.6207317073170732
svi_temporal_graph,extrap_8,0.18459762605185323,0.23434629861123438,0.131769914301358,0.10542734817279147,0.0135109265029306,92.88522265901913,77.38222621221793,10,0.2683722714238848,14.24274879554351
svi_temporal_graph,extrap_80,0.031926052890446345,0.02890429172089227,0.0341565894030669,0.021593733916292844,0.004246959340551586,78.96500612231746,13.114705921462782,10,0.0,0.32029885576633543
svi_temporal_graph,unif_10,0.21495628661533653,0.27869654130853677,0.1448247251175521,0.12626117113741442,0.018977607178002513,94.71225107946124,70.38878165651647,10,0.03185668194261891,22.683896981330925
svi_temporal_graph,unif_100,0.03387172783944614,0.04259900402408898,0.024741175361047613,0.021635910150637972,0.0029830838086690966,76.60308049236322,10.217085117361057,10,0.19950361124735752,4.2173197079193026
svi_temporal_graph,unif_2,0.27484305510381973,0.35158432330840567,0.19232640657092684,0.15907419513522628,0.025153763861897657,95.27614874009151,55.99755912793463,10,0.0,8.689723539596505
svi_temporal_graph,unif_20,0.1925146519285823,0.25003559750868076,0.12903092946974065,0.09914963381886743,0.01632378966230078,91.06463878326996,62.38495087002427,10,0.0,23.471725383920507
svi_temporal_graph,unif_200,0.02940284977213674,0.03848808688072661,0.01923319706069513,0.018429622816081855,0.0026358710323862258,74.68260617387382,8.313486487618947,10,0.6745056087575594,2.6664201294790724
svi_temporal_graph,unif_300,0.030266421524183282,0.039711074425174915,0.019648785092855534,0.019125429233126053,0.002692074946350295,75.00483340851969,9.04662787740226,10,0.006458687341139649,3.2406711080999697
svi_temporal_graph,unif_4,0.28383572888034847,0.37972330764928436,0.171873881193945,0.16458200145040935,0.02145637683573402,93.39756396210608,110.93606462489453,10,0.0,16.43715371875941
svi_temporal_graph,unif_40,0.12028473448240705,0.1489643838258556,0.09097375900672473,0.05346579688299441,0.008569626216267405,82.02294257910678,62.32898792040118,10,0.0,13.239792231255645
svi_temporal_graph,unif_500,0.029508379961255896,0.038653566709994196,0.01925828672965019,0.018706874400016504,0.002684394958007856,74.824386157118,8.71297410246582,10,0.3098907298026272,1.9064814814814817
svi_temporal_graph,unif_8,0.22494595351399974,0.2953489648252918,0.14569517579094451,0.13328414634294738,0.016396198056990205,94.61880518141393,69.72648928066047,10,0.0,17.792650933453782
svi_temporal_graph,unif_80,0.053149450078745594,0.06368517994286653,0.04286937860115201,0.025940789066349498,0.00521613576988369,79.13578655667978,7.697353284476465,10,0.12594128653217662,7.486860132490214
