model,split,rmse,rmse_liquid,rmse_illiquid,mae,call_rmse,call_oob_pct,call_oob_spread_mean,n_rows,butterfly_pct,calendar_pct
bspline_data,extrap_10,0.09352682929875873,0.06968710293313397,0.11067131658102262,0.05053381007605793,0.005559134445627053,87.15995647442872,4.199265144896177,10,0.08064516129032258,5.4772727272727275
bspline_data,extrap_100,0.021163988486756664,0.010306898876875565,0.027483452084308326,0.010739016372142663,0.003153857185302218,50.843307943416754,1.9416729198134608,10,1.5292064461198296,0.6363636363636364
bspline_data,extrap_100_excl,0.13816116672011813,0.0999439028762177,0.16515419607180587,0.10484153474392259,0.013126528004774495,98.88465723612623,9.74157972390805,10,0.0,0.0
bspline_data,extrap_10_excl,0.13816116672011813,0.0999439028762177,0.16515419607180587,0.10484153474392259,0.013126528004774495,98.88465723612623,9.74157972390805,10,0.0,0.0
bspline_data,extrap_2,0.14323951264128112,0.10442611188488973,0.17078215566248103,0.1081235108449336,0.013929572498706227,98.06855277475516,10.16068961168747,10,0.13344538419363827,0.0
bspline_data,extrap_20,0.0666530157188068,0.041790544487314896,0.08287632487430073,0.03642067315872385,0.00456664360663608,80.7671381936888,3.8225166277020297,10,0.35488883310376834,10.954545454545455
bspline_data,extrap_200,0.0189519002709518,0.00850629370074854,0.024844237823975972,0.009852690803910626,0.003287675583711052,47.606093579978236,2.0400078294520165,10,1.949780235108363,0.38636363636363635
bspline_data,extrap_200_excl,0.13816116672011813,0.0999439028762177,0.16515419607180587,0.10484153474392259,0.013126528004774495,98.88465723612623,9.74157972390805,10,0.0,0.0
bspline_data,extrap_20_excl,0.13816116672011813,0.0999439028762177,0.16515419607180587,0.10484153474392259,0.013126528004774495,98.88465723612623,9.74157972390805,10,0.0,0.0
bspline_data,extrap_2_excl,0.13816116672011813,0.0999439028762177,0.16515419607180587,0.10484153474392259,0.013126528004774495,98.88465723612623,9.74157972390805,10,0.0,0.0
bspline_data,extrap_300,0.01895190027095191,0.008506293700748532,0.024844237823976136,0.009852690803910739,0.0032876755837110763,47.606093579978236,2.0400078294520645,10,1.949780235108363,0.38636363636363635
bspline_data,extrap_300_excl,0.13816116672011813,0.0999439028762177,0.16515419607180587,0.10484153474392259,0.013126528004774495,98.88465723612623,9.74157972390805,10,0.0,0.0
bspline_data,extrap_4,0.14713422028563916,0.10084031326258963,0.17882184275383925,0.10316241332597637,0.01729112482845425,95.07616974972797,13.458507618424505,10,2.4551680167428414,0.0
bspline_data,extrap_40,0.05013816353887502,0.03099313177886386,0.06254094008400593,0.02218692206963259,0.0036809037389725495,67.27421109902068,2.7763621384008164,10,1.2449762683296743,8.454545454545455
bspline_data,extrap_40_excl,0.13816116672011813,0.0999439028762177,0.16515419607180587,0.10484153474392259,0.013126528004774495,98.88465723612623,9.74157972390805,10,0.0,0.0
bspline_data,extrap_4_excl,0.13816116672011813,0.0999439028762177,0.16515419607180587,0.10484153474392259,0.013126528004774495,98.88465723612623,9.74157972390805,10,0.0,0.0
bspline_data,extrap_500,0.018951900270951845,0.008506293700748535,0.024844237823976042,0.009852690803910661,0.003287675583711071,47.606093579978236,2.040007829452027,10,1.949780235108363,0.38636363636363635
bspline_data,extrap_500_excl,0.13816116672011813,0.0999439028762177,0.16515419607180587,0.10484153474392259,0.013126528004774495,98.88465723612623,9.74157972390805,10,0.0,0.0
bspline_data,extrap_8,0.09911589832707318,0.06892154500533153,0.11995438294682594,0.06132489149721417,0.008029779458667858,87.89445048966267,7.027642444456634,10,0.22022345427092374,3.1363636363636362
bspline_data,extrap_80,0.026125877782760487,0.011704432690282844,0.03425538624988302,0.011989821954235017,0.0032069606895733333,53.618063112078346,1.9669780891357918,10,1.6490866136470732,1.4318181818181819
bspline_data,extrap_80_excl,0.13816116672011813,0.0999439028762177,0.16515419607180587,0.10484153474392259,0.013126528004774495,98.88465723612623,9.74157972390805,10,0.0,0.0
bspline_data,extrap_8_excl,0.13816116672011813,0.0999439028762177,0.16515419607180587,0.10484153474392259,0.013126528004774495,98.88465723612623,9.74157972390805,10,0.0,0.0
bspline_data,unif_10,0.09821180118830022,0.07786379646055774,0.1134422341631665,0.059516109078382985,0.0072198947880156425,85.99020674646354,7.299769259780103,10,0.2161735421960369,3.7954545454545454
bspline_data,unif_100,0.020229200331812455,0.019399431432221684,0.020947706194740234,0.00786574327921672,0.0005665644224482547,30.60391730141458,1.3386539966483582,10,0.7632367051736418,3.7954545454545454
bspline_data,unif_100_excl,0.13816116672011813,0.0999439028762177,0.16515419607180587,0.10484153474392259,0.013126528004774495,98.88465723612623,9.74157972390805,10,0.0,0.0
bspline_data,unif_10_excl,0.13816116672011813,0.0999439028762177,0.16515419607180587,0.10484153474392259,0.013126528004774495,98.88465723612623,9.74157972390805,10,0.0,0.0
bspline_data,unif_2,0.13924348518464788,0.1010337648182168,0.16628051513527325,0.10538137356350251,0.013270602913426015,98.83025027203482,9.77610098757856,10,0.056338028169014086,0.0
bspline_data,unif_20,0.07443498787896206,0.05925761214864659,0.08582677697111736,0.03783061690443048,0.0029699898805953047,73.42219804134929,3.804543288361225,10,0.26809058867610014,5.909090909090908
bspline_data,unif_200,0.013058964723077807,0.011995342274986883,0.01394679765311658,0.00540415797252639,0.00041532925536121084,23.041349292709466,0.9664625571567946,10,0.8053915809178471,0.5454545454545455
bspline_data,unif_200_excl,0.13816116672011813,0.0999439028762177,0.16515419607180587,0.10484153474392259,0.013126528004774495,98.88465723612623,9.74157972390805,10,0.0,0.0
bspline_data,unif_20_excl,0.13816116672011813,0.0999439028762177,0.16515419607180587,0.10484153474392259,0.013126528004774495,98.88465723612623,9.74157972390805,10,0.0,0.0
bspline_data,unif_2_excl,0.13816116672011813,0.0999439028762177,0.16515419607180587,0.10484153474392259,0.013126528004774495,98.88465723612623,9.74157972390805,10,0.0,0.0
bspline_data,unif_300,0.010787713857034418,0.008999934185719396,0.012173906053942004,0.004639026291825806,0.00037461999109453795,20.75625680087051,1.0949052205703227,10,1.0475249330059244,0.5227272727272727
bspline_data,unif_300_excl,0.13816116672011813,0.0999439028762177,0.16515419607180587,0.10484153474392259,0.013126528004774495,98.88465723612623,9.74157972390805,10,0.0,0.0
bspline_data,unif_4,0.12256997864322529,0.0869456707545834,0.14744129686984608,0.08340037993639594,0.011832323528758492,93.03590859630033,8.485798202047055,10,0.4881754001701847,1.2045454545454546
bspline_data,unif_40,0.040269147839744404,0.04278117346991444,0.03786682048623318,0.01993047549397315,0.0026003732617240656,59.657236126224156,2.6778956342970233,10,0.6760724306589607,9.340909090909092
bspline_data,unif_40_excl,0.13816116672011813,0.0999439028762177,0.16515419607180587,0.10484153474392259,0.013126528004774495,98.88465723612623,9.74157972390805,10,0.0,0.0
bspline_data,unif_4_excl,0.13816116672011813,0.0999439028762177,0.16515419607180587,0.10484153474392259,0.013126528004774495,98.88465723612623,9.74157972390805,10,0.0,0.0
bspline_data,unif_500,0.009991425176608252,0.00851446635256355,0.011154403176573922,0.004405585029767886,0.0003580389645161823,19.613710554951034,1.026003056206819,10,0.8628136814205286,0.5454545454545455
bspline_data,unif_500_excl,0.13816116672011813,0.0999439028762177,0.16515419607180587,0.10484153474392259,0.013126528004774495,98.88465723612623,9.74157972390805,10,0.0,0.0
bspline_data,unif_8,0.10476313886819899,0.07080363277860859,0.12782691196012327,0.06416620909582577,0.013753655257010384,89.36343852013057,9.473005413224286,10,0.46351153494143055,1.3636363636363638
bspline_data,unif_80,0.02706944276325242,0.02164110296283378,0.031155449944808927,0.010836100179791672,0.001237921442053996,38.13928182807399,1.7147287120087737,10,0.7269885159524204,3.931818181818182
bspline_data,unif_80_excl,0.13816116672011813,0.0999439028762177,0.16515419607180587,0.10484153474392259,0.013126528004774495,98.88465723612623,9.74157972390805,10,0.0,0.0
bspline_data,unif_8_excl,0.13816116672011813,0.0999439028762177,0.16515419607180587,0.10484153474392259,0.013126528004774495,98.88465723612623,9.74157972390805,10,0.0,0.0
bspline_learned_graph,extrap_10,0.08059670051571781,0.05688269642983031,0.09710383098130948,0.04799320521267374,0.004429763314489887,88.73775843307943,4.795632784562656,10,0.0,6.045454545454546
bspline_learned_graph,extrap_100,0.02770313150969645,0.014479249794589377,0.03562797631066656,0.01442511960419453,0.002615152708941491,63.65614798694233,1.9094659487762178,10,0.23952115125641624,0.7954545454545455
bspline_learned_graph,extrap_100_excl,0.02816525440187801,0.0177822724371201,0.03496460194626126,0.015482788801267494,0.002588597428816509,68.74319912948857,1.9211103875175268,10,0.24657086920542165,2.590909090909091
bspline_learned_graph,extrap_10_excl,0.08072536245842765,0.05912676248401703,0.09609553952510547,0.04866277115856923,0.004562707469726801,88.57453754080522,4.95818473004525,10,0.0,6.704545454545455
bspline_learned_graph,extrap_2,0.10691060639849487,0.07825392550323428,0.1272952766704035,0.06721674901141933,0.009220864662049227,91.94776931447225,7.033778639770709,10,0.0,0.0
bspline_learned_graph,extrap_20,0.07339015330850121,0.04696182983562337,0.09081808048548083,0.041975470511126406,0.004148109793938849,85.09249183895538,4.100741618942569,10,0.0,8.09090909090909
bspline_learned_graph,extrap_200,0.023985495216786248,0.011893612619064723,0.03107496161849969,0.012461688187316224,0.002647181539706234,59.98367791077258,1.715445767678866,10,0.22391464679245185,0.47727272727272724
bspline_learned_graph,extrap_200_excl,0.02556500091210685,0.01691727936288876,0.03137055594419697,0.014068286767192364,0.002580714858634933,66.86615886833515,1.7646469576765629,10,0.22351450594287278,1.5
bspline_learned_graph,extrap_20_excl,0.0762356223502837,0.054215262192078534,0.09163212189017304,0.04358262044463152,0.004239928825974831,85.52774755168662,4.253811815301792,10,0.0,8.863636363636363
bspline_learned_graph,extrap_2_excl,0.10693670347513207,0.07830612116039462,0.12730804001841894,0.06723194723800098,0.00921818546786127,91.70293797606094,7.049978706427818,10,0.0,0.0
bspline_learned_graph,extrap_300,0.023970752822539545,0.011877232916298823,0.031058983632330447,0.012456014052325695,0.0026451266637330033,59.90206746463547,1.717258411887061,10,0.22391464679245185,0.47727272727272724
bspline_learned_graph,extrap_300_excl,0.025552147404524696,0.016904277555783703,0.03135696474114944,0.01406175715630242,0.0025788968737663004,66.92056583242655,1.762691961876223,10,0.22351450594287278,1.477272727272727
bspline_learned_graph,extrap_4,0.09585870815798693,0.06719986525558615,0.11573006287691326,0.059058249779979276,0.005800560496613268,90.53318824809575,5.479747799759839,10,0.0,0.0
bspline_learned_graph,extrap_40,0.05355525950873392,0.02972716447195571,0.06821780121382987,0.027435591433738835,0.003158757037113406,77.04026115342764,2.864814092740654,10,0.3126039241769205,7.136363636363636
bspline_learned_graph,extrap_40_excl,0.052948012360263655,0.033730544426078916,0.0655913846139433,0.02808288615621169,0.003220997670838756,78.83569096844396,2.943810542356834,10,0.20618556701030927,7.931818181818182
bspline_learned_graph,extrap_4_excl,0.09606237355538559,0.06880370778666481,0.1152017570712224,0.05942780073684535,0.00586087322211561,90.58759521218715,5.5505852011266565,10,0.0,0.47727272727272724
bspline_learned_graph,extrap_500,0.023970752822539756,0.011877232916298823,0.031058983632330752,0.012456014052325706,0.0026451266637329772,59.90206746463547,1.7172584118870524,10,0.22391464679245185,0.47727272727272724
bspline_learned_graph,extrap_500_excl,0.025552147404524855,0.016904277555783616,0.031356964741149726,0.014061757156302482,0.002578896873766284,66.92056583242655,1.7626919618762398,10,0.22351450594287278,1.477272727272727
bspline_learned_graph,extrap_8,0.08720322386740359,0.06320056778491587,0.10417557702758122,0.052601861752498626,0.00508487926736348,89.30903155603917,5.453486324193562,10,0.34946236559139787,7.772727272727273
bspline_learned_graph,extrap_80,0.03352821326715131,0.016676483323726538,0.04342067319715256,0.016640886044159475,0.0026430870778514745,66.1588683351469,1.9883612390488543,10,0.13357848935382247,1.2045454545454546
bspline_learned_graph,extrap_80_excl,0.033515374775543026,0.019769809349638196,0.042217088635063564,0.01751876019047054,0.0026315189859822787,69.88574537540805,2.029526377961938,10,0.16693458981239487,3.159090909090909
bspline_learned_graph,extrap_8_excl,0.08674710379352714,0.06543493344174575,0.10219206671147005,0.052783473867623526,0.005376533775694173,89.60826985854189,5.29594926215528,10,0.1881720430107527,8.022727272727273
bspline_learned_graph,unif_10,0.09483106970855448,0.10778312991013657,0.08143565379064432,0.058299039834281946,0.006382933194655629,86.6974972796518,9.535021801561365,10,0.0,8.954545454545455
bspline_learned_graph,unif_100,0.023306736847228324,0.02343282358622966,0.023192705542583722,0.01013339696175617,0.0007678736106417112,50.19042437431991,1.1817156468015269,10,0.5756665706214721,2.7045454545454546
bspline_learned_graph,unif_100_excl,0.02644625798080608,0.02877292735754799,0.024162132574377986,0.011658706643105421,0.0008989302128878016,55.9031556039173,1.3453865874306747,10,0.8626760680226848,2.9545454545454546
bspline_learned_graph,unif_10_excl,0.09557952238661714,0.10944698807435574,0.0811005640372513,0.05843776629856817,0.006388971103565302,86.8879216539717,9.465462773117554,10,0.0,9.59090909090909
bspline_learned_graph,unif_2,0.12945514015396578,0.12930733343427295,0.12958798392806756,0.08481229220228007,0.020739045956599714,92.32861806311207,15.117923593037716,10,0.0,0.9090909090909092
bspline_learned_graph,unif_20,0.07014306212474113,0.0553411250903824,0.08118643573743606,0.03680324219165024,0.004278199609615613,79.21653971708379,4.001924317970674,10,0.24170585758552057,8.500000000000002
bspline_learned_graph,unif_200,0.020440208583424876,0.016939561588540344,0.02314165847126689,0.008024983655107716,0.0006383047762919787,43.199129488574535,0.9604557199855508,10,0.5723464012690607,1.886363636363636
bspline_learned_graph,unif_200_excl,0.023495415053324028,0.021111394577804855,0.025450269985453956,0.009961240198340078,0.0008181206435461232,53.21001088139282,1.119103882243569,10,0.4657370735651335,2.7045454545454546
bspline_learned_graph,unif_20_excl,0.06930707972930648,0.05663708612633183,0.07898860405229892,0.03693137697671269,0.004399400801654724,79.95103373231774,4.0993944041830925,10,0.13671898094510063,8.613636363636363
bspline_learned_graph,unif_2_excl,0.12945619248912094,0.12930733343427295,0.1295899810362772,0.08481603455747119,0.020739223774283666,92.32861806311207,15.118597843093877,10,0.0,0.9090909090909092
bspline_learned_graph,unif_300,0.015801164640284783,0.013931235576842272,0.017311850538818393,0.006600649069083933,0.0005297043078302013,37.73122959738846,0.8712313900018018,10,0.7395742612153244,0.5681818181818181
bspline_learned_graph,unif_300_excl,0.020383440034702435,0.020787051667187233,0.020013338576778502,0.009261682010311188,0.0007916014621808518,50.924918389553866,1.1612309518367414,10,0.7143462084410592,2.363636363636364
bspline_learned_graph,unif_4,0.12030293274006106,0.1264384436199966,0.11450192509818458,0.07260223153310123,0.007998442041028333,92.43743199129489,8.992547462341786,10,0.0,8.181818181818183
bspline_learned_graph,unif_40,0.046955044963672,0.043252740386898476,0.0500526620227144,0.023894115719135075,0.002506247298210572,67.79107725788901,3.232299675811903,10,0.22122602319862175,7.840909090909092
bspline_learned_graph,unif_40_excl,0.048501637967295175,0.045578795211462166,0.05098844880924878,0.024328224878318535,0.0026113086867695285,68.63438520130576,3.2588428123857445,10,0.22122602319862175,8.59090909090909
bspline_learned_graph,unif_4_excl,0.12062753233139635,0.12654085133810053,0.11504760873710457,0.07328550942018762,0.008071359936359017,92.8182807399347,9.075452905318228,10,0.0,8.181818181818183
bspline_learned_graph,unif_500,0.015103656525533147,0.013815903620622435,0.016174917007766833,0.0063035241994872015,0.0005058878045795786,34.90206746463547,0.876492933679306,10,0.6579104335391621,0.5909090909090908
bspline_learned_graph,unif_500_excl,0.01993915276546572,0.020741625647988142,0.01918847438170386,0.009181028302323003,0.0007798534780239604,50.40805223068553,1.183428264575715,10,0.7410033578019091,2.363636363636364
bspline_learned_graph,unif_8,0.08430860839043339,0.07413743002593037,0.09250918681477245,0.05051194614323688,0.004995203886864377,88.00326441784549,5.6876434111312175,10,0.054129676833377285,3.3863636363636367
bspline_learned_graph,unif_80,0.028795857826910885,0.02866894922293064,0.02890956665440373,0.012795318295511528,0.0011094592441359137,56.284004352557126,1.5563014772441321,10,0.5945781616278948,4.25
bspline_learned_graph,unif_80_excl,0.035298408973144804,0.04376459618313056,0.025371729446602053,0.014314669628866648,0.0014859957316261214,58.35146898803047,2.098139656458101,10,0.6745144968412219,5.0227272727272725
bspline_learned_graph,unif_8_excl,0.08564184594770599,0.075452797498244,0.09386885882437311,0.05154358464616387,0.005124332028489784,88.1664853101197,5.803548728829442,10,0.054129676833377285,3.5454545454545454
bspline_market_graph,extrap_10,0.08041612222780403,0.05587989138646015,0.09734300175036854,0.047271574100261844,0.00427817265978958,88.3841131664853,4.67075521251148,10,0.0,5.431818181818182
bspline_market_graph,extrap_100,0.026778607477138606,0.012311587603169293,0.035013061216689845,0.013615170393225746,0.0026666159305028386,59.657236126224156,1.9411459733485117,10,0.29217606756281245,0.6818181818181819
bspline_market_graph,extrap_100_excl,0.02767484770069295,0.017807305326985,0.03420085659810439,0.015566656887278369,0.0026045057765105117,70.21218715995647,1.959050939257218,10,0.19502447745284432,2.3863636363636367
bspline_market_graph,extrap_10_excl,0.08129864478468951,0.059719279944494476,0.09668222608639898,0.04890208798414073,0.0045611825629784455,88.03046789989119,5.021855220125046,10,0.0,7.204545454545455
bspline_market_graph,extrap_2,0.10707347970856594,0.07839115132977387,0.1274792422292192,0.06733266556717112,0.009220923985222096,92.27421109902068,7.01154492209945,10,0.0,0.0
bspline_market_graph,extrap_20,0.07241819471218758,0.04328772125245328,0.0909782132176006,0.040857825228769,0.004063168527014681,83.89553862894451,4.024833530679242,10,0.0,7.636363636363636
bspline_market_graph,extrap_200,0.022871171108427235,0.009449130666283827,0.03022254674049817,0.011672711185116211,0.0027159646291236186,53.59085963003265,1.8531639089427885,10,0.32677474185738414,0.34090909090909094
bspline_market_graph,extrap_200_excl,0.02485898118958687,0.016459827414253864,0.030499475325534316,0.014033734786879866,0.002619175176034496,69.04243743199129,1.7896460135846848,10,0.19626654953960304,1.5227272727272727
bspline_market_graph,extrap_20_excl,0.07680196550927325,0.05453693660675311,0.09235596509523905,0.04396198339124877,0.004265379983108433,85.79978237214364,4.270205601033116,10,0.0,9.022727272727273
bspline_market_graph,extrap_2_excl,0.10710301798643806,0.07848061903114818,0.12747685240658588,0.06734241617241668,0.00921398253687385,91.86615886833515,7.0342306741112575,10,0.0,0.0
bspline_market_graph,extrap_300,0.0228710254083902,0.009449153874018274,0.03022233074688057,0.011672678821908677,0.0027159696842966774,53.618063112078346,1.8522419844640314,10,0.32677474185738414,0.34090909090909094
bspline_market_graph,extrap_300_excl,0.0248589526796065,0.016460004875676754,0.030499345010008796,0.014034017619588677,0.0026192372370614095,69.04243743199129,1.7897500781355744,10,0.19626654953960304,1.5
bspline_market_graph,extrap_4,0.0962592629698695,0.06616538032560079,0.11689213831542256,0.05928060782386165,0.0058825558034476646,90.69640914036997,5.500270277899971,10,0.0,0.045454545454545456
bspline_market_graph,extrap_40,0.0525631340715532,0.02606421357622532,0.0680994165298595,0.026451072276468427,0.0032425691453979127,75.24483133841132,2.8688824241812743,10,0.45136949990480835,6.886363636363638
bspline_market_graph,extrap_40_excl,0.05335053455474119,0.033922524008476215,0.06611980886775157,0.028758004113761036,0.003424261210886414,80.60391730141458,3.0365418481897275,10,0.18041237113402062,8.318181818181817
bspline_market_graph,extrap_4_excl,0.09687091491233428,0.06885305564900619,0.11645463558855682,0.06018732151738831,0.00602322903509469,90.94124047878128,5.6249008693662095,10,0.0,0.5681818181818181
bspline_market_graph,extrap_500,0.022871025408390387,0.009449153874018274,0.03022233074688084,0.011672678821908724,0.0027159696842966726,53.618063112078346,1.8522419844640672,10,0.32677474185738414,0.34090909090909094
bspline_market_graph,extrap_500_excl,0.024858952679606645,0.016460004875676757,0.030499345010009022,0.014034017619588722,0.002619237237061403,69.04243743199129,1.7897500781355886,10,0.19626654953960304,1.5
bspline_market_graph,extrap_8,0.08639568897595384,0.06128485277656264,0.10392689998176902,0.05165697298684026,0.004869922022145176,89.25462459194777,5.278774602793178,10,0.5543627540447169,7.6818181818181825
bspline_market_graph,extrap_80,0.03285275802867428,0.014208268049083454,0.043229190722443495,0.015946353925616535,0.0026761955458229035,63.46572361262242,2.0001848786737404,10,0.18744157287056057,1.1363636363636362
bspline_market_graph,extrap_80_excl,0.0334641100857236,0.019714482182919008,0.04216307623259512,0.017878592126090196,0.002638604835283471,72.71490750816105,2.0659453091447513,10,0.19502447745284432,3.2727272727272725
bspline_market_graph,extrap_8_excl,0.08686613346334526,0.06586193749965717,0.10213732676549774,0.052863123562517815,0.005383162681444557,89.6626768226333,5.318419536855975,10,0.16129032258064516,7.9318181818181825
bspline_market_graph,unif_10,0.09390616454422389,0.10640098465468145,0.08103389933692064,0.0571693761643076,0.006251249096288983,85.90859630032644,9.394692409372633,10,0.08266492689104657,8.272727272727273
bspline_market_graph,unif_100,0.021000925051593004,0.021114376394113576,0.020898321796664208,0.008553202819411052,0.0006487702423808127,43.44396082698585,1.014291230041054,10,0.5952319797859351,1.5909090909090906
bspline_market_graph,unif_100_excl,0.02651809930498625,0.029224818384095637,0.0238213391938112,0.01175896471090772,0.0009094376950029336,59.24918389553863,1.2842763431775863,10,0.7819312640758389,2.8636363636363638
bspline_market_graph,unif_10_excl,0.0953930111203484,0.10874014390797695,0.08153770603692066,0.0582968962501856,0.0063779217914097805,86.47986942328617,9.477943722849183,10,0.0,8.863636363636363
bspline_market_graph,unif_2,0.12951407168958382,0.12941390724843102,0.12960412764509185,0.08479441816555591,0.020715775589922356,92.27421109902068,15.104761849230425,10,0.0,0.9090909090909092
bspline_market_graph,unif_20,0.0682920652203237,0.05318253133253778,0.07946832061872373,0.035454623362201884,0.004103557643925094,78.34602829162132,3.832418390937936,10,0.37756435110177167,7.704545454545455
bspline_market_graph,unif_200,0.017137588316238045,0.013935841567752587,0.019575789978065857,0.0065187730134066155,0.0005227153576853246,33.13384113166485,0.971511813263352,10,0.7604288904563093,0.8181818181818181
bspline_market_graph,unif_200_excl,0.022852155345867063,0.019964908632389023,0.025168435478598785,0.009788530010350372,0.0008185735102733032,54.13492927094668,1.1779875859150701,10,0.46798038289505695,2.5454545454545454
bspline_market_graph,unif_20_excl,0.06892236413698091,0.05677074087303739,0.07825941055670156,0.03699651532682608,0.004424130360198017,80.49510337323177,4.127034341144837,10,0.13671898094510063,9.113636363636363
bspline_market_graph,unif_2_excl,0.12951399486078982,0.12941390724843102,0.12960398179161417,0.08479499838645557,0.020715469578138145,92.21980413492928,15.113805565140897,10,0.0,0.9090909090909092
bspline_market_graph,unif_300,0.01178414910814181,0.009617474426259128,0.013438285176155265,0.004912208722622183,0.0003976804580547065,26.4417845484222,0.7828729488405629,10,0.75977467164979,0.09090909090909091
bspline_market_graph,unif_300_excl,0.017395330543582117,0.01628877214273838,0.018333956950594005,0.00823677814784577,0.0007528376476658155,52.25788900979325,1.0395317963723363,10,0.6079440226637147,1.1136363636363635
bspline_market_graph,unif_4,0.11954480320317479,0.12601740279756476,0.11340585269629522,0.07165358825745477,0.007898980176105526,92.38302502720349,8.887691145553589,10,0.0,8.181818181818183
bspline_market_graph,unif_40,0.044013094172510564,0.04043329646698718,0.04700154508728277,0.021893171788124798,0.00222638287102885,65.34276387377584,2.96041903619561,10,0.30105327312896446,7.704545454545455
bspline_market_graph,unif_40_excl,0.049674131660249206,0.04812101311779978,0.05103115534887147,0.02486896543528716,0.0026489312391728788,69.04243743199129,3.303592907613673,10,0.22122602319862175,8.499999999999998
bspline_market_graph,unif_4_excl,0.11997549089847911,0.1262102611136609,0.11407495167507772,0.07251863328609795,0.007995009649480174,92.6006528835691,9.01881765764926,10,0.0,8.181818181818183
bspline_market_graph,unif_500,0.010757337057494947,0.009063997954065095,0.012079712129410423,0.004618401388391694,0.0003797760201107448,24.619151251360176,0.7632030992397486,10,0.6825389052758665,0.06818181818181818
bspline_market_graph,unif_500_excl,0.016646508828962642,0.015214981598838672,0.017836591673748233,0.008105908288872705,0.0007461576082432644,51.74102285092492,1.0503888445063598,10,0.5523024811066802,0.8863636363636364
bspline_market_graph,unif_8,0.08351276825228642,0.07346220121043272,0.09161819414839734,0.049502167223013364,0.004713805433718706,87.94885745375409,5.483387093963883,10,0.16452175905644542,3.7954545454545454
bspline_market_graph,unif_80,0.02530676266835979,0.02349265741497773,0.02683437939262023,0.010961188254981878,0.0009848205012245913,50.13601741022851,1.4214652300841404,10,0.5400542259830393,3.386363636363636
bspline_market_graph,unif_80_excl,0.0379959639380123,0.0483694585467155,0.025250834780675562,0.014722116900522709,0.0016621374992764947,59.27638737758433,2.258883877520152,10,0.5925460565621548,5.295454545454546
bspline_market_graph,unif_8_excl,0.0858879620684132,0.075951822589195,0.09393392845226184,0.05137685931652423,0.00505771813352935,88.03046789989119,5.747309914224693,10,0.054129676833377285,5.318181818181818
bspline_pca_graph,extrap_10,0.08107312055085233,0.057312167365415626,0.09762863787549474,0.048176805196509104,0.0044295158064075815,88.46572361262241,4.838480307513961,10,0.0,6.681818181818182
bspline_pca_graph,extrap_100,0.027318548306446054,0.014143459658567087,0.03518239609626167,0.014285861460258873,0.002632338140849152,64.52665941240478,1.9047201536297111,10,0.23952115125641624,0.8863636363636364
bspline_pca_graph,extrap_100_excl,0.027515824761676164,0.017395902176282663,0.03414756286234224,0.015321868041276537,0.002614963475441993,69.0968443960827,1.9480908702625637,10,0.29922578551181783,2.3863636363636367
bspline_pca_graph,extrap_10_excl,0.08126241961742252,0.059667916835641495,0.09665289929772763,0.04885862460358783,0.004561293787893862,88.13928182807399,5.011365237339451,10,0.0,7.181818181818182
bspline_pca_graph,extrap_2,0.10707628333263795,0.07841036675268871,0.12747308291295428,0.06732677107531902,0.009218211839316037,92.13819368879217,7.0173161931780434,10,0.0,0.0
bspline_pca_graph,extrap_20,0.07366390923511933,0.047053229990852194,0.09119577851749017,0.042207028868693916,0.00417037927750509,85.2013057671382,4.124034208604959,10,0.0,8.25
bspline_pca_graph,extrap_200,0.023359214681057963,0.011178373952054673,0.03040018721963008,0.012258605472588585,0.002669965243670245,60.364526659412405,1.7244146116863286,10,0.2482130821417594,0.38636363636363635
bspline_pca_graph,extrap_200_excl,0.024717759908982326,0.016111398832526175,0.030448781431502574,0.01380955997452457,0.0026301704838325554,68.66158868335147,1.7583628591391531,10,0.19626654953960304,1.477272727272727
bspline_pca_graph,extrap_20_excl,0.07672700249774152,0.05439443979415668,0.09231319678107491,0.043838891255572256,0.004265165560940586,85.69096844396083,4.265953788616451,10,0.0,9.0
bspline_pca_graph,extrap_2_excl,0.10709932068336671,0.07847760135163702,0.12747262263543646,0.06733972026674273,0.009214171600175795,91.86615886833515,7.034111170775489,10,0.0,0.0
bspline_pca_graph,extrap_300,0.023359182974900923,0.011178384555568641,0.03040013742868228,0.0122586225799758,0.002669964702963438,60.364526659412405,1.7244298869184558,10,0.2482130821417594,0.38636363636363635
bspline_pca_graph,extrap_300_excl,0.024717754754957397,0.016111393446293136,0.03044877604737775,0.013809595986108151,0.0026301831644438647,68.66158868335147,1.7583853692541647,10,0.19626654953960304,1.477272727272727
bspline_pca_graph,extrap_4,0.09668504305171854,0.0672205861933996,0.11701795141339283,0.05978787881453988,0.005947535318007587,90.91403699673558,5.545060773910975,10,0.0,0.045454545454545456
bspline_pca_graph,extrap_40,0.054013105305310755,0.029752488837716248,0.06889031052752992,0.027877133299161753,0.00334411690159569,78.23721436343853,2.930129228659948,10,0.3126039241769205,7.386363636363636
bspline_pca_graph,extrap_40_excl,0.05321516010645978,0.033553662088284766,0.06608189585690902,0.02850880701947223,0.003426661409848967,80.03264417845485,3.0174340213696067,10,0.20618556701030927,8.25
bspline_pca_graph,extrap_4_excl,0.09686806359977493,0.06887504021488902,0.11643843176684252,0.06018450301578033,0.006022310333213389,90.96844396082699,5.6234332065431465,10,0.0,0.5681818181818181
bspline_pca_graph,extrap_500,0.023359182974901103,0.011178384555568638,0.030400137428682545,0.012258622579975842,0.00266996470296343,60.364526659412405,1.7244298869184655,10,0.2482130821417594,0.38636363636363635
bspline_pca_graph,extrap_500_excl,0.02471775475495754,0.01611139344629314,0.030448776047377973,0.013809595986108187,0.0026301831644438577,68.66158868335147,1.7583853692541658,10,0.19626654953960304,1.477272727272727
bspline_pca_graph,extrap_8,0.08735570311239117,0.06365605794449311,0.10416874155572647,0.05268720289664686,0.005091156561147172,89.33623503808488,5.469660537688327,10,0.26881720430107525,7.75
bspline_pca_graph,extrap_80,0.03353643869461298,0.016184564280448923,0.04359985236513906,0.01669829738830778,0.0026487053774435785,68.22633297062023,1.9724961756919903,10,0.15935168523011112,1.2272727272727273
bspline_pca_graph,extrap_80_excl,0.03330467561605066,0.01923485864663696,0.042122557759589015,0.017596757285187524,0.0026483676453963128,71.95321001088139,2.0428876000182066,10,0.16693458981239487,3.2727272727272725
bspline_pca_graph,extrap_8_excl,0.08685173719927998,0.06584593073808948,0.10212335348598207,0.05285096541440484,0.0053897507035026,89.7986942328618,5.310985655370473,10,0.1881720430107527,7.954545454545455
bspline_pca_graph,unif_10,0.09485139651185921,0.10747661745724338,0.0818440907419721,0.05826215949435615,0.00637411205229423,86.47986942328617,9.550354265214716,10,0.028169014084507043,8.431818181818182
bspline_pca_graph,unif_100,0.023424458219729806,0.02328900514437748,0.02354566503467786,0.01008594575490949,0.0007702322765162968,53.12840043525571,1.0926719311141395,10,0.6268467264008872,2.659090909090909
bspline_pca_graph,unif_100_excl,0.026337567096459392,0.028900331119667094,0.023797026943956467,0.011536148436762338,0.0009005028435631991,58.07943416757345,1.2583401671554262,10,0.8626760680226848,2.8863636363636362
bspline_pca_graph,unif_10_excl,0.09538591865648766,0.10877463460616438,0.08148053083393327,0.05827290835040299,0.006374351470140719,86.34385201305767,9.49386687309688,10,0.0,8.84090909090909
bspline_pca_graph,unif_2,0.12951150012181575,0.12941198699825263,0.12960097091580283,0.08479145566558383,0.020715268373320796,92.30141458106638,15.099835753556306,10,0.0,0.9090909090909092
bspline_pca_graph,unif_20,0.06978269201957378,0.055798348269699614,0.0803101606740391,0.03688647110534045,0.0043190805228674415,79.84221980413493,4.031400929194044,10,0.24170585758552057,8.568181818181818
bspline_pca_graph,unif_200,0.02004780669553021,0.016296405721994003,0.022903861363213148,0.007886048517730957,0.0006430471426752839,43.715995647442874,0.9989780566069846,10,0.6283531514591991,1.7272727272727273
bspline_pca_graph,unif_200_excl,0.022690911076284178,0.01963104324695859,0.02512754685406977,0.009576639025532196,0.0008106342002982558,53.101196953210014,1.139750756452788,10,0.46798038289505695,2.5454545454545454
bspline_pca_graph,unif_20_excl,0.06879115873145789,0.0566639999021934,0.07810956126141566,0.036853040874598585,0.004427104494664976,80.03264417845485,4.137588210237016,10,0.13671898094510063,9.136363636363637
bspline_pca_graph,unif_2_excl,0.12951151270694505,0.12941198699825263,0.1296009948077901,0.08479222303881274,0.02071511769877094,92.24700761697497,15.108928916712644,10,0.0,0.9090909090909092
bspline_pca_graph,unif_300,0.014077122846307813,0.011729800452187106,0.01589557129198324,0.006030477137769792,0.0005230480253273641,38.46572361262242,0.7824600856139057,10,0.6328058394648177,0.36363636363636365
bspline_pca_graph,unif_300_excl,0.017268993042894504,0.015974369908414453,0.018355949007119416,0.008034223680276552,0.0007467299786442246,51.08813928182808,0.9965032783813245,10,0.5540352752065802,1.0909090909090908
bspline_pca_graph,unif_4,0.11966428520415628,0.12611487429517845,0.11354766617683665,0.07186802211254437,0.00791998040756543,92.24700761697497,8.935721041258098,10,0.0,8.181818181818183
bspline_pca_graph,unif_40,0.04768056480443857,0.04498497073504942,0.049981811856195414,0.024110284527882882,0.0025131425694758123,68.03590859630033,3.2338624181067543,10,0.22122602319862175,7.772727272727272
bspline_pca_graph,unif_40_excl,0.049514028750217105,0.04793791593234227,0.050890422356341114,0.024650986240768127,0.0026333623755397995,68.49836779107726,3.2925691603993545,10,0.22122602319862175,8.477272727272727
bspline_pca_graph,unif_4_excl,0.11996791382300608,0.12620441276271627,0.11406563437336831,0.07250750711678591,0.007995053507123767,92.6006528835691,9.016974325294143,10,0.0,8.181818181818183
bspline_pca_graph,unif_500,0.013023411132452917,0.010721691327598348,0.014791356605695789,0.00566871336282375,0.0004954066808514256,35.44613710554951,0.7676187224888399,10,0.5773887309487603,0.25
bspline_pca_graph,unif_500_excl,0.016488367026235805,0.014893715166081003,0.017801473597013454,0.00788331289740509,0.0007410736426856228,50.46245919477693,1.0071274319095929,10,0.5534444681641603,0.8863636363636364
bspline_pca_graph,unif_8,0.08453228205311307,0.07482443313558691,0.09239922504125889,0.05045077480029742,0.004911902959966211,88.1664853101197,5.638596655722436,10,0.054129676833377285,4.022727272727273
bspline_pca_graph,unif_80,0.029072527931913235,0.029473168293864878,0.028707276938785616,0.012778261347933561,0.0011502750973656178,56.58324265505985,1.6025877352875382,10,0.5113558901980894,4.318181818181818
bspline_pca_graph,unif_80_excl,0.037930764930383894,0.04832079723835425,0.02514823308712088,0.014536573794191284,0.0016608601778864075,58.35146898803047,2.269150754651983,10,0.5925460565621548,5.25
bspline_pca_graph,unif_8_excl,0.0858205897984239,0.07594147977501306,0.09382440754527195,0.05132821900317682,0.0050678447158288625,87.97606093579978,5.749021983512931,10,0.054129676833377285,5.295454545454545
bspline_temporal,extrap_10,0.0803796086551096,0.05581087076364686,0.09732133503871307,0.04721901513804151,0.004265291436850401,88.32970620239391,4.662445084877818,10,0.0,5.431818181818182
bspline_temporal,extrap_100,0.026782798359350653,0.012302495288095542,0.035022025229287684,0.013608838739627115,0.0026665029565147882,59.35799782372143,1.9487294878358763,10,0.29217606756281245,0.6818181818181819
bspline_temporal,extrap_100_excl,0.027675738101273953,0.017807570996771067,0.03420210090192263,0.015566019182674086,0.0026041745888777156,70.21218715995647,1.9587652654921563,10,0.19502447745284432,2.3863636363636367
bspline_temporal,extrap_10_excl,0.08130012663952191,0.05973139382187125,0.09667786015270236,0.04890463258280258,0.004561274239686267,88.03046789989119,5.0228262398939165,10,0.0,7.204545454545455
bspline_temporal,extrap_2,0.10707307431863126,0.07839095660020863,0.1274787031097763,0.06733188154155642,0.009220758432913192,92.27421109902068,7.011402487667338,10,0.0,0.0
bspline_temporal,extrap_20,0.07237566193901987,0.04326091988402776,0.09092536946277076,0.040831232314450336,0.004056709266256335,83.97714907508161,4.019860668255068,10,0.0,7.545454545454545
bspline_temporal,extrap_200,0.022872351611352065,0.009440855098900846,0.030226570606627097,0.011669513540616324,0.0027163644534418246,53.427638737758436,1.8579929898084075,10,0.32677474185738414,0.34090909090909094
bspline_temporal,extrap_200_excl,0.02485960481529184,0.016461294740972438,0.030499728444085654,0.014034129497583073,0.002619058644979402,69.04243743199129,1.7899048038525678,10,0.19626654953960304,1.5227272727272727
bspline_temporal,extrap_20_excl,0.07680300073425317,0.054536559099506055,0.09235780110635944,0.0439643949086752,0.0042658849856791305,85.79978237214364,4.270782924767911,10,0.0,9.022727272727273
bspline_temporal,extrap_2_excl,0.1071030179631133,0.07848061898520292,0.1274768523948069,0.06734241615010446,0.009213982512204098,91.86615886833515,7.034230664515363,10,0.0,0.0
bspline_temporal,extrap_300,0.022872351611352152,0.00944085509890085,0.030226570606627215,0.011669513540616332,0.0027163644534418142,53.427638737758436,1.8579929898084089,10,0.32677474185738414,0.34090909090909094
bspline_temporal,extrap_300_excl,0.02485960481529194,0.016461294740972455,0.030499728444085796,0.014034129497583087,0.002619058644979393,69.04243743199129,1.7899048038525647,10,0.19626654953960304,1.5227272727272727
bspline_temporal,extrap_4,0.0962632301501702,0.06619967544085695,0.11688087360200065,0.059283899751690225,0.0058817372503135856,90.66920565832426,5.502560669074303,10,0.0,0.045454545454545456
bspline_temporal,extrap_40,0.052483350296196905,0.026022593702228543,0.06799675940208082,0.026412823583225116,0.0032331579630181496,75.16322089227421,2.8687507928498484,10,0.45136949990480835,6.909090909090909
bspline_temporal,extrap_40_excl,0.053359290266823046,0.03392425770058366,0.06613242971298841,0.02876532738184291,0.0034252593468454976,80.57671381936888,3.0372948522643477,10,0.18041237113402062,8.34090909090909
bspline_temporal,extrap_4_excl,0.09687446809369686,0.06888446523551484,0.11644353748955018,0.06019059106977482,0.006022378925196825,91.02285092491839,5.6205272198345675,10,0.0,0.5681818181818181
bspline_temporal,extrap_500,0.022872351611352336,0.009440855098900849,0.030226570606627482,0.011669513540616376,0.0027163644534418064,53.427638737758436,1.8579929898084226,10,0.32677474185738414,0.34090909090909094
bspline_temporal,extrap_500_excl,0.024859604815292084,0.016461294740972455,0.030499728444086018,0.014034129497583127,0.002619058644979387,69.04243743199129,1.7899048038525858,10,0.19626654953960304,1.5227272727272727
bspline_temporal,extrap_8,0.08638992763119613,0.06124782510529061,0.1039374408341649,0.0516171779266243,0.004849478709320095,89.22742110990207,5.269178650735448,10,0.5543627540447169,7.6818181818181825
bspline_temporal,extrap_80,0.03284430286270522,0.01419295417955795,0.04322151073094521,0.015938967591640395,0.0026773108006120003,63.49292709466812,1.998547763695621,10,0.18744157287056057,1.1363636363636362
bspline_temporal,extrap_80_excl,0.03346680666840245,0.019716460999669855,0.042166309632186094,0.01787989206687052,0.0026385617465308924,72.79651795429815,2.063785873870397,10,0.19502447745284432,3.2727272727272725
bspline_temporal,extrap_8_excl,0.08686708395220803,0.06587213425993418,0.10213294590082503,0.052865914210119734,0.00538582354551398,89.7442872687704,5.314891899275934,10,0.16129032258064516,7.9318181818181825
bspline_temporal,unif_10,0.09388011872402685,0.10639827376088992,0.08097975150818161,0.057118409526776506,0.00623593433164927,85.88139281828074,9.382212315627774,10,0.08266492689104657,8.227272727272728
bspline_temporal,unif_100,0.020967695031377125,0.021102062053663148,0.020846059253694347,0.008514015617267105,0.0006354669876417676,42.51904243743199,1.0248256297788256,10,0.5952319797859351,1.5909090909090906
bspline_temporal,unif_100_excl,0.026520061764519157,0.029221740977230223,0.02382888514048864,0.011757499375552295,0.0009128917472443818,59.11316648531012,1.2871009051135909,10,0.7819312640758389,2.8636363636363638
bspline_temporal,unif_10_excl,0.09539151305809947,0.1087434920707021,0.08153035864481821,0.05828714286768548,0.006372056223316708,86.37105549510338,9.487206680365752,10,0.0,8.863636363636363
bspline_temporal,unif_2,0.12951407169505189,0.12941390724673368,0.1296041276569975,0.08479441815548901,0.02071577558848766,92.27421109902068,15.104761845829099,10,0.0,0.9090909090909092
bspline_temporal,unif_20,0.06826263641932792,0.05310002115251295,0.07946993009620586,0.03542500642273847,0.004079316181257013,78.40043525571274,3.81952844478031,10,0.37756435110177167,7.636363636363636
bspline_temporal,unif_200,0.017092645808013375,0.013921594155169194,0.019510153999094376,0.006480223404530775,0.000513392586484381,32.48095756256801,0.9761800681273268,10,0.7604288904563093,0.8181818181818181
bspline_temporal,unif_200_excl,0.02285977774170013,0.019968334560903668,0.025179137944249183,0.009818443748738382,0.0008287493717863117,54.515778019586506,1.175563061903071,10,0.46798038289505695,2.5454545454545454
bspline_temporal,unif_20_excl,0.06896169277201904,0.05675463790053431,0.07833570104265226,0.03701461506385387,0.004428775194304221,80.16866158868335,4.140994322964772,10,0.13671898094510063,9.113636363636363
bspline_temporal,unif_2_excl,0.1295139948662579,0.12941390724673368,0.1296039818035198,0.08479499837638865,0.02071546957670343,92.21980413492928,15.113805561737566,10,0.0,0.9090909090909092
bspline_temporal,unif_300,0.011737328181712709,0.009600665308932508,0.013371087486259606,0.0048773946829906815,0.0003893900982848485,25.952121871599566,0.7839861687234009,10,0.75977467164979,0.06818181818181818
bspline_temporal,unif_300_excl,0.017401067846314625,0.016290119640638166,0.018343220503241293,0.00826516062676702,0.0007650772305081797,52.52992383025027,1.0398489596385974,10,0.6079440226637147,1.1136363636363635
bspline_temporal,unif_4,0.11954528829430867,0.12601026910855567,0.11341395589821811,0.07163906950533304,0.007891609844899767,92.35582154515778,8.884193130299609,10,0.0,8.181818181818183
bspline_temporal,unif_40,0.0439425670113072,0.040389945994325716,0.04690962685262572,0.021814140981093855,0.0021992423502260232,65.26115342763873,2.9469157105113477,10,0.30105327312896446,7.704545454545455
bspline_temporal,unif_40_excl,0.049679215862827,0.04811346392636144,0.05104695968487316,0.024846671848870072,0.002637909299073017,69.069640914037,3.292064731496074,10,0.22122602319862175,8.522727272727272
bspline_temporal,unif_4_excl,0.11997578287525956,0.12621052478616754,0.11407527257196218,0.0725209701569548,0.007996570189668331,92.6006528835691,9.019578511921763,10,0.0,8.181818181818183
bspline_temporal,unif_500,0.010715382766673954,0.009049739950925596,0.012018335664527422,0.0045893469605000885,0.0003731443734409298,23.639825897714907,0.7832250327924539,10,0.6825389052758665,0.06818181818181818
bspline_temporal,unif_500_excl,0.0166523183672138,0.015215364166159156,0.01784659728369127,0.008135874515269979,0.0007601594318188615,52.17627856365615,1.0478842333287586,10,0.5523024811066802,0.8863636363636364
bspline_temporal,unif_8,0.08349527382237497,0.07346076759900655,0.09158893228457408,0.04948153004647774,0.004713886570050615,87.92165397170838,5.482582581840393,10,0.16452175905644542,3.7045454545454546
bspline_temporal,unif_80,0.025242193470316476,0.02345280390769119,0.026750078577808922,0.010905304936651004,0.0009763018906694897,49.70076169749728,1.419860664354924,10,0.5400542259830393,3.3863636363636367
bspline_temporal,unif_80_excl,0.037999177286243094,0.048369229165972,0.025260414428498447,0.014727755305447975,0.0016650635726391664,59.24918389553863,2.2591959976513483,10,0.5925460565621548,5.295454545454546
bspline_temporal,unif_8_excl,0.08589284311360118,0.07596193569555611,0.09393504936688829,0.05138727836272842,0.00506855802940963,87.97606093579978,5.753328523182701,10,0.054129676833377285,5.318181818181818
bspline_temporal_graph,extrap_10,0.0805353133881084,0.056093779585175016,0.09741948438091028,0.04771276002346074,0.004389109441016245,87.73122959738846,4.811699535254672,10,0.0,5.75
bspline_temporal_graph,extrap_100,0.027054662729528667,0.013487015085950106,0.03502659449352703,0.013817983162804531,0.00259896782523231,59.79325353645267,1.9477430108863987,10,0.23952115125641624,0.7954545454545454
bspline_temporal_graph,extrap_100_excl,0.027149712935757523,0.016559319344881907,0.033964592901392865,0.014628764463278458,0.0025534200536836034,64.06420021762786,1.9470923693811317,10,0.24657086920542165,2.1363636363636367
bspline_temporal_graph,extrap_10_excl,0.0807200851534367,0.05843263954401262,0.09646840761237538,0.04845958438975174,0.004536422114041287,87.75843307943417,4.985298356797253,10,0.0,6.840909090909091
bspline_temporal_graph,extrap_2,0.10699436784702966,0.07828653740332586,0.1274108781078562,0.06726813841227149,0.009217648226711665,92.19260065288357,7.0108743054653955,10,0.0,0.0
bspline_temporal_graph,extrap_20,0.07311473848574192,0.04579731141060748,0.09093107135451828,0.041734235630012696,0.0041453882735914705,85.2557127312296,4.076810090025162,10,0.0,8.15909090909091
bspline_temporal_graph,extrap_200,0.023164467234347553,0.010656342510154333,0.030285551783110917,0.011938900709527137,0.002650212193211787,56.77366702937976,1.7527091680929168,10,0.24673832161477832,0.36363636363636365
bspline_temporal_graph,extrap_200_excl,0.024232045803718096,0.014900149028263353,0.03026148583906541,0.013152411085356234,0.002575268185365995,62.64961915125136,1.7590682560037312,10,0.16777652104957458,1.3181818181818181
bspline_temporal_graph,extrap_20_excl,0.07605846515112635,0.05307086432557729,0.09195465856805168,0.043475352089552124,0.004245056729512875,85.82698585418933,4.234735202938881,10,0.0,9.136363636363637
bspline_temporal_graph,extrap_2_excl,0.10701865895644423,0.07835906285557073,0.12740952124988117,0.06727907396328053,0.009212651294331993,91.86615886833515,7.030499933878529,10,0.0,0.0
bspline_temporal_graph,extrap_300,0.023163563503565042,0.010655919726681893,0.03028437246162851,0.011937320968682861,0.002649395949646511,56.71926006528836,1.7540478578794692,10,0.24673832161477832,0.36363636363636365
bspline_temporal_graph,extrap_300_excl,0.024230630705355315,0.014899444776246279,0.030259645145053964,0.013149488187569194,0.0025739681848282858,62.64961915125136,1.7584866939963109,10,0.16777652104957458,1.3181818181818181
bspline_temporal_graph,extrap_4,0.09625205750141633,0.06615469320911678,0.11688630863341319,0.059397572496109746,0.005924802407024798,90.85963003264418,5.502164479352519,10,0.0,0.0
bspline_temporal_graph,extrap_40,0.05336440443439058,0.028326842399207373,0.06846930582975116,0.027104962473266974,0.003255331845367076,74.75516866158868,2.939320540167926,10,0.28683072830063183,7.477272727272728
bspline_temporal_graph,extrap_40_excl,0.052610824531869646,0.032316633696350135,0.06571631563243746,0.02779887961804435,0.003326439033642311,77.23068552774755,3.005897133638673,10,0.15463917525773196,8.204545454545455
bspline_temporal_graph,extrap_4_excl,0.09645335929901414,0.0679022136794816,0.11629842597901838,0.059842610495191066,0.006007182321974605,90.88683351468988,5.590485199331394,10,0.0,0.47727272727272724
bspline_temporal_graph,extrap_500,0.023163563503565226,0.01065591972668189,0.030284372461628777,0.011937320968682906,0.002649395949646505,56.71926006528836,1.7540478578794845,10,0.24673832161477832,0.36363636363636365
bspline_temporal_graph,extrap_500_excl,0.024230630705355465,0.014899444776246279,0.030259645145054186,0.013149488187569235,0.0025739681848282797,62.64961915125136,1.7584866939963246,10,0.16777652104957458,1.3181818181818181
bspline_temporal_graph,extrap_8,0.08682176129742539,0.06264486231702253,0.10387184407664211,0.05215716222422701,0.005005302637645042,89.11860718171926,5.405376089623421,10,0.24193548387096775,7.727272727272728
bspline_temporal_graph,extrap_80,0.03325025766640672,0.015415962595767347,0.043433746362317505,0.016188711870731537,0.002644516393993889,63.220892274211096,2.028118219359439,10,0.1078052934775338,1.2272727272727273
bspline_temporal_graph,extrap_80_excl,0.0329377751675256,0.018297898836693857,0.04194971693447935,0.016918408532508287,0.0026142397662289344,66.94776931447225,2.048880438293795,10,0.16693458981239487,3.2272727272727275
bspline_temporal_graph,extrap_8_excl,0.08639863926890466,0.0651112057295777,0.10181660792061972,0.052422646365999234,0.005324182068476551,89.689880304679,5.263854877566219,10,0.16129032258064516,7.909090909090909
bspline_temporal_graph,unif_10,0.09471391666015085,0.10750652121894186,0.08150558863978538,0.05791795620481277,0.006330696720488803,86.15342763873775,9.527289383510622,10,0.028169014084507043,8.477272727272728
bspline_temporal_graph,unif_100,0.02259970910475484,0.02255519055843356,0.022639689477181323,0.009615131985063129,0.0007393538496831994,47.252448313384114,1.1305206574698816,10,0.8667561317015332,2.5454545454545454
bspline_temporal_graph,unif_100_excl,0.025914702402405038,0.028524645218562496,0.02331808930624449,0.011218927407909002,0.0008757552751062725,53.34602829162133,1.3036653222641028,10,0.9421792422555273,2.840909090909091
bspline_temporal_graph,unif_10_excl,0.0955346029031138,0.10920776188858432,0.08128995212209038,0.058135524636550084,0.006350172800830758,86.12622415669206,9.4903766499531,10,0.0,9.045454545454545
bspline_temporal_graph,unif_2,0.12936926203672208,0.12925350671454344,0.12947332346859936,0.08469699600674244,0.02071365787267768,92.21980413492928,15.109440488899454,10,0.0,0.9090909090909092
bspline_temporal_graph,unif_20,0.06845167109686469,0.054376566672084084,0.07900077719862868,0.03588964820522177,0.004238393900908177,78.94450489662677,3.920327378009157,10,0.24170585758552057,8.045454545454547
bspline_temporal_graph,unif_200,0.019769450833262772,0.016914103943298724,0.02202439481993953,0.007621774159310405,0.0006316036146623181,36.86071817192601,1.1207795832747598,10,0.7083633114795191,2.0
bspline_temporal_graph,unif_200_excl,0.0232673497407874,0.021683673161843296,0.024605289332010578,0.009473949708302887,0.0008170333742766109,46.30032644178455,1.2553079479290246,10,0.631104611944939,3.431818181818181
bspline_temporal_graph,unif_20_excl,0.06764456589060872,0.05563921239874721,0.0768600263665287,0.0360345708658838,0.004374117243706427,79.379760609358,4.047637734283141,10,0.13671898094510063,8.863636363636363
bspline_temporal_graph,unif_2_excl,0.12936918741398895,0.12925350671454344,0.1294731818185919,0.08469707377792263,0.02071346110355094,92.19260065288357,15.113875712762244,10,0.0,0.9090909090909092
bspline_temporal_graph,unif_300,0.013956454432010627,0.01214072760873633,0.0154083481961677,0.005894816486481151,0.0005143565277496226,34.16757344940152,0.8452232980606041,10,0.7126787533355567,0.2954545454545454
bspline_temporal_graph,unif_300_excl,0.018394569442066692,0.018696023729881963,0.01811905261382381,0.008068314684073956,0.0007684785232053297,44.804134929270944,1.1107987554516274,10,0.6633646348445066,2.045454545454546
bspline_temporal_graph,unif_4,0.11951259788076647,0.12589150547809283,0.11346716027796616,0.07174060504609268,0.007887879639869701,92.21980413492928,8.899545865010454,10,0.0,8.136363636363637
bspline_temporal_graph,unif_40,0.04603578186687462,0.04269165868916342,0.04884936522454808,0.022873242002557508,0.0024211040529384773,65.31556039173014,3.1277374225853305,10,0.2469992190749104,7.75
bspline_temporal_graph,unif_40_excl,0.0480006253854627,0.045600006323566575,0.05006227611822073,0.023553573467300505,0.0025588633597597083,66.40369967355822,3.1794096765290862,10,0.22122602319862175,8.295454545454545
bspline_temporal_graph,unif_4_excl,0.11984075677957848,0.12599974701059644,0.11401527046086506,0.07242512203697624,0.007970108968707095,92.51904243743199,8.994965695661454,10,0.0,8.136363636363637
bspline_temporal_graph,unif_500,0.012826140331936268,0.011102286157037016,0.014199416299247434,0.005569421805989314,0.0004900153526211099,31.828073993471165,0.8254477694166996,10,0.7106146554789697,0.20454545454545453
bspline_temporal_graph,unif_500_excl,0.017361361658328325,0.017262323344701163,0.017449990166276616,0.007825531574787024,0.0007626918955753225,44.586507072905334,1.0823410842354357,10,0.7159815318646373,1.75
bspline_temporal_graph,unif_8,0.08399482157577999,0.07409965292078553,0.09199271797755475,0.050135248181349124,0.0048384108623823795,88.3841131664853,5.558579023912842,10,0.054129676833377285,4.181818181818182
bspline_temporal_graph,unif_80,0.028123071587093346,0.028318381464916175,0.02794617662564187,0.01213910283747946,0.001104431626863555,52.12187159956474,1.6178910619419584,10,0.537129086074378,4.113636363636364
bspline_temporal_graph,unif_80_excl,0.037733184830821706,0.04837922191145643,0.02447345168845477,0.014064504882507474,0.0016437484232714945,54.97823721436344,2.3298033887382332,10,0.6985883611212718,5.0
bspline_temporal_graph,unif_8_excl,0.0854777209295072,0.07548308247867944,0.0935622552648712,0.051259039734042514,0.005026795884412523,88.35690968443961,5.700209661510864,10,0.054129676833377285,4.909090909090909
bspline_temporal_graph_interp,extrap_10,0.07866479150780402,0.053511254047522695,0.0958097903688697,0.04717720543505429,0.004527891549049995,88.2480957562568,4.804821559850511,10,0.0,5.2727272727272725
bspline_temporal_graph_interp,extrap_100,0.026149053760289177,0.01361519883555717,0.03364823417498751,0.01367061237697014,0.0026070395922527154,63.49292709466812,1.854158789532566,10,0.0819324549447221,0.5
bspline_temporal_graph_interp,extrap_100_excl,0.026174732651870824,0.016025336948018883,0.032718200451839284,0.014428521633363897,0.0025573175252292238,67.38302502720349,1.8759180322792979,10,0.138211872882144,1.1363636363636365
bspline_temporal_graph_interp,extrap_10_excl,0.0784558790118803,0.05482711897767848,0.09480976718852985,0.04762660359703917,0.0046561758957200435,88.1936887921654,4.957446434921292,10,0.0,5.363636363636363
bspline_temporal_graph_interp,extrap_2,0.10414698994666455,0.07492201684406528,0.12472049334693744,0.0649415373311668,0.008343609516708768,91.0500544069641,6.732355442287027,10,0.0,0.0
bspline_temporal_graph_interp,extrap_20,0.0723577504437004,0.044586261363768885,0.09032022619589847,0.04079713414972948,0.003892944459213766,84.05875952121872,3.9185597852730476,10,0.0,5.5227272727272725
bspline_temporal_graph_interp,extrap_200,0.022574269174798225,0.011072120607362412,0.0292882710980571,0.011922441688236729,0.0027079050432638153,59.657236126224156,1.7144143584476648,10,0.1656844003546715,0.0
bspline_temporal_graph_interp,extrap_200_excl,0.023313917843799374,0.014243345961521586,0.02915561717433197,0.013100776618261766,0.0026359082228907746,67.19260065288357,1.7057374806482912,10,0.16630176052259346,0.34090909090909094
bspline_temporal_graph_interp,extrap_20_excl,0.07410110625193521,0.04993905042781729,0.09048512686307407,0.04206374162219161,0.0039446756625748725,85.1468988030468,3.9979353144336254,10,0.0,6.000000000000001
bspline_temporal_graph_interp,extrap_2_excl,0.10410388357293537,0.07492977639443178,0.12464790969179944,0.06489830172169284,0.008338385277238692,91.2676822633297,6.719371365275789,10,0.0,0.0
bspline_temporal_graph_interp,extrap_300,0.022571177122766586,0.011070662321352186,0.029284239586649843,0.011919026205063049,0.0027058530933518356,59.684439608269855,1.7125866295187004,10,0.1656844003546715,0.0
bspline_temporal_graph_interp,extrap_300_excl,0.023310418038097462,0.01424122181832358,0.029151234270532313,0.013095917434415502,0.002633403264305216,67.16539717083786,1.7050050832039347,10,0.16630176052259346,0.34090909090909094
bspline_temporal_graph_interp,extrap_4,0.09361726057086346,0.06302033096683132,0.11435173587110402,0.05613610854132653,0.005047177557880023,90.91403699673558,4.993380701030611,10,0.0,0.0
bspline_temporal_graph_interp,extrap_40,0.051569554578755894,0.027838662028270244,0.06599179568342639,0.026150065216564645,0.003100388329895531,75.51686615886834,2.777976775761233,10,0.1288659793814433,4.4772727272727275
bspline_temporal_graph_interp,extrap_40_excl,0.05063370146686869,0.031087288679042292,0.06325326835719591,0.02653500920203517,0.0031408911579231752,76.90424374319913,2.838634336124199,10,0.07731958762886598,4.090909090909091
bspline_temporal_graph_interp,extrap_4_excl,0.0938253556786249,0.06402009640427814,0.11417593382622039,0.05651196581012692,0.005091673406598844,91.24047878128401,5.035779359895747,10,0.0,0.0
bspline_temporal_graph_interp,extrap_500,0.02257117712276656,0.01107066232135218,0.029284239586649802,0.011919026205063056,0.0027058530933518257,59.684439608269855,1.712586629518709,10,0.1656844003546715,0.0
bspline_temporal_graph_interp,extrap_500_excl,0.023310418038097386,0.01424122181832358,0.029151234270532195,0.013095917434415504,0.0026334032643052048,67.16539717083786,1.7050050832039405,10,0.16630176052259346,0.34090909090909094
bspline_temporal_graph_interp,extrap_8,0.08444562507780148,0.058296165916931195,0.10241805340892969,0.04999024950773975,0.004605754633756807,89.11860718171926,5.022254405145509,10,0.1881720430107527,3.409090909090909
bspline_temporal_graph_interp,extrap_80,0.031834488858258785,0.015176146559052498,0.04144924191473064,0.015932684774476295,0.002661212621116379,67.19260065288357,1.881910367830625,10,0.08203209760124515,0.4318181818181818
bspline_temporal_graph_interp,extrap_80_excl,0.0314170415615376,0.017612129393548042,0.03995015224474354,0.016602121219376507,0.0026360043390852555,70.4842219804135,1.938220580157105,10,0.11243867700585534,1.0909090909090908
bspline_temporal_graph_interp,extrap_8_excl,0.0842071771316429,0.059982429352299034,0.1011612933496763,0.05024993061189155,0.0047846621985155255,89.09140369967356,4.862536172436376,10,0.05376344086021505,3.2272727272727275
bspline_temporal_graph_interp,unif_10,0.08666322144477208,0.09482082979705893,0.07860323321644962,0.05432580118790726,0.005795805617671786,87.29597388465723,8.544744260630717,10,0.028169014084507043,7.159090909090909
bspline_temporal_graph_interp,unif_100,0.023201207590151946,0.022825565268280806,0.023534064873832066,0.01061371543959542,0.000799696766623519,54.97823721436344,1.2604471348193982,10,0.5172456579908509,1.590909090909091
bspline_temporal_graph_interp,unif_100_excl,0.025822335955636534,0.02790853909937176,0.023789447881988862,0.012176655200393892,0.0009265821407119564,59.73884657236126,1.4287637580202595,10,0.5992777555920961,1.8636363636363638
bspline_temporal_graph_interp,unif_10_excl,0.08693217945601882,0.09545734657959735,0.07847416476960709,0.05440802438190793,0.0058286109179335206,87.35038084874864,8.499261050072334,10,0.0,7.295454545454545
bspline_temporal_graph_interp,unif_2,0.11203843301889993,0.10521413477964073,0.11784126636208218,0.07853837453532819,0.01687534798361227,93.06311207834602,13.610977238658068,10,0.0,0.9090909090909092
bspline_temporal_graph_interp,unif_20,0.0642281764799033,0.04998462338125433,0.07475931222677593,0.03415323156092699,0.0038609774523786122,80.05984766050054,3.5888800663397817,10,0.1340163781537765,3.818181818181819
bspline_temporal_graph_interp,unif_200,0.019134790974505485,0.016167953335359617,0.021456395811204614,0.008256760830449994,0.0006603242872347785,45.647442872687705,1.1427605501809588,10,0.7918528527155393,1.2954545454545454
bspline_temporal_graph_interp,unif_200_excl,0.021832610120484437,0.01983397253010891,0.023485955478478246,0.010093290995410653,0.0008635123929180944,54.4341675734494,1.360996840688124,10,0.6052333649912922,2.1363636363636362
bspline_temporal_graph_interp,unif_20_excl,0.06259540236024147,0.04986933777670575,0.0721520946374309,0.03392702275267926,0.003968239064912091,80.63112078346029,3.6986019074239453,10,0.08152293983356654,4.909090909090908
bspline_temporal_graph_interp,unif_2_excl,0.11208271401155513,0.10529964669496078,0.117852539365886,0.07859043095185092,0.016897163463504266,93.17192600652884,13.615516991537724,10,0.0,0.9090909090909092
bspline_temporal_graph_interp,unif_300,0.014463565700372938,0.012322595633020498,0.016149100493200928,0.006646734888732091,0.000573632003547907,40.39717083786725,1.0123976272838198,10,0.6595909785303808,0.1590909090909091
bspline_temporal_graph_interp,unif_300_excl,0.01784425309563746,0.017310413173371234,0.018311274862059523,0.008777383775970503,0.0008204937266541365,52.421109902067464,1.2569215362336952,10,0.6643309140933846,1.3863636363636362
bspline_temporal_graph_interp,unif_4,0.10812758948626396,0.10732610731153217,0.10884367255416584,0.06669455620879769,0.006994736089194737,92.35582154515778,8.26442982496351,10,0.0,1.8181818181818183
bspline_temporal_graph_interp,unif_40,0.044555326774988205,0.04021610095782481,0.04812629453133667,0.022616286426711884,0.002168985039669825,69.2872687704026,2.8539989775983625,10,0.22122602319862175,5.477272727272727
bspline_temporal_graph_interp,unif_40_excl,0.04548084502525048,0.04109622141746711,0.049092323623993524,0.023035684613569477,0.002253807717853541,70.4298150163221,2.8532454596632535,10,0.19419899617159472,5.318181818181818
bspline_temporal_graph_interp,unif_4_excl,0.10823887231256314,0.10727109940253635,0.10910228149779752,0.0670060243164763,0.007033290841894842,92.32861806311207,8.275269533947418,10,0.0,1.8181818181818183
bspline_temporal_graph_interp,unif_500,0.013377761030477647,0.01129877295133794,0.015004107163886372,0.006259442780542726,0.0005447903140485709,38.43852013057671,0.9558523443365237,10,0.5767806070141341,0.06818181818181818
bspline_temporal_graph_interp,unif_500_excl,0.016837075782862393,0.016000247607962575,0.017555947653476654,0.008518000506298242,0.0008134720387127633,52.31229597388466,1.2220879357851107,10,0.5830289036360607,1.227272727272727
bspline_temporal_graph_interp,unif_8,0.08094996481103466,0.06872692795276995,0.09054821710927156,0.04772679367899739,0.004178846319883729,87.67682263329706,5.145608973264992,10,0.026881720430107524,0.8863636363636364
bspline_temporal_graph_interp,unif_80,0.027915850823097627,0.026987015957773478,0.02872590602887704,0.012891233479698182,0.0010760244301630758,57.64417845484222,1.6549916234846929,10,0.45980949844551205,2.2272727272727275
bspline_temporal_graph_interp,unif_80_excl,0.031639509753806826,0.03769126144898461,0.024971016062985026,0.014091880373894514,0.0013265373726476075,59.84766050054407,2.0409078242046053,10,0.5091388410904516,1.8863636363636362
bspline_temporal_graph_interp,unif_8_excl,0.08227483941432165,0.06974089691596198,0.09210579628167097,0.04863505636234399,0.004313250401803977,88.08487486398259,5.214644681530978,10,0.026881720430107524,0.9318181818181819
cnp,extrap_10,0.07193858202429668,0.05302095785536476,0.08545228257725922,0.03839314090527829,0.0028302843565003576,86.6158868335147,3.1048002376959887,10,0.0,0.0
cnp,extrap_100,0.07296994161544935,0.05227053117784914,0.08750489164791461,0.0367524525935035,0.0019189368093822836,83.51468988030467,2.557567770668978,10,0.0,0.0
cnp,extrap_100_excl,0.06604390624160947,0.04999363346460776,0.07770139671012104,0.04113023882170367,0.0041867859196546954,91.75734494015234,4.321374274638961,10,0.0,0.0
cnp,extrap_10_excl,0.06601921701304975,0.0499953885156843,0.0776605110831937,0.04111085463643593,0.004175813709953167,91.59412404787813,4.32685232635032,10,0.0,0.0
cnp,extrap_2,0.0757258905420861,0.05754364302930804,0.08896409413293402,0.04292500175543786,0.004614511225546544,85.47334058759522,3.957795519955674,10,0.0,0.0
cnp,extrap_20,0.07305228431756326,0.052941146879644796,0.0872723643939186,0.03759600822859412,0.0023240805830250667,84.60282916213275,2.766267820244806,10,0.0,0.0
cnp,extrap_200,0.07309210115110609,0.05235799725197216,0.08765140597855298,0.03644438848402087,0.001758243815359177,82.2633297062024,2.504632133088497,10,0.0,0.0
cnp,extrap_200_excl,0.06611428281208215,0.05017045640751981,0.07771255137956198,0.041550094665102136,0.0043018211145371245,91.59412404787813,4.462379427390487,10,0.0,0.0
cnp,extrap_20_excl,0.06608496861160876,0.05009659355635685,0.07770805646510906,0.04112493973205087,0.004175764452712902,91.48531011969533,4.322030289038926,10,0.0,0.0
cnp,extrap_2_excl,0.06875081457684226,0.053344139163105694,0.08011964820330776,0.04216539280507328,0.0043847527728768125,90.31556039173014,4.457461581891881,10,0.0,0.0
cnp,extrap_300,0.07310741821682287,0.05236365401003037,0.0876726306120242,0.0364432283824105,0.0017550877894194179,82.23612622415669,2.503726884360783,10,0.0,0.0
cnp,extrap_300_excl,0.0661207297001221,0.050171620710108715,0.07772229451288097,0.041545621418395164,0.004300226325777555,91.56692056583243,4.460430816694128,10,0.0,0.0
cnp,extrap_4,0.07330398872722987,0.052649410497737054,0.08783032187804611,0.039575406079615294,0.003043779871336274,87.43199129488575,3.3159224056294865,10,0.0,0.0
cnp,extrap_40,0.07224005813868446,0.05220090341636913,0.08638462912613894,0.036472957419136275,0.0019829906101605614,82.86180631120783,2.6414600722266797,10,0.0,0.0
cnp,extrap_40_excl,0.06607596280044765,0.049930665291651244,0.07778955110942297,0.04112381231895079,0.004182294644146223,91.51251360174102,4.316690405396038,10,0.0,0.0
cnp,extrap_4_excl,0.06684292789850346,0.050496957665109275,0.0787001413143827,0.04075009010983499,0.0040467015432115614,91.37649619151252,4.085638516192516,10,0.0,0.0
cnp,extrap_500,0.0731074170920267,0.05236365366021629,0.08767262901818028,0.03644322817972877,0.001755087974381233,82.23612622415669,2.5037270148797255,10,0.0,0.0
cnp,extrap_500_excl,0.06612072992415084,0.05017162128960248,0.07772229453837626,0.04154562158054055,0.004300226306269608,91.56692056583243,4.460430800212521,10,0.0,0.0
cnp,extrap_8,0.07382771835716015,0.05285994716916072,0.0885469806667649,0.03866761110082544,0.0024540365387797705,86.94232861806312,2.9527957639685423,10,0.0,0.0
cnp,extrap_80,0.07326075264061552,0.05250758474828375,0.08783817913911829,0.03689459367159661,0.0019361135745890078,83.46028291621327,2.5455440400054075,10,0.0,0.0
cnp,extrap_80_excl,0.06618096653777074,0.05011283787249455,0.0778537019952037,0.041139213779740544,0.004180750922537793,91.78454842219804,4.271399403995839,10,0.0,0.0
cnp,extrap_8_excl,0.06647168032480998,0.05034547397455711,0.0781884473089189,0.0408122613012661,0.00408110218524746,91.29488574537541,4.132221105754112,10,0.0,0.0
cnp,unif_10,0.0840291031131247,0.0586949801597019,0.10155868443473487,0.04360364618689892,0.0020128914882705778,84.11316648531012,3.1539058738889207,10,0.0,0.0
cnp,unif_100,0.08573757732410843,0.06004839265643528,0.10354020894198471,0.045296023769042695,0.002278268280812634,88.03046789989119,3.1396748637037084,10,0.0,0.0
cnp,unif_100_excl,0.0863097640757104,0.06097703281715329,0.10395417454667208,0.046955060100302475,0.0028316129626507866,90.04352557127312,3.4154113714784713,10,0.0,0.0
cnp,unif_10_excl,0.08515002171481854,0.060500924549157085,0.10237551660944971,0.04591654932635134,0.00272717648126637,88.92818280739935,3.4008193040158563,10,0.0,0.0
cnp,unif_2,0.084064949533938,0.059453769897848584,0.10121734793296319,0.04442372065649588,0.0023448144160282797,85.55495103373232,3.474165157953434,10,0.0,0.0
cnp,unif_20,0.08506321831498098,0.059344577006705986,0.1028463246224063,0.04448863261980253,0.002142114023847394,87.45919477693144,3.051149049634027,10,0.0,0.0
cnp,unif_200,0.08601545396788433,0.06015047853372267,0.10392401962883528,0.04553675534805613,0.0023250595295671306,87.97606093579978,3.1592558327620024,10,0.0,0.0
cnp,unif_200_excl,0.08634721897451235,0.06094301110237715,0.10403118673541724,0.04690422973027037,0.002807531238960316,89.82589771490751,3.3966005899031146,10,0.0,0.0
cnp,unif_20_excl,0.08570173992364073,0.06044755453189351,0.10327452613868078,0.046295478267106706,0.0027400635065748797,89.8531011969532,3.3114891647682545,10,0.0,0.0
cnp,unif_2_excl,0.08502373627250201,0.059722503499196236,0.10258714288219752,0.04544242229454536,0.0025440306193331734,88.71055495103373,3.1889644617311506,10,0.0,0.0
cnp,unif_300,0.08583990526100425,0.06000073646484438,0.10372596806588703,0.04530325520203993,0.0022733566498492138,87.59521218715996,3.143227322229284,10,0.0,0.0
cnp,unif_300_excl,0.08631791092706478,0.060910568986876,0.10400207238786537,0.0468585652352936,0.002793900290945176,90.07072905331883,3.3784410163356156,10,0.0,0.0
cnp,unif_4,0.0858090546812191,0.05980548589012313,0.10377891593458638,0.04566611446869905,0.0025079915886575587,88.65614798694233,3.181162395923535,10,0.0,0.0
cnp,unif_40,0.08579606167880034,0.06003143648425114,0.10364103964721147,0.04522999519151884,0.0022551129861929317,87.21436343852012,3.140993677347656,10,0.0,0.0
cnp,unif_40_excl,0.0864825433690555,0.060979706351544705,0.10422520663337786,0.04714812624538814,0.0028687292196646653,90.66920565832426,3.390815366033804,10,0.0,0.0
cnp,unif_4_excl,0.08731094904322353,0.06203551674101931,0.10497401230863047,0.04848398317677152,0.003237008782143935,91.0500544069641,3.5876138484600903,10,0.0,0.0
cnp,unif_500,0.08592666505769708,0.06008668554196791,0.10381763157988995,0.045441733472559996,0.0022989250352736584,88.1936887921654,3.1367543691853776,10,0.0,0.0
cnp,unif_500_excl,0.0864257008633457,0.06095502764386792,0.10414859341552099,0.04695188024682241,0.002815003157052624,89.98911860718172,3.3882627323877537,10,0.0,0.0
cnp,unif_8,0.08441882107119937,0.05957295455730136,0.10171260147701645,0.04430439599239398,0.0022142120485951823,85.17410228509249,3.19811153723568,10,0.0,0.0
cnp,unif_80,0.08556852479281037,0.059668812494930244,0.10347195354197847,0.04505757764954692,0.002245854480298947,86.99673558215451,3.125827399503323,10,0.0,0.0
cnp,unif_80_excl,0.08637733077594288,0.06086455332051512,0.10411996478262688,0.04699276979116802,0.0028384320833129864,89.96191512513602,3.3938242604824445,10,0.0,0.0
cnp,unif_8_excl,0.08533663981349597,0.06028297114323223,0.10278557445665762,0.04605587774541095,0.0026904584620824103,89.11860718171926,3.3236142805317463,10,0.0,0.0
cnp_attn,extrap_10,0.07431858150819731,0.05354514112047145,0.08895570631783391,0.036799806708285546,0.0018824704438261631,84.05875952121872,2.3793684744150356,10,0.0,0.0
cnp_attn,extrap_100,0.07368589238193383,0.0531765927665522,0.08815108091661127,0.03620922376966191,0.0017042491997443503,83.54189336235038,2.3290014691532055,10,0.0,0.0
cnp_attn,extrap_100_excl,0.07018915128460367,0.05593700857963744,0.08089415118834753,0.04266770440635147,0.00483084441631801,90.34276387377584,3.955870838197137,10,0.0,0.0
cnp_attn,extrap_10_excl,0.07109195159948373,0.056371540585734944,0.08211129180021635,0.042151021036411655,0.004634647018942981,90.28835690968444,3.7724583083699623,10,0.0,0.0
cnp_attn,extrap_2,0.07256107778506017,0.05317727663094224,0.08635993719799274,0.03864640952924001,0.0031792918360045957,87.43199129488575,3.1468180510282617,10,0.0,0.0
cnp_attn,extrap_20,0.07456693122814444,0.054270051108416664,0.08895527770746217,0.03701656654282545,0.0018941785025133027,82.50816104461371,2.5054351411960694,10,0.0,0.0
cnp_attn,extrap_200,0.07342200126616794,0.052981102814911245,0.08783812575502667,0.036000621129107034,0.0016860742735322106,83.40587595212187,2.314960411171475,10,0.0,0.0
cnp_attn,extrap_200_excl,0.06984158057063816,0.05536726956680771,0.08067501925975482,0.04225592426671945,0.004737791348874075,90.34276387377584,3.8778379397369744,10,0.0,0.0
cnp_attn,extrap_20_excl,0.0709535570216809,0.05693316411743043,0.081533206797455,0.04313957085579601,0.004920145735864357,90.61479869423286,3.985101483437954,10,0.0,0.0
cnp_attn,extrap_2_excl,0.07110743369237404,0.05630155761816963,0.08217993213967309,0.04371179652048662,0.005026062254521039,91.48531011969533,4.155669012147114,10,0.0,0.0
cnp_attn,extrap_300,0.07338715497999314,0.05296012585553553,0.08779417545498609,0.035974245595465026,0.0016833188251743523,83.26985854189336,2.3148926808063317,10,0.0,0.0
cnp_attn,extrap_300_excl,0.06977602847292215,0.05523100537524531,0.08065129569792819,0.042128087358875556,0.004709152981351721,90.15233949945593,3.8566550500967223,10,0.0,0.0
cnp_attn,extrap_4,0.07255214322507351,0.05271626640443282,0.08659964945509055,0.03669765856729109,0.002080786925413568,85.44613710554951,2.5031913279027806,10,0.0,0.0
cnp_attn,extrap_40,0.0737635042207326,0.0534907922729084,0.08810334085516841,0.03645451318663145,0.001824029231796433,82.48095756256801,2.4468368321822016,10,0.0,0.0
cnp_attn,extrap_40_excl,0.07054535374460152,0.05622473452317216,0.08130228397196557,0.04254824005399747,0.00478833123711402,90.50598476605005,3.8626381991533765,10,0.0,0.0
cnp_attn,extrap_4_excl,0.06863410142810204,0.05425262730505163,0.0793772403940294,0.042188383038920856,0.0048231612380171505,90.77801958650707,4.14256336296007,10,0.0,0.0
cnp_attn,extrap_500,0.07338715560239845,0.05296012599751177,0.08779417636630421,0.0359742460129894,0.0016833187854304746,83.26985854189336,2.3148927500394194,10,0.0,0.0
cnp_attn,extrap_500_excl,0.06977602871998999,0.05523100576106044,0.08065129586628102,0.04212808753723548,0.004709153040764229,90.15233949945593,3.8566551167357006,10,0.0,0.0
cnp_attn,extrap_8,0.07253959044285353,0.05272100509077124,0.08657707395929015,0.03586114878980068,0.0018477948161581268,81.63764961915125,2.482470369244936,10,0.0,0.0
cnp_attn,extrap_80,0.07373623314306499,0.05319021451888527,0.08822362530092749,0.036244612568188804,0.0017483603297402364,83.54189336235038,2.3313695580874194,10,0.0,0.0
cnp_attn,extrap_80_excl,0.07002822826427949,0.05579935246761091,0.08071453796109378,0.04263595607987036,0.004846727344458701,90.66920565832426,3.9416255779707807,10,0.0,0.0
cnp_attn,extrap_8_excl,0.06931887788525909,0.054492897990286455,0.08035359555081553,0.04194984109555417,0.004699009038275843,89.93471164309031,4.027331719618183,10,0.0,0.0
cnp_attn,unif_10,0.07963598877050439,0.05590450516925571,0.0961040002232939,0.04270809488340612,0.0024341041471233876,86.91512513601741,3.542599406599638,10,0.0,0.0
cnp_attn,unif_100,0.07995368776144429,0.055806968631544926,0.09665455037445048,0.042257133348398035,0.0022583565665522816,86.91512513601741,3.3218149251560543,10,0.0,0.0
cnp_attn,unif_100_excl,0.06899661204340245,0.05147269360675902,0.08160865045304613,0.035034138640394924,0.0022735614907777317,84.95647442872688,2.5127195184184985,10,0.0,0.0
cnp_attn,unif_10_excl,0.07011817497095568,0.05246634763599464,0.08284597801678595,0.03604408591110118,0.0025340157260987685,82.3993471164309,2.787121190215425,10,0.0,0.0
cnp_attn,unif_2,0.07596591859459473,0.056289301545254355,0.09006803060672951,0.042424227458640724,0.0032133621232686366,88.71055495103373,4.025888115219611,10,0.0,0.0
cnp_attn,unif_20,0.07892934412340948,0.05528605007172671,0.0953151930136535,0.04186495532554304,0.002289722400953665,87.05114254624591,3.4116435613900653,10,0.0,0.0
cnp_attn,unif_200,0.08018291825978803,0.05580846534971569,0.09701385407956965,0.04247339538848828,0.0022876979760919334,86.7519042437432,3.366092810433696,10,0.0,0.0
cnp_attn,unif_200_excl,0.0690409293054712,0.051602716057576194,0.08160597375601479,0.03507897666005886,0.0022371756120042954,85.1468988030468,2.54713179404543,10,0.0,0.0
cnp_attn,unif_20_excl,0.06931402859429145,0.0515489904687786,0.08207497957287473,0.03555769603030596,0.0022566550703917187,85.66376496191512,2.6879454950149406,10,0.0,0.0
cnp_attn,unif_2_excl,0.06931627669561631,0.051695202940132745,0.08199580603098085,0.03555818387713604,0.0021731058088689443,85.2013057671382,2.735200503811658,10,0.0,0.0
cnp_attn,unif_300,0.08010452339132038,0.055837629028760306,0.0968756249392799,0.042463510381351745,0.0022882272965693657,87.24156692056583,3.3584307433246763,10,0.0,0.0
cnp_attn,unif_300_excl,0.06914292170364893,0.051560169113779045,0.0817940006975366,0.03499308307943977,0.0021946166361496073,84.35799782372143,2.546339808697095,10,0.0,0.0
cnp_attn,unif_4,0.08025568178149263,0.05568768319907494,0.09719044296915996,0.042273592171426434,0.002310474804523053,84.63003264417846,3.3177619666058726,10,0.0,0.0
cnp_attn,unif_40,0.07973567262908897,0.05593503491913946,0.0962449350995741,0.04229551389959354,0.002336998659395195,85.90859630032644,3.4237015079415447,10,0.0,0.0
cnp_attn,unif_40_excl,0.06919821069583434,0.05189889423394385,0.0816900145252376,0.035348181021972375,0.0023457390125413945,84.76605005440696,2.6273807763521853,10,0.0,0.0
cnp_attn,unif_4_excl,0.0701085787672403,0.05190175882735263,0.08314996710169638,0.03586875997135118,0.0025035137317831963,86.04461371055496,2.505132590124754,10,0.0,0.0
cnp_attn,unif_500,0.08014309157134439,0.05578750850008024,0.096962166726776,0.042362177065523976,0.0022595214036341257,86.8335146898803,3.3299844648072985,10,0.0,0.0
cnp_attn,unif_500_excl,0.06886978536939431,0.05142485853363122,0.08143207731690683,0.03508059904222519,0.00225876267804988,85.71817192600653,2.5443412637667477,10,0.0,0.0
cnp_attn,unif_8,0.0790029167918357,0.05603667000394163,0.09503618630493975,0.04231041258401658,0.002501596184396442,85.79978237214364,3.6014833049726134,10,0.0,0.0
cnp_attn,unif_80,0.0800996312471679,0.05570681849236086,0.0969356802225928,0.04229065280517115,0.00224769111936158,86.72470076169749,3.307269162197953,10,0.0,0.0
cnp_attn,unif_80_excl,0.06896707005989434,0.051453541696699995,0.08157207005834134,0.034942027574589515,0.002201434232989975,84.87486398258977,2.5136946794789203,10,0.0,0.0
cnp_attn,unif_8_excl,0.0692630623340104,0.05208904630642127,0.0816855313311856,0.0355323456365603,0.0022564778827506137,83.97714907508161,2.7546032074802045,10,0.0,0.0
cnp_delta,extrap_10,0.09196407675342815,0.06974024663298366,0.10812392557897596,0.05856830722761468,0.005183043502460213,90.45157780195865,6.056719445441242,10,0.0,7.863636363636364
cnp_delta,extrap_100,0.05844852777790563,0.026110329716681143,0.07665870327945513,0.02809861608388795,0.0029125414933202287,71.40914036996736,2.8810567096005437,10,3.1488622717740773,3.681818181818182
cnp_delta,extrap_100_excl,0.05844408534663957,0.026170283643612995,0.07663387045735946,0.028329040064864915,0.0029754562990850267,73.36779107725789,2.8535797821213302,10,3.177031285858584,3.681818181818182
cnp_delta,extrap_10_excl,0.0923423802799759,0.07153999397596376,0.10767759419588095,0.05895865366850532,0.005255855078143278,91.51251360174102,6.089261134584049,10,0.0,7.863636363636364
cnp_delta,extrap_2,0.10069574836443479,0.06837583831648712,0.12270355488103854,0.06198068486627086,0.007406136199293145,91.64853101196954,5.872003473705096,10,0.0,0.0
cnp_delta,extrap_20,0.0894477124375045,0.056373681279229225,0.11108671486711966,0.052863032120552385,0.0048871293508451095,86.45266594124048,4.984872842732287,10,0.37052437505423713,7.0681818181818175
cnp_delta,extrap_200,0.051347960946529415,0.01850821822947432,0.068561456879783,0.02366623037656358,0.0027128800100964193,65.36996735582154,2.47161044616376,10,3.809195062656579,1.7045454545454546
cnp_delta,extrap_200_excl,0.051478471349657044,0.018675875924932014,0.06870632124828246,0.024066562224916287,0.0027951657097036163,69.61371055495103,2.4205181557819038,10,3.754144328141964,1.7045454545454546
cnp_delta,extrap_20_excl,0.08987991528402148,0.05717451960318096,0.11138079971478626,0.05316990935543809,0.0049006007334835835,87.54080522306856,4.976250696355454,10,0.37052437505423713,7.113636363636364
cnp_delta,extrap_2_excl,0.10507655117989519,0.07388183582907543,0.12674359721537728,0.06643697363120396,0.008512248600893602,92.00217627856365,6.584491462006183,10,0.0,0.0
cnp_delta,extrap_300,0.051343408188218184,0.018507646672566148,0.06855511812225099,0.023662072099704168,0.002712381891107058,65.28835690968444,2.47376459622031,10,3.809195062656579,1.7045454545454546
cnp_delta,extrap_300_excl,0.05147347539947938,0.018673853448077177,0.06869970470541652,0.024060145855670248,0.0027943778660520437,69.55930359085963,2.4207970206208183,10,3.754144328141964,1.7045454545454546
cnp_delta,extrap_4,0.10107518075021278,0.07136440629215565,0.12176144964829895,0.06278142454329386,0.005936821388974018,91.0772578890098,5.719822887104886,10,0.0,1.7272727272727273
cnp_delta,extrap_40,0.08114776836572961,0.0514652726328898,0.10063101213726827,0.044288362415922745,0.0041637554691277175,84.16757344940153,4.0530922431747,10,2.423982952128923,8.818181818181818
cnp_delta,extrap_40_excl,0.08098531361794253,0.05158656705212039,0.10032605015116099,0.04423705074900587,0.004149741040448272,84.46681175190425,4.02478902485272,10,2.397101231698815,8.772727272727273
cnp_delta,extrap_4_excl,0.10009072288224473,0.07138739497503431,0.12019431914844055,0.06223344138043529,0.005980513232089058,91.53971708378673,5.709954744300983,10,0.0,1.8181818181818183
cnp_delta,extrap_500,0.05134340833386712,0.0185076466270457,0.06855511834053508,0.02366207217070611,0.0027123819075693853,65.28835690968444,2.473764602127998,10,3.809195062656579,1.7045454545454546
cnp_delta,extrap_500_excl,0.05147347547082112,0.018673853486003648,0.06869970479768793,0.024060145948624764,0.0027943778732147538,69.55930359085963,2.420797033819465,10,3.754144328141964,1.7045454545454546
cnp_delta,extrap_8,0.09360543257330509,0.06866516056656896,0.1113700889397613,0.058076908863986754,0.005184615664261035,88.92818280739935,5.883223356581042,10,0.4838709677419355,6.363636363636364
cnp_delta,extrap_80,0.06515670163087678,0.029405944633670578,0.08536474549805476,0.03171779290593316,0.006300788561970286,73.449401523395,3.1865862400350635,10,4.32663346705346,4.545454545454545
cnp_delta,extrap_80_excl,0.06516988415810238,0.029534724951609453,0.0853438585790264,0.03192975389944488,0.00632455087945697,75.46245919477693,3.157683815676895,10,4.32663346705346,4.5681818181818175
cnp_delta,extrap_8_excl,0.09434572933213216,0.06963514910936694,0.11201306167208559,0.05919466019098312,0.005607412541930642,90.99564744287268,5.96847418029009,10,0.4838709677419355,6.363636363636364
cnp_delta,unif_10,0.11482308300666959,0.13534114189713228,0.09255307044540392,0.07253123974643232,0.007634945807880372,90.96844396082699,11.139527481422588,10,0.0,10.0
cnp_delta,unif_100,0.06830303953260637,0.07230390699171442,0.06449151719335451,0.02993858760995026,0.006892174619185966,60.79978237214363,5.082509544103777,10,3.001955060283278,8.568181818181817
cnp_delta,unif_100_excl,0.06826527167832704,0.07256226899846308,0.06415357881439097,0.030061300306978123,0.00691209276673303,62.105549510337326,5.051346792672112,10,3.001955060283278,8.545454545454545
cnp_delta,unif_10_excl,0.11596420246664299,0.13689305103757496,0.09320007321179855,0.07348922372920805,0.007856596242054044,91.24047878128401,11.422570432449943,10,0.0,10.0
cnp_delta,unif_2,0.10430928965421361,0.087186932237793,0.11760340443793003,0.07484283523088427,0.01623688975370612,93.96082698585418,12.915215328153185,10,0.0,0.0
cnp_delta,unif_20,0.09273126662281433,0.08184021284345554,0.10153687586291725,0.057705359086678225,0.006195781096990239,88.13928182807399,6.964636949660614,10,0.6393665064371955,6.818181818181818
cnp_delta,unif_200,0.034346077082410754,0.023252174010409327,0.041887687578494134,0.012120900598981731,0.0014987704843263771,45.5930359085963,1.339499791338625,10,3.689335859753588,4.727272727272728
cnp_delta,unif_200_excl,0.03431489832230265,0.02340468844526909,0.0417625316557753,0.012509755120768318,0.0015285714919617383,50.244831338411316,1.3838582835373265,10,3.7174257473940373,4.727272727272728
cnp_delta,unif_20_excl,0.0928487113864881,0.08209836680480811,0.10155325924435525,0.057851001270245075,0.006225351848837584,87.86724700761698,7.0441651831059815,10,0.6393665064371955,6.818181818181818
cnp_delta,unif_2_excl,0.10990800709797609,0.09464929259790719,0.12201687089516058,0.07864591190618729,0.01763629827148227,93.33514689880305,14.153234852548223,10,0.0,0.0
cnp_delta,unif_300,0.025812358049082152,0.018981481262614855,0.030685205564947946,0.008881425075035684,0.0007009652906646734,40.09793253536453,0.9933957031231205,10,2.7096302123704246,2.0227272727272725
cnp_delta,unif_300_excl,0.02588953536503507,0.01927501891631753,0.03064405922290139,0.009394268072058874,0.0007794467650613413,47.578890097932536,1.041393618435168,10,2.737102739842952,2.0227272727272725
cnp_delta,unif_4,0.13017640435137165,0.1444466817827856,0.11584410227729677,0.074553714995909,0.008195224044428767,92.05658324265507,9.517422959029755,10,0.0,6.181818181818182
cnp_delta,unif_40,0.07684265570469317,0.06478904368487838,0.08626012290952699,0.0432527514293664,0.00490258386088045,80.00544069640914,5.592740195005559,10,2.1242047780081537,13.704545454545453
cnp_delta,unif_40_excl,0.07675593912460887,0.0650843727317976,0.0859127183180025,0.04331992354563225,0.004942568546254328,80.38628944504897,5.617907743783685,10,2.151452734411424,13.704545454545453
cnp_delta,unif_4_excl,0.12983902684431267,0.14167413355180636,0.11818187137330073,0.07619840022950669,0.008544437815714219,92.11099020674646,9.715774911102692,10,0.0,6.363636363636364
cnp_delta,unif_500,0.023493096172445594,0.01699959130426526,0.028080298105329488,0.008141616922303566,0.0006151309388545317,38.928182807399345,0.8254678972958092,10,2.3880246842517714,1.3409090909090906
cnp_delta,unif_500_excl,0.023566266028262544,0.017283257219264728,0.028040946802972515,0.008659487612668857,0.0007028299384721103,46.191512513601744,0.9044514166352333,10,2.3598556701672644,1.3409090909090906
cnp_delta,unif_8,0.10059120939432017,0.09907260626632652,0.10193822709885958,0.06482870063504878,0.006676059484300303,91.29488574537541,8.211223112882562,10,0.0,5.454545454545455
cnp_delta,unif_80,0.06636204496269613,0.06683559723148712,0.06593306355128595,0.034474424726757796,0.0054064709765518845,66.97497279651796,5.6449442514159065,10,4.323597057312331,12.863636363636363
cnp_delta,unif_80_excl,0.06643405308073637,0.06712862250702031,0.06580285468029144,0.03475788137060099,0.00543351047142447,70.04896626768226,5.508829556466262,10,4.323597057312331,12.84090909090909
cnp_delta,unif_8_excl,0.10158762555446597,0.10036692245731586,0.10267354017400426,0.06512994827790348,0.006639561619063636,90.91403699673558,8.206631621731022,10,0.0,5.454545454545455
cnp_delta_attn,extrap_10,0.09227523112404988,0.07018690000597598,0.10836723040396369,0.05871372055078805,0.005169182933192648,90.96844396082699,6.02448500080384,10,0.0,7.863636363636364
cnp_delta_attn,extrap_100,0.058676627604721324,0.02620627663309258,0.07695969308234478,0.02825066978678422,0.002935186744767248,70.94668117519042,2.9192978233578435,10,3.1488622717740773,3.681818181818182
cnp_delta_attn,extrap_100_excl,0.05890307340027705,0.0263141552662423,0.07725463098885506,0.028677316425238963,0.0029985239422280563,73.6670293797606,2.8882391994844436,10,3.177031285858584,3.681818181818182
cnp_delta_attn,extrap_10_excl,0.09236272957189051,0.07190754247170729,0.10749031019263469,0.05904886655535195,0.005280738543458733,91.0500544069641,6.1559953603127555,10,0.0,7.886363636363638
cnp_delta_attn,extrap_2,0.1011669938451899,0.06896784623899493,0.12314106640305215,0.06247990967455653,0.007568138780323601,91.83895538628944,5.950063124403795,10,0.0,0.0
cnp_delta_attn,extrap_20,0.08977015180794203,0.056785635295264564,0.11139163183662736,0.0529414405741556,0.004864297171194336,85.63656147986943,5.021929712501616,10,0.37052437505423713,7.0681818181818175
cnp_delta_attn,extrap_200,0.051611388824357146,0.018554741502516313,0.06892494058914435,0.023866088143379798,0.002743083494518918,65.94124047878128,2.487837987326367,10,3.782313342226471,1.7045454545454546
cnp_delta_attn,extrap_200_excl,0.05190211552842878,0.018806432883313386,0.06927739759605846,0.02441409841748964,0.002815127504303747,70.6474428726877,2.441856729280191,10,3.782313342226471,1.7272727272727273
cnp_delta_attn,extrap_20_excl,0.09040530664722937,0.05741981519757043,0.11207290200253095,0.05344817128543354,0.004907820257407289,86.86071817192601,4.999597768218455,10,0.37052437505423713,7.113636363636364
cnp_delta_attn,extrap_2_excl,0.10467859626593011,0.07409492751780897,0.12600393216733594,0.0662731454523313,0.008631071815775618,92.38302502720349,6.580257713310021,10,0.0,0.0
cnp_delta_attn,extrap_300,0.05160797937952639,0.018553469082382038,0.06892039872239657,0.023861727305032162,0.002742409918600766,65.85963003264418,2.4898427500343634,10,3.782313342226471,1.7045454545454546
cnp_delta_attn,extrap_300_excl,0.05190105306375079,0.018806679221515864,0.06927582524880227,0.024412175838290306,0.0028146389928760955,70.620239390642,2.442253143633489,10,3.782313342226471,1.7272727272727273
cnp_delta_attn,extrap_4,0.10037894628613855,0.0710348235521782,0.12083716791506563,0.06223928272769898,0.005939604359467011,90.66920565832426,5.711039004959394,10,0.0,1.8181818181818183
cnp_delta_attn,extrap_40,0.08130216175430796,0.05162977999184238,0.10079180954200008,0.04427736080714556,0.004136558032779291,83.10663764961915,4.082522021260615,10,2.423982952128923,8.818181818181818
cnp_delta_attn,extrap_40_excl,0.0814535095619461,0.05177666796353425,0.10095602181228303,0.04460586672163341,0.00417614434640541,84.63003264417846,4.05501217771957,10,2.397101231698815,8.84090909090909
cnp_delta_attn,extrap_4_excl,0.0999908444419841,0.07128000388730096,0.12009369409153879,0.06202922677397227,0.005939730192374485,91.48531011969533,5.671994690117893,10,0.0,1.8181818181818183
cnp_delta_attn,extrap_500,0.05160797932125118,0.01855346907782734,0.06892039864060112,0.023861727236920014,0.0027424099035185546,65.85963003264418,2.4898427295476484,10,3.782313342226471,1.7045454545454546
cnp_delta_attn,extrap_500_excl,0.05190105303486021,0.018806679232492705,0.06927582520500183,0.024412175808899476,0.0028146389862869414,70.620239390642,2.442253130569957,10,3.782313342226471,1.7272727272727273
cnp_delta_attn,extrap_8,0.09361541125878642,0.06830738116671231,0.11158377362820539,0.058165498563464375,0.005221222528530661,89.44504896626768,5.859585346386276,10,0.4838709677419355,6.363636363636364
cnp_delta_attn,extrap_80,0.06532467322325447,0.02948167383311412,0.08558483694049987,0.03186440520725697,0.00630365516032732,73.80304678998912,3.1891512594654294,10,4.32663346705346,4.5681818181818175
cnp_delta_attn,extrap_80_excl,0.06549801507435367,0.029660876358555504,0.0857805860166163,0.032237593793704486,0.006320119534080828,76.82263329706203,3.1389076663151743,10,4.32663346705346,4.613636363636362
cnp_delta_attn,extrap_8_excl,0.09423223794117079,0.06996807374389111,0.11164430193359763,0.059134055150620014,0.005586822630821466,91.0500544069641,5.99382968916632,10,0.4838709677419355,6.363636363636364
cnp_delta_attn,unif_10,0.11486563777650571,0.13427546860648165,0.09403805742453024,0.07230078157701508,0.007473271798234628,90.88683351468988,10.885735761925407,10,0.0,10.0
cnp_delta_attn,unif_100,0.06856326441463524,0.0714419369897802,0.06586576613683096,0.030292720442300813,0.006802271892736228,66.78454842219804,4.531533600985436,10,3.001955060283278,8.613636363636363
cnp_delta_attn,unif_100_excl,0.06834103451331787,0.07148964758957109,0.06537863046280644,0.030126996466009453,0.00683031414132153,63.84657236126224,4.773490265687678,10,3.001955060283278,8.613636363636363
cnp_delta_attn,unif_10_excl,0.11605795404519448,0.13623525660122499,0.09428269882175516,0.07344291143377628,0.007740881637508694,91.10446137105549,11.28282300773541,10,0.0,10.0
cnp_delta_attn,unif_2,0.10355033129826621,0.0846064741876079,0.1180242523726304,0.07361702283290611,0.01587117881895602,93.22633297062023,12.484225510505823,10,0.0,0.0
cnp_delta_attn,unif_20,0.09314351059723415,0.08038511851170703,0.10328452520414237,0.057503057264344626,0.005967845202942633,87.43199129488575,6.721645250631214,10,0.6393665064371955,6.772727272727273
cnp_delta_attn,unif_200,0.03496985232758012,0.023450461860082823,0.04275963573288334,0.012327911736906498,0.0014318474557298638,45.29379760609358,1.3090890166114435,10,3.689335859753588,4.750000000000001
cnp_delta_attn,unif_200_excl,0.03495131134883,0.023521940314902064,0.04269546479873241,0.012503825854680607,0.0014624367324671608,47.55168661588684,1.36291465865932,10,3.7155825789136925,4.750000000000001
cnp_delta_attn,unif_20_excl,0.09318204721965857,0.08132603368199322,0.10268608697907221,0.05768603901381977,0.0060701714114731065,86.8879216539717,6.923245254338335,10,0.6393665064371955,6.772727272727273
cnp_delta_attn,unif_2_excl,0.10921405028395637,0.09336991180355994,0.12171964055246005,0.07815300137574985,0.017435859098780503,93.22633297062023,13.995034642148436,10,0.0,0.0
cnp_delta_attn,unif_300,0.026110198281706687,0.018809669246926376,0.03125384189217245,0.00889602188595088,0.0006641443420622599,39.20021762785637,0.9464104941702219,10,2.737102739842952,2.068181818181818
cnp_delta_attn,unif_300_excl,0.02617095689435021,0.018986443785272433,0.03125421083864388,0.009167468568290713,0.0007442896735576162,42.138193688792164,1.0268145519218566,10,2.7909658233596897,2.068181818181818
cnp_delta_attn,unif_4,0.12981937073309455,0.14363641756782256,0.1159893488427863,0.07437851197042318,0.007981754735901556,91.92056583242655,9.417321193839657,10,0.0,6.363636363636364
cnp_delta_attn,unif_40,0.07751452060540319,0.06387808632992198,0.08799593503293344,0.043457627671955254,0.00476023087236984,81.42002176278564,5.326237003285498,10,2.0957147495181254,13.75
cnp_delta_attn,unif_40_excl,0.07727349031451554,0.06413659724826484,0.08742215143348965,0.04335508458857312,0.004797107825696023,80.57671381936888,5.426006952145895,10,2.0957147495181254,13.727272727272728
cnp_delta_attn,unif_4_excl,0.1304426356193687,0.14199788123197854,0.1190915163894374,0.07633542528007467,0.008473352215263753,92.5462459194777,9.617750700343795,10,0.0,6.363636363636364
cnp_delta_attn,unif_500,0.02390132061278557,0.017063172926023988,0.028693376854948324,0.008186567962289103,0.0005834048098827296,37.840043525571275,0.7900829171719891,10,2.3880246842517714,1.3636363636363635
cnp_delta_attn,unif_500_excl,0.023965840481414147,0.017252306861705122,0.028693857921028357,0.00850578312256264,0.0006779832548029513,41.70293797606094,0.8830583470269695,10,2.415272640655041,1.3409090909090906
cnp_delta_attn,unif_8,0.10061917245462959,0.09740325451704092,0.10342724398788923,0.06477360544593781,0.006408428522145994,91.56692056583243,8.021617023650714,10,0.0,5.454545454545455
cnp_delta_attn,unif_80,0.06644087553262966,0.06518728689999662,0.06754890165851551,0.0346492552992412,0.005319115768661781,74.29270946681176,4.93231206715668,10,4.350845013715601,12.818181818181818
cnp_delta_attn,unif_80_excl,0.06640533861918677,0.06543812742746818,0.0672636935829817,0.0347353493533763,0.005356117111802341,72.44287268770402,5.155003064607971,10,4.350845013715601,12.818181818181818
cnp_delta_attn,unif_8_excl,0.10190900566386574,0.09974233571266915,0.1038198114525674,0.06516568936075343,0.006436343620619629,91.32208922742112,8.000948648849745,10,0.0,5.454545454545455
cnp_hist,extrap_10,0.07410550852765975,0.05352587502394585,0.0886278402741285,0.03757323952993708,0.0019787416384929248,82.91621327529924,2.86807977159656,10,0.0,0.0
cnp_hist,extrap_100,0.07397339516315354,0.052908032445441795,0.08875187609488838,0.03720459352542319,0.0017975960556964158,83.16104461371056,2.756644103608582,10,0.0,0.0
cnp_hist,extrap_100_excl,0.0789728434199748,0.0558751905708251,0.095074239106134,0.03989968756953573,0.0017593459072300652,83.35146898803046,2.8176508681849737,10,0.0,0.0
cnp_hist,extrap_10_excl,0.07811100157998394,0.05618625573241887,0.09354441535178167,0.03970948053003006,0.0018785731534025323,82.61697497279651,3.0223371714608263,10,0.0,0.0
cnp_hist,extrap_2,0.07468719707551312,0.05419546856166674,0.08918755914143728,0.040499575205058085,0.003382288656328506,86.09902067464635,3.4530938428862923,10,0.0,0.0
cnp_hist,extrap_20,0.07445334944004839,0.05323109984661109,0.08933855369036296,0.037666131110944995,0.0019030265553244793,83.37867247007617,2.823133508973701,10,0.0,0.0
cnp_hist,extrap_200,0.07370099493417744,0.05279799919606016,0.08837952555929282,0.03718130514268906,0.0018400573416172635,83.26985854189336,2.821610445677837,10,0.0,0.0
cnp_hist,extrap_200_excl,0.07943069521749338,0.05633086734543802,0.09555567405035993,0.04021635510521952,0.001788726400597375,82.53536452665941,2.9058399965456805,10,0.0,0.0
cnp_hist,extrap_20_excl,0.07944207596571648,0.05633843855605993,0.09556963027348707,0.04038913019804104,0.00188005577404815,84.63003264417846,2.8421592830878275,10,0.0,0.0
cnp_hist,extrap_2_excl,0.08204730098047124,0.05842429716478669,0.0985770111619052,0.04307269318773126,0.002518325230941074,87.40478781284004,3.0519896720730446,10,0.0,0.0
cnp_hist,extrap_300,0.0736665697073967,0.052781561125147536,0.08833382344782395,0.037154040136197185,0.0018376904046964926,83.32426550598477,2.814736291180142,10,0.0,0.0
cnp_hist,extrap_300_excl,0.07933643414717798,0.05625976843050972,0.09544453176316775,0.04014845036772831,0.0017779434978388417,82.4537540805223,2.9007494418290705,10,0.0,0.0
cnp_hist,extrap_4,0.07355677800761773,0.05249134274458655,0.0883156053736052,0.03849422470772876,0.0025220583895640466,86.01741022850925,3.09376021397127,10,0.0,0.0
cnp_hist,extrap_40,0.07365836892592385,0.05310296203781514,0.08814731808345512,0.03721404883511956,0.0018738194267879339,83.02502720348204,2.8327431959459064,10,0.0,0.0
cnp_hist,extrap_40_excl,0.07866712975021477,0.05599264478435154,0.09452901806322472,0.03973268904805313,0.0017316445934735666,83.37867247007617,2.8307468153543014,10,0.0,0.0
cnp_hist,extrap_4_excl,0.0790205203344035,0.05609627624858404,0.09503235050023356,0.04080463630087487,0.002141470547739049,84.46681175190425,2.9597576583910414,10,0.0,0.0
cnp_hist,extrap_500,0.0736665694573377,0.05278156109781344,0.08833382306635026,0.03715403945924019,0.0018376902506017125,83.32426550598477,2.814736121735711,10,0.0,0.0
cnp_hist,extrap_500_excl,0.07933643427748897,0.05625976855400049,0.0954445319034513,0.040148450477176446,0.001777943510560206,82.4537540805223,2.900749407378243,10,0.0,0.0
cnp_hist,extrap_8,0.07371523446714853,0.052650611531614266,0.08848113914500848,0.03718503741740013,0.0019681959469652756,81.47442872687704,2.952615260695407,10,0.0,0.0
cnp_hist,extrap_80,0.07382126095946243,0.05294344987664988,0.08849184944294465,0.03711298924908285,0.001791312881410306,82.91621327529924,2.773866599323445,10,0.0,0.0
cnp_hist,extrap_80_excl,0.07863986744812383,0.05565852285761476,0.09466336710073553,0.03979083708405365,0.0017506917078950529,83.48748639825898,2.8391237373009584,10,0.0,0.0
cnp_hist,extrap_8_excl,0.07774077942014973,0.055684140948470295,0.09322812372207744,0.03992058682509812,0.0020688306764989448,84.22198041349293,3.0773934361463966,10,0.0,0.0
cnp_hist,unif_10,0.08503363202785981,0.058760304506817566,0.10310137260835102,0.04559999856777627,0.0026461694529453287,86.7519042437432,3.578805052850086,10,0.0,0.0
cnp_hist,unif_100,0.08551485209296178,0.05872074615499844,0.10387487095949484,0.04641513061082402,0.002695215886544513,88.71055495103373,3.6834148027585005,10,0.0,0.0
cnp_hist,unif_100_excl,0.07972995336749472,0.05668649139929763,0.09583949931719167,0.04174982029559563,0.002193659819621926,86.7791077257889,3.2423106819485956,10,0.0,0.0
cnp_hist,unif_10_excl,0.07849299616731226,0.056789281805057865,0.09382380766833927,0.040511177356179574,0.00212583207871524,83.75952121871599,3.1929544798603033,10,0.0,0.0
cnp_hist,unif_2,0.0849943097561998,0.06161425027796978,0.10152877495684894,0.04752368906004125,0.003424557170143114,89.03699673558215,4.056747001802088,10,0.0,0.0
cnp_hist,unif_20,0.08421062711493278,0.057893717467744514,0.10225573750804907,0.04577428040472675,0.002700591993250424,89.33623503808488,3.6708396651191193,10,0.0,0.0
cnp_hist,unif_200,0.08567397949649165,0.05874959016014669,0.10410903301377358,0.04654017531832881,0.0027077378154810746,88.73775843307943,3.6779031458481484,10,0.0,0.0
cnp_hist,unif_200_excl,0.07957638809874722,0.056558060417406616,0.09566514747047304,0.041757911151848626,0.002193594744128693,86.72470076169749,3.2365278856869506,10,0.0,0.0
cnp_hist,unif_20_excl,0.0796336619335754,0.05689821821598525,0.0955741576249447,0.04207232326139433,0.002318659762802467,86.91512513601741,3.3067630647401454,10,0.0,0.0
cnp_hist,unif_2_excl,0.07902272702295227,0.05756447627930355,0.09424258195205666,0.042928419415398184,0.0029494915340663374,87.94885745375409,3.538330667391792,10,0.0,0.0
cnp_hist,unif_300,0.08532590740137787,0.05853392552141966,0.10367437275681855,0.04640601683201286,0.0027019998144917623,88.79216539717083,3.712767927942943,10,0.0,0.0
cnp_hist,unif_300_excl,0.07955586857509438,0.05653737253358023,0.09564372593110938,0.04185030556266663,0.002225218987133766,86.67029379760609,3.3025017675708743,10,0.0,0.0
cnp_hist,unif_4,0.08490573374306164,0.05892748965291742,0.10281487847934527,0.04610648991234025,0.002883205210522547,87.07834602829162,3.6329714606804564,10,0.0,0.0
cnp_hist,unif_40,0.08547403099263305,0.05885250174577875,0.10374387148430092,0.04670111897834237,0.0027785563712362234,88.81936887921654,3.776982035135689,10,0.0,0.0
cnp_hist,unif_40_excl,0.07965735639763641,0.056710748507422,0.09571182132841398,0.042140843454136295,0.0023404232756319963,86.50707290533188,3.3677152481950943,10,0.0,0.0
cnp_hist,unif_4_excl,0.07880425381063823,0.05674583849965851,0.09434169816186534,0.04265817669468554,0.002923263268381232,87.45919477693144,3.462892717755412,10,0.0,0.0
cnp_hist,unif_500,0.08557490999867945,0.05865143126643199,0.1040039864201637,0.04637718155688249,0.002683120834457452,88.62894450489662,3.6694428714374756,10,0.0,0.0
cnp_hist,unif_500_excl,0.07943131786704853,0.056413974273408087,0.09551253471830368,0.041615153394307096,0.0021648386830966124,86.58868335146899,3.2460258715879435,10,0.0,0.0
cnp_hist,unif_8,0.08314805310755535,0.05861631584651229,0.10021304169241281,0.04578751407490721,0.002968861220275226,88.05767138193688,3.9037943596994986,10,0.0,0.0
cnp_hist,unif_80,0.08484219798159613,0.05819390610257584,0.10309080801429756,0.04604701009519212,0.002680734819762803,88.79216539717083,3.699752149215414,10,0.0,0.0
cnp_hist,unif_80_excl,0.07926636220837678,0.05636422336880419,0.09527833429385764,0.04130224792754948,0.0021121744068205864,86.23503808487486,3.1978655878571205,10,0.0,0.0
cnp_hist,unif_8_excl,0.07921583047804094,0.05693976872784939,0.09488979690495386,0.042627111697514763,0.0026832816431526718,87.32317736670294,3.5901266776337066,10,0.0,0.0
kalman_pca,extrap_10,0.03334268799715321,0.025595067782339394,0.03902026991957323,0.019858738718800527,0.002205351670904184,80.60391730141458,2.704579097980221,10,4.142188196557169,0.2727272727272727
kalman_pca,extrap_100,0.03293618015717059,0.024096849530091138,0.039222214645211154,0.020103049904879364,0.0025529636087947933,80.33188248095756,3.0130830978519003,10,4.400681372147608,0.36363636363636365
kalman_pca,extrap_100_excl,0.0486356964934488,0.04274344974018795,0.05338424369172109,0.03396795683655274,0.004603792794970279,86.8879216539717,4.594505130584161,10,4.052733121911865,0.06818181818181818
kalman_pca,extrap_10_excl,0.05105356308921387,0.043453011475545415,0.057032907907247216,0.03366821791886059,0.003741676933568658,89.689880304679,3.913508641538579,10,3.9099121886994332,0.06818181818181818
kalman_pca,extrap_2,0.0344639080711062,0.029770857891465254,0.03819678449318824,0.022886601094905167,0.00289849672725949,84.46681175190425,3.4016342362130736,10,4.570122897855605,1.159090909090909
kalman_pca,extrap_20,0.03423026389270983,0.02488818732988841,0.040848848743148945,0.02042067533990784,0.0024154329936889483,80.35908596300327,2.9907133401786647,10,4.125294217786058,0.38636363636363635
kalman_pca,extrap_200,0.032377915296850766,0.024283088591049645,0.03822310542876133,0.020186152760371445,0.002723763858568277,81.44722524483134,3.0864387831043385,10,4.503324098424658,0.36363636363636365
kalman_pca,extrap_200_excl,0.04732318105138422,0.041922841972639395,0.05170224206793573,0.033366251468856814,0.004605023069390452,87.02393906420022,4.6670366512238015,10,4.368905046173001,0.40909090909090906
kalman_pca,extrap_20_excl,0.04702558450773339,0.03733350019578529,0.054286721704828435,0.030065036672450817,0.004001035532710692,85.60935799782372,4.03482669242364,10,4.125878274206794,0.27272727272727276
kalman_pca,extrap_2_excl,0.03971448461723493,0.041865198142002215,0.03767461414731173,0.026982003618965505,0.0026365484797502216,81.22959738846572,4.66363190954426,10,4.979818300455384,1.8181818181818183
kalman_pca,extrap_300,0.03238631114200283,0.024287579495329115,0.03823404917962555,0.02018840579172042,0.002724411083882462,81.42002176278564,3.0874985729517337,10,4.503324098424658,0.40909090909090906
kalman_pca,extrap_300_excl,0.04737226410760942,0.04198263379127157,0.05174396433228972,0.033409699448491925,0.004604144425867307,86.96953210010881,4.674618064836871,10,4.343131850296713,0.40909090909090906
kalman_pca,extrap_4,0.03960906988829499,0.027352010888046962,0.04803475475511152,0.022153801885256456,0.0025265459539332534,78.83569096844396,2.884281735869986,10,3.5331851647444936,0.3181818181818181
kalman_pca,extrap_40,0.03301778449125719,0.02437475342920605,0.03919804656818102,0.02014626993713912,0.002631209436606629,80.38628944504897,3.0681468878284157,10,4.257852545263415,0.7727272727272727
kalman_pca,extrap_40_excl,0.04784906926703652,0.040751491931664476,0.053435337913332735,0.03261896532802413,0.0042347918696398965,87.75843307943417,4.229893647877916,10,4.06805945986095,0.1590909090909091
kalman_pca,extrap_4_excl,0.05326065812845809,0.04337112723935146,0.0607990912081095,0.034384027375155245,0.004099485411188083,88.41131664853101,4.063551691747109,10,3.5902204613074673,0.022727272727272728
kalman_pca,extrap_500,0.032386311142002785,0.024287579495329135,0.03823404917962548,0.020188405791720376,0.0027244110838824764,81.42002176278564,3.087498572951725,10,4.503324098424658,0.40909090909090906
kalman_pca,extrap_500_excl,0.04737226410760951,0.04198263379127222,0.051743964332289415,0.03340969944849258,0.0046041444258673545,86.96953210010881,4.674618064836923,10,4.343131850296713,0.40909090909090906
kalman_pca,extrap_8,0.03591133469938986,0.027031123932737985,0.04233825219938972,0.021053937905801887,0.0025516061432767963,77.04026115342764,3.0884505862761165,10,4.13937174901056,1.0454545454545454
kalman_pca,extrap_80,0.032254892105059094,0.02395943496862293,0.03820927576249075,0.019599509310805233,0.002399344658154979,79.18933623503808,2.9717414233721713,10,4.367549076175664,0.5227272727272727
kalman_pca,extrap_80_excl,0.04351225856762252,0.036900309183768513,0.04870004830256085,0.029220362438725556,0.003889406934363639,84.27638737758433,4.103586010253806,10,4.39402517346638,0.3181818181818182
kalman_pca,extrap_8_excl,0.050202881187874096,0.04324708627634127,0.05572412622375453,0.034214869673554645,0.004077067683311751,89.44504896626768,4.128112745613678,10,4.0063994715057945,0.25
kalman_pca,unif_10,0.035946116764707436,0.02863676793391563,0.04143494033928812,0.020923578326996217,0.0021497074841929785,80.33188248095756,2.7285232550476546,10,4.240203530685712,0.5227272727272727
kalman_pca,unif_100,0.03445996937312311,0.027063903368169544,0.039961269630705336,0.020479776021275063,0.002362014569445285,80.25027203482045,2.6663855796352913,10,4.128695695849638,0.045454545454545456
kalman_pca,unif_100_excl,0.0533082957924994,0.04620996752800682,0.05896917699772374,0.03433110844224102,0.0036126841049575896,89.55386289445049,3.9016944364069355,10,3.79963458478798,0.0
kalman_pca,unif_10_excl,0.0564155472098186,0.04860935111034668,0.06261279882895687,0.03556640166532978,0.0036772878144340844,89.689880304679,4.058817685776738,10,4.134119425417108,0.5454545454545455
kalman_pca,unif_2,0.04086509037728577,0.033817689057113506,0.04629802564052047,0.02277508896305371,0.0018301719497828164,74.78237214363439,3.886804235608672,10,5.915439075687989,1.5909090909090908
kalman_pca,unif_20,0.03664928946239925,0.03011225910246771,0.04166338548829761,0.021484643616113772,0.002433237284764572,78.97170837867247,2.836645601701011,10,3.9681323674681055,0.18181818181818182
kalman_pca,unif_200,0.03422005838328413,0.02715587178618084,0.03951093877470291,0.020280588088017408,0.0022773904529448975,78.94450489662677,2.6617528424206647,10,4.311161104856809,0.09090909090909091
kalman_pca,unif_200_excl,0.05127754214153164,0.044968466591959404,0.05635361948642315,0.03356417519765832,0.0035021130224568396,89.88030467899891,3.7790987046124784,10,4.091181603645084,0.0
kalman_pca,unif_20_excl,0.055618352991808964,0.051297347154607174,0.059237377068487466,0.03641303493046952,0.004001767163301452,87.92165397170838,4.421717022070274,10,3.8517158244163965,0.022727272727272728
kalman_pca,unif_2_excl,0.04913163908027138,0.04588030214726916,0.051883160907289,0.029168496011468214,0.002711575111887758,80.16866158868335,5.102025446640591,10,5.589591892462091,1.8181818181818183
kalman_pca,unif_300,0.03359966659953102,0.026611914545127888,0.03882651305720617,0.019994376974831942,0.0022471946447276247,78.91730141458106,2.62402280279058,10,4.285163337911262,0.045454545454545456
kalman_pca,unif_300_excl,0.05107662797231683,0.0445768420203752,0.056286904733621204,0.03320545132576803,0.0034299840215621775,89.36343852013057,3.7095560630805475,10,3.9028841296095593,0.0
kalman_pca,unif_4,0.04608182526532244,0.03583041652748645,0.05365689073235521,0.025935975473628275,0.002181841270770049,81.14798694232861,3.03896202203331,10,3.367194519493058,0.5
kalman_pca,unif_40,0.034952859964689525,0.02672854155937492,0.04096498596254469,0.020661174829554346,0.002508585311584852,78.94450489662677,2.8038697853443386,10,4.209769450920223,0.045454545454545456
kalman_pca,unif_40_excl,0.051977240160283086,0.04398073396303584,0.05824114438993919,0.03333725644471675,0.003610000762102965,88.1936887921654,3.8667427026687258,10,3.848244517947194,0.0
kalman_pca,unif_4_excl,0.0564148936245819,0.047262697140871474,0.06353255030392133,0.035024135323952536,0.0034485237756264188,87.97606093579978,4.031452468814944,10,3.5849021140105264,0.47727272727272735
kalman_pca,unif_500,0.03417260535558749,0.027233359419931297,0.03938472842241958,0.020395957263063907,0.0022822845956958866,79.4341675734494,2.654615834869988,10,4.231254590454126,0.045454545454545456
kalman_pca,unif_500_excl,0.05123677799571537,0.044931761045338074,0.056309507040541384,0.0334930385744399,0.003445991358677514,89.689880304679,3.7387902201082097,10,4.090736103199584,0.0
kalman_pca,unif_8,0.039733513341945,0.028348247389634155,0.04770920087323939,0.02158488050868878,0.0022408076562344496,79.89662676822633,2.557070890626423,10,3.6667472474004876,0.25
kalman_pca,unif_80,0.035454090343545505,0.027536913708800088,0.04130016308872621,0.020575212650643732,0.0023187442722107984,79.3525571273123,2.6979871128268393,10,4.12768224675212,0.24999999999999994
kalman_pca,unif_80_excl,0.054601288018174106,0.047499634287003836,0.060280097452942494,0.03526666197592664,0.0036686210144924836,89.20021762785636,3.9681935109700537,10,3.741959015662018,0.022727272727272728
kalman_pca,unif_8_excl,0.05991295365057067,0.05103017025161863,0.06690472878263548,0.039305320240839846,0.0038473659371018147,91.53971708378673,4.182120157010819,10,3.2366088234091968,0.0
kalman_ssvi,extrap_10,0.04467477359987343,0.03463930111269697,0.05207675600916156,0.027838714844825845,0.004483142843090029,83.97714907508161,3.58069465720972,10,0.0,0.0
kalman_ssvi,extrap_100,0.03989535318691514,0.02711387416711451,0.0486029548918216,0.020558651097302063,0.001654007637078275,74.64635473340587,1.8897757040590173,10,0.0,0.0
kalman_ssvi,extrap_100_excl,0.04247750074844521,0.031035734002325652,0.050607606959101284,0.02357165148053512,0.001980486253931873,80.30467899891185,2.335254271199862,10,0.0,0.0
kalman_ssvi,extrap_10_excl,0.04583769035413262,0.0363058556883003,0.05296765396627812,0.02917983067423966,0.004738948751814499,85.3373231773667,3.862897282138844,10,0.0,0.0
kalman_ssvi,extrap_2,0.03568923664734033,0.03309139391635537,0.03787464292411958,0.02135613160429012,0.001977565940151389,78.83569096844396,2.995503067080136,10,0.0,0.0
kalman_ssvi,extrap_20,0.0441970861572281,0.03732252503457542,0.04957426762397083,0.029110821917805185,0.004288721158062855,86.8335146898803,3.701579263708415,10,0.0,0.0
kalman_ssvi,extrap_200,0.040664879751048585,0.026605757673435607,0.050045754610873745,0.020765546495308734,0.0018828563243866794,75.76169749727966,1.800158396705073,10,0.0,0.0
kalman_ssvi,extrap_200_excl,0.04322953185069722,0.029989589515968078,0.05235472451384559,0.023444122519823328,0.0021333750519576637,78.86289445048966,2.217986806686161,10,0.0,0.0
kalman_ssvi,extrap_20_excl,0.04660547588834153,0.040535506285778906,0.05145855134584291,0.03141579006539167,0.0046745454001716116,87.10554951033733,4.132728136676717,10,0.0,0.0
kalman_ssvi,extrap_2_excl,0.035814558512286154,0.03345261174044367,0.03781382231931289,0.021566988090499402,0.0020284769739760565,78.75408052230685,3.0815873333483133,10,0.0,0.0
kalman_ssvi,extrap_300,0.0410105440399731,0.02707466977089987,0.05035438241951438,0.021079820842587985,0.0018913036172913517,76.14254624591948,1.8559991025841962,10,0.0,0.0
kalman_ssvi,extrap_300_excl,0.04294096932326076,0.02918145760765448,0.052314461296163337,0.02322039191312723,0.002199324883192564,79.2981501632209,2.085601315170223,10,0.0,0.0
kalman_ssvi,extrap_4,0.03708261439160571,0.038293292750936195,0.03595849675445103,0.024896142951859414,0.0028565603321802193,81.01196953210011,4.261557696327699,10,0.0,0.0
kalman_ssvi,extrap_40,0.03935420887330267,0.029229510493807474,0.046621077339993475,0.021588618085468192,0.0020634081531728456,76.90424374319913,2.3636177819226103,10,0.0,0.0
kalman_ssvi,extrap_40_excl,0.0405949512840025,0.031457461124666214,0.04733202229557507,0.023098938884370628,0.002338691210437919,78.07399347116431,2.7632048894049506,10,0.0,0.0
kalman_ssvi,extrap_4_excl,0.03725433652223285,0.03857501905454602,0.03602470836175636,0.02507384600541406,0.002909606976771785,81.14798694232861,4.305046611367961,10,0.0,0.0
kalman_ssvi,extrap_500,0.04088764011816382,0.026825320453382217,0.05028453275999448,0.02087454127916056,0.00185872941084363,76.16974972796518,1.8081615659641488,10,0.0,0.0
kalman_ssvi,extrap_500_excl,0.04348262294118112,0.02979386678085105,0.052851082375497974,0.023657219766159365,0.0021839510130961673,80.19586507072906,2.1302880424778174,10,0.0,0.0
kalman_ssvi,extrap_8,0.0655424718890567,0.05556788530479848,0.07336706781414412,0.04283818770507089,0.008513429024189459,89.36343852013057,5.0899104881526265,10,0.0,0.0
kalman_ssvi,extrap_80,0.040583843980815826,0.02863397357373829,0.048900554338845326,0.021206580274962288,0.0018469071064292392,76.63220892274211,2.0702412952212224,10,0.0,0.0
kalman_ssvi,extrap_80_excl,0.04256776072321529,0.0320103960536178,0.05020383174040337,0.023329519168589125,0.002029431183251779,77.80195865070729,2.6462983021393454,10,0.0,0.0
kalman_ssvi,extrap_8_excl,0.06491434739033228,0.05497174972308857,0.07270726097639246,0.04340555635873809,0.008433970232927837,90.04352557127312,5.243894992960605,10,0.0,0.0
kalman_ssvi,unif_10,0.03800041737747337,0.03499927676992764,0.04051109998798487,0.024688347100488176,0.0030576963423141553,81.99129488574538,4.10077450688771,10,0.0,0.0
kalman_ssvi,unif_100,0.03247818827656718,0.02588298847736209,0.03743189167696564,0.017072380227345696,0.001203518645415534,68.57997823721436,2.1976042841442704,10,0.0,0.0
kalman_ssvi,unif_100_excl,0.032805286542756,0.02907466703711049,0.03583144819142119,0.01936360485581623,0.0016468685710319727,75.19042437431992,2.9080852947064395,10,0.0,0.0
kalman_ssvi,unif_10_excl,0.040363112593737094,0.03856488912184867,0.041915168501808674,0.02717932252635178,0.0037766770990803264,83.51468988030467,4.85650056469381,10,0.0,0.0
kalman_ssvi,unif_2,0.03798324859700668,0.04092011636761291,0.03513162645837215,0.027517467275005435,0.0034276612409838573,87.07834602829162,4.610251169586715,10,0.0,0.0
kalman_ssvi,unif_20,0.03440271041982747,0.028697680857640063,0.03882581746111515,0.020207272969909564,0.001880578307474598,75.97932535364527,2.869845148015577,10,0.0,0.0
kalman_ssvi,unif_200,0.032361040845538064,0.025937503808718215,0.03720449937454961,0.016843212425223707,0.0011859529236895405,67.08378672470076,2.1061746700973454,10,0.0,0.0
kalman_ssvi,unif_200_excl,0.032704852166889,0.029553204974773324,0.0353008575175689,0.01927651068206514,0.0016027284868149103,76.08813928182808,2.702561556154239,10,0.0,0.0
kalman_ssvi,unif_20_excl,0.03597483765811491,0.031743653803527304,0.03939532148469941,0.022743892195938694,0.002373007931765343,80.41349292709467,3.440757863218217,10,0.0,0.0
kalman_ssvi,unif_2_excl,0.03806625631650322,0.041258055533786794,0.03494619785033552,0.027976596511877266,0.0035179665679973392,87.45919477693144,4.760163685949219,10,0.0,0.0
kalman_ssvi,unif_300,0.03233936959533905,0.02606682755840118,0.03708719394269222,0.016891569755795588,0.0012071727488215528,67.32861806311207,2.128396888934234,10,0.0,0.0
kalman_ssvi,unif_300_excl,0.03268006991152291,0.030162932564597757,0.03478954033262516,0.019734345979085258,0.0016812001542546513,76.98585418933624,2.87628495535871,10,0.0,0.0
kalman_ssvi,unif_4,0.03580827864138438,0.03659231448896265,0.03508787957072671,0.024412799058035367,0.0027443005789107794,82.61697497279651,3.9132709609103773,10,0.0,0.0
kalman_ssvi,unif_40,0.03413463257270691,0.0273480738715236,0.03925042317655993,0.018028074508406388,0.0013820340827787533,70.81066376496192,2.1458133921773945,10,0.0,0.0
kalman_ssvi,unif_40_excl,0.03510278677496844,0.02999781802315671,0.039130840294928165,0.019957478919069103,0.0018252463861908941,76.36017410228509,2.5491422814431455,10,0.0,0.0
kalman_ssvi,unif_4_excl,0.03852164128418515,0.04145054548835378,0.03568150200526755,0.028091142383007375,0.003527991356965889,85.66376496191512,4.859828154018629,10,0.0,0.0
kalman_ssvi,unif_500,0.03228841496701644,0.025857126451382616,0.03713489989840121,0.016777923979053446,0.0011829164984726904,67.08378672470076,2.1100539747734146,10,0.0,0.0
kalman_ssvi,unif_500_excl,0.03254855788885025,0.030105273159807246,0.03459974130751534,0.01964047443508246,0.001677467572568097,77.47551686615887,2.8400757021333414,10,0.0,0.0
kalman_ssvi,unif_8,0.04190890878015763,0.03622374744225297,0.04643295097627396,0.025989314809082835,0.003384125194301089,80.9031556039173,3.81997651434508,10,0.0,0.0
kalman_ssvi,unif_80,0.03292558047126154,0.027505312555159096,0.037132272732173996,0.017645075935409853,0.001307372116256162,68.74319912948857,2.3528675775464647,10,0.0,0.0
kalman_ssvi,unif_80_excl,0.03367217031299843,0.030358507085842614,0.036396685545766784,0.0195678890168284,0.0016561203470180329,74.48313384113166,2.8132396037092375,10,0.0,0.0
kalman_ssvi,unif_8_excl,0.0437352967050409,0.04009453079486228,0.04676945171787034,0.02858932249458888,0.003939018919572807,83.26985854189336,4.523048304408823,10,0.0,0.0
kalman_ssvi_inc,extrap_10,0.04193590080688831,0.029051021068820505,0.050809207698713665,0.024053156482351068,0.004453472914970589,80.68552774755169,2.4768411393511975,10,0.0,0.0
kalman_ssvi_inc,extrap_100,0.04308212948565494,0.028383609741903477,0.05292631642650773,0.0211460965049202,0.0013149380779520529,71.68117519042437,1.7720588317811896,10,0.0,0.0
kalman_ssvi_inc,extrap_100_excl,0.04287447288968617,0.02892474145836133,0.05233911922120479,0.02142513097279388,0.0014733855873840472,72.76931447225245,1.8955380378831352,10,0.0,0.0
kalman_ssvi_inc,extrap_10_excl,0.04231951465822669,0.030465774099650025,0.05066772658556613,0.02465500505212203,0.004433881284347871,81.55603917301414,2.654071464069009,10,0.0,0.0
kalman_ssvi_inc,extrap_2,0.03583138441887628,0.03600994941464558,0.03566995810856692,0.022948618680143938,0.0023178285829935042,79.2981501632209,3.616088116954914,10,0.0,0.0
kalman_ssvi_inc,extrap_20,0.0378667376905881,0.027279884083682617,0.04532592613276987,0.02068460020409742,0.002724677096629234,76.74102285092492,2.2508525454484065,10,0.0,0.0
kalman_ssvi_inc,extrap_200,0.04416552142039247,0.02871294023577143,0.054441221474603556,0.02119808591892921,0.0012456335253835172,71.32752992383026,1.6178875143368592,10,0.0,0.0
kalman_ssvi_inc,extrap_200_excl,0.043817687502953624,0.029021761714397753,0.0537556102397216,0.021303576230823212,0.0013567586879335873,73.5310119695321,1.6708047800422596,10,0.0,0.0
kalman_ssvi_inc,extrap_20_excl,0.03742893691751806,0.027454645007412477,0.04453323589882773,0.020556070846977637,0.0026874212763185394,76.79542981501632,2.2703257564070554,10,0.0,0.0
kalman_ssvi_inc,extrap_2_excl,0.036268535927788566,0.03703836472631771,0.03556164919944032,0.023536473001697946,0.002455229869958091,79.4613710554951,3.824407118720207,10,0.0,0.0
kalman_ssvi_inc,extrap_300,0.04419022077974579,0.02872763050808093,0.05447231628402631,0.021210545858275663,0.0012525042652404782,71.46354733405876,1.6147075929765973,10,0.0,0.0
kalman_ssvi_inc,extrap_300_excl,0.043771597168773775,0.028944664838930767,0.053721665192772695,0.02126296767485651,0.0013567318824927066,73.06855277475516,1.6720955918368745,10,0.0,0.0
kalman_ssvi_inc,extrap_4,0.036800753553192,0.03869101079945379,0.035012902850680754,0.02436845514528343,0.002558826267919041,80.16866158868335,4.065296747117478,10,0.0,0.0
kalman_ssvi_inc,extrap_40,0.04113650480058406,0.029320454404378637,0.049409185255856414,0.021152090391666076,0.001789490833038796,75.32644178454842,1.8732932747580853,10,0.0,0.0
kalman_ssvi_inc,extrap_40_excl,0.04095116651188152,0.030063530540054513,0.048709980529100395,0.021282642224321174,0.0018080197695384244,76.95865070729053,1.9542875125367505,10,0.0,0.0
kalman_ssvi_inc,extrap_4_excl,0.03731683478907296,0.03975992547041657,0.03497313044562081,0.025031681313169074,0.002691845124053641,80.27747551686616,4.260962264756198,10,0.0,0.0
kalman_ssvi_inc,extrap_500,0.0442179425230113,0.028738877651482937,0.05450970233259265,0.021232042320294377,0.0012524603446497017,71.46354733405876,1.617095328160007,10,0.0,0.0
kalman_ssvi_inc,extrap_500_excl,0.043817972722858214,0.029002149430239117,0.05376557454682226,0.02129766224971405,0.0013568612062560418,73.25897714907508,1.6729081164537947,10,0.0,0.0
kalman_ssvi_inc,extrap_8,0.045474160703517744,0.032472563230777976,0.05458686800866222,0.025891620876068874,0.0048887123755795864,81.20239390642003,2.772972418406957,10,0.0,0.0
kalman_ssvi_inc,extrap_80,0.04311423666486096,0.029152948760740875,0.05259872030748809,0.02108742999063136,0.0012990652147366805,71.73558215451578,1.7689361286782157,10,0.0,0.0
kalman_ssvi_inc,extrap_80_excl,0.042802620882174555,0.029619476591033114,0.05187575072689832,0.02127444090563748,0.001427766703857783,74.12948857453755,1.8541743428459774,10,0.0,0.0
kalman_ssvi_inc,extrap_8_excl,0.04589251701160063,0.032830746973841064,0.055057207246510816,0.026263372997910886,0.00496203092550738,81.42002176278564,2.8460938772233058,10,0.0,0.0
kalman_ssvi_inc,unif_10,0.03672531249129961,0.029896713994378283,0.04192937617269939,0.02105268786346998,0.0020309947063599726,76.25136017410229,2.852859184179434,10,0.0,0.0
kalman_ssvi_inc,unif_100,0.03435613524791213,0.026681254599711938,0.04002289588964928,0.01772002522309169,0.0012223999272542622,65.50598476605005,2.2257638223881604,10,0.0,0.0
kalman_ssvi_inc,unif_100_excl,0.034975688031723504,0.02851871371883531,0.03990208470577976,0.018845518134514898,0.001432886239256066,70.81066376496192,2.4053750591140695,10,0.0,0.0
kalman_ssvi_inc,unif_10_excl,0.03790061705185658,0.0324653112631909,0.042196827483792415,0.02209006451422371,0.0022007113876192654,76.4961915125136,3.391442574801871,10,0.0,0.0
kalman_ssvi_inc,unif_2,0.03678043679044005,0.03811350351914224,0.03553831130739445,0.02390113478391758,0.002523170035285533,80.27747551686616,3.84803951199189,10,0.0,0.0
kalman_ssvi_inc,unif_20,0.034090014110133064,0.02485772947785372,0.0406422015719003,0.017492810693111427,0.0013950494276649395,68.85201305767139,2.0289571159553534,10,0.0,0.0
kalman_ssvi_inc,unif_200,0.034907602108184006,0.026933057336025752,0.040770691096011995,0.0177761075152361,0.001173975342711895,64.28182807399347,2.174667963096832,10,0.0,0.0
kalman_ssvi_inc,unif_200_excl,0.03529497312125234,0.028732640746791473,0.04029615355659605,0.018956625796322523,0.001419933991566279,70.5386289445049,2.3978723955734798,10,0.0,0.0
kalman_ssvi_inc,unif_20_excl,0.03381582713563352,0.02592329609880194,0.03959459468029976,0.01790160062695628,0.0014332127272266848,70.97388465723613,2.2146795138816406,10,0.0,0.0
kalman_ssvi_inc,unif_2_excl,0.037296457948400204,0.03957908797389908,0.035116100756579026,0.024932374828413047,0.002680789554625859,80.44069640914037,4.189986791599496,10,0.0,0.0
kalman_ssvi_inc,unif_300,0.03490952115857166,0.026890885225123895,0.040798849009998465,0.017724610246281414,0.0011639472336375716,64.03699673558215,2.1635897272602094,10,0.0,0.0
kalman_ssvi_inc,unif_300_excl,0.03520149958143724,0.028197261054371658,0.04048067274906955,0.01871018552073841,0.0013562165767868983,69.64091403699673,2.31505461766999,10,0.0,0.0
kalman_ssvi_inc,unif_4,0.03443552855990076,0.03355705797642811,0.035207197157306816,0.021313906521590514,0.0020722791217900054,78.31882480957563,3.1213818159572275,10,0.0,0.0
kalman_ssvi_inc,unif_40,0.0356545234136392,0.0271738392539125,0.041840794786665164,0.018004577554005294,0.0011699954642016865,65.66920565832426,2.107364774744254,10,0.0,0.0
kalman_ssvi_inc,unif_40_excl,0.035865879257626604,0.028403796539638634,0.04144712830024709,0.018874786857228515,0.0013680972557215416,70.4298150163221,2.300310100546064,10,0.0,0.0
kalman_ssvi_inc,unif_4_excl,0.03724481937862746,0.03979561908360631,0.03479028736034201,0.025075862670057087,0.0027228906928785396,80.57671381936888,4.28838921531484,10,0.0,0.0
kalman_ssvi_inc,unif_500,0.03490335524477557,0.02672747706305944,0.040885346564073693,0.017650962726267098,0.0011481007579988215,63.873775843307946,2.1416805832739003,10,0.0,0.0
kalman_ssvi_inc,unif_500_excl,0.035282592698691724,0.028186126535391202,0.040621524107340545,0.0187586023803522,0.0013518822118738663,70.78346028291621,2.2883307805130118,10,0.0,0.0
kalman_ssvi_inc,unif_8,0.043793940083642985,0.03488079715909093,0.05048606985230946,0.02576988556464486,0.003953260815809374,78.26441784548422,3.3772105905518113,10,0.0,0.0
kalman_ssvi_inc,unif_80,0.03446526614048771,0.026527335421989647,0.04029229462888939,0.01754284113078822,0.0011589937649274327,65.50598476605005,2.09452120168951,10,0.0,0.0
kalman_ssvi_inc,unif_80_excl,0.03470278137698941,0.028122146070629177,0.03970215798276412,0.018545953677778775,0.001369293487103112,70.97388465723613,2.2987204719014716,10,0.0,0.0
kalman_ssvi_inc,unif_8_excl,0.04383063952879061,0.03350466437429466,0.05137727901148808,0.02570089972621311,0.004539571360901218,79.05331882480958,3.3455173523167687,10,0.0,0.0
prior,extrap_10,0.0922539722965669,0.07305590442354383,0.1066125815981505,0.05919970195006753,0.005355379487121822,90.99564744287268,6.298053202632832,10,0.0,7.863636363636364
prior,extrap_100,0.05818850511127414,0.02653047310373482,0.07615143863430095,0.028200527541623152,0.0028488869578727756,75.1360174102285,2.8131509626909614,10,3.2032780050186895,3.659090909090909
prior,extrap_100_excl,0.05818850511127414,0.02653047310373482,0.07615143863430095,0.028200527541623152,0.0028488869578727756,75.1360174102285,2.8131509626909614,10,3.2032780050186895,3.659090909090909
prior,extrap_10_excl,0.0922539722965669,0.07305590442354383,0.1066125815981505,0.05919970195006753,0.005355379487121822,90.99564744287268,6.298053202632832,10,0.0,7.863636363636364
prior,extrap_2,0.10544606183436901,0.07460941000566809,0.1269429570987712,0.06694216848684473,0.008686356871544326,92.16539717083786,6.6744795619817285,10,0.0,0.0
prior,extrap_20,0.08931808533851966,0.057010451573776856,0.11059509341186362,0.05250503456826049,0.004762647823645968,86.47986942328617,4.961910696666447,10,0.37052437505423713,7.090909090909091
prior,extrap_200,0.0512534668679712,0.01922810794433576,0.06824816897572478,0.02409900397759527,0.0026730416340317717,72.76931447225245,2.367011908015797,10,3.7272626077118565,1.659090909090909
prior,extrap_200_excl,0.0512534668679712,0.01922810794433576,0.06824816897572478,0.02409900397759527,0.0026730416340317717,72.76931447225245,2.367011908015797,10,3.7272626077118565,1.659090909090909
prior,extrap_20_excl,0.08931808533851966,0.057010451573776856,0.11059509341186362,0.05250503456826049,0.004762647823645968,86.47986942328617,4.961910696666447,10,0.37052437505423713,7.090909090909091
prior,extrap_2_excl,0.10544606183436901,0.07460941000566809,0.1269429570987712,0.06694216848684473,0.008686356871544326,92.16539717083786,6.6744795619817285,10,0.0,0.0
prior,extrap_300,0.0512534668679712,0.01922810794433576,0.06824816897572478,0.02409900397759527,0.0026730416340317717,72.76931447225245,2.367011908015797,10,3.7272626077118565,1.659090909090909
prior,extrap_300_excl,0.0512534668679712,0.01922810794433576,0.06824816897572478,0.02409900397759527,0.0026730416340317717,72.76931447225245,2.367011908015797,10,3.7272626077118565,1.659090909090909
prior,extrap_4,0.10008130804303149,0.07141144777405807,0.12016656678606795,0.06203763509600933,0.005893930192906683,91.64853101196954,5.684251936933967,10,0.0,1.8181818181818183
prior,extrap_40,0.08074655221568555,0.051721876382025286,0.09989684715255362,0.043925067387578016,0.004071678100444675,84.76605005440696,4.006730518778018,10,2.4795453672419,8.818181818181818
prior,extrap_40_excl,0.08074655221568555,0.051721876382025286,0.09989684715255362,0.043925067387578016,0.004071678100444675,84.76605005440696,4.006730518778018,10,2.4795453672419,8.818181818181818
prior,extrap_4_excl,0.10008130804303149,0.07141144777405807,0.12016656678606795,0.06203763509600933,0.005893930192906683,91.64853101196954,5.684251936933967,10,0.0,1.8181818181818183
prior,extrap_500,0.0512534668679712,0.01922810794433576,0.06824816897572478,0.02409900397759527,0.0026730416340317717,72.76931447225245,2.367011908015797,10,3.7272626077118565,1.659090909090909
prior,extrap_500_excl,0.0512534668679712,0.01922810794433576,0.06824816897572478,0.02409900397759527,0.0026730416340317717,72.76931447225245,2.367011908015797,10,3.7272626077118565,1.659090909090909
prior,extrap_8,0.09390249889322945,0.0711603255873747,0.11043191534280991,0.05907627056890914,0.005602467861476326,91.2132752992383,6.1049124857822505,10,0.4838709677419355,6.363636363636364
prior,extrap_80,0.06474968926377271,0.02983049923589345,0.08464080621011218,0.03166286624214076,0.006272080538708906,76.57780195865071,3.108631331494762,10,4.299751746623353,4.522727272727272
prior,extrap_80_excl,0.06474968926377271,0.02983049923589345,0.08464080621011218,0.03166286624214076,0.006272080538708906,76.57780195865071,3.108631331494762,10,4.299751746623353,4.522727272727272
prior,extrap_8_excl,0.09390249889322945,0.0711603255873747,0.11043191534280991,0.05907627056890914,0.005602467861476326,91.2132752992383,6.1049124857822505,10,0.4838709677419355,6.363636363636364
prior,unif_10,0.11694902498784059,0.13847347239956034,0.09343687586557661,0.07418187843053982,0.007958101456043663,91.56692056583243,11.541565750760435,10,0.0,10.0
prior,unif_100,0.06831119361963903,0.0724046153210016,0.06440620918726908,0.03040679517456445,0.006933610957868908,65.85963003264418,4.838982736268954,10,3.001955060283278,8.522727272727273
prior,unif_100_excl,0.06831119361963903,0.0724046153210016,0.06440620918726908,0.03040679517456445,0.006933610957868908,65.85963003264418,4.838982736268954,10,3.001955060283278,8.522727272727273
prior,unif_10_excl,0.11694902498784059,0.13847347239956034,0.09343687586557661,0.07418187843053982,0.007958101456043663,91.56692056583243,11.541565750760435,10,0.0,10.0
prior,unif_2,0.10985783784683988,0.09555891301720995,0.12129097398980813,0.07962013830930416,0.017787794329548766,93.55277475516866,14.557839614865795,10,0.0,0.0
prior,unif_20,0.0928981321504482,0.08255091501290415,0.10130874743982449,0.05801666470830277,0.006295929675857991,87.59521218715996,7.173322762088709,10,0.6393665064371955,6.795454545454545
prior,unif_200,0.03457432941675664,0.023559633943236673,0.04208935623151187,0.012846459813975405,0.0015664586754745643,54.869423286180634,1.3682570504435927,10,3.689335859753588,4.750000000000001
prior,unif_200_excl,0.03457432941675664,0.023559633943236673,0.04208935623151187,0.012846459813975405,0.0015664586754745643,54.869423286180634,1.3682570504435927,10,3.689335859753588,4.750000000000001
prior,unif_20_excl,0.0928981321504482,0.08255091501290415,0.10130874743982449,0.05801666470830277,0.006295929675857991,87.59521218715996,7.173322762088709,10,0.6393665064371955,6.795454545454545
prior,unif_2_excl,0.10985783784683988,0.09555891301720995,0.12129097398980813,0.07962013830930416,0.017787794329548766,93.55277475516866,14.557839614865795,10,0.0,0.0
prior,unif_300,0.026052080550576937,0.01945239106953425,0.03080449877148071,0.0096956432854779,0.0008308312285751856,50.816104461371054,1.06882575059554,10,2.7096302123704246,2.0227272727272725
prior,unif_300_excl,0.026052080550576937,0.01945239106953425,0.03080449877148071,0.0096956432854779,0.0008308312285751856,50.816104461371054,1.06882575059554,10,2.7096302123704246,2.0227272727272725
prior,unif_4,0.13062252863798554,0.14317968293627903,0.11818956996856896,0.07644561055127502,0.008608030941458431,92.16539717083786,9.804548653016399,10,0.0,6.363636363636364
prior,unif_40,0.07708518025864435,0.06531142539602407,0.08631674377404988,0.043655700016851914,0.004967342081673666,82.29053318824809,5.5437092908191365,10,2.1242047780081537,13.704545454545453
prior,unif_40_excl,0.07708518025864435,0.06531142539602407,0.08631674377404988,0.043655700016851914,0.004967342081673666,82.29053318824809,5.5437092908191365,10,2.1242047780081537,13.704545454545453
prior,unif_4_excl,0.13062252863798554,0.14317968293627903,0.11818956996856896,0.07644561055127502,0.008608030941458431,92.16539717083786,9.804548653016399,10,0.0,6.363636363636364
prior,unif_500,0.02377135940330741,0.017532977801707386,0.028229699634788247,0.008999223605009106,0.0007616820340098593,49.9727965179543,0.9475984552755086,10,2.3598556701672644,1.3409090909090906
prior,unif_500_excl,0.02377135940330741,0.017532977801707386,0.028229699634788247,0.008999223605009106,0.0007616820340098593,49.9727965179543,0.9475984552755086,10,2.3598556701672644,1.3409090909090906
prior,unif_8,0.10179483826494942,0.10060950639560481,0.10284965625467102,0.0654683630747297,0.006665601857096373,91.2676822633297,8.224209896540183,10,0.0,5.454545454545455
prior,unif_80,0.06667545838603577,0.06707567510142644,0.06631330249273318,0.03504432662835059,0.005449672151234582,71.24591947769315,5.462380342189778,10,4.350845013715601,12.795454545454545
prior,unif_80_excl,0.06667545838603577,0.06707567510142644,0.06631330249273318,0.03504432662835059,0.005449672151234582,71.24591947769315,5.462380342189778,10,4.350845013715601,12.795454545454545
prior,unif_8_excl,0.10179483826494942,0.10060950639560481,0.10284965625467102,0.0654683630747297,0.006665601857096373,91.2676822633297,8.224209896540183,10,0.0,5.454545454545455
ssvi_data,extrap_10,0.046054951153301035,0.030497387268546946,0.05650329094896494,0.024629868178649546,0.0028816905262452398,78.67247007616974,2.142948431814716,10,0.0,0.0
ssvi_data,extrap_100,0.03489007704072109,0.022209454488526133,0.043229413914892365,0.01713375823234481,0.0015315613034141645,72.22524483133841,1.588388860872519,10,0.0,0.0
ssvi_data,extrap_100_excl,0.03447087824746853,0.023543784401318296,0.04193585741838258,0.017340434279097695,0.0015435904831558574,71.81719260065289,1.8004101923506317,10,0.0,0.0
ssvi_data,extrap_10_excl,0.04326176594008268,0.03040871223860743,0.05218752023901259,0.023932975959940955,0.0028207149779295036,79.4069640914037,2.3655117670042323,10,0.0,0.0
ssvi_data,extrap_2,0.13139488882539918,0.09633759195872678,0.1563581481990002,0.10347013536489139,0.014277490418205706,98.77584330794342,10.169836924436195,10,0.0,0.0
ssvi_data,extrap_20,0.0359194269093114,0.023760901043556784,0.04408038179876256,0.018081485978478605,0.0016176031137337065,73.36779107725789,1.7709558705120119,10,0.0,0.0
ssvi_data,extrap_200,0.03496756385672178,0.02268763941828889,0.04312480680152995,0.01711998567569584,0.001464266147428434,71.40914036996736,1.5612803112165965,10,0.0,0.0
ssvi_data,extrap_200_excl,0.03462908487308839,0.023888911693542913,0.04200779919573097,0.01726059018341711,0.001393905363852344,71.27312295973884,1.7337679575206388,10,0.0,0.0
ssvi_data,extrap_20_excl,0.034478614867366225,0.02390935910001842,0.04176147876742963,0.017738221483083527,0.0014457011416454577,72.41566920565832,1.8841453143936155,10,0.0,0.0
ssvi_data,extrap_2_excl,0.13139488882539918,0.09633759195872678,0.1563581481990002,0.10347013536489139,0.014277490418205706,98.77584330794342,10.169836924436195,10,0.0,0.0
ssvi_data,extrap_300,0.034790379624975096,0.02260366225562649,0.042891610481437664,0.01699006467327291,0.0014566123894986778,70.89227421109902,1.5588294083694831,10,0.0,0.0
ssvi_data,extrap_300_excl,0.034484344490092377,0.023882903983836443,0.04178408004522258,0.01716447572382562,0.0013888112613676842,70.72905331882481,1.7468140414359183,10,0.0,0.0
ssvi_data,extrap_4,0.13139488882539918,0.09633759195872678,0.1563581481990002,0.10347013536489139,0.014277490418205706,98.77584330794342,10.169836924436195,10,0.0,0.0
ssvi_data,extrap_40,0.03820807133112309,0.024919968863626955,0.04705960727915128,0.01880091737731471,0.001486697692282544,74.70076169749728,1.5696477183987607,10,0.0,0.0
ssvi_data,extrap_40_excl,0.0376725307553902,0.025861292035319942,0.04576458785252438,0.01862062827080633,0.0013992594734362675,71.81719260065289,1.7554417570638252,10,0.0,0.0
ssvi_data,extrap_4_excl,0.13139488882539918,0.09633759195872678,0.1563581481990002,0.10347013536489139,0.014277490418205706,98.77584330794342,10.169836924436195,10,0.0,0.0
ssvi_data,extrap_500,0.034850673715507055,0.022575643760906716,0.0429977453092938,0.017030394781716553,0.0014580134651373524,71.13710554951034,1.556864326163559,10,0.0,0.0
ssvi_data,extrap_500_excl,0.034533737370169765,0.02383786140338916,0.04188459779200901,0.017198734766003948,0.0013940969078208975,71.05549510337323,1.736557686012295,10,0.0,0.0
ssvi_data,extrap_8,0.06280692952693125,0.04105793398899992,0.07731227260120697,0.03600111869805061,0.005320902156313072,86.86071817192601,3.2491811062082347,10,0.0,0.0
ssvi_data,extrap_80,0.03495689161587661,0.022495747264308842,0.04319875393527285,0.0173688545882447,0.0015671298811927143,73.88465723612623,1.5717304911396281,10,0.0,0.0
ssvi_data,extrap_80_excl,0.034627045670542464,0.023952872971105058,0.04197181994071836,0.017402069494207965,0.001411855419510853,72.44287268770402,1.731242544734966,10,0.0,0.0
ssvi_data,extrap_8_excl,0.06288695469504689,0.042848261023982065,0.07655806695997561,0.03719169310697468,0.005939127969215001,86.31664853101196,3.6629301417788622,10,0.0,0.0
ssvi_data,unif_10,0.03468643415278221,0.02789890785665291,0.03981656233352942,0.019105916528921105,0.0016699483535052868,74.67355821545158,2.2596210981302924,10,0.0,0.0
ssvi_data,unif_100,0.03297939105097027,0.025015271911520857,0.03877124773516349,0.01674882790431826,0.0011398566186179536,67.6278563656148,1.9954552743499996,10,0.0,0.0
ssvi_data,unif_100_excl,0.033175330874043986,0.026187056966111167,0.03839077946711196,0.01773411394220251,0.0013432802401032108,71.40914036996736,2.2720195682846405,10,0.0,0.0
ssvi_data,unif_10_excl,0.039439007281572465,0.03301747909006463,0.04443048841184994,0.022887942809189932,0.0019114128517136353,78.67247007616974,2.761880085962849,10,0.0,0.0
ssvi_data,unif_2,0.13139488882539918,0.09633759195872678,0.1563581481990002,0.10347013536489139,0.014277490418205706,98.77584330794342,10.169836924436195,10,0.0,0.0
ssvi_data,unif_20,0.03692229985738053,0.028248557995488227,0.04326497242523308,0.019152724609503968,0.0014340555667490314,71.89880304679,2.1025023450058993,10,0.0,0.0
ssvi_data,unif_200,0.03390880904591286,0.025436950241325338,0.04002710856992707,0.017107037241940872,0.001116867706206666,66.94776931447225,1.9795670079786163,10,0.0,0.0
ssvi_data,unif_200_excl,0.033583966243170345,0.026508527311228436,0.0388643231558432,0.01779272785083438,0.0013067185410114842,71.24591947769315,2.191567470687767,10,0.0,0.0
ssvi_data,unif_20_excl,0.03358642593477043,0.02540182437825756,0.03952769973768981,0.017843803294797077,0.001420803190907086,72.22524483133841,2.167262956194913,10,0.0,0.0
ssvi_data,unif_2_excl,0.13139488882539918,0.09633759195872678,0.1563581481990002,0.10347013536489139,0.014277490418205706,98.77584330794342,10.169836924436195,10,0.0,0.0
ssvi_data,unif_300,0.03375411250406684,0.02545672393493265,0.03976655563330598,0.01704075985735673,0.0011163701517101798,67.19260065288357,1.9781932225099645,10,0.0,0.0
ssvi_data,unif_300_excl,0.03344070637649274,0.026511868159102437,0.03862686920689738,0.017672842929326374,0.0012836756990032823,70.34820457018499,2.207653860457417,10,0.0,0.0
ssvi_data,unif_4,0.13139488882539918,0.09633759195872678,0.1563581481990002,0.10347013536489139,0.014277490418205706,98.77584330794342,10.169836924436195,10,0.0,0.0
ssvi_data,unif_40,0.034278940093260976,0.025188571249625265,0.04076063664657566,0.016878354180248134,0.0011411954448803004,67.43743199129489,1.8272546705958943,10,0.0,0.0
ssvi_data,unif_40_excl,0.03643246272809193,0.02799663224233279,0.042618605432218834,0.018973729903728392,0.0013753442536273309,71.9804134929271,2.187788450018157,10,0.0,0.0
ssvi_data,unif_4_excl,0.13139488882539918,0.09633759195872678,0.1563581481990002,0.10347013536489139,0.014277490418205706,98.77584330794342,10.169836924436195,10,0.0,0.0
ssvi_data,unif_500,0.033365442216631305,0.02526793672511699,0.03924838529480534,0.01693202384263448,0.0011231613864365632,67.35582154515778,1.9909365535886934,10,0.0,0.0
ssvi_data,unif_500_excl,0.03344537767727398,0.026456342278160475,0.038668783604340104,0.017686829842317682,0.001289561149924701,70.78346028291621,2.1973061181204607,10,0.0,0.0
ssvi_data,unif_8,0.04908681867554922,0.040435735628906004,0.05573451348718261,0.029049363721462745,0.004251832836003231,82.64417845484222,3.429360155868404,10,0.0,0.0
ssvi_data,unif_80,0.03331100599252596,0.02540662220829131,0.0390796263063224,0.016932131658109164,0.0011473253375558557,67.41022850924918,2.0088559796593843,10,0.0,0.0
ssvi_data,unif_80_excl,0.033664939829305414,0.02686377484406021,0.03877784157840759,0.018048509555893558,0.001378540318157946,71.84439608269858,2.2706482825571612,10,0.0,0.0
ssvi_data,unif_8_excl,0.054401795083936236,0.04281365960950854,0.0630329714079029,0.03311779089101517,0.005283426192779784,82.78019586507072,4.428949215522031,10,0.0,0.0
ssvi_temporal,extrap_10,0.043218338293631725,0.030267272130586144,0.05219314270600057,0.023851680427717927,0.002817675339140191,79.18933623503808,2.3424393273467596,10,0.0,0.0
ssvi_temporal,extrap_100,0.0344547713370475,0.023467954166338147,0.04194895210348703,0.017296833657513114,0.001533992962416242,71.68117519042437,1.7890338911956785,10,0.0,0.0
ssvi_temporal,extrap_100_excl,0.034470881826124275,0.023543783104062136,0.04193586366199366,0.017340436000914748,0.0015435911300638264,71.81719260065289,1.8004101673488915,10,0.0,0.0
ssvi_temporal,extrap_10_excl,0.04326177017855841,0.030408712810882258,0.05218752661384473,0.02393297830923663,0.002820715591452167,79.4069640914037,2.365511864971283,10,0.0,0.0
ssvi_temporal,extrap_2,0.08723429457782594,0.05917169424109202,0.1063317449783355,0.05367312595213536,0.007625016833365714,91.0772578890098,5.080142958873546,10,0.0,0.0
ssvi_temporal,extrap_20,0.03444177443240035,0.02382541667197702,0.04174688966486814,0.017687462738389684,0.0014376401265481988,72.47007616974973,1.8682163043198132,10,0.0,0.0
ssvi_temporal,extrap_200,0.03461692188983696,0.02382198220661757,0.04202294935643846,0.017227498703419532,0.0013892977624223115,71.19151251360174,1.7235897735107417,10,0.0,0.0
ssvi_temporal,extrap_200_excl,0.03462908862637743,0.023888910503999463,0.04200780568221468,0.017260592547150237,0.0013939063802640083,71.27312295973884,1.7337681271626337,10,0.0,0.0
ssvi_temporal,extrap_20_excl,0.03447861835252637,0.02390935825734259,0.041761484667781804,0.017738223032670822,0.0014457016141646351,72.41566920565832,1.8841451831881715,10,0.0,0.0
ssvi_temporal,extrap_2_excl,0.13139488882539918,0.09633759195872678,0.1563581481990002,0.10347013536489139,0.014277490418205706,98.77584330794342,10.169836924436195,10,0.0,0.0
ssvi_temporal,extrap_300,0.03446951333093073,0.023813065333583874,0.04179669369630077,0.017130315392354316,0.0013845263514412395,70.6474428726877,1.7363498778844797,10,0.0,0.0
ssvi_temporal,extrap_300_excl,0.03448434820222482,0.02388290271305765,0.04178408651883245,0.017164478126904407,0.0013888122933125519,70.72905331882481,1.7468142352970184,10,0.0,0.0
ssvi_temporal,extrap_4,0.08733344767993789,0.05409771945966705,0.10888722384324162,0.05410459309925618,0.008990772560166574,90.64200217627857,5.1197808757642855,10,0.0,0.0
ssvi_temporal,extrap_40,0.037675665507343206,0.025805912497354925,0.04579760531148486,0.018604650439951097,0.0013954648830965418,71.70837867247008,1.7477600243041727,10,0.0,0.0
ssvi_temporal,extrap_40_excl,0.03767253482182448,0.02586129185040555,0.04576459430575721,0.01862063124701196,0.001399260365531444,71.81719260065289,1.7554419491605344,10,0.0,0.0
ssvi_temporal,extrap_4_excl,0.13139488882539918,0.09633759195872678,0.1563581481990002,0.10347013536489139,0.014277490418205706,98.77584330794342,10.169836924436195,10,0.0,0.0
ssvi_temporal,extrap_500,0.0345194037405153,0.023768263739869643,0.041897736135699096,0.017164461029340612,0.0013896245808271551,70.75625680087052,1.731660253872352,10,0.0,0.0
ssvi_temporal,extrap_500_excl,0.034533741100930396,0.023837860145186723,0.041884604279907645,0.017198737161842295,0.0013940979426263717,71.05549510337323,1.7365578839009952,10,0.0,0.0
ssvi_temporal,extrap_8,0.06284515091072446,0.04281590832096387,0.07650912384471292,0.03715452141295833,0.00593060173225075,86.42546245919478,3.6533749028780393,10,0.0,0.0
ssvi_temporal,extrap_80,0.03460023999348672,0.023870789118823593,0.04197189928464551,0.017359684925073393,0.0014064465022248411,72.27965179542981,1.722366649482923,10,0.0,0.0
ssvi_temporal,extrap_80_excl,0.034627049343589344,0.023952871721209912,0.041971826339272454,0.017402071738382766,0.0014118563798338499,72.44287268770402,1.7312426399598497,10,0.0,0.0
ssvi_temporal,extrap_8_excl,0.06288695956149039,0.042848263043843336,0.07655807353692506,0.03719169743377076,0.005939128611950347,86.31664853101196,3.66293052807975,10,0.0,0.0
ssvi_temporal,unif_10,0.03929081893710792,0.03307561881697188,0.04414121584168227,0.022862662612787257,0.0019352354996065096,78.37323177366703,2.7854909783399404,10,0.0,0.0
ssvi_temporal,unif_100,0.033038470715854217,0.025546157356689986,0.03855474134133918,0.017358971888510735,0.0012623437449813162,70.21218715995647,2.177920238818116,10,0.0,0.0
ssvi_temporal,unif_100_excl,0.03317533113484074,0.026187052456209378,0.03839078266311422,0.017734111141672393,0.001343279869042077,71.40914036996736,2.2720183793078856,10,0.0,0.0
ssvi_temporal,unif_10_excl,0.03943900842728883,0.03301747631574167,0.04443049219886481,0.02288794159618806,0.0019114125742550607,78.67247007616974,2.7618793748488915,10,0.0,0.0
ssvi_temporal,unif_2,0.09582238762708745,0.07768389391844124,0.10960631866829763,0.06042643092844431,0.01002669981881706,90.61479869423286,6.423170398419656,10,0.0,0.0
ssvi_temporal,unif_20,0.03399423452651522,0.025080238482090355,0.040365858943263826,0.01777276988976663,0.0013536404741441377,70.67464635473341,2.109131217630472,10,0.0,0.0
ssvi_temporal,unif_200,0.03345522134815071,0.026042572242533802,0.038936750151954934,0.017458663230815123,0.0012328045852904143,70.21218715995647,2.1077960450714435,10,0.0,0.0
ssvi_temporal,unif_200_excl,0.03358396682514278,0.026508523212156507,0.03886432662680481,0.017792725454667313,0.0013067181768657906,71.24591947769315,2.191566373323026,10,0.0,0.0
ssvi_temporal,unif_20_excl,0.033586427382116306,0.025401821552476292,0.039527703707870586,0.017843801859000846,0.0014208028832894248,72.22524483133841,2.167262118881018,10,0.0,0.0
ssvi_temporal,unif_2_excl,0.13139488882539918,0.09633759195872678,0.1563581481990002,0.10347013536489139,0.014277490418205706,98.77584330794342,10.169836924436195,10,0.0,0.0
ssvi_temporal,unif_300,0.03331489649787488,0.026082154516931095,0.03868351729061681,0.017364577957410688,0.0012171997932809429,69.39608269858542,2.1300041401619882,10,0.0,0.0
ssvi_temporal,unif_300_excl,0.03344070692137133,0.02651186398141548,0.038626872682955775,0.017672840334008694,0.001283675330700317,70.34820457018499,2.207652734585374,10,0.0,0.0
ssvi_temporal,unif_4,0.06887333338373212,0.054203479398487554,0.07979997803432279,0.04101617681232337,0.007028640569425001,84.49401523394995,4.218834287769547,10,0.0,0.0
ssvi_temporal,unif_40,0.03636731375644188,0.027602940527502836,0.04274377033405531,0.018669027609257358,0.0012960661353502412,70.15778019586507,2.127603992115882,10,0.0,0.0
ssvi_temporal,unif_40_excl,0.036432464261327804,0.027996629366092384,0.04261860962218349,0.018973727933561575,0.0013753437897776047,71.9804134929271,2.187787419098024,10,0.0,0.0
ssvi_temporal,unif_4_excl,0.13139488882539918,0.09633759195872678,0.1563581481990002,0.10347013536489139,0.014277490418205706,98.77584330794342,10.169836924436195,10,0.0,0.0
ssvi_temporal,unif_500,0.03332202900445544,0.02603942944880039,0.0387210674946571,0.017384276604161104,0.0012221514389035755,69.64091403699673,2.129628797596059,10,0.0,0.0
ssvi_temporal,unif_500_excl,0.033445378235465395,0.02645633812963349,0.03866878707528249,0.01768682735676967,0.0012895607821958597,70.78346028291621,2.197305007569492,10,0.0,0.0
ssvi_temporal,unif_8,0.05417159926920724,0.04325785231709553,0.062380090973496664,0.03313867496703447,0.005108290721534061,84.14036996735582,4.412066246349858,10,0.0,0.0
ssvi_temporal,unif_80,0.033499675372292814,0.026352927585101493,0.038821308992943816,0.017692177683902875,0.0012932945415364584,71.24591947769315,2.1648234722120403,10,0.0,0.0
ssvi_temporal,unif_80_excl,0.03366494041122483,0.026863770927588765,0.03877784497930246,0.018048507174950823,0.0013785399190782942,71.84439608269858,2.27064719317369,10,0.0,0.0
ssvi_temporal,unif_8_excl,0.05440179692924128,0.04281365785874,0.06303297550342353,0.03311779044142399,0.005283425931112009,82.78019586507072,4.428948516696269,10,0.0,0.0
ssvi_temporal_graph,extrap_10,0.043226192853209326,0.030355759556715642,0.05215925121067563,0.023897074580333216,0.002831772187350034,78.99891186071817,2.3709915294413335,10,0.0,0.0
ssvi_temporal_graph,extrap_100,0.03443162474626107,0.02350813855218624,0.04189256527786197,0.017306548973766562,0.0015251180415947186,71.84439608269858,1.79475496048131,10,0.0,0.0
ssvi_temporal_graph,extrap_100_excl,0.034439683188664014,0.023525681217852184,0.041896288594885256,0.017320077733899847,0.0015280380707033041,71.84439608269858,1.7985256308485755,10,0.0,0.0
ssvi_temporal_graph,extrap_10_excl,0.04323604204383779,0.030386752249896263,0.05215852226050862,0.02391415752329799,0.0028326678094282307,79.08052230685527,2.375110736437669,10,0.0,0.0
ssvi_temporal_graph,extrap_2,0.08723429457782594,0.05917169424109202,0.1063317449783355,0.05367312595213536,0.007625016833365714,91.0772578890098,5.080142958873546,10,0.0,0.0
ssvi_temporal_graph,extrap_20,0.03444245127044196,0.023831927603977378,0.04174460665822376,0.017683027503155126,0.001431608828406354,72.14363438520131,1.8796189903990967,10,0.0,0.0
ssvi_temporal_graph,extrap_200,0.03459300118950527,0.023857196049669425,0.04196751742930699,0.017233035920150123,0.0013813710013610382,71.68117519042437,1.7193815896532036,10,0.0,0.0
ssvi_temporal_graph,extrap_200_excl,0.03459437738505625,0.023870320838976156,0.04196295739560839,0.01723904596157004,0.001382135587008153,71.76278563656147,1.7199428017938205,10,0.0,0.0
ssvi_temporal_graph,extrap_20_excl,0.034447052928328406,0.023844831180292833,0.04174519005519533,0.01768870529515573,0.0014324605087729805,72.1164309031556,1.8820556069262044,10,0.0,0.0
ssvi_temporal_graph,extrap_2_excl,0.13139488882539918,0.09633759195872678,0.1563581481990002,0.10347013536489139,0.014277490418205706,98.77584330794342,10.169836924436195,10,0.0,0.0
ssvi_temporal_graph,extrap_300,0.03444074196822782,0.02382677895014598,0.04174457188980222,0.017122148351799756,0.0013745936040250504,70.91947769314473,1.7312061136458496,10,0.0,0.0
ssvi_temporal_graph,extrap_300_excl,0.034442676074291974,0.023839580974933824,0.04174102700076346,0.017128098264884303,0.0013752654370779438,70.83786724700762,1.7356325632058724,10,0.0,0.0
ssvi_temporal_graph,extrap_4,0.08733344767993789,0.05409771945966705,0.10888722384324162,0.05410459309925618,0.008990772560166574,90.64200217627857,5.1197808757642855,10,0.0,0.0
ssvi_temporal_graph,extrap_40,0.037646787264975334,0.025843155058374905,0.045733550923628005,0.018596314038207513,0.0013809566452642444,71.9804134929271,1.7464962005843379,10,0.0,0.0
ssvi_temporal_graph,extrap_40_excl,0.03764995095521034,0.025856059467447817,0.04573193596867423,0.018604224197696268,0.001382925043313685,72.00761697497279,1.7486366070179415,10,0.0,0.0
ssvi_temporal_graph,extrap_4_excl,0.13139488882539918,0.09633759195872678,0.1563581481990002,0.10347013536489139,0.014277490418205706,98.77584330794342,10.169836924436195,10,0.0,0.0
ssvi_temporal_graph,extrap_500,0.03448674882463707,0.023779503038748224,0.04184087247235238,0.017153697642931072,0.0013792088924582356,71.08269858541894,1.7254731913783297,10,0.0,0.0
ssvi_temporal_graph,extrap_500_excl,0.03449339830881494,0.023794804862711374,0.04184345825896762,0.017164302001301094,0.0013810488229186598,71.13710554951034,1.727198893817231,10,0.0,0.0
ssvi_temporal_graph,extrap_8,0.06267695408228997,0.04265272972956469,0.07632880368480756,0.03705501555544402,0.005938333731791463,86.20783460282917,3.6616025383501216,10,0.0,0.0
ssvi_temporal_graph,extrap_80,0.034572533164190004,0.023885388391473486,0.04192102168873096,0.01736296655644783,0.0014016745305579174,72.47007616974973,1.7237587491895086,10,0.0,0.0
ssvi_temporal_graph,extrap_80_excl,0.03457745149834093,0.02390062856057826,0.041920912616923205,0.017370858803779674,0.0014027225606313416,72.49727965179542,1.7256723343815947,10,0.0,0.0
ssvi_temporal_graph,extrap_8_excl,0.06268225329253897,0.0426590361457063,0.07633389946862221,0.03706041653816066,0.0059396226653739585,86.26224156692057,3.6602530443892216,10,0.0,0.0
ssvi_temporal_graph,unif_10,0.03947136922827994,0.03312126632975234,0.04441557733273046,0.022963358062075664,0.0019575835362866507,78.07399347116431,2.805599211284626,10,0.0,0.0
ssvi_temporal_graph,unif_100,0.033142641674436306,0.026047972844627156,0.03842226194746618,0.017644997554563287,0.0013019766869916806,69.88574537540805,2.309806348122357,10,0.0,0.0
ssvi_temporal_graph,unif_100_excl,0.03318791022332534,0.026353337154090776,0.038308972030641875,0.017791636251629158,0.001329588718303942,70.37540805223068,2.34453525546223,10,0.0,0.0
ssvi_temporal_graph,unif_10_excl,0.03951299051106323,0.03310624849062013,0.04449588358250591,0.0229741117615452,0.0019563654541198175,78.18280739934711,2.798674372771837,10,0.0,0.0
ssvi_temporal_graph,unif_2,0.09582238762708745,0.07768389391844124,0.10960631866829763,0.06042643092844431,0.01002669981881706,90.61479869423286,6.423170398419656,10,0.0,0.0
ssvi_temporal_graph,unif_20,0.03391399913930533,0.025276432449935465,0.04012682891732017,0.01786837686143375,0.0013640635495409984,71.05549510337323,2.158168596802884,10,0.0,0.0
ssvi_temporal_graph,unif_200,0.033520723382937344,0.026530546900261274,0.03874690320837274,0.017726345083676737,0.0012871460222050883,70.23939064200218,2.22996299629016,10,0.0,0.0
ssvi_temporal_graph,unif_200_excl,0.03355254513131522,0.02665279702661897,0.03872373266811541,0.017808718729766602,0.0013071217362895964,70.34820457018499,2.2569948995173714,10,0.0,0.0
ssvi_temporal_graph,unif_20_excl,0.033492148922586625,0.025257177526062213,0.03945906926636816,0.01770071637736044,0.0013754197442742537,72.14363438520131,2.1386315098823454,10,0.0,0.0
ssvi_temporal_graph,unif_2_excl,0.13139488882539918,0.09633759195872678,0.1563581481990002,0.10347013536489139,0.014277490418205706,98.77584330794342,10.169836924436195,10,0.0,0.0
ssvi_temporal_graph,unif_300,0.0333607864183645,0.026507410030569344,0.03849812210349533,0.017604823245079178,0.0012657399083528306,69.77693144722525,2.2279479608688955,10,0.0,0.0
ssvi_temporal_graph,unif_300_excl,0.03339212746765117,0.02661726820918462,0.038481538595755566,0.01768051996421191,0.0012834608239654399,70.15778019586507,2.243026915681757,10,0.0,0.0
ssvi_temporal_graph,unif_4,0.06887333338373212,0.054203479398487554,0.07979997803432279,0.04101617681232337,0.007028640569425001,84.49401523394995,4.218834287769547,10,0.0,0.0
ssvi_temporal_graph,unif_40,0.036389012476083525,0.027994269106974518,0.04254942518195291,0.01894077587813146,0.0013474284188060045,71.49075081610447,2.2035971373911925,10,0.0,0.0
ssvi_temporal_graph,unif_40_excl,0.03640555321452078,0.028091117533893425,0.042518864243733384,0.019014088930608776,0.0013671477929339294,71.65397170837868,2.2267879436870066,10,0.0,0.0
ssvi_temporal_graph,unif_4_excl,0.13139488882539918,0.09633759195872678,0.1563581481990002,0.10347013536489139,0.014277490418205706,98.77584330794342,10.169836924436195,10,0.0,0.0
ssvi_temporal_graph,unif_500,0.033367949646496524,0.026459281529441197,0.03853968210822644,0.017614188427898494,0.0012691762924852276,69.64091403699673,2.2364388993285425,10,0.0,0.0
ssvi_temporal_graph,unif_500_excl,0.03339609370413271,0.026564622938501876,0.03852078820989568,0.017686034341063864,0.001286543180866581,69.83133841131665,2.256816092543691,10,0.0,0.0
ssvi_temporal_graph,unif_8,0.05426730172364578,0.04300216537259912,0.06269637409384599,0.03310762408463472,0.005269278745230937,83.16104461371056,4.4683458160351215,10,0.0,0.0
ssvi_temporal_graph,unif_80,0.03351931102875528,0.02682700061225124,0.03856047822856607,0.01796825913747881,0.001355230289114633,70.620239390642,2.313609904312667,10,0.0,0.0
ssvi_temporal_graph,unif_80_excl,0.0335712315573537,0.026961423836835925,0.03856193061239401,0.018058152705916538,0.0013787276419793446,70.97388465723613,2.332722495515539,10,0.0,0.0
ssvi_temporal_graph,unif_8_excl,0.0543742728299279,0.04300906112048785,0.06286795322049864,0.03313920919445292,0.005274024024501427,83.29706202393906,4.457638195984168,10,0.0,0.0
