model,day,split,sq,n,abs,sq_liquid,n_liquid,sq_illiquid,n_illiquid,butterfly_pct,calendar_pct
bspline_data,4500,ctx_8,10.969042833774452,400,58.14547513752291,1.4671578689620774,93,9.501884964812374,307,8.136482939632545,39.42857142857143
bspline_data,4500,extrapolation,9.501884964812374,307,48.66527386691871,0.0,0,9.501884964812374,307,8.136482939632545,39.42857142857143
bspline_data,4501,ctx_8,14.860524822267145,400,68.24247664489215,2.631761203376994,89,12.228763618890149,311,12.878787878787879,43.62903225806452
bspline_data,4501,extrapolation,12.228763618890149,311,55.28091559155031,0.0,0,12.228763618890149,311,12.878787878787879,43.62903225806452
bspline_data,4502,ctx_8,19.154057967646608,400,77.66581519980264,3.1974461810407298,76,15.956611786605881,324,15.064935064935066,44.53125
bspline_data,4502,extrapolation,15.956611786605881,324,64.12185913988557,0.0,0,15.956611786605881,324,15.064935064935066,44.53125
bspline_data,4503,ctx_8,15.52404845126473,400,70.13026250762834,3.162517472060624,86,12.361530979204103,314,12.207792207792208,40.859375
bspline_data,4503,extrapolation,12.361530979204103,314,55.393401396658035,0.0,0,12.361530979204103,314,12.207792207792208,40.859375
bspline_data,4504,ctx_8,15.686286560115857,400,71.46520994363453,3.9010617205022315,102,11.785224839613626,298,8.24742268041237,38.10606060606061
bspline_data,4504,extrapolation,11.785224839613626,298,54.076260640450144,0.0,0,11.785224839613626,298,8.24742268041237,38.10606060606061
bspline_data,4505,ctx_8,16.94937162254208,400,71.66223010437318,2.516363201023897,91,14.433008421518185,309,11.704834605597965,46.92857142857143
bspline_data,4505,extrapolation,14.433008421518185,309,59.677099940547826,0.0,0,14.433008421518185,309,11.704834605597965,46.92857142857143
bspline_data,4506,ctx_8,18.125360973925414,400,74.88840103110223,3.516675563895843,83,14.60868541002957,317,13.73056994818653,47.794117647058826
bspline_data,4506,extrapolation,14.60868541002957,317,59.993214231694,0.0,0,14.60868541002957,317,13.73056994818653,47.794117647058826
bspline_data,4507,ctx_8,20.114818724427387,400,80.1750361718,3.9304980423281766,89,16.184320682099212,311,11.369509043927648,38.529411764705884
bspline_data,4507,extrapolation,16.184320682099212,311,64.55580888597409,0.0,0,16.184320682099212,311,11.369509043927648,38.529411764705884
bspline_data,4508,ctx_8,12.130084436748,400,60.85233711728816,2.146035887850269,95,9.98404854889773,305,5.7441253263707575,39.09090909090909
bspline_data,4508,extrapolation,9.98404854889773,305,49.1275572592303,0.0,0,9.98404854889773,305,5.7441253263707575,39.09090909090909
bspline_data,4509,ctx_8,11.453610319039143,400,59.93618118604557,1.2951732293482547,78,10.158437089690887,322,6.217616580310881,40.0
bspline_data,4509,extrapolation,10.158437089690887,322,51.87877536209298,0.0,0,10.158437089690887,322,6.217616580310881,40.0
bspline_data,4510,ctx_8,25.911220652745264,400,88.41551713639899,5.51079100852806,87,20.400429644217205,313,14.720812182741117,40.588235294117645
bspline_data,4510,extrapolation,20.400429644217205,313,69.93014753112217,0.0,0,20.400429644217205,313,14.720812182741117,40.588235294117645
bspline_data,4511,ctx_8,21.18231639913475,400,79.80191024456201,4.389245895655851,81,16.7930705034789,319,14.540816326530612,43.455882352941174
bspline_data,4511,extrapolation,16.7930705034789,319,64.16307711337208,0.0,0,16.7930705034789,319,14.540816326530612,43.455882352941174
bspline_data,4512,ctx_8,18.726422528419672,400,75.63336682961582,3.6420034714238168,89,15.084419056995854,311,13.436692506459949,37.86764705882353
bspline_data,4512,extrapolation,15.084419056995854,311,59.772663222080666,0.0,0,15.084419056995854,311,13.436692506459949,37.86764705882353
bspline_data,4513,ctx_8,21.11317550584505,400,82.55657149678565,3.5100111569333987,90,17.603164348911648,310,12.5,39.015151515151516
bspline_data,4513,extrapolation,17.603164348911648,310,67.41728498150044,0.0,0,17.603164348911648,310,12.5,39.015151515151516
bspline_data,4514,ctx_8,18.495456455980833,400,76.15087505466978,3.4729127188110627,86,15.022543737169771,314,10.317460317460318,39.09090909090909
bspline_data,4514,extrapolation,15.022543737169771,314,60.88784691277591,0.0,0,15.022543737169771,314,10.317460317460318,39.09090909090909
bspline_data,4515,ctx_8,24.655288162617452,400,88.77162182993027,4.715252587607202,101,19.940035575010253,299,15.128205128205128,41.5625
bspline_data,4515,extrapolation,19.940035575010253,299,70.23989207916819,0.0,0,19.940035575010253,299,15.128205128205128,41.5625
bspline_data,4516,ctx_8,18.673205626490677,400,75.77139222212483,2.8900910446814785,77,15.783114581809198,323,12.239583333333334,41.357142857142854
bspline_data,4516,extrapolation,15.783114581809198,323,62.92521884088856,0.0,0,15.783114581809198,323,12.239583333333334,41.357142857142854
bspline_data,4517,ctx_8,20.309682372579783,400,78.87587732100653,5.1079866021937175,96,15.201695770386065,304,14.736842105263158,42.890625
bspline_data,4517,extrapolation,15.201695770386065,304,59.769123112187664,0.0,0,15.201695770386065,304,14.736842105263158,42.890625
bspline_data,4518,ctx_8,15.087477978510837,400,66.81131639170877,2.263887289177068,78,12.823590689333768,322,14.50381679389313,37.142857142857146
bspline_data,4518,extrapolation,12.823590689333768,322,55.687786468485506,0.0,0,12.823590689333768,322,14.50381679389313,37.142857142857146
bspline_data,4519,ctx_8,26.03679231807916,400,89.48294918972714,5.209340980254932,94,20.827451337824225,306,12.082262210796916,39.9264705882353
bspline_data,4519,extrapolation,20.827451337824225,306,71.32295983878413,0.0,0,20.827451337824225,306,12.082262210796916,39.9264705882353
bspline_data,4520,ctx_8,19.9688104123591,400,78.10005180278311,3.5361528712965855,81,16.432657541062515,319,15.424164524421593,46.39705882352941
bspline_data,4520,extrapolation,16.432657541062515,319,63.06319258257598,0.0,0,16.432657541062515,319,15.424164524421593,46.39705882352941
bspline_data,4521,ctx_8,21.13384381496981,400,80.75531437099377,2.7097491273261665,81,18.424094687643645,319,15.113350125944585,41.76470588235294
bspline_data,4521,extrapolation,18.424094687643645,319,69.21589428658079,0.0,0,18.424094687643645,319,15.113350125944585,41.76470588235294
bspline_data,4522,ctx_8,23.56802680781673,400,83.18652309659959,4.899116868829736,76,18.668909938986996,324,14.249363867684478,43.75
bspline_data,4522,extrapolation,18.668909938986996,324,65.93555926475588,0.0,0,18.668909938986996,324,14.249363867684478,43.75
bspline_data,4523,ctx_8,24.84514991880402,400,88.5075018912265,6.054438891818117,88,18.7907110269859,312,12.371134020618557,46.29032258064516
bspline_data,4523,extrapolation,18.7907110269859,312,67.80455715009613,0.0,0,18.7907110269859,312,12.371134020618557,46.29032258064516
bspline_data,4524,ctx_8,18.09360465956778,400,75.71494579995331,2.650379998267412,79,15.443224661300366,321,10.539845758354756,44.46969696969697
bspline_data,4524,extrapolation,15.443224661300366,321,63.9036214111685,0.0,0,15.443224661300366,321,10.539845758354756,44.46969696969697
bspline_data,4525,ctx_8,11.673208907228608,400,58.29292023829642,1.6561474605128097,94,10.017061446715799,306,10.621761658031089,43.89705882352941
bspline_data,4525,extrapolation,10.017061446715799,306,48.694719244460366,0.0,0,10.017061446715799,306,10.621761658031089,43.89705882352941
bspline_data,4526,ctx_8,14.067944309274235,400,66.34349709930547,2.62029464968575,84,11.447649659588485,316,10.12987012987013,48.984375
bspline_data,4526,extrapolation,11.447649659588485,316,53.28256571491426,0.0,0,11.447649659588485,316,10.12987012987013,48.984375
bspline_data,4527,ctx_8,8.522279523145011,400,48.569156494095836,1.1559195987828106,93,7.3663599243622,307,4.314720812182741,41.21212121212121
bspline_data,4527,extrapolation,7.3663599243622,307,40.930064108832056,0.0,0,7.3663599243622,307,4.314720812182741,41.21212121212121
bspline_data,4528,ctx_8,12.19225638775792,400,62.239824747106056,1.2224823546140215,63,10.9697740331439,337,8.974358974358974,47.57575757575758
bspline_data,4528,extrapolation,10.9697740331439,337,54.79257472108182,0.0,0,10.9697740331439,337,8.974358974358974,47.57575757575758
bspline_data,4529,ctx_8,24.345289573889602,400,88.07023660958457,4.743401378010738,86,19.60188819587886,314,12.690355329949238,38.125
bspline_data,4529,extrapolation,19.60188819587886,314,71.0438207047008,0.0,0,19.60188819587886,314,12.690355329949238,38.125
bspline_data,4530,ctx_8,17.369523541535454,400,72.45854547192626,2.303420266221671,67,15.066103275313786,333,9.819121447028424,39.9264705882353
bspline_data,4530,extrapolation,15.066103275313786,333,61.954942779178936,0.0,0,15.066103275313786,333,9.819121447028424,39.9264705882353
bspline_data,4531,ctx_8,15.279434215475261,400,67.54666739431136,2.7292910535992867,101,12.550143161875976,299,15.66579634464752,47.285714285714285
bspline_data,4531,extrapolation,12.550143161875976,299,53.75478164206042,0.0,0,12.550143161875976,299,15.66579634464752,47.285714285714285
bspline_data,4532,ctx_8,17.994906600983537,400,73.19159655988182,2.338007226416636,81,15.6568993745669,319,14.690721649484535,45.15151515151515
bspline_data,4532,extrapolation,15.6568993745669,319,62.618767076718854,0.0,0,15.6568993745669,319,14.690721649484535,45.15151515151515
bspline_data,4533,ctx_8,17.517668456047524,400,70.89528834490592,1.9751182542977785,90,15.54255020174974,310,12.690355329949238,39.166666666666664
bspline_data,4533,extrapolation,15.54255020174974,310,61.720605063835855,0.0,0,15.54255020174974,310,12.690355329949238,39.166666666666664
bspline_data,4534,ctx_8,17.191124938160474,400,74.27999520288628,3.6294457827084345,86,13.561679155452039,314,12.436548223350254,39.53125
bspline_data,4534,extrapolation,13.561679155452039,314,58.3235063296557,0.0,0,13.561679155452039,314,12.436548223350254,39.53125
bspline_data,4535,ctx_8,19.00645597629707,400,77.64262379975213,3.626273045202341,87,15.38018293109473,313,10.230179028132993,40.51470588235294
bspline_data,4535,extrapolation,15.38018293109473,313,62.72683536761928,0.0,0,15.38018293109473,313,10.230179028132993,40.51470588235294
bspline_data,4536,ctx_8,22.597078857637033,400,85.3799563994422,3.979409659860632,89,18.6176691977764,311,13.297872340425531,40.703125
bspline_data,4536,extrapolation,18.6176691977764,311,69.45552249622766,0.0,0,18.6176691977764,311,13.297872340425531,40.703125
bspline_data,4537,ctx_8,28.015611738611664,400,92.71204528600714,4.254150649613812,79,23.761461088997848,321,14.141414141414142,43.333333333333336
bspline_data,4537,extrapolation,23.761461088997848,321,78.56717930680549,0.0,0,23.761461088997848,321,14.141414141414142,43.333333333333336
bspline_data,4538,ctx_8,25.58466526875051,400,87.5311058370234,2.716748382246482,91,22.867916886504027,309,11.497326203208557,40.984848484848484
bspline_data,4538,extrapolation,22.867916886504027,309,75.85056555864875,0.0,0,22.867916886504027,309,11.497326203208557,40.984848484848484
bspline_data,4539,ctx_8,14.371444209285395,400,65.86693305531153,2.1619878838184894,97,12.209456325466903,303,7.868020304568528,41.953125
bspline_data,4539,extrapolation,12.209456325466903,303,54.54621207157209,0.0,0,12.209456325466903,303,7.868020304568528,41.953125
bspline_temporal,4500,ctx_8,0.4716395496457547,400,11.01519732540873,0.10332082520366331,93,0.36831872444209146,307,0.7874015748031497,17.071428571428573
bspline_temporal,4500,extrapolation,0.36831872444209146,307,8.340684101860795,0.0,0,0.36831872444209146,307,0.7874015748031497,17.071428571428573
bspline_temporal,4501,ctx_8,1.3527069837408539,400,21.852344479360745,0.2800230621983369,89,1.072683921542517,311,1.5151515151515151,13.951612903225806
bspline_temporal,4501,extrapolation,1.072683921542517,311,16.981546032691472,0.0,0,1.072683921542517,311,1.5151515151515151,13.951612903225806
bspline_temporal,4502,ctx_8,2.022889308628011,400,26.13784728385363,0.44160849888521475,76,1.581280809742796,324,0.5194805194805194,13.4375
bspline_temporal,4502,extrapolation,1.581280809742796,324,20.731602414579136,0.0,0,1.581280809742796,324,0.5194805194805194,13.4375
bspline_temporal,4503,ctx_8,1.08851377642653,400,17.771504636160486,0.2538286812771427,86,0.8346850951493874,314,0.7792207792207793,22.734375
bspline_temporal,4503,extrapolation,0.8346850951493874,314,13.769685441203404,0.0,0,0.8346850951493874,314,0.7792207792207793,22.734375
bspline_temporal,4504,ctx_8,0.8609662760622332,400,15.594191128513945,0.14458082759054547,102,0.7163854484716878,298,1.0309278350515463,20.37878787878788
bspline_temporal,4504,extrapolation,0.7163854484716878,298,12.203696476233585,0.0,0,0.7163854484716878,298,1.0309278350515463,20.37878787878788
bspline_temporal,4505,ctx_8,1.6837470911782688,400,22.034453387233548,0.36709638425166075,91,1.316650706926608,309,0.5089058524173028,24.214285714285715
bspline_temporal,4505,extrapolation,1.316650706926608,309,17.039941157532517,0.0,0,1.316650706926608,309,0.5089058524173028,24.214285714285715
bspline_temporal,4506,ctx_8,1.2660432081832476,400,18.192602427603553,0.19961567422598192,83,1.0664275339572655,317,1.0362694300518134,21.029411764705884
bspline_temporal,4506,extrapolation,1.0664275339572655,317,14.923214681076978,0.0,0,1.0664275339572655,317,1.0362694300518134,21.029411764705884
bspline_temporal,4507,ctx_8,1.2463619551531948,400,18.960219921773955,0.22774435797935094,89,1.0186175971738438,311,0.5167958656330749,23.897058823529413
bspline_temporal,4507,extrapolation,1.0186175971738438,311,15.029605168861849,0.0,0,1.0186175971738438,311,0.5167958656330749,23.897058823529413
bspline_temporal,4508,ctx_8,0.3731467677322671,400,9.402567696972582,0.10774301535181474,95,0.26540375238045244,305,1.566579634464752,31.893939393939394
bspline_temporal,4508,extrapolation,0.26540375238045244,305,6.737219179545013,0.0,0,0.26540375238045244,305,1.566579634464752,31.893939393939394
bspline_temporal,4509,ctx_8,0.3769927609934267,400,9.845389227271626,0.05698242112265107,78,0.32001033987077565,322,1.5544041450777202,21.71875
bspline_temporal,4509,extrapolation,0.32001033987077565,322,8.050210566402903,0.0,0,0.32001033987077565,322,1.5544041450777202,21.71875
bspline_temporal,4510,ctx_8,4.34359913866906,400,34.88100402646005,0.7840326743453955,87,3.559566464323664,313,2.7918781725888326,28.676470588235293
bspline_temporal,4510,extrapolation,3.559566464323664,313,28.010912256863552,0.0,0,3.559566464323664,313,2.7918781725888326,28.676470588235293
bspline_temporal,4511,ctx_8,2.3004955044698754,400,22.379401817867986,0.5613141866743075,81,1.739181317795568,319,3.061224489795918,25.58823529411765
bspline_temporal,4511,extrapolation,1.739181317795568,319,17.706791416930393,0.0,0,1.739181317795568,319,3.061224489795918,25.58823529411765
bspline_temporal,4512,ctx_8,1.364958067360682,400,17.545308715558633,0.297946877293112,89,1.0670111900675703,311,4.392764857881137,24.558823529411764
bspline_temporal,4512,extrapolation,1.0670111900675703,311,14.006658300328414,0.0,0,1.0670111900675703,311,4.392764857881137,24.558823529411764
bspline_temporal,4513,ctx_8,1.6251376527999712,400,21.11010663061367,0.309381698933836,90,1.3157559538661352,310,4.081632653061225,30.53030303030303
bspline_temporal,4513,extrapolation,1.3157559538661352,310,16.64791743719251,0.0,0,1.3157559538661352,310,4.081632653061225,30.53030303030303
bspline_temporal,4514,ctx_8,0.7442356612330511,400,13.39684815660755,0.14452159994947103,86,0.59971406128358,314,3.439153439153439,30.833333333333332
bspline_temporal,4514,extrapolation,0.59971406128358,314,10.576612623661385,0.0,0,0.59971406128358,314,3.439153439153439,30.833333333333332
bspline_temporal,4515,ctx_8,1.8777880587598728,400,23.71152637116788,0.5212876061496624,101,1.3565004526102107,299,5.128205128205129,25.078125
bspline_temporal,4515,extrapolation,1.3565004526102107,299,17.619265616310972,0.0,0,1.3565004526102107,299,5.128205128205129,25.078125
bspline_temporal,4516,ctx_8,0.9686258047092384,400,13.184966564800167,0.17571096629520971,77,0.7929148384140287,323,5.46875,30.857142857142858
bspline_temporal,4516,extrapolation,0.7929148384140287,323,10.84356818051216,0.0,0,0.7929148384140287,323,5.46875,30.857142857142858
bspline_temporal,4517,ctx_8,0.8330237722835244,400,12.212705241112982,0.29727068260233047,96,0.535753089681194,304,4.473684210526316,21.640625
bspline_temporal,4517,extrapolation,0.535753089681194,304,8.896928160576419,0.0,0,0.535753089681194,304,4.473684210526316,21.640625
bspline_temporal,4518,ctx_8,0.8906859511758278,400,14.090141223762917,0.28562834735233406,78,0.6050576038234937,322,4.580152671755725,25.5
bspline_temporal,4518,extrapolation,0.6050576038234937,322,10.622850137511312,0.0,0,0.6050576038234937,322,4.580152671755725,25.5
bspline_temporal,4519,ctx_8,2.0958789489192475,400,21.253333306515177,0.6376037813225764,94,1.4582751675966708,306,4.627249357326479,24.33823529411765
bspline_temporal,4519,extrapolation,1.4582751675966708,306,15.993347162492192,0.0,0,1.4582751675966708,306,4.627249357326479,24.33823529411765
bspline_temporal,4520,ctx_8,1.0231364350205188,400,15.6605282968326,0.1429612816912002,81,0.8801751533293187,319,1.5424164524421593,21.029411764705884
bspline_temporal,4520,extrapolation,0.8801751533293187,319,13.065589024849414,0.0,0,0.8801751533293187,319,1.5424164524421593,21.029411764705884
bspline_temporal,4521,ctx_8,1.089166329405589,400,16.362909007348033,0.13942126305455016,81,0.9497450663510391,319,5.289672544080605,27.426470588235293
bspline_temporal,4521,extrapolation,0.9497450663510391,319,13.934427019553198,0.0,0,0.9497450663510391,319,5.289672544080605,27.426470588235293
bspline_temporal,4522,ctx_8,1.289658843098275,400,16.85150767030197,0.21619198357506889,76,1.0734668595232062,324,3.816793893129771,21.029411764705884
bspline_temporal,4522,extrapolation,1.0734668595232062,324,13.845381886037803,0.0,0,1.0734668595232062,324,3.816793893129771,21.029411764705884
bspline_temporal,4523,ctx_8,1.2925816975646232,400,17.872391130618816,0.22474710486777025,88,1.0678345926968529,312,3.350515463917526,17.741935483870968
bspline_temporal,4523,extrapolation,1.0678345926968529,312,14.394380994173385,0.0,0,1.0678345926968529,312,3.350515463917526,17.741935483870968
bspline_temporal,4524,ctx_8,0.44919184424299763,400,10.36655933085897,0.054572054182824604,79,0.394619790060173,321,3.5989717223650386,22.196969696969695
bspline_temporal,4524,extrapolation,0.394619790060173,321,8.551932684798178,0.0,0,0.394619790060173,321,3.5989717223650386,22.196969696969695
bspline_temporal,4525,ctx_8,1.0481192944457187,400,16.057887468825342,0.22720701346305225,94,0.8209122809826663,306,5.4404145077720205,17.720588235294116
bspline_temporal,4525,extrapolation,0.8209122809826663,306,12.092758054860361,0.0,0,0.8209122809826663,306,5.4404145077720205,17.720588235294116
bspline_temporal,4526,ctx_8,0.7164161120608672,400,12.997756197123532,0.12474803889919603,84,0.591668073161671,316,3.3766233766233764,21.25
bspline_temporal,4526,extrapolation,0.591668073161671,316,10.471970493046387,0.0,0,0.591668073161671,316,3.3766233766233764,21.25
bspline_temporal,4527,ctx_8,2.7059802874054695,400,28.875011808505285,0.647634742696254,93,2.0583455447092156,307,8.883248730964468,24.015151515151516
bspline_temporal,4527,extrapolation,2.0583455447092156,307,21.921646065835887,0.0,0,2.0583455447092156,307,8.883248730964468,24.015151515151516
bspline_temporal,4528,ctx_8,1.150085940017118,400,17.20674875950706,0.15277860768385498,63,0.9973073323332631,337,4.871794871794871,23.78787878787879
bspline_temporal,4528,extrapolation,0.9973073323332631,337,14.649265188976283,0.0,0,0.9973073323332631,337,4.871794871794871,23.78787878787879
bspline_temporal,4529,ctx_8,1.273374813554885,400,19.209458523787596,0.33848296342996037,86,0.9348918501249246,314,4.568527918781726,16.640625
bspline_temporal,4529,extrapolation,0.9348918501249246,314,14.585813657825344,0.0,0,0.9348918501249246,314,4.568527918781726,16.640625
bspline_temporal,4530,ctx_8,0.4883074110127818,400,10.935875328224359,0.07925546616100332,67,0.4090519448517785,333,5.167958656330749,24.044117647058822
bspline_temporal,4530,extrapolation,0.4090519448517785,333,8.963821497737634,0.0,0,0.4090519448517785,333,5.167958656330749,24.044117647058822
bspline_temporal,4531,ctx_8,0.35825194113821124,400,9.159429179603725,0.08659585537531234,101,0.27165608576289885,299,4.699738903394256,24.642857142857142
bspline_temporal,4531,extrapolation,0.27165608576289885,299,6.865664119987864,0.0,0,0.27165608576289885,299,4.699738903394256,24.642857142857142
bspline_temporal,4532,ctx_8,0.49405128721167624,400,10.326198015309522,0.07479910741334332,81,0.4192521797983329,319,5.927835051546392,22.196969696969695
bspline_temporal,4532,extrapolation,0.4192521797983329,319,8.370719110594258,0.0,0,0.4192521797983329,319,5.927835051546392,22.196969696969695
bspline_temporal,4533,ctx_8,0.6502167929908842,400,13.107216095456272,0.12102840516943832,90,0.5291883878214458,310,5.0761421319796955,21.666666666666668
bspline_temporal,4533,extrapolation,0.5291883878214458,310,10.23232503512915,0.0,0,0.5291883878214458,310,5.0761421319796955,21.666666666666668
bspline_temporal,4534,ctx_8,0.3577830044056227,400,9.02180162057022,0.05298950076845158,86,0.30479350363717117,314,5.0761421319796955,20.390625
bspline_temporal,4534,extrapolation,0.30479350363717117,314,7.359234069752929,0.0,0,0.30479350363717117,314,5.0761421319796955,20.390625
bspline_temporal,4535,ctx_8,0.5770187820502318,400,12.484831204803104,0.09317762648088543,87,0.4838411555693465,313,2.813299232736573,18.970588235294116
bspline_temporal,4535,extrapolation,0.4838411555693465,313,9.98541773797369,0.0,0,0.4838411555693465,313,2.813299232736573,18.970588235294116
bspline_temporal,4536,ctx_8,1.097875938212555,400,17.74672340144861,0.20730570382049585,89,0.8905702343920592,311,5.585106382978723,19.140625
bspline_temporal,4536,extrapolation,0.8905702343920592,311,13.853651242884371,0.0,0,0.8905702343920592,311,5.585106382978723,19.140625
bspline_temporal,4537,ctx_8,2.1513243962394,400,25.08001560912978,0.3877525250827661,79,1.763571871156634,321,4.797979797979798,20.303030303030305
bspline_temporal,4537,extrapolation,1.763571871156634,321,20.3921153005265,0.0,0,1.763571871156634,321,4.797979797979798,20.303030303030305
bspline_temporal,4538,ctx_8,1.8004502359208159,400,21.90454509257413,0.28581021637161313,91,1.5146400195492027,309,3.2085561497326203,21.515151515151516
bspline_temporal,4538,extrapolation,1.5146400195492027,309,17.813646827391963,0.0,0,1.5146400195492027,309,3.2085561497326203,21.515151515151516
bspline_temporal,4539,ctx_8,1.088257240564096,400,17.998460111586127,0.2720598479092977,97,0.8161973926547983,303,5.0761421319796955,25.859375
bspline_temporal,4539,extrapolation,0.8161973926547983,303,13.620624576040061,0.0,0,0.8161973926547983,303,5.0761421319796955,25.859375
bspline_temporal_graph,4500,ctx_8,0.46926388756880455,400,10.918770446506453,0.09840726004655838,93,0.37085662752224624,307,0.7874015748031497,15.142857142857142
bspline_temporal_graph,4500,extrapolation,0.37085662752224624,307,8.338330170966616,0.0,0,0.37085662752224624,307,0.7874015748031497,15.142857142857142
bspline_temporal_graph,4501,ctx_8,1.2804017224807387,400,21.245301215243817,0.2684311226340581,89,1.0119705998466806,311,1.5151515151515151,9.516129032258064
bspline_temporal_graph,4501,extrapolation,1.0119705998466806,311,16.510000324170527,0.0,0,1.0119705998466806,311,1.5151515151515151,9.516129032258064
bspline_temporal_graph,4502,ctx_8,1.8507303981339016,400,25.026818512944452,0.38214980142029625,76,1.4685805967136054,324,0.5194805194805194,8.671875
bspline_temporal_graph,4502,extrapolation,1.4685805967136054,324,19.93316393229227,0.0,0,1.4685805967136054,324,0.5194805194805194,8.671875
bspline_temporal_graph,4503,ctx_8,0.9784559723715092,400,16.776470298624147,0.20622691939223295,86,0.7722290529792762,314,1.0389610389610389,15.546875
bspline_temporal_graph,4503,extrapolation,0.7722290529792762,314,13.174621466677767,0.0,0,0.7722290529792762,314,1.0389610389610389,15.546875
bspline_temporal_graph,4504,ctx_8,0.752110707634053,400,14.257852988452376,0.12481866764470637,102,0.6272920399893467,298,1.0309278350515463,14.848484848484848
bspline_temporal_graph,4504,extrapolation,0.6272920399893467,298,11.18156670615482,0.0,0,0.6272920399893467,298,1.0309278350515463,14.848484848484848
bspline_temporal_graph,4505,ctx_8,1.5065450118694226,400,20.602337832754372,0.33171739592575844,91,1.174827615943664,309,0.0,19.071428571428573
bspline_temporal_graph,4505,extrapolation,1.174827615943664,309,15.887756267248818,0.0,0,1.174827615943664,309,0.0,19.071428571428573
bspline_temporal_graph,4506,ctx_8,1.1275772782286813,400,16.804827173915854,0.1630347868499815,83,0.9645424913787,317,0.7772020725388601,13.455882352941176
bspline_temporal_graph,4506,extrapolation,0.9645424913787,317,13.91756628056825,0.0,0,0.9645424913787,317,0.7772020725388601,13.455882352941176
bspline_temporal_graph,4507,ctx_8,1.0750805875348282,400,17.368454486669446,0.17770470637009644,89,0.8973758811647317,311,0.25839793281653745,14.264705882352942
bspline_temporal_graph,4507,extrapolation,0.8973758811647317,311,13.901636803816274,0.0,0,0.8973758811647317,311,0.25839793281653745,14.264705882352942
bspline_temporal_graph,4508,ctx_8,0.3658475815101586,400,9.92229237952889,0.1075292566164025,95,0.2583183248937561,305,0.783289817232376,18.40909090909091
bspline_temporal_graph,4508,extrapolation,0.2583183248937561,305,7.130028265977302,0.0,0,0.2583183248937561,305,0.783289817232376,18.40909090909091
bspline_temporal_graph,4509,ctx_8,0.4230611945328454,400,10.596065419437885,0.06417315248295166,78,0.3588880420498938,322,0.7772020725388601,16.171875
bspline_temporal_graph,4509,extrapolation,0.3588880420498938,322,8.718140913277301,0.0,0,0.3588880420498938,322,0.7772020725388601,16.171875
bspline_temporal_graph,4510,ctx_8,4.1652900842163945,400,33.055075937974436,0.746759287430754,87,3.4185307967856406,313,0.5076142131979695,21.83823529411765
bspline_temporal_graph,4510,extrapolation,3.4185307967856406,313,26.558033601684066,0.0,0,3.4185307967856406,313,0.5076142131979695,21.83823529411765
bspline_temporal_graph,4511,ctx_8,2.341764822047004,400,21.673065190371744,0.5599235719889588,81,1.7818412500580454,319,1.0204081632653061,22.647058823529413
bspline_temporal_graph,4511,extrapolation,1.7818412500580454,319,16.92169556243156,0.0,0,1.7818412500580454,319,1.0204081632653061,22.647058823529413
bspline_temporal_graph,4512,ctx_8,1.5034550455736757,400,18.6082458556571,0.31928996950626526,89,1.1841650760674103,311,0.7751937984496124,21.691176470588236
bspline_temporal_graph,4512,extrapolation,1.1841650760674103,311,14.758057855620983,0.0,0,1.1841650760674103,311,0.7751937984496124,21.691176470588236
bspline_temporal_graph,4513,ctx_8,1.5851882977763183,400,20.30937091238894,0.3271891089176889,90,1.2579991888586295,310,1.0204081632653061,24.545454545454547
bspline_temporal_graph,4513,extrapolation,1.2579991888586295,310,15.85657335729752,0.0,0,1.2579991888586295,310,1.0204081632653061,24.545454545454547
bspline_temporal_graph,4514,ctx_8,0.5979300899270672,400,11.371081341912106,0.1266349760172949,86,0.47129511390977236,314,0.7936507936507936,27.424242424242426
bspline_temporal_graph,4514,extrapolation,0.47129511390977236,314,8.860897992664219,0.0,0,0.47129511390977236,314,0.7936507936507936,27.424242424242426
bspline_temporal_graph,4515,ctx_8,1.6011090121428904,400,21.727115301401696,0.42011571801894976,101,1.1809932941239405,299,0.7692307692307693,18.28125
bspline_temporal_graph,4515,extrapolation,1.1809932941239405,299,16.179421361060434,0.0,0,1.1809932941239405,299,0.7692307692307693,18.28125
bspline_temporal_graph,4516,ctx_8,1.0218092035151085,400,14.300645420276757,0.1491811045263841,77,0.8726280989887243,323,1.5625,27.857142857142858
bspline_temporal_graph,4516,extrapolation,0.8726280989887243,323,12.053477100573083,0.0,0,0.8726280989887243,323,1.5625,27.857142857142858
bspline_temporal_graph,4517,ctx_8,0.8581817434672796,400,12.594541725207673,0.27216537351236625,96,0.5860163699549135,304,2.6315789473684212,18.59375
bspline_temporal_graph,4517,extrapolation,0.5860163699549135,304,9.29161234788863,0.0,0,0.5860163699549135,304,2.6315789473684212,18.59375
bspline_temporal_graph,4518,ctx_8,1.1782519098929631,400,17.48311081405805,0.286689719437606,78,0.8915621904553572,322,2.035623409669211,23.428571428571427
bspline_temporal_graph,4518,extrapolation,0.8915621904553572,322,13.777515599011714,0.0,0,0.8915621904553572,322,2.035623409669211,23.428571428571427
bspline_temporal_graph,4519,ctx_8,2.116588615391671,400,19.872025736982526,0.6082532501106764,94,1.5083353652809945,306,1.2853470437017995,21.61764705882353
bspline_temporal_graph,4519,extrapolation,1.5083353652809945,306,14.95385638337024,0.0,0,1.5083353652809945,306,1.2853470437017995,21.61764705882353
bspline_temporal_graph,4520,ctx_8,0.9522108017809999,400,14.681141978664694,0.1149023591927684,81,0.8373084425882316,319,0.5141388174807198,19.264705882352942
bspline_temporal_graph,4520,extrapolation,0.8373084425882316,319,12.403418258675957,0.0,0,0.8373084425882316,319,0.5141388174807198,19.264705882352942
bspline_temporal_graph,4521,ctx_8,0.9090245719773751,400,14.188672974089318,0.11093868563372808,81,0.7980858863436469,319,2.2670025188916876,23.08823529411765
bspline_temporal_graph,4521,extrapolation,0.7980858863436469,319,11.949529124227958,0.0,0,0.7980858863436469,319,2.2670025188916876,23.08823529411765
bspline_temporal_graph,4522,ctx_8,1.389378851563263,400,18.16734639537281,0.2238477505107307,76,1.1655311010525324,324,0.5089058524173028,18.08823529411765
bspline_temporal_graph,4522,extrapolation,1.1655311010525324,324,14.87164778972349,0.0,0,1.1655311010525324,324,0.5089058524173028,18.08823529411765
bspline_temporal_graph,4523,ctx_8,1.2477930932432846,400,17.564905570538365,0.24034446002720636,88,1.0074486332160781,312,0.5154639175257731,12.5
bspline_temporal_graph,4523,extrapolation,1.0074486332160781,312,13.779568561999408,0.0,0,1.0074486332160781,312,0.5154639175257731,12.5
bspline_temporal_graph,4524,ctx_8,0.385857502111405,400,9.732444699413133,0.06601744350448288,79,0.31984005860692216,321,1.5424164524421593,18.863636363636363
bspline_temporal_graph,4524,extrapolation,0.31984005860692216,321,7.894464437512649,0.0,0,0.31984005860692216,321,1.5424164524421593,18.863636363636363
bspline_temporal_graph,4525,ctx_8,1.1218654048189878,400,16.889029250787686,0.23885035576428354,94,0.8830150490547042,306,3.3678756476683938,17.941176470588236
bspline_temporal_graph,4525,extrapolation,0.8830150490547042,306,13.13421286862419,0.0,0,0.8830150490547042,306,3.3678756476683938,17.941176470588236
bspline_temporal_graph,4526,ctx_8,0.7366568658394256,400,13.86969727126429,0.11959368784343842,84,0.6170631779959873,316,2.857142857142857,17.03125
bspline_temporal_graph,4526,extrapolation,0.6170631779959873,316,11.31854707818422,0.0,0,0.6170631779959873,316,2.857142857142857,17.03125
bspline_temporal_graph,4527,ctx_8,2.5665114950326418,400,28.20048156065927,0.5881856868865941,93,1.9783258081460477,307,1.7766497461928934,15.681818181818182
bspline_temporal_graph,4527,extrapolation,1.9783258081460477,307,21.47678581799935,0.0,0,1.9783258081460477,307,1.7766497461928934,15.681818181818182
bspline_temporal_graph,4528,ctx_8,1.058737943689569,400,16.7724189854154,0.10417984747811973,63,0.9545580962114493,337,1.2820512820512822,15.151515151515152
bspline_temporal_graph,4528,extrapolation,0.9545580962114493,337,14.544729930612156,0.0,0,0.9545580962114493,337,1.2820512820512822,15.151515151515152
bspline_temporal_graph,4529,ctx_8,1.221183385667023,400,19.218845891764225,0.3520565703399066,86,0.8691268153271163,314,0.0,12.578125
bspline_temporal_graph,4529,extrapolation,0.8691268153271163,314,14.115785278717919,0.0,0,0.8691268153271163,314,0.0,12.578125
bspline_temporal_graph,4530,ctx_8,0.3882123972540321,400,9.746010773010322,0.0514919107679979,67,0.33672048648603414,333,1.0335917312661498,18.970588235294116
bspline_temporal_graph,4530,extrapolation,0.33672048648603414,333,8.205857509672526,0.0,0,0.33672048648603414,333,1.0335917312661498,18.970588235294116
bspline_temporal_graph,4531,ctx_8,0.25936656978120753,400,8.098571666212042,0.06586302278141247,101,0.19350354699979502,299,2.088772845953003,16.714285714285715
bspline_temporal_graph,4531,extrapolation,0.19350354699979502,299,6.10191580437291,0.0,0,0.19350354699979502,299,2.088772845953003,16.714285714285715
bspline_temporal_graph,4532,ctx_8,0.376905915051384,400,9.182688722547997,0.0725738670288814,81,0.3043320480225026,319,1.5463917525773196,15.833333333333334
bspline_temporal_graph,4532,extrapolation,0.3043320480225026,319,7.251175017284112,0.0,0,0.3043320480225026,319,1.5463917525773196,15.833333333333334
bspline_temporal_graph,4533,ctx_8,0.5044677507289103,400,11.869501338915281,0.09848706369262718,90,0.40598068703628304,310,1.2690355329949239,10.833333333333334
bspline_temporal_graph,4533,extrapolation,0.40598068703628304,310,9.265037627451603,0.0,0,0.40598068703628304,310,1.2690355329949239,10.833333333333334
bspline_temporal_graph,4534,ctx_8,0.27611033751825365,400,8.382678024282573,0.042578036806549195,86,0.23353230071170444,314,2.030456852791878,16.015625
bspline_temporal_graph,4534,extrapolation,0.23353230071170444,314,6.849848778778396,0.0,0,0.23353230071170444,314,2.030456852791878,16.015625
bspline_temporal_graph,4535,ctx_8,0.4983171966967678,400,12.048117223566464,0.0857769291637689,87,0.41254026753299883,313,0.7672634271099744,19.044117647058822
bspline_temporal_graph,4535,extrapolation,0.41254026753299883,313,9.602114759779926,0.0,0,0.41254026753299883,313,0.7672634271099744,19.044117647058822
bspline_temporal_graph,4536,ctx_8,1.0062329241832522,400,17.840434178213947,0.1868876654542409,89,0.8193452587290113,311,1.0638297872340425,17.65625
bspline_temporal_graph,4536,extrapolation,0.8193452587290113,311,14.010665305342949,0.0,0,0.8193452587290113,311,1.0638297872340425,17.65625
bspline_temporal_graph,4537,ctx_8,1.991148425121734,400,24.10830758677291,0.3413625739282155,79,1.6497858511935184,321,1.7676767676767677,17.348484848484848
bspline_temporal_graph,4537,extrapolation,1.6497858511935184,321,19.696498937414397,0.0,0,1.6497858511935184,321,1.7676767676767677,17.348484848484848
bspline_temporal_graph,4538,ctx_8,1.5949557615311967,400,20.72008886407773,0.22833597813396375,91,1.366619783397233,309,1.3368983957219251,16.818181818181817
bspline_temporal_graph,4538,extrapolation,1.366619783397233,309,17.041533617328835,0.0,0,1.366619783397233,309,1.3368983957219251,16.818181818181817
bspline_temporal_graph,4539,ctx_8,1.0316370094427336,400,18.29987162068963,0.26919356859989335,97,0.7624434408428402,303,1.7766497461928934,22.109375
bspline_temporal_graph,4539,extrapolation,0.7624434408428402,303,13.627502192576305,0.0,0,0.7624434408428402,303,1.7766497461928934,22.109375
bspline_tiered_graph,4500,ctx_8,0.4688915628135714,400,10.95085215442472,0.09966729964219909,93,0.36922426317137236,307,0.7874015748031497,15.857142857142858
bspline_tiered_graph,4500,extrapolation,0.36922426317137236,307,8.33872118986002,0.0,0,0.36922426317137236,307,0.7874015748031497,15.857142857142858
bspline_tiered_graph,4501,ctx_8,1.3010368446005045,400,21.451413764035898,0.27131048499133653,89,1.029726359609168,311,1.2626262626262625,10.96774193548387
bspline_tiered_graph,4501,extrapolation,1.029726359609168,311,16.671248853107834,0.0,0,1.029726359609168,311,1.2626262626262625,10.96774193548387
bspline_tiered_graph,4502,ctx_8,1.9027112833843385,400,25.405856290235068,0.40009537365609765,76,1.5026159097282406,324,0.5194805194805194,9.765625
bspline_tiered_graph,4502,extrapolation,1.5026159097282406,324,20.207066785445047,0.0,0,1.5026159097282406,324,0.5194805194805194,9.765625
bspline_tiered_graph,4503,ctx_8,1.0063514893132144,400,17.094564718347865,0.2192905247145516,86,0.7870609645986629,314,0.7792207792207793,15.78125
bspline_tiered_graph,4503,extrapolation,0.7870609645986629,314,13.359383704978054,0.0,0,0.7870609645986629,314,0.7792207792207793,15.78125
bspline_tiered_graph,4504,ctx_8,0.781407214609872,400,14.694699742696203,0.12925227373842207,102,0.65215494087145,298,1.0309278350515463,15.757575757575758
bspline_tiered_graph,4504,extrapolation,0.65215494087145,298,11.516836198240709,0.0,0,0.65215494087145,298,1.0309278350515463,15.757575757575758
bspline_tiered_graph,4505,ctx_8,1.561198823555209,400,21.12015492371022,0.3426688113564878,91,1.218530012198721,309,0.0,20.428571428571427
bspline_tiered_graph,4505,extrapolation,1.218530012198721,309,16.302810840515665,0.0,0,1.218530012198721,309,0.0,20.428571428571427
bspline_tiered_graph,4506,ctx_8,1.1684203316287958,400,17.250844353457758,0.17432534650242756,83,0.9940949851263682,317,0.7772020725388601,16.102941176470587
bspline_tiered_graph,4506,extrapolation,0.9940949851263682,317,14.250297939843332,0.0,0,0.9940949851263682,317,0.7772020725388601,16.102941176470587
bspline_tiered_graph,4507,ctx_8,1.122515214307284,400,17.87438104611032,0.19390088682736972,89,0.9286143274799143,311,0.25839793281653745,18.308823529411764
bspline_tiered_graph,4507,extrapolation,0.9286143274799143,311,14.23481230084652,0.0,0,0.9286143274799143,311,0.25839793281653745,18.308823529411764
bspline_tiered_graph,4508,ctx_8,0.36108432137350766,400,9.675544840664983,0.1078369847260479,95,0.2532473366474597,305,0.783289817232376,23.257575757575758
bspline_tiered_graph,4508,extrapolation,0.2532473366474597,305,6.89961532500817,0.0,0,0.2532473366474597,305,0.783289817232376,23.257575757575758
bspline_tiered_graph,4509,ctx_8,0.39609238161768756,400,10.258652092528289,0.06001116285926098,78,0.3360812187584266,322,0.5181347150259067,18.4375
bspline_tiered_graph,4509,extrapolation,0.3360812187584266,322,8.412597987536692,0.0,0,0.3360812187584266,322,0.5181347150259067,18.4375
bspline_tiered_graph,4510,ctx_8,4.1951267044112015,400,33.63671406625974,0.7543138853139463,87,3.440812819097255,313,0.5076142131979695,22.794117647058822
bspline_tiered_graph,4510,extrapolation,3.440812819097255,313,27.01283537699255,0.0,0,3.440812819097255,313,0.5076142131979695,22.794117647058822
bspline_tiered_graph,4511,ctx_8,2.292213125471787,400,21.6354395605099,0.557294999159431,81,1.7349181263123556,319,1.2755102040816326,22.426470588235293
bspline_tiered_graph,4511,extrapolation,1.7349181263123556,319,16.956667513691237,0.0,0,1.7349181263123556,319,1.2755102040816326,22.426470588235293
bspline_tiered_graph,4512,ctx_8,1.4191838007952235,400,17.96516413520581,0.30347774274988387,89,1.1157060580453395,311,1.550387596899225,20.88235294117647
bspline_tiered_graph,4512,extrapolation,1.1157060580453395,311,14.32237929896751,0.0,0,1.1157060580453395,311,1.550387596899225,20.88235294117647
bspline_tiered_graph,4513,ctx_8,1.5619323394789362,400,20.250042085398334,0.3131723662896844,90,1.2487599731892518,310,2.5510204081632653,26.21212121212121
bspline_tiered_graph,4513,extrapolation,1.2487599731892518,310,15.871542278976317,0.0,0,1.2487599731892518,310,2.5510204081632653,26.21212121212121
bspline_tiered_graph,4514,ctx_8,0.6398306206433684,400,12.020913689580599,0.13355812518175672,86,0.5062724954616116,314,2.1164021164021163,28.03030303030303
bspline_tiered_graph,4514,extrapolation,0.5062724954616116,314,9.385539825581478,0.0,0,0.5062724954616116,314,2.1164021164021163,28.03030303030303
bspline_tiered_graph,4515,ctx_8,1.6754407323221503,400,22.323801169125602,0.45474773967075993,101,1.2206929926513905,299,3.58974358974359,22.03125
bspline_tiered_graph,4515,extrapolation,1.2206929926513905,299,16.577511941534894,0.0,0,1.2206929926513905,299,3.58974358974359,22.03125
bspline_tiered_graph,4516,ctx_8,0.9644905124954769,400,13.423135734466648,0.1551598735000045,77,0.8093306389954724,323,3.3854166666666665,28.571428571428573
bspline_tiered_graph,4516,extrapolation,0.8093306389954724,323,11.195358813843026,0.0,0,0.8093306389954724,323,3.3854166666666665,28.571428571428573
bspline_tiered_graph,4517,ctx_8,0.8064359945429709,400,11.838952226004555,0.2722972452811979,96,0.5341387492617728,304,3.1578947368421053,18.515625
bspline_tiered_graph,4517,extrapolation,0.5341387492617728,304,8.681517762120643,0.0,0,0.5341387492617728,304,3.1578947368421053,18.515625
bspline_tiered_graph,4518,ctx_8,1.016599463965854,400,15.818150812291059,0.2785093585322764,78,0.7380901054335778,322,3.816793893129771,24.0
bspline_tiered_graph,4518,extrapolation,0.7380901054335778,322,12.226501967662259,0.0,0,0.7380901054335778,322,3.816793893129771,24.0
bspline_tiered_graph,4519,ctx_8,2.049561041931825,400,20.201144843263513,0.6070990376221562,94,1.4424620043096685,306,2.056555269922879,22.279411764705884
bspline_tiered_graph,4519,extrapolation,1.4424620043096685,306,15.186435231220198,0.0,0,1.4424620043096685,306,2.056555269922879,22.279411764705884
bspline_tiered_graph,4520,ctx_8,0.9447245085605495,400,14.909285891992013,0.1218864506021993,81,0.8228380579583502,319,1.0282776349614395,19.11764705882353
bspline_tiered_graph,4520,extrapolation,0.8228380579583502,319,12.503583234403122,0.0,0,0.8228380579583502,319,1.0282776349614395,19.11764705882353
bspline_tiered_graph,4521,ctx_8,0.9438516801202823,400,14.869943490876443,0.11543139705404028,81,0.8284202830662419,319,3.7783375314861463,23.235294117647058
bspline_tiered_graph,4521,extrapolation,0.8284202830662419,319,12.595706167910416,0.0,0,0.8284202830662419,319,3.7783375314861463,23.235294117647058
bspline_tiered_graph,4522,ctx_8,1.2987398442697835,400,17.158118073084736,0.21157693916095596,76,1.0871629051088276,324,1.5267175572519085,21.029411764705884
bspline_tiered_graph,4522,extrapolation,1.0871629051088276,324,14.027963425357576,0.0,0,1.0871629051088276,324,1.5267175572519085,21.029411764705884
bspline_tiered_graph,4523,ctx_8,1.2239450282724347,400,17.481450106023495,0.22558561474564118,88,0.9983594135267935,312,2.0618556701030926,15.725806451612904
bspline_tiered_graph,4523,extrapolation,0.9983594135267935,312,13.862874016782701,0.0,0,0.9983594135267935,312,2.0618556701030926,15.725806451612904
bspline_tiered_graph,4524,ctx_8,0.3918624751682821,400,9.771465788519503,0.05969991826273006,79,0.33216255690555196,321,2.056555269922879,21.742424242424242
bspline_tiered_graph,4524,extrapolation,0.33216255690555196,321,7.926638701908351,0.0,0,0.33216255690555196,321,2.056555269922879,21.742424242424242
bspline_tiered_graph,4525,ctx_8,1.0867277988339303,400,16.468851400544516,0.2347228786404282,94,0.8520049201935023,306,4.404145077720207,18.38235294117647
bspline_tiered_graph,4525,extrapolation,0.8520049201935023,306,12.614747868953126,0.0,0,0.8520049201935023,306,4.404145077720207,18.38235294117647
bspline_tiered_graph,4526,ctx_8,0.7014246585093924,400,13.366650748673969,0.11769386099567533,84,0.583730797513717,316,2.0779220779220777,16.5625
bspline_tiered_graph,4526,extrapolation,0.583730797513717,316,10.855830693242574,0.0,0,0.583730797513717,316,2.0779220779220777,16.5625
bspline_tiered_graph,4527,ctx_8,2.5936712744211725,400,28.484905401088973,0.6039930245802453,93,1.9896782498409273,307,3.553299492385787,17.727272727272727
bspline_tiered_graph,4527,extrapolation,1.9896782498409273,307,21.64686101000006,0.0,0,1.9896782498409273,307,3.553299492385787,17.727272727272727
bspline_tiered_graph,4528,ctx_8,1.078540935963264,400,16.92249982725002,0.12187854554116906,63,0.956662390422095,337,3.3333333333333335,17.12121212121212
bspline_tiered_graph,4528,extrapolation,0.956662390422095,337,14.527741725387305,0.0,0,0.956662390422095,337,3.3333333333333335,17.12121212121212
bspline_tiered_graph,4529,ctx_8,1.217278230370486,400,19.130658886778797,0.33676930497799434,86,0.8805089253924918,314,0.7614213197969543,14.296875
bspline_tiered_graph,4529,extrapolation,0.8805089253924918,314,14.256416193331997,0.0,0,0.8805089253924918,314,0.7614213197969543,14.296875
bspline_tiered_graph,4530,ctx_8,0.405000560285822,400,10.023674368944985,0.05867321266482979,67,0.34632734762099215,333,1.0335917312661498,21.764705882352942
bspline_tiered_graph,4530,extrapolation,0.34632734762099215,333,8.340863536018208,0.0,0,0.34632734762099215,333,1.0335917312661498,21.764705882352942
bspline_tiered_graph,4531,ctx_8,0.2966428364758821,400,8.623088597318347,0.07720155397134672,101,0.21944128250453537,299,2.088772845953003,22.5
bspline_tiered_graph,4531,extrapolation,0.21944128250453537,299,6.46113378541249,0.0,0,0.21944128250453537,299,2.088772845953003,22.5
bspline_tiered_graph,4532,ctx_8,0.42375570649065153,400,9.647172215719184,0.07630824373753446,81,0.34744746275311705,319,3.6082474226804124,18.03030303030303
bspline_tiered_graph,4532,extrapolation,0.34744746275311705,319,7.717539574441019,0.0,0,0.34744746275311705,319,3.6082474226804124,18.03030303030303
bspline_tiered_graph,4533,ctx_8,0.571365594439361,400,12.597689341267843,0.11442610860400035,90,0.4569394858353606,310,2.284263959390863,16.666666666666668
bspline_tiered_graph,4533,extrapolation,0.4569394858353606,310,9.796159787902294,0.0,0,0.4569394858353606,310,2.284263959390863,16.666666666666668
bspline_tiered_graph,4534,ctx_8,0.32076477272574716,400,8.926510701342627,0.05294474647901185,86,0.2678200262467353,314,2.284263959390863,16.171875
bspline_tiered_graph,4534,extrapolation,0.2678200262467353,314,7.245679368122779,0.0,0,0.2678200262467353,314,2.284263959390863,16.171875
bspline_tiered_graph,4535,ctx_8,0.5502381665871814,400,12.523051264377468,0.09603259870023571,87,0.45420556788694566,313,1.7902813299232736,16.691176470588236
bspline_tiered_graph,4535,extrapolation,0.45420556788694566,313,9.958508286128298,0.0,0,0.45420556788694566,313,1.7902813299232736,16.691176470588236
bspline_tiered_graph,4536,ctx_8,1.067669799357867,400,18.167078813949228,0.20127880810645335,89,0.8663909912514136,311,2.127659574468085,17.421875
bspline_tiered_graph,4536,extrapolation,0.8663909912514136,311,14.237283898850103,0.0,0,0.8663909912514136,311,2.127659574468085,17.421875
bspline_tiered_graph,4537,ctx_8,2.01688413965939,400,24.35272262000576,0.3541124572172976,79,1.6627716824420922,321,2.525252525252525,18.78787878787879
bspline_tiered_graph,4537,extrapolation,1.6627716824420922,321,19.865198807480198,0.0,0,1.6627716824420922,321,2.525252525252525,18.78787878787879
bspline_tiered_graph,4538,ctx_8,1.653189731993458,400,21.151515362606432,0.25310865162422835,91,1.4000810803692296,309,2.1390374331550803,17.727272727272727
bspline_tiered_graph,4538,extrapolation,1.4000810803692296,309,17.289919938109943,0.0,0,1.4000810803692296,309,2.1390374331550803,17.727272727272727
bspline_tiered_graph,4539,ctx_8,1.016001661157873,400,17.809836742744167,0.2608480772582925,97,0.7551535838995806,303,3.045685279187817,24.921875
bspline_tiered_graph,4539,extrapolation,0.7551535838995806,303,13.333572244115597,0.0,0,0.7551535838995806,303,3.045685279187817,24.921875
bspline_factored_graph,4500,ctx_8,0.4687008258591433,400,10.930753703975466,0.10305060855308233,93,0.365650217306061,307,0.7874015748031497,14.928571428571429
bspline_factored_graph,4500,extrapolation,0.365650217306061,307,8.260146512454114,0.0,0,0.365650217306061,307,0.7874015748031497,14.928571428571429
bspline_factored_graph,4501,ctx_8,1.2972154515064827,400,21.445845932400978,0.27636167219123847,89,1.0208537793152441,311,1.5151515151515151,8.387096774193548
bspline_factored_graph,4501,extrapolation,1.0208537793152441,311,16.637458957859252,0.0,0,1.0208537793152441,311,1.5151515151515151,8.387096774193548
bspline_factored_graph,4502,ctx_8,1.8677162131612495,400,25.17950453795703,0.39675310048114426,76,1.470963112680105,324,0.5194805194805194,5.3125
bspline_factored_graph,4502,extrapolation,1.470963112680105,324,19.99779944584622,0.0,0,1.470963112680105,324,0.5194805194805194,5.3125
bspline_factored_graph,4503,ctx_8,0.9894152905851812,400,16.986651777602695,0.2147901590196197,86,0.7746251315655613,314,0.7792207792207793,7.65625
bspline_factored_graph,4503,extrapolation,0.7746251315655613,314,13.322679945299594,0.0,0,0.7746251315655613,314,0.7792207792207793,7.65625
bspline_factored_graph,4504,ctx_8,0.7392991905902729,400,14.356889202110072,0.12700217552611706,102,0.6122970150641559,298,0.5154639175257731,9.242424242424242
bspline_factored_graph,4504,extrapolation,0.6122970150641559,298,11.211426770349192,0.0,0,0.6122970150641559,298,0.5154639175257731,9.242424242424242
bspline_factored_graph,4505,ctx_8,1.4827617040496979,400,20.488168908510367,0.3251097393925789,91,1.1576519646571188,309,0.0,11.928571428571429
bspline_factored_graph,4505,extrapolation,1.1576519646571188,309,15.774432240670048,0.0,0,1.1576519646571188,309,0.0,11.928571428571429
bspline_factored_graph,4506,ctx_8,1.127341029293433,400,16.735455605430523,0.1639874802628807,83,0.9633535490305523,317,0.0,11.911764705882353
bspline_factored_graph,4506,extrapolation,0.9633535490305523,317,13.854608456137548,0.0,0,0.9633535490305523,317,0.0,11.911764705882353
bspline_factored_graph,4507,ctx_8,1.062165184311056,400,17.499312506723136,0.1798464451377529,89,0.882318739173303,311,0.25839793281653745,13.970588235294118
bspline_factored_graph,4507,extrapolation,0.882318739173303,311,13.952298120613872,0.0,0,0.882318739173303,311,0.25839793281653745,13.970588235294118
bspline_factored_graph,4508,ctx_8,0.3480386793848472,400,9.627226878731445,0.10192363799149454,95,0.24611504139335263,305,0.783289817232376,16.439393939393938
bspline_factored_graph,4508,extrapolation,0.24611504139335263,305,6.921862550681783,0.0,0,0.24611504139335263,305,0.783289817232376,16.439393939393938
bspline_factored_graph,4509,ctx_8,0.4124664830564922,400,10.447622064902605,0.06829910052779109,78,0.34416738252870105,322,0.5181347150259067,12.8125
bspline_factored_graph,4509,extrapolation,0.34416738252870105,322,8.534835015752865,0.0,0,0.34416738252870105,322,0.5181347150259067,12.8125
bspline_factored_graph,4510,ctx_8,4.174592674908702,400,33.223446514327776,0.6876514347999672,87,3.4869412401087336,313,0.0,15.441176470588236
bspline_factored_graph,4510,extrapolation,3.4869412401087336,313,27.073543542777596,0.0,0,3.4869412401087336,313,0.0,15.441176470588236
bspline_factored_graph,4511,ctx_8,2.2873365899954914,400,21.394999146743885,0.4880886195489213,81,1.79924797044657,319,1.0204081632653061,16.102941176470587
bspline_factored_graph,4511,extrapolation,1.79924797044657,319,17.060742879405172,0.0,0,1.79924797044657,319,1.0204081632653061,16.102941176470587
bspline_factored_graph,4512,ctx_8,1.4304328664708383,400,18.490943214917728,0.27162493477075056,89,1.1588079317000877,311,0.7751937984496124,11.544117647058824
bspline_factored_graph,4512,extrapolation,1.1588079317000877,311,14.86740208682951,0.0,0,1.1588079317000877,311,0.7751937984496124,11.544117647058824
bspline_factored_graph,4513,ctx_8,1.5033236876400164,400,19.93246059968692,0.25780927320899294,90,1.2455144144310237,310,1.2755102040816326,18.03030303030303
bspline_factored_graph,4513,extrapolation,1.2455144144310237,310,15.99360443917761,0.0,0,1.2455144144310237,310,1.2755102040816326,18.03030303030303
bspline_factored_graph,4514,ctx_8,0.5234107937652686,400,10.639607326162206,0.08543249563601009,86,0.4379782981292585,314,0.5291005291005291,14.393939393939394
bspline_factored_graph,4514,extrapolation,0.4379782981292585,314,8.481479449253516,0.0,0,0.4379782981292585,314,0.5291005291005291,14.393939393939394
bspline_factored_graph,4515,ctx_8,1.5259568911454262,400,21.518710915828677,0.3582578543298402,101,1.167699036815586,299,1.0256410256410255,14.375
bspline_factored_graph,4515,extrapolation,1.167699036815586,299,16.33094718400119,0.0,0,1.167699036815586,299,1.0256410256410255,14.375
bspline_factored_graph,4516,ctx_8,0.9136416219257154,400,13.446123897456381,0.11752075983291156,77,0.7961208620928037,323,1.5625,21.928571428571427
bspline_factored_graph,4516,extrapolation,0.7961208620928037,323,11.366925686551259,0.0,0,0.7961208620928037,323,1.5625,21.928571428571427
bspline_factored_graph,4517,ctx_8,0.7808981110196347,400,11.749867653268549,0.23337800968793776,96,0.5475201013316968,304,2.3684210526315788,15.390625
bspline_factored_graph,4517,extrapolation,0.5475201013316968,304,8.839857526944606,0.0,0,0.5475201013316968,304,2.3684210526315788,15.390625
bspline_factored_graph,4518,ctx_8,1.1187902332019015,400,17.15914016280723,0.2712410170093991,78,0.8475492161925025,322,1.7811704834605597,18.428571428571427
bspline_factored_graph,4518,extrapolation,0.8475492161925025,322,13.462161852574718,0.0,0,0.8475492161925025,322,1.7811704834605597,18.428571428571427
bspline_factored_graph,4519,ctx_8,2.02717105937044,400,19.41915754975072,0.5769977966152624,94,1.4501732627551778,306,1.0282776349614395,16.985294117647058
bspline_factored_graph,4519,extrapolation,1.4501732627551778,306,14.649879614277554,0.0,0,1.4501732627551778,306,1.0282776349614395,16.985294117647058
bspline_factored_graph,4520,ctx_8,0.8968507605452065,400,14.360070986754566,0.1115039062920842,81,0.7853468542531223,319,0.7712082262210797,12.941176470588236
bspline_factored_graph,4520,extrapolation,0.7853468542531223,319,12.044725012650314,0.0,0,0.7853468542531223,319,0.7712082262210797,12.941176470588236
bspline_factored_graph,4521,ctx_8,0.8455658387217778,400,13.964554629863084,0.10707189306366363,81,0.7384939456581142,319,0.5037783375314862,15.808823529411764
bspline_factored_graph,4521,extrapolation,0.7384939456581142,319,11.747488421086674,0.0,0,0.7384939456581142,319,0.5037783375314862,15.808823529411764
bspline_factored_graph,4522,ctx_8,1.3326389399808054,400,17.7506053856386,0.20370618991004952,76,1.1289327500707556,324,0.5089058524173028,13.823529411764707
bspline_factored_graph,4522,extrapolation,1.1289327500707556,324,14.605692611031545,0.0,0,1.1289327500707556,324,0.5089058524173028,13.823529411764707
bspline_factored_graph,4523,ctx_8,1.212706587898984,400,17.425038985587744,0.2279442808040485,88,0.9847623070949355,312,0.7731958762886598,11.53225806451613
bspline_factored_graph,4523,extrapolation,0.9847623070949355,312,13.744601737923693,0.0,0,0.9847623070949355,312,0.7731958762886598,11.53225806451613
bspline_factored_graph,4524,ctx_8,0.3553347958026845,400,9.3747586627698,0.06497355858831949,79,0.290361237214365,321,1.7994858611825193,14.242424242424242
bspline_factored_graph,4524,extrapolation,0.290361237214365,321,7.498340228001556,0.0,0,0.290361237214365,321,1.7994858611825193,14.242424242424242
bspline_factored_graph,4525,ctx_8,1.1110306013373874,400,17.06545088842408,0.2573084447868934,94,0.853722156550494,306,2.33160621761658,12.794117647058824
bspline_factored_graph,4525,extrapolation,0.853722156550494,306,12.969302441480025,0.0,0,0.853722156550494,306,2.33160621761658,12.794117647058824
bspline_factored_graph,4526,ctx_8,0.7247306936784104,400,13.785606716230083,0.12483536439792273,84,0.5998953292804877,316,1.5584415584415585,11.40625
bspline_factored_graph,4526,extrapolation,0.5998953292804877,316,11.09494281070911,0.0,0,0.5998953292804877,316,1.5584415584415585,11.40625
bspline_factored_graph,4527,ctx_8,2.610360421626269,400,28.74984928594599,0.6597169864858478,93,1.9506434351404216,307,1.5228426395939085,13.106060606060606
bspline_factored_graph,4527,extrapolation,1.9506434351404216,307,21.54970692003498,0.0,0,1.9506434351404216,307,1.5228426395939085,13.106060606060606
bspline_factored_graph,4528,ctx_8,1.0545730980602335,400,16.88845513818444,0.12115799357899544,63,0.933415104481238,337,1.5384615384615385,13.333333333333334
bspline_factored_graph,4528,extrapolation,0.933415104481238,337,14.466813698552357,0.0,0,0.933415104481238,337,1.5384615384615385,13.333333333333334
bspline_factored_graph,4529,ctx_8,1.143230361565909,400,18.69755989956337,0.30674178874274766,86,0.8364885728231612,314,0.25380710659898476,11.875
bspline_factored_graph,4529,extrapolation,0.8364885728231612,314,13.990084844721977,0.0,0,0.8364885728231612,314,0.25380710659898476,11.875
bspline_factored_graph,4530,ctx_8,0.3472647018800277,400,9.12967921270197,0.04903232973064609,67,0.29823237214938164,333,0.7751937984496124,15.808823529411764
bspline_factored_graph,4530,extrapolation,0.29823237214938164,333,7.576563137808233,0.0,0,0.29823237214938164,333,0.7751937984496124,15.808823529411764
bspline_factored_graph,4531,ctx_8,0.2508131404865147,400,8.06981074309747,0.06921983769355382,101,0.18159330279296088,299,1.3054830287206267,9.5
bspline_factored_graph,4531,extrapolation,0.18159330279296088,299,6.037337063378102,0.0,0,0.18159330279296088,299,1.3054830287206267,9.5
bspline_factored_graph,4532,ctx_8,0.364468925910239,400,8.984842066302383,0.07497887112330259,81,0.28949005478693646,319,2.8350515463917527,14.924242424242424
bspline_factored_graph,4532,extrapolation,0.28949005478693646,319,7.050716594442308,0.0,0,0.28949005478693646,319,2.8350515463917527,14.924242424242424
bspline_factored_graph,4533,ctx_8,0.4981791412762207,400,11.832224834684437,0.11654544229668838,90,0.38163369897953225,310,0.7614213197969543,9.242424242424242
bspline_factored_graph,4533,extrapolation,0.38163369897953225,310,8.973320477032829,0.0,0,0.38163369897953225,310,0.7614213197969543,9.242424242424242
bspline_factored_graph,4534,ctx_8,0.2753394063761691,400,8.292365449891335,0.05089465480495999,86,0.22444475157120908,314,1.7766497461928934,11.015625
bspline_factored_graph,4534,extrapolation,0.22444475157120908,314,6.652512007409083,0.0,0,0.22444475157120908,314,1.7766497461928934,11.015625
bspline_factored_graph,4535,ctx_8,0.4897049160061278,400,11.973096633979875,0.09867687549878083,87,0.39102804050734696,313,0.5115089514066496,9.705882352941176
bspline_factored_graph,4535,extrapolation,0.39102804050734696,313,9.343112734317042,0.0,0,0.39102804050734696,313,0.5115089514066496,9.705882352941176
bspline_factored_graph,4536,ctx_8,0.9972475503933118,400,17.860256823183178,0.21783524316835187,89,0.7794123072249599,311,0.7978723404255319,13.203125
bspline_factored_graph,4536,extrapolation,0.7794123072249599,311,13.734240881994005,0.0,0,0.7794123072249599,311,0.7978723404255319,13.203125
bspline_factored_graph,4537,ctx_8,1.966817048472126,400,24.18014790648821,0.39781250467011153,79,1.5690045438020142,321,2.272727272727273,16.28787878787879
bspline_factored_graph,4537,extrapolation,1.5690045438020142,321,19.338783086036997,0.0,0,1.5690045438020142,321,2.272727272727273,16.28787878787879
bspline_factored_graph,4538,ctx_8,1.6046709095851697,400,20.99210613681064,0.29626098205784107,91,1.3084099275273287,309,0.8021390374331551,15.378787878787879
bspline_factored_graph,4538,extrapolation,1.3084099275273287,309,16.71736250723103,0.0,0,1.3084099275273287,309,0.8021390374331551,15.378787878787879
bspline_factored_graph,4539,ctx_8,1.001494141053525,400,18.01489563289257,0.24410395401177623,97,0.7573901870417488,303,2.030456852791878,18.75
bspline_factored_graph,4539,extrapolation,0.7573901870417488,303,13.666575393654957,0.0,0,0.7573901870417488,303,2.030456852791878,18.75
bspline_learned_graph,4500,ctx_8,0.49480827965457225,400,11.337308606992295,0.1141683562541461,93,0.3806399234004262,307,0.7874015748031497,15.357142857142858
bspline_learned_graph,4500,extrapolation,0.3806399234004262,307,8.510851113752384,0.0,0,0.3806399234004262,307,0.7874015748031497,15.357142857142858
bspline_learned_graph,4501,ctx_8,1.4651496244076476,400,22.940204343271553,0.338926059436176,89,1.1262235649714718,311,1.7676767676767677,9.03225806451613
bspline_learned_graph,4501,extrapolation,1.1262235649714718,311,17.596588605533867,0.0,0,1.1262235649714718,311,1.7676767676767677,9.03225806451613
bspline_learned_graph,4502,ctx_8,2.249576037722219,400,27.87624154687247,0.5098485128183048,76,1.739727524903914,324,0.2597402597402597,6.71875
bspline_learned_graph,4502,extrapolation,1.739727524903914,324,21.93045182282933,0.0,0,1.739727524903914,324,0.2597402597402597,6.71875
bspline_learned_graph,4503,ctx_8,1.3432423978815438,400,20.340222623311842,0.313373665087411,86,1.0298687327941327,314,0.7792207792207793,14.921875
bspline_learned_graph,4503,extrapolation,1.0298687327941327,314,15.67903889311118,0.0,0,1.0298687327941327,314,0.7792207792207793,14.921875
bspline_learned_graph,4504,ctx_8,1.0695521315777476,400,17.94333350004665,0.21926545346089565,102,0.850286678116852,298,1.0309278350515463,11.363636363636363
bspline_learned_graph,4504,extrapolation,0.850286678116852,298,13.58245718462104,0.0,0,0.850286678116852,298,1.0309278350515463,11.363636363636363
bspline_learned_graph,4505,ctx_8,1.976058250353234,400,24.402234855954127,0.4826154052656595,91,1.4934428450875745,309,0.0,17.0
bspline_learned_graph,4505,extrapolation,1.4934428450875745,309,18.533110579175634,0.0,0,1.4934428450875745,309,0.0,17.0
bspline_learned_graph,4506,ctx_8,1.5210175885790727,400,20.681093137763195,0.27577543480923067,83,1.245242153769842,317,0.7772020725388601,13.382352941176471
bspline_learned_graph,4506,extrapolation,1.245242153769842,317,16.61072843474824,0.0,0,1.245242153769842,317,0.7772020725388601,13.382352941176471
bspline_learned_graph,4507,ctx_8,1.6301502624395645,400,22.82206006017465,0.327761940025627,89,1.3023883224139374,311,0.0,16.91176470588235
bspline_learned_graph,4507,extrapolation,1.3023883224139374,311,17.823747175870153,0.0,0,1.3023883224139374,311,0.0,16.91176470588235
bspline_learned_graph,4508,ctx_8,0.2581870830741826,400,7.826794869854201,0.05313247428406791,95,0.20505460879011467,305,0.783289817232376,20.53030303030303
bspline_learned_graph,4508,extrapolation,0.20505460879011467,305,5.849082486740637,0.0,0,0.20505460879011467,305,0.783289817232376,20.53030303030303
bspline_learned_graph,4509,ctx_8,0.35840052487097257,400,9.907411601078511,0.045565700923409835,78,0.31283482394756273,322,1.0362694300518134,17.34375
bspline_learned_graph,4509,extrapolation,0.31283482394756273,322,8.283338772190849,0.0,0,0.31283482394756273,322,1.0362694300518134,17.34375
bspline_learned_graph,4510,ctx_8,5.1241983151757005,400,38.20207263254339,0.8902521156802592,87,4.233946199495441,313,0.7614213197969543,20.294117647058822
bspline_learned_graph,4510,extrapolation,4.233946199495441,313,30.831779228793636,0.0,0,4.233946199495441,313,0.7614213197969543,20.294117647058822
bspline_learned_graph,4511,ctx_8,2.926964009292881,400,25.70996844571109,0.6636080768664799,81,2.2633559324264008,319,1.0204081632653061,26.397058823529413
bspline_learned_graph,4511,extrapolation,2.2633559324264008,319,20.44231384608288,0.0,0,2.2633559324264008,319,1.0204081632653061,26.397058823529413
bspline_learned_graph,4512,ctx_8,1.9771190247037447,400,21.784645977316735,0.3711224665440024,89,1.6059965581597422,311,0.5167958656330749,26.029411764705884
bspline_learned_graph,4512,extrapolation,1.6059965581597422,311,17.745660721359492,0.0,0,1.6059965581597422,311,0.5167958656330749,26.029411764705884
bspline_learned_graph,4513,ctx_8,2.31401309914315,400,25.839866742333164,0.43571505461890625,90,1.8782980445242434,310,1.2755102040816326,30.984848484848484
bspline_learned_graph,4513,extrapolation,1.8782980445242434,310,20.427855573734224,0.0,0,1.8782980445242434,310,1.2755102040816326,30.984848484848484
bspline_learned_graph,4514,ctx_8,0.7756206041131345,400,13.309656067478185,0.16585001885738607,86,0.6097705852557483,314,1.3227513227513228,29.242424242424242
bspline_learned_graph,4514,extrapolation,0.6097705852557483,314,10.364569727572057,0.0,0,0.6097705852557483,314,1.3227513227513228,29.242424242424242
bspline_learned_graph,4515,ctx_8,2.4449847969633463,400,28.489782404708777,0.6341418748940156,101,1.8108429220693305,299,0.5128205128205128,28.59375
bspline_learned_graph,4515,extrapolation,1.8108429220693305,299,21.177476269404814,0.0,0,1.8108429220693305,299,0.5128205128205128,28.59375
bspline_learned_graph,4516,ctx_8,1.3366803730732852,400,16.30736680184515,0.1807606981238066,77,1.1559196749494787,323,2.34375,32.642857142857146
bspline_learned_graph,4516,extrapolation,1.1559196749494787,323,14.039889139818229,0.0,0,1.1559196749494787,323,2.34375,32.642857142857146
bspline_learned_graph,4517,ctx_8,1.2608758858065894,400,16.31240846084544,0.3756889860721678,96,0.8851868997344217,304,2.8947368421052633,25.703125
bspline_learned_graph,4517,extrapolation,0.8851868997344217,304,12.04245012339908,0.0,0,0.8851868997344217,304,2.8947368421052633,25.703125
bspline_learned_graph,4518,ctx_8,1.3027118649095932,400,17.658540767233305,0.32339564714837643,78,0.9793162177612168,322,1.5267175572519085,25.928571428571427
bspline_learned_graph,4518,extrapolation,0.9793162177612168,322,14.040323407617864,0.0,0,0.9793162177612168,322,1.5267175572519085,25.928571428571427
bspline_learned_graph,4519,ctx_8,2.795006800998042,400,25.303916043995425,0.8017146410485672,94,1.9932921599494748,306,1.0282776349614395,25.36764705882353
bspline_learned_graph,4519,extrapolation,1.9932921599494748,306,18.87125541922693,0.0,0,1.9932921599494748,306,1.0282776349614395,25.36764705882353
bspline_learned_graph,4520,ctx_8,1.4540571185014597,400,19.93101572649288,0.21358001240923033,81,1.2404771060922293,319,1.5424164524421593,29.044117647058822
bspline_learned_graph,4520,extrapolation,1.2404771060922293,319,16.512753297080707,0.0,0,1.2404771060922293,319,1.5424164524421593,29.044117647058822
bspline_learned_graph,4521,ctx_8,1.4640818230072574,400,20.00452234554392,0.2166885425545741,81,1.2473932804526833,319,1.7632241813602014,26.544117647058822
bspline_learned_graph,4521,extrapolation,1.2473932804526833,319,16.49020957667763,0.0,0,1.2473932804526833,319,1.7632241813602014,26.544117647058822
bspline_learned_graph,4522,ctx_8,1.9213296913285536,400,21.382778965836383,0.31522708950087663,76,1.606102601827677,324,0.7633587786259542,26.323529411764707
bspline_learned_graph,4522,extrapolation,1.606102601827677,324,17.629321283640294,0.0,0,1.606102601827677,324,0.7633587786259542,26.323529411764707
bspline_learned_graph,4523,ctx_8,1.6783612031901598,400,21.203727637688623,0.37514151950341124,88,1.3032196836867485,312,2.0618556701030926,21.93548387096774
bspline_learned_graph,4523,extrapolation,1.3032196836867485,312,16.505480219092515,0.0,0,1.3032196836867485,312,2.0618556701030926,21.93548387096774
bspline_learned_graph,4524,ctx_8,0.41255959231642136,400,9.714672190547395,0.05335927369932683,79,0.35920031861709456,321,2.3136246786632393,26.893939393939394
bspline_learned_graph,4524,extrapolation,0.35920031861709456,321,8.154625347256637,0.0,0,0.35920031861709456,321,2.3136246786632393,26.893939393939394
bspline_learned_graph,4525,ctx_8,0.841086514966098,400,14.191871244077575,0.18975341991841357,94,0.6513330950476843,306,1.0362694300518134,22.647058823529413
bspline_learned_graph,4525,extrapolation,0.6513330950476843,306,10.937667266397913,0.0,0,0.6513330950476843,306,1.0362694300518134,22.647058823529413
bspline_learned_graph,4526,ctx_8,0.6467846653688002,400,12.622054659058374,0.11180729135500662,84,0.5349773740137935,316,1.5584415584415585,24.84375
bspline_learned_graph,4526,extrapolation,0.5349773740137935,316,10.205810691819256,0.0,0,0.5349773740137935,316,1.5584415584415585,24.84375
bspline_learned_graph,4527,ctx_8,2.5587100774776586,400,28.20379653706917,0.6733783206090187,93,1.8853317568686396,307,2.030456852791878,22.954545454545453
bspline_learned_graph,4527,extrapolation,1.8853317568686396,307,20.949425052694867,0.0,0,1.8853317568686396,307,2.030456852791878,22.954545454545453
bspline_learned_graph,4528,ctx_8,1.071412904660129,400,17.118533604027046,0.1294657975444957,63,0.9419471071156333,337,2.051282051282051,24.015151515151516
bspline_learned_graph,4528,extrapolation,0.9419471071156333,337,14.618171290868002,0.0,0,0.9419471071156333,337,2.051282051282051,24.015151515151516
bspline_learned_graph,4529,ctx_8,1.3708302090751825,400,19.945791871056,0.3320510522488106,86,1.038779156826372,314,0.5076142131979695,20.078125
bspline_learned_graph,4529,extrapolation,1.038779156826372,314,15.071472786276182,0.0,0,1.038779156826372,314,0.5076142131979695,20.078125
bspline_learned_graph,4530,ctx_8,0.4404442944695778,400,10.327844100914248,0.04989495812928044,67,0.39054933634029737,333,0.5167958656330749,25.735294117647058
bspline_learned_graph,4530,extrapolation,0.39054933634029737,333,8.79401840376799,0.0,0,0.39054933634029737,333,0.5167958656330749,25.735294117647058
bspline_learned_graph,4531,ctx_8,0.34744474027041705,400,9.151234233469355,0.07020550042465486,101,0.27723923984576226,299,1.3054830287206267,25.857142857142858
bspline_learned_graph,4531,extrapolation,0.27723923984576226,299,7.04571161258824,0.0,0,0.27723923984576226,299,1.3054830287206267,25.857142857142858
bspline_learned_graph,4532,ctx_8,0.4586016871335356,400,10.176337459063792,0.07861085537633446,81,0.37999083175720116,319,2.0618556701030926,24.545454545454547
bspline_learned_graph,4532,extrapolation,0.37999083175720116,319,8.159192641485715,0.0,0,0.37999083175720116,319,2.0618556701030926,24.545454545454547
bspline_learned_graph,4533,ctx_8,0.6251411675394956,400,12.934644674431118,0.11848601050874406,90,0.5066551570307515,310,0.7614213197969543,19.696969696969695
bspline_learned_graph,4533,extrapolation,0.5066551570307515,310,10.040860085498977,0.0,0,0.5066551570307515,310,0.7614213197969543,19.696969696969695
bspline_learned_graph,4534,ctx_8,0.3625062909332918,400,9.190009331494675,0.049668419065466034,86,0.31283787186782575,314,2.030456852791878,20.703125
bspline_learned_graph,4534,extrapolation,0.31283787186782575,314,7.537616928474598,0.0,0,0.31283787186782575,314,2.030456852791878,20.703125
bspline_learned_graph,4535,ctx_8,0.6231661855700964,400,13.359769289015007,0.09985458079346705,87,0.5233116047766293,313,0.7672634271099744,23.676470588235293
bspline_learned_graph,4535,extrapolation,0.5233116047766293,313,10.724149467604551,0.0,0,0.5233116047766293,313,0.7672634271099744,23.676470588235293
bspline_learned_graph,4536,ctx_8,1.1868665817432933,400,19.113312427861683,0.21986969308637674,89,0.9669968886569165,311,0.7978723404255319,23.515625
bspline_learned_graph,4536,extrapolation,0.9669968886569165,311,14.971076055108018,0.0,0,0.9669968886569165,311,0.7978723404255319,23.515625
bspline_learned_graph,4537,ctx_8,2.4001738819890317,400,27.228135193182112,0.4414437846964535,79,1.9587300972925785,321,3.0303030303030303,22.87878787878788
bspline_learned_graph,4537,extrapolation,1.9587300972925785,321,21.968392512127828,0.0,0,1.9587300972925785,321,3.0303030303030303,22.87878787878788
bspline_learned_graph,4538,ctx_8,2.0226155668730197,400,23.821097828120458,0.3186081933876425,91,1.7040073734853776,309,1.6042780748663101,23.03030303030303
bspline_learned_graph,4538,extrapolation,1.7040073734853776,309,19.40205469648565,0.0,0,1.7040073734853776,309,1.6042780748663101,23.03030303030303
bspline_learned_graph,4539,ctx_8,0.9525353970777235,400,17.283854057493535,0.2274947085268712,97,0.7250406885508522,303,2.284263959390863,28.671875
bspline_learned_graph,4539,extrapolation,0.7250406885508522,303,13.067553495403015,0.0,0,0.7250406885508522,303,2.284263959390863,28.671875
svi_temporal,4500,ctx_8,0.2743945221013044,400,7.8406137276193135,0.08176226453425085,93,0.1926322575670535,307,0.0,16.928571428571427
svi_temporal,4500,extrapolation,0.1926322575670535,307,5.619061196639311,0.0,0,0.1926322575670535,307,0.0,16.928571428571427
svi_temporal,4501,ctx_8,0.5185913325810578,400,11.62238281320323,0.1111956300658293,89,0.40739570251522844,311,0.0,28.306451612903224
svi_temporal,4501,extrapolation,0.40739570251522844,311,8.81612983576202,0.0,0,0.40739570251522844,311,0.0,28.306451612903224
svi_temporal,4502,ctx_8,0.39978667150922215,400,9.542233957147795,0.17800346127716862,76,0.2217832102320535,324,0.0,12.5
svi_temporal,4502,extrapolation,0.2217832102320535,324,6.5413227494132435,0.0,0,0.2217832102320535,324,0.0,12.5
svi_temporal,4503,ctx_8,0.29645991107551833,400,8.55245853810898,0.09374622626866655,86,0.2027136848068518,314,0.0,13.90625
svi_temporal,4503,extrapolation,0.2027136848068518,314,6.404085030423955,0.0,0,0.2027136848068518,314,0.0,13.90625
svi_temporal,4504,ctx_8,0.21907938014605405,400,7.167743625401098,0.08937348364983097,102,0.12970589649622308,298,0.0,3.5606060606060606
svi_temporal,4504,extrapolation,0.12970589649622308,298,4.854918395917646,0.0,0,0.12970589649622308,298,0.0,3.5606060606060606
svi_temporal,4505,ctx_8,0.2904099301686983,400,8.357162792091035,0.09929697828154684,91,0.19111295188715147,309,0.0,13.5
svi_temporal,4505,extrapolation,0.19111295188715147,309,5.835556583224676,0.0,0,0.19111295188715147,309,0.0,13.5
svi_temporal,4506,ctx_8,0.22525266023547064,400,7.352690979251813,0.06782412531865198,83,0.15742853491681866,317,0.0,8.676470588235293
svi_temporal,4506,extrapolation,0.15742853491681866,317,5.4543716795793955,0.0,0,0.15742853491681866,317,0.0,8.676470588235293
svi_temporal,4507,ctx_8,0.2431919687169822,400,7.642815148653991,0.09387062142971982,89,0.14932134728726237,311,0.0,18.676470588235293
svi_temporal,4507,extrapolation,0.14932134728726237,311,5.071505522465017,0.0,0,0.14932134728726237,311,0.0,18.676470588235293
svi_temporal,4508,ctx_8,0.571126500646159,400,12.142486193682094,0.09409868577925239,95,0.4770278148669066,305,0.0,22.424242424242426
svi_temporal,4508,extrapolation,0.4770278148669066,305,9.660593131549305,0.0,0,0.4770278148669066,305,0.0,22.424242424242426
svi_temporal,4509,ctx_8,0.33190190215500287,400,8.900300583782336,0.0339801651489322,78,0.29792173700607066,322,0.0,16.71875
svi_temporal,4509,extrapolation,0.29792173700607066,322,7.568808706478286,0.0,0,0.29792173700607066,322,0.0,16.71875
svi_temporal,4510,ctx_8,1.594714010383216,400,18.942376273864646,0.5312335760740684,87,1.0634804343091475,313,0.0,28.455882352941178
svi_temporal,4510,extrapolation,1.0634804343091475,313,13.852156264580355,0.0,0,1.0634804343091475,313,0.0,28.455882352941178
svi_temporal,4511,ctx_8,0.7550681546242927,400,11.550340878412246,0.3971565672497086,81,0.3579115873745841,319,0.0,21.61764705882353
svi_temporal,4511,extrapolation,0.3579115873745841,319,7.928984445505844,0.0,0,0.3579115873745841,319,0.0,21.61764705882353
svi_temporal,4512,ctx_8,0.38791184019217306,400,9.263069361600158,0.09596122167061007,89,0.29195061852156307,311,0.0,10.441176470588236
svi_temporal,4512,extrapolation,0.29195061852156307,311,7.3038770483152895,0.0,0,0.29195061852156307,311,0.0,10.441176470588236
svi_temporal,4513,ctx_8,0.29886889108548065,400,8.460976820597018,0.10680914644160833,90,0.19205974464387232,310,0.0,18.560606060606062
svi_temporal,4513,extrapolation,0.19205974464387232,310,5.934409273889691,0.0,0,0.19205974464387232,310,0.0,18.560606060606062
svi_temporal,4514,ctx_8,0.6192094967118347,400,11.779220842008323,0.0654086477208356,86,0.5538008489909991,314,0.0,21.666666666666668
svi_temporal,4514,extrapolation,0.5538008489909991,314,9.895525967385986,0.0,0,0.5538008489909991,314,0.0,21.666666666666668
svi_temporal,4515,ctx_8,0.44307417887161227,400,10.077279666539773,0.161832717326667,101,0.2812414615449453,299,0.0,16.484375
svi_temporal,4515,extrapolation,0.2812414615449453,299,6.961363158413397,0.0,0,0.2812414615449453,299,0.0,16.484375
svi_temporal,4516,ctx_8,0.33655480248428915,400,8.942876305849772,0.03796321609691086,77,0.2985915863873783,323,0.0,12.071428571428571
svi_temporal,4516,extrapolation,0.2985915863873783,323,7.729742438689742,0.0,0,0.2985915863873783,323,0.0,12.071428571428571
svi_temporal,4517,ctx_8,0.22048791201115628,400,7.236399201896153,0.06327044319850852,96,0.15721746881264775,304,0.0,4.21875
svi_temporal,4517,extrapolation,0.15721746881264775,304,5.2691586199953235,0.0,0,0.15721746881264775,304,0.0,4.21875
svi_temporal,4518,ctx_8,0.42128728383260405,400,9.777875381443941,0.0756423029438735,78,0.3456449808887305,322,0.0,11.714285714285714
svi_temporal,4518,extrapolation,0.3456449808887305,322,7.834765753550236,0.0,0,0.3456449808887305,322,0.0,11.714285714285714
svi_temporal,4519,ctx_8,0.46365142009098537,400,10.384896406147067,0.2136228746123255,94,0.2500285454786598,306,0.0,15.808823529411764
svi_temporal,4519,extrapolation,0.2500285454786598,306,6.94654483038639,0.0,0,0.2500285454786598,306,0.0,15.808823529411764
svi_temporal,4520,ctx_8,0.19487807529811146,400,6.837760901788615,0.03898317268628135,81,0.15589490261183012,319,0.0,6.323529411764706
svi_temporal,4520,extrapolation,0.15589490261183012,319,5.333904291767046,0.0,0,0.15589490261183012,319,0.0,6.323529411764706
svi_temporal,4521,ctx_8,0.18214864131468234,400,6.468056712134638,0.026520220264647537,81,0.15562842105003483,319,0.0,10.147058823529411
svi_temporal,4521,extrapolation,0.15562842105003483,319,5.480759481077952,0.0,0,0.15562842105003483,319,0.0,10.147058823529411
svi_temporal,4522,ctx_8,0.18127192781477675,400,6.61771695427441,0.04011960448026656,76,0.14115232333451017,324,0.0,9.264705882352942
svi_temporal,4522,extrapolation,0.14115232333451017,324,5.104918481213635,0.0,0,0.14115232333451017,324,0.0,9.264705882352942
svi_temporal,4523,ctx_8,0.24531563559368513,400,7.26926484867185,0.0564475167250528,88,0.18886811886863236,312,0.0,3.629032258064516
svi_temporal,4523,extrapolation,0.18886811886863236,312,5.359213837195404,0.0,0,0.18886811886863236,312,0.0,3.629032258064516
svi_temporal,4524,ctx_8,0.5112561364882906,400,10.884854992221111,0.056058845127438334,79,0.45519729136085224,321,0.0,17.196969696969695
svi_temporal,4524,extrapolation,0.45519729136085224,321,9.427757522607621,0.0,0,0.45519729136085224,321,0.0,17.196969696969695
svi_temporal,4525,ctx_8,0.8117303101885851,400,13.287671410458191,0.06259347936440558,94,0.7491368308241797,306,0.0,13.823529411764707
svi_temporal,4525,extrapolation,0.7491368308241797,306,11.429365104309188,0.0,0,0.7491368308241797,306,0.0,13.823529411764707
svi_temporal,4526,ctx_8,0.367471616761468,400,9.619062977910268,0.072178034888691,84,0.295293581872777,316,0.0,9.6875
svi_temporal,4526,extrapolation,0.295293581872777,316,7.616658927075607,0.0,0,0.295293581872777,316,0.0,9.6875
svi_temporal,4527,ctx_8,0.8728609869518045,400,15.081401482113895,0.22276847982937922,93,0.6500925071224253,307,0.0,16.363636363636363
svi_temporal,4527,extrapolation,0.6500925071224253,307,11.007717434423085,0.0,0,0.6500925071224253,307,0.0,16.363636363636363
svi_temporal,4528,ctx_8,0.29685254555862617,400,7.859863014022803,0.03940795372630904,63,0.25744459183231716,337,0.0,16.818181818181817
svi_temporal,4528,extrapolation,0.25744459183231716,337,6.617980125561987,0.0,0,0.25744459183231716,337,0.0,16.818181818181817
svi_temporal,4529,ctx_8,1.4061550163755783,400,19.292014521368113,0.4009410588772824,86,1.0052139574982961,314,0.0,15.15625
svi_temporal,4529,extrapolation,1.0052139574982961,314,14.264826307043084,0.0,0,1.0052139574982961,314,0.0,15.15625
svi_temporal,4530,ctx_8,0.40078520410041446,400,9.945548561575855,0.08058962973769411,67,0.3201955743627204,333,0.0,18.014705882352942
svi_temporal,4530,extrapolation,0.3201955743627204,333,8.022969852747902,0.0,0,0.3201955743627204,333,0.0,18.014705882352942
svi_temporal,4531,ctx_8,0.1716730162737155,400,5.761464952686465,0.04870230357588029,101,0.12297071269783522,299,0.0,10.714285714285714
svi_temporal,4531,extrapolation,0.12297071269783522,299,4.173132088980779,0.0,0,0.12297071269783522,299,0.0,10.714285714285714
svi_temporal,4532,ctx_8,0.1601795167692806,400,5.327299994717848,0.016880456427539412,81,0.14329906034174117,319,0.0,14.318181818181818
svi_temporal,4532,extrapolation,0.14329906034174117,319,4.317393447821323,0.0,0,0.14329906034174117,319,0.0,14.318181818181818
svi_temporal,4533,ctx_8,0.30863997955694544,400,8.447253586929113,0.03489926774201851,90,0.2737407118149269,310,0.0,16.21212121212121
svi_temporal,4533,extrapolation,0.2737407118149269,310,7.038186520697755,0.0,0,0.2737407118149269,310,0.0,16.21212121212121
svi_temporal,4534,ctx_8,0.24269605785201132,400,7.488340772032114,0.039850432581371775,86,0.20284562527063957,314,0.0,10.0
svi_temporal,4534,extrapolation,0.20284562527063957,314,5.976899961883214,0.0,0,0.20284562527063957,314,0.0,10.0
svi_temporal,4535,ctx_8,0.3020728588673717,400,8.532777674365338,0.05315919427763174,87,0.24891366458973996,313,0.0,16.764705882352942
svi_temporal,4535,extrapolation,0.24891366458973996,313,6.95068626813447,0.0,0,0.24891366458973996,313,0.0,16.764705882352942
svi_temporal,4536,ctx_8,0.6732638880298814,400,12.925885162029715,0.12999226985337217,89,0.5432716181765093,311,0.0,19.140625
svi_temporal,4536,extrapolation,0.5432716181765093,311,10.271104418765606,0.0,0,0.5432716181765093,311,0.0,19.140625
svi_temporal,4537,ctx_8,0.865258375869304,400,13.04086055623813,0.14757397121231344,79,0.7176844046569905,321,0.0,12.878787878787879
svi_temporal,4537,extrapolation,0.7176844046569905,321,10.263055437275241,0.0,0,0.7176844046569905,321,0.0,12.878787878787879
svi_temporal,4538,ctx_8,0.6030283282824984,400,10.117689434931348,0.026417334600226404,91,0.5766109936822721,309,0.0,15.530303030303031
svi_temporal,4538,extrapolation,0.5766109936822721,309,8.831623332687752,0.0,0,0.5766109936822721,309,0.0,15.530303030303031
svi_temporal,4539,ctx_8,1.0765443814546751,400,16.176482027042603,0.12910903557106937,97,0.9474353458836056,303,0.0,22.03125
svi_temporal,4539,extrapolation,0.9474353458836056,303,13.171573749135076,0.0,0,0.9474353458836056,303,0.0,22.03125
svi_temporal_graph,4500,ctx_8,0.18073344966367555,400,6.4946372276866935,0.04845188996625953,93,0.132281559697416,307,0.0,8.357142857142858
svi_temporal_graph,4500,extrapolation,0.132281559697416,307,4.751073129313129,0.0,0,0.132281559697416,307,0.0,8.357142857142858
svi_temporal_graph,4501,ctx_8,0.25256377351705617,400,8.774054975281746,0.07595168555626948,89,0.17661208796078673,311,0.0,0.967741935483871
svi_temporal_graph,4501,extrapolation,0.17661208796078673,311,6.42549315685879,0.0,0,0.17661208796078673,311,0.0,0.967741935483871
svi_temporal_graph,4502,ctx_8,0.2126315427793658,400,7.448284045398253,0.07819876031964584,76,0.13443278245971998,324,0.0,0.0
svi_temporal_graph,4502,extrapolation,0.13443278245971998,324,5.306142826358755,0.0,0,0.13443278245971998,324,0.0,0.0
svi_temporal_graph,4503,ctx_8,0.18811923165515315,400,7.078373170748897,0.046641075414356956,86,0.14147815624079618,314,0.0,0.0
svi_temporal_graph,4503,extrapolation,0.14147815624079618,314,5.449990133452168,0.0,0,0.14147815624079618,314,0.0,0.0
svi_temporal_graph,4504,ctx_8,0.19218543281658385,400,7.171630755067247,0.07210273687015827,102,0.12008269594642558,298,0.0,0.5303030303030303
svi_temporal_graph,4504,extrapolation,0.12008269594642558,298,4.839525213686157,0.0,0,0.12008269594642558,298,0.0,0.5303030303030303
svi_temporal_graph,4505,ctx_8,0.5000179928177724,400,11.628451205870787,0.15834974839648325,91,0.3416682444212892,309,0.0,7.142857142857143
svi_temporal_graph,4505,extrapolation,0.3416682444212892,309,8.28892206263475,0.0,0,0.3416682444212892,309,0.0,7.142857142857143
svi_temporal_graph,4506,ctx_8,0.3385200133184817,400,9.389391491968619,0.0804412700738833,83,0.25807874324459834,317,0.0,3.3088235294117645
svi_temporal_graph,4506,extrapolation,0.25807874324459834,317,7.348946493432143,0.0,0,0.25807874324459834,317,0.0,3.3088235294117645
svi_temporal_graph,4507,ctx_8,0.21106355510464841,400,6.941999192144932,0.10495403366542834,89,0.10610952143922008,311,0.0,5.588235294117647
svi_temporal_graph,4507,extrapolation,0.10610952143922008,311,4.274227447716587,0.0,0,0.10610952143922008,311,0.0,5.588235294117647
svi_temporal_graph,4508,ctx_8,0.3691060832960562,400,9.941895669196242,0.07565904409319019,95,0.293447039202866,305,0.0,9.848484848484848
svi_temporal_graph,4508,extrapolation,0.293447039202866,305,7.90510545275827,0.0,0,0.293447039202866,305,0.0,9.848484848484848
svi_temporal_graph,4509,ctx_8,0.2947641659878786,400,8.794469530768055,0.042603587027375545,78,0.2521605789605031,322,0.0,9.0625
svi_temporal_graph,4509,extrapolation,0.2521605789605031,322,7.262784348285947,0.0,0,0.2521605789605031,322,0.0,9.0625
svi_temporal_graph,4510,ctx_8,1.4975056185973175,400,17.640919839440755,0.4817183580067372,87,1.0157872605905802,313,0.0,17.647058823529413
svi_temporal_graph,4510,extrapolation,1.0157872605905802,313,12.976233921094899,0.0,0,1.0157872605905802,313,0.0,17.647058823529413
svi_temporal_graph,4511,ctx_8,0.9179413706560399,400,14.50182566679987,0.35995930281845956,81,0.5579820678375804,319,0.0,10.514705882352942
svi_temporal_graph,4511,extrapolation,0.5579820678375804,319,11.041961079171948,0.0,0,0.5579820678375804,319,0.0,10.514705882352942
svi_temporal_graph,4512,ctx_8,0.5003598990629232,400,11.051737265767928,0.11278047801513064,89,0.3875794210477925,311,0.0,13.161764705882353
svi_temporal_graph,4512,extrapolation,0.3875794210477925,311,8.644554565383007,0.0,0,0.3875794210477925,311,0.0,13.161764705882353
svi_temporal_graph,4513,ctx_8,0.2598611614557037,400,7.832428061943588,0.07417853252501937,90,0.1856826289306843,310,0.0,8.106060606060606
svi_temporal_graph,4513,extrapolation,0.1856826289306843,310,5.814268227563517,0.0,0,0.1856826289306843,310,0.0,8.106060606060606
svi_temporal_graph,4514,ctx_8,0.5482477450243325,400,12.054421478216671,0.0924992851180956,86,0.4557484599062368,314,0.0,5.454545454545454
svi_temporal_graph,4514,extrapolation,0.4557484599062368,314,9.730103912876977,0.0,0,0.4557484599062368,314,0.0,5.454545454545454
svi_temporal_graph,4515,ctx_8,0.3500675813712047,400,9.401164669817263,0.13857290660592655,101,0.21149467476527806,299,0.0,3.515625
svi_temporal_graph,4515,extrapolation,0.21149467476527806,299,6.249421838406061,0.0,0,0.21149467476527806,299,0.0,3.515625
svi_temporal_graph,4516,ctx_8,0.31238809015668095,400,9.043054689598259,0.04193053414755011,77,0.27045755600913085,323,0.0,7.928571428571429
svi_temporal_graph,4516,extrapolation,0.27045755600913085,323,7.779351094781031,0.0,0,0.27045755600913085,323,0.0,7.928571428571429
svi_temporal_graph,4517,ctx_8,0.23392682217060917,400,7.346116589837932,0.06464414176728883,96,0.16928268040332034,304,0.0,1.015625
svi_temporal_graph,4517,extrapolation,0.16928268040332034,304,5.57008136961418,0.0,0,0.16928268040332034,304,0.0,1.015625
svi_temporal_graph,4518,ctx_8,0.4932710454478907,400,11.669352160856363,0.08316869457532526,78,0.4101023508725654,322,0.0,12.785714285714286
svi_temporal_graph,4518,extrapolation,0.4101023508725654,322,9.564212515910665,0.0,0,0.4101023508725654,322,0.0,12.785714285714286
svi_temporal_graph,4519,ctx_8,0.5047953409509609,400,10.010555745010324,0.2373603691825385,94,0.26743497176842235,306,0.0,6.029411764705882
svi_temporal_graph,4519,extrapolation,0.26743497176842235,306,6.484659714461455,0.0,0,0.26743497176842235,306,0.0,6.029411764705882
svi_temporal_graph,4520,ctx_8,0.25355301931586255,400,8.091651197787126,0.04958763247165414,81,0.2039653868442084,319,0.0,0.22058823529411764
svi_temporal_graph,4520,extrapolation,0.2039653868442084,319,6.502106703961823,0.0,0,0.2039653868442084,319,0.0,0.22058823529411764
svi_temporal_graph,4521,ctx_8,0.1916147231941293,400,7.138481678918982,0.03078146761346397,81,0.16083325558066536,319,0.0,6.764705882352941
svi_temporal_graph,4521,extrapolation,0.16083325558066536,319,5.779461313504886,0.0,0,0.16083325558066536,319,0.0,6.764705882352941
svi_temporal_graph,4522,ctx_8,0.325047235153219,400,9.595607315400986,0.07271473117091384,76,0.25233250398230517,324,0.0,6.470588235294118
svi_temporal_graph,4522,extrapolation,0.25233250398230517,324,7.65142179744579,0.0,0,0.25233250398230517,324,0.0,6.470588235294118
svi_temporal_graph,4523,ctx_8,0.30044633438071044,400,8.914490559514391,0.0744431479993461,88,0.22600318638136432,312,0.0,9.03225806451613
svi_temporal_graph,4523,extrapolation,0.22600318638136432,312,6.609539892773361,0.0,0,0.22600318638136432,312,0.0,9.03225806451613
svi_temporal_graph,4524,ctx_8,0.46159742528246045,400,9.961079859388297,0.04678645527714047,79,0.41481097000531997,321,0.0,13.333333333333334
svi_temporal_graph,4524,extrapolation,0.41481097000531997,321,8.542985546148076,0.0,0,0.41481097000531997,321,0.0,13.333333333333334
svi_temporal_graph,4525,ctx_8,0.7354392553727203,400,12.495430873086422,0.10161711173959279,94,0.6338221436331276,306,0.0,11.764705882352942
svi_temporal_graph,4525,extrapolation,0.6338221436331276,306,10.308980501633414,0.0,0,0.6338221436331276,306,0.0,11.764705882352942
svi_temporal_graph,4526,ctx_8,0.5225764005884947,400,12.298715009530838,0.11638791281969235,84,0.40618848776880234,316,0.0,9.6875
svi_temporal_graph,4526,extrapolation,0.40618848776880234,316,9.664245149730842,0.0,0,0.40618848776880234,316,0.0,9.6875
svi_temporal_graph,4527,ctx_8,1.0918859516303312,400,18.68780506263062,0.32630054157467653,93,0.7655854100556547,307,0.0,18.939393939393938
svi_temporal_graph,4527,extrapolation,0.7655854100556547,307,13.616164663813569,0.0,0,0.7655854100556547,307,0.0,18.939393939393938
svi_temporal_graph,4528,ctx_8,0.7355012661851866,400,13.557319878427538,0.13150916771009655,63,0.6039920984750902,337,0.0,15.075757575757576
svi_temporal_graph,4528,extrapolation,0.6039920984750902,337,11.315466020639366,0.0,0,0.6039920984750902,337,0.0,15.075757575757576
svi_temporal_graph,4529,ctx_8,0.7993562971282961,400,15.587252647041517,0.2740362885483823,86,0.5253200085799139,314,0.0,11.796875
svi_temporal_graph,4529,extrapolation,0.5253200085799139,314,11.227345145162985,0.0,0,0.5253200085799139,314,0.0,11.796875
svi_temporal_graph,4530,ctx_8,0.33898188099867,400,9.336621408370819,0.07102981749983138,67,0.26795206349883866,333,0.0,10.514705882352942
svi_temporal_graph,4530,extrapolation,0.26795206349883866,333,7.487814015239036,0.0,0,0.26795206349883866,333,0.0,10.514705882352942
svi_temporal_graph,4531,ctx_8,0.24772315921145377,400,8.08596209256627,0.06952626893237718,101,0.1781968902790766,299,0.0,7.857142857142857
svi_temporal_graph,4531,extrapolation,0.1781968902790766,299,6.085159853995883,0.0,0,0.1781968902790766,299,0.0,7.857142857142857
svi_temporal_graph,4532,ctx_8,0.20607396626975405,400,6.471154625219851,0.0312722867508733,81,0.17480167951888073,319,0.0,8.56060606060606
svi_temporal_graph,4532,extrapolation,0.17480167951888073,319,5.278446747072461,0.0,0,0.17480167951888073,319,0.0,8.56060606060606
svi_temporal_graph,4533,ctx_8,0.34372125427608735,400,9.546546141693621,0.06362772251906365,90,0.2800935317570238,310,0.0,7.651515151515151
svi_temporal_graph,4533,extrapolation,0.2800935317570238,310,7.576751413507678,0.0,0,0.2800935317570238,310,0.0,7.651515151515151
svi_temporal_graph,4534,ctx_8,0.2784121562439942,400,8.439888715843944,0.053980345740422826,86,0.22443181050357133,314,0.0,4.53125
svi_temporal_graph,4534,extrapolation,0.22443181050357133,314,6.7484520622570345,0.0,0,0.22443181050357133,314,0.0,4.53125
svi_temporal_graph,4535,ctx_8,0.3833850183602081,400,10.686516879688428,0.07544298359963013,87,0.307942034760578,313,0.0,13.970588235294118
svi_temporal_graph,4535,extrapolation,0.307942034760578,313,8.41999592346718,0.0,0,0.307942034760578,313,0.0,13.970588235294118
svi_temporal_graph,4536,ctx_8,0.779143541686917,400,15.298302271623179,0.17202543315866212,89,0.6071181085282549,311,0.0,13.4375
svi_temporal_graph,4536,extrapolation,0.6071181085282549,311,12.068984431014073,0.0,0,0.6071181085282549,311,0.0,13.4375
svi_temporal_graph,4537,ctx_8,0.6033404059117133,400,12.76718793800534,0.15547133610007988,79,0.44786906981163344,321,0.0,14.090909090909092
svi_temporal_graph,4537,extrapolation,0.44786906981163344,321,9.736003954774308,0.0,0,0.44786906981163344,321,0.0,14.090909090909092
svi_temporal_graph,4538,ctx_8,0.4700810377422663,400,11.027487272488596,0.060311749181132884,91,0.40976928856113337,309,0.0,13.181818181818182
svi_temporal_graph,4538,extrapolation,0.40976928856113337,309,9.102183836015119,0.0,0,0.40976928856113337,309,0.0,13.181818181818182
svi_temporal_graph,4539,ctx_8,1.1478969979887155,400,17.81021624627401,0.17605860668022538,97,0.97183839130849,303,0.0,21.71875
svi_temporal_graph,4539,extrapolation,0.97183839130849,303,14.443922956175081,0.0,0,0.97183839130849,303,0.0,21.71875
ssvi_temporal,4500,ctx_8,0.19724280920684556,400,7.377147966311688,0.051474742659844246,93,0.1457680665470013,307,0.0,0.8571428571428571
ssvi_temporal,4500,extrapolation,0.1457680665470013,307,5.492413356876231,0.0,0,0.1457680665470013,307,0.0,0.8571428571428571
ssvi_temporal,4501,ctx_8,0.27966917167492555,400,9.167266708397719,0.07601041981129683,89,0.20365875186362875,311,0.0,0.0
ssvi_temporal,4501,extrapolation,0.20365875186362875,311,6.768475747048706,0.0,0,0.20365875186362875,311,0.0,0.0
ssvi_temporal,4502,ctx_8,0.25128680535722636,400,8.36007591307404,0.05546174389071397,76,0.19582506146651238,324,0.0,0.0
ssvi_temporal,4502,extrapolation,0.19582506146651238,324,6.563729433807733,0.0,0,0.19582506146651238,324,0.0,0.0
ssvi_temporal,4503,ctx_8,0.38038950052689713,400,9.725359430793816,0.0609817443515419,86,0.3194077561753552,314,0.0,0.0
ssvi_temporal,4503,extrapolation,0.3194077561753552,314,7.783518856768357,0.0,0,0.3194077561753552,314,0.0,0.0
ssvi_temporal,4504,ctx_8,0.37976264329498277,400,9.760915058405399,0.063306168495713,102,0.31645647479926975,298,0.0,0.0
ssvi_temporal,4504,extrapolation,0.31645647479926975,298,7.6124268670116795,0.0,0,0.31645647479926975,298,0.0,0.0
ssvi_temporal,4505,ctx_8,0.3927321957329964,400,10.094845063371574,0.09613807251799286,91,0.29659412321500356,309,0.0,0.0
ssvi_temporal,4505,extrapolation,0.29659412321500356,309,7.694056022434017,0.0,0,0.29659412321500356,309,0.0,0.0
ssvi_temporal,4506,ctx_8,0.365335084377442,400,9.074462210460153,0.060906679274123104,83,0.3044284051033189,317,0.0,0.0
ssvi_temporal,4506,extrapolation,0.3044284051033189,317,7.383456793619074,0.0,0,0.3044284051033189,317,0.0,0.0
ssvi_temporal,4507,ctx_8,0.29613054765390284,400,8.29072328817086,0.06443462552462638,89,0.23169592212927648,311,0.0,2.3529411764705883
ssvi_temporal,4507,extrapolation,0.23169592212927648,311,6.254019328700074,0.0,0,0.23169592212927648,311,0.0,2.3529411764705883
ssvi_temporal,4508,ctx_8,0.5198552755825152,400,12.599262501743029,0.08847681952205794,95,0.4313784560604572,305,0.0,0.0
ssvi_temporal,4508,extrapolation,0.4313784560604572,305,10.071339890039654,0.0,0,0.4313784560604572,305,0.0,0.0
ssvi_temporal,4509,ctx_8,0.2685966259534885,400,7.892279434300495,0.023001206326747597,78,0.24559541962674086,322,0.0,0.0
ssvi_temporal,4509,extrapolation,0.24559541962674086,322,6.895615849686941,0.0,0,0.24559541962674086,322,0.0,0.0
ssvi_temporal,4510,ctx_8,1.233299913229421,400,18.783930149741426,0.23974703858847204,87,0.9935528746409488,313,0.0,0.14705882352941177
ssvi_temporal,4510,extrapolation,0.9935528746409488,313,14.969972463279476,0.0,0,0.9935528746409488,313,0.0,0.14705882352941177
ssvi_temporal,4511,ctx_8,0.5055555623121368,400,10.89447840369133,0.05864124802103015,81,0.44691431429110656,319,0.0,0.0
ssvi_temporal,4511,extrapolation,0.44691431429110656,319,9.133922999627,0.0,0,0.44691431429110656,319,0.0,0.0
ssvi_temporal,4512,ctx_8,0.4418696957483824,400,10.508265701167884,0.06673580742212622,89,0.37513388832625627,311,0.0,0.0
ssvi_temporal,4512,extrapolation,0.37513388832625627,311,8.73556930390248,0.0,0,0.37513388832625627,311,0.0,0.0
ssvi_temporal,4513,ctx_8,0.6647150354497813,400,13.272522943698068,0.13562184947232045,90,0.5290931859774608,310,0.0,0.0
ssvi_temporal,4513,extrapolation,0.5290931859774608,310,10.284259959120954,0.0,0,0.5290931859774608,310,0.0,0.0
ssvi_temporal,4514,ctx_8,0.8740975871546424,400,14.926481765796307,0.12122400432739515,86,0.7528735828272473,314,0.0,0.0
ssvi_temporal,4514,extrapolation,0.7528735828272473,314,12.146279864805555,0.0,0,0.7528735828272473,314,0.0,0.0
ssvi_temporal,4515,ctx_8,0.3861154838972509,400,10.208460321243088,0.13221713831930335,101,0.25389834557794755,299,0.0,0.0
ssvi_temporal,4515,extrapolation,0.25389834557794755,299,7.086724089625854,0.0,0,0.25389834557794755,299,0.0,0.0
ssvi_temporal,4516,ctx_8,0.476475526050174,400,11.122752821428946,0.06841327387191684,77,0.4080622521782572,323,0.0,0.0
ssvi_temporal,4516,extrapolation,0.4080622521782572,323,9.164934941645784,0.0,0,0.4080622521782572,323,0.0,0.0
ssvi_temporal,4517,ctx_8,0.39785539396016,400,10.178651819201988,0.08004756588120598,96,0.31780782807895397,304,0.0,0.0
ssvi_temporal,4517,extrapolation,0.31780782807895397,304,7.91197386815959,0.0,0,0.31780782807895397,304,0.0,0.0
ssvi_temporal,4518,ctx_8,0.42474566107925205,400,11.249821478944838,0.06479533163420219,78,0.35995032944504984,322,0.0,0.0
ssvi_temporal,4518,extrapolation,0.35995032944504984,322,9.252871503009851,0.0,0,0.35995032944504984,322,0.0,0.0
ssvi_temporal,4519,ctx_8,0.4954532171616981,400,11.515978939799663,0.15774519201263346,94,0.3377080251490647,306,0.0,0.0
ssvi_temporal,4519,extrapolation,0.3377080251490647,306,8.359759092444257,0.0,0,0.3377080251490647,306,0.0,0.0
ssvi_temporal,4520,ctx_8,0.3052015145889688,400,8.780916547751739,0.04235830856671863,81,0.26284320602225025,319,0.0,0.0
ssvi_temporal,4520,extrapolation,0.26284320602225025,319,7.1864926724646425,0.0,0,0.26284320602225025,319,0.0,0.0
ssvi_temporal,4521,ctx_8,0.3105039988727752,400,9.106611991383453,0.06713736386371068,81,0.24336663500906452,319,0.0,0.0
ssvi_temporal,4521,extrapolation,0.24336663500906452,319,7.109394988944265,0.0,0,0.24336663500906452,319,0.0,0.0
ssvi_temporal,4522,ctx_8,0.3286544940948737,400,8.807501947314437,0.08303830854198618,76,0.24561618555288747,324,0.0,0.0
ssvi_temporal,4522,extrapolation,0.24561618555288747,324,6.836983435593872,0.0,0,0.24561618555288747,324,0.0,0.0
ssvi_temporal,4523,ctx_8,0.3363135952133634,400,9.304390058776347,0.06258208149523822,88,0.27373151371812515,312,0.0,0.0
ssvi_temporal,4523,extrapolation,0.27373151371812515,312,7.336754571157466,0.0,0,0.27373151371812515,312,0.0,0.0
ssvi_temporal,4524,ctx_8,0.38736605388651013,400,9.594128912606436,0.030656444717870986,79,0.3567096091686391,321,0.0,0.0
ssvi_temporal,4524,extrapolation,0.3567096091686391,321,8.396070066090719,0.0,0,0.3567096091686391,321,0.0,0.0
ssvi_temporal,4525,ctx_8,0.36628450836903725,400,10.032975348107609,0.035092128987278676,94,0.3311923793817586,306,0.0,0.0
ssvi_temporal,4525,extrapolation,0.3311923793817586,306,8.427257285060424,0.0,0,0.3311923793817586,306,0.0,0.0
ssvi_temporal,4526,ctx_8,0.26054310204463377,400,8.84278723028247,0.05540878139860918,84,0.20513432064602455,316,0.0,0.0
ssvi_temporal,4526,extrapolation,0.20513432064602455,316,6.982279111646944,0.0,0,0.20513432064602455,316,0.0,0.0
ssvi_temporal,4527,ctx_8,0.41296036186442786,400,10.417385029497112,0.07701338079070025,93,0.33594698107372767,307,0.0,0.0
ssvi_temporal,4527,extrapolation,0.33594698107372767,307,8.264493077047462,0.0,0,0.33594698107372767,307,0.0,0.0
ssvi_temporal,4528,ctx_8,0.1831431061146756,400,6.636253125013454,0.025957544397154374,63,0.15718556171752124,337,0.0,0.0
ssvi_temporal,4528,extrapolation,0.15718556171752124,337,5.518590841650773,0.0,0,0.15718556171752124,337,0.0,0.0
ssvi_temporal,4529,ctx_8,0.5992998404331822,400,14.586016152938033,0.2057201229265986,86,0.39357971750658366,314,0.0,0.0
ssvi_temporal,4529,extrapolation,0.39357971750658366,314,10.50710807152714,0.0,0,0.39357971750658366,314,0.0,0.0
ssvi_temporal,4530,ctx_8,0.16328114403148547,400,5.482651573179124,0.032759860147611924,67,0.13052128388387355,333,0.0,0.0
ssvi_temporal,4530,extrapolation,0.13052128388387355,333,4.304682491506789,0.0,0,0.13052128388387355,333,0.0,0.0
ssvi_temporal,4531,ctx_8,0.15005282533525616,400,5.728822014242942,0.03167303727960076,101,0.11837978805565536,299,0.0,0.0
ssvi_temporal,4531,extrapolation,0.11837978805565536,299,4.372827809501115,0.0,0,0.11837978805565536,299,0.0,0.0
ssvi_temporal,4532,ctx_8,0.15516982572413668,400,6.289752387465985,0.033626790048538586,81,0.12154303567559807,319,0.0,0.0
ssvi_temporal,4532,extrapolation,0.12154303567559807,319,4.88323108126198,0.0,0,0.12154303567559807,319,0.0,0.0
ssvi_temporal,4533,ctx_8,0.2834272195782909,400,8.612404373127621,0.08926713689448693,90,0.19416008268380397,310,0.0,0.0
ssvi_temporal,4533,extrapolation,0.19416008268380397,310,6.1490343243221695,0.0,0,0.19416008268380397,310,0.0,0.0
ssvi_temporal,4534,ctx_8,0.13238959373570042,400,5.170738709205906,0.01615665374292691,86,0.11623293999277348,314,0.0,0.0
ssvi_temporal,4534,extrapolation,0.11623293999277348,314,4.278350770913837,0.0,0,0.11623293999277348,314,0.0,0.0
ssvi_temporal,4535,ctx_8,0.23964954781176429,400,7.96496013241482,0.05639926803024154,87,0.1832502797815227,313,0.0,1.0294117647058822
ssvi_temporal,4535,extrapolation,0.1832502797815227,313,6.087839682220272,0.0,0,0.1832502797815227,313,0.0,1.0294117647058822
ssvi_temporal,4536,ctx_8,0.281394050430275,400,8.833412348301048,0.07699500170031892,89,0.204399048729956,311,0.0,0.0
ssvi_temporal,4536,extrapolation,0.204399048729956,311,6.571560651670509,0.0,0,0.204399048729956,311,0.0,0.0
ssvi_temporal,4537,ctx_8,0.9909019690516625,400,16.1170717172637,0.22199718647289285,79,0.7689047825787696,321,0.0,0.0
ssvi_temporal,4537,extrapolation,0.7689047825787696,321,12.709573899353494,0.0,0,0.7689047825787696,321,0.0,0.0
ssvi_temporal,4538,ctx_8,0.769012089711514,400,13.899853665340077,0.156655632425583,91,0.6123564572859309,309,0.0,0.15151515151515152
ssvi_temporal,4538,extrapolation,0.6123564572859309,309,11.008093932796314,0.0,0,0.6123564572859309,309,0.0,0.15151515151515152
ssvi_temporal,4539,ctx_8,1.3969490986731237,400,19.474143792264485,0.25761504107925337,97,1.13933405759387,303,0.0,0.0
ssvi_temporal,4539,extrapolation,1.13933405759387,303,15.388318249593842,0.0,0,1.13933405759387,303,0.0,0.0
ssvi_temporal_graph,4500,ctx_8,0.21704539892378852,400,7.501260748256998,0.05924272795278398,93,0.15780267097100453,307,0.0,0.8571428571428571
ssvi_temporal_graph,4500,extrapolation,0.15780267097100453,307,5.5293638642958385,0.0,0,0.15780267097100453,307,0.0,0.8571428571428571
ssvi_temporal_graph,4501,ctx_8,0.260679454063615,400,8.970271572791496,0.06981170377056702,89,0.19086775029304795,311,0.0,0.0
ssvi_temporal_graph,4501,extrapolation,0.19086775029304795,311,6.644017010880943,0.0,0,0.19086775029304795,311,0.0,0.0
ssvi_temporal_graph,4502,ctx_8,0.26181787893881675,400,8.266624834927399,0.061283385161954425,76,0.20053449377686233,324,0.0,0.0
ssvi_temporal_graph,4502,extrapolation,0.20053449377686233,324,6.426255766574906,0.0,0,0.20053449377686233,324,0.0,0.0
ssvi_temporal_graph,4503,ctx_8,0.38269470361659835,400,9.816981423569942,0.061205063153036386,86,0.321489640463562,314,0.0,0.0
ssvi_temporal_graph,4503,extrapolation,0.321489640463562,314,7.8620842752007984,0.0,0,0.321489640463562,314,0.0,0.0
ssvi_temporal_graph,4504,ctx_8,0.38489696239776205,400,9.791150520563624,0.06634895518695898,102,0.31854800721080306,298,0.0,0.0
ssvi_temporal_graph,4504,extrapolation,0.31854800721080306,298,7.611004573895112,0.0,0,0.31854800721080306,298,0.0,0.0
ssvi_temporal_graph,4505,ctx_8,0.6547062342356733,400,13.705365895742611,0.17117088869331037,91,0.4835353455423629,309,0.0,0.0
ssvi_temporal_graph,4505,extrapolation,0.4835353455423629,309,10.379955540367249,0.0,0,0.4835353455423629,309,0.0,0.0
ssvi_temporal_graph,4506,ctx_8,0.4969559072354235,400,11.622833228988,0.09861753098296251,83,0.39833837625246094,317,0.0,0.14705882352941177
ssvi_temporal_graph,4506,extrapolation,0.39833837625246094,317,9.301998807697665,0.0,0,0.39833837625246094,317,0.0,0.14705882352941177
ssvi_temporal_graph,4507,ctx_8,0.31655164137288666,400,8.456023711287429,0.07089227084922112,89,0.24565937052366552,311,0.0,2.426470588235294
ssvi_temporal_graph,4507,extrapolation,0.24565937052366552,311,6.461949036635247,0.0,0,0.24565937052366552,311,0.0,2.426470588235294
ssvi_temporal_graph,4508,ctx_8,0.4816490013737882,400,12.127853379583135,0.08125285153872518,95,0.400396149835063,305,0.0,0.0
ssvi_temporal_graph,4508,extrapolation,0.400396149835063,305,9.709228359155478,0.0,0,0.400396149835063,305,0.0,0.0
ssvi_temporal_graph,4509,ctx_8,0.34763034831538847,400,9.744837070258209,0.037288653043660414,78,0.31034169527172806,322,0.0,0.0
ssvi_temporal_graph,4509,extrapolation,0.31034169527172806,322,8.232170872167497,0.0,0,0.31034169527172806,322,0.0,0.0
ssvi_temporal_graph,4510,ctx_8,1.634602213685442,400,20.139736408304408,0.28096633385928566,87,1.353635879826156,313,0.0,0.0
ssvi_temporal_graph,4510,extrapolation,1.353635879826156,313,16.45576611780877,0.0,0,1.353635879826156,313,0.0,0.0
ssvi_temporal_graph,4511,ctx_8,1.0371623389848352,400,15.605987661202564,0.1866745206476913,81,0.8504878183371438,319,0.0,0.0
ssvi_temporal_graph,4511,extrapolation,0.8504878183371438,319,12.686451350974806,0.0,0,0.8504878183371438,319,0.0,0.0
ssvi_temporal_graph,4512,ctx_8,0.6610899232493666,400,13.519653151509194,0.10793881517867467,89,0.5531511080706919,311,0.0,0.0
ssvi_temporal_graph,4512,extrapolation,0.5531511080706919,311,10.93539244648711,0.0,0,0.5531511080706919,311,0.0,0.0
ssvi_temporal_graph,4513,ctx_8,0.6895987062623823,400,13.777379535970638,0.13346973594654485,90,0.5561289703158374,310,0.0,0.0
ssvi_temporal_graph,4513,extrapolation,0.5561289703158374,310,10.924073578675532,0.0,0,0.5561289703158374,310,0.0,0.0
ssvi_temporal_graph,4514,ctx_8,0.8382297442842626,400,14.517492713788105,0.10900823176517135,86,0.7292215125190912,314,0.0,0.0
ssvi_temporal_graph,4514,extrapolation,0.7292215125190912,314,11.878666950122216,0.0,0,0.7292215125190912,314,0.0,0.0
ssvi_temporal_graph,4515,ctx_8,0.446505137440135,400,11.103470768269307,0.1512472124796747,101,0.2952579249604602,299,0.0,0.0
ssvi_temporal_graph,4515,extrapolation,0.2952579249604602,299,7.727177372192689,0.0,0,0.2952579249604602,299,0.0,0.0
ssvi_temporal_graph,4516,ctx_8,0.5253840182016738,400,11.526702522576642,0.07629512166802746,77,0.44908889653364625,323,0.0,0.0
ssvi_temporal_graph,4516,extrapolation,0.44908889653364625,323,9.612085578898087,0.0,0,0.44908889653364625,323,0.0,0.0
ssvi_temporal_graph,4517,ctx_8,0.42194299806718905,400,10.154905010889177,0.09663738484331594,96,0.3253056132238731,304,0.0,0.0
ssvi_temporal_graph,4517,extrapolation,0.3253056132238731,304,7.770709288765844,0.0,0,0.3253056132238731,304,0.0,0.0
ssvi_temporal_graph,4518,ctx_8,0.6363580750265072,400,14.176868086357983,0.11148587304364259,78,0.5248722019828647,322,0.0,0.0
ssvi_temporal_graph,4518,extrapolation,0.5248722019828647,322,11.575192264415474,0.0,0,0.5248722019828647,322,0.0,0.0
ssvi_temporal_graph,4519,ctx_8,0.6023576257236789,400,11.454024086606664,0.19793603884081554,94,0.40442158688286334,306,0.0,0.0
ssvi_temporal_graph,4519,extrapolation,0.40442158688286334,306,8.255625209240339,0.0,0,0.40442158688286334,306,0.0,0.0
ssvi_temporal_graph,4520,ctx_8,0.39666485373043137,400,9.887786752201993,0.05778435791621248,81,0.338880495814219,319,0.0,0.0
ssvi_temporal_graph,4520,extrapolation,0.338880495814219,319,8.043460014663108,0.0,0,0.338880495814219,319,0.0,0.0
ssvi_temporal_graph,4521,ctx_8,0.3906579963481773,400,10.450274437689824,0.08146435585612002,81,0.30919364049205733,319,0.0,0.0
ssvi_temporal_graph,4521,extrapolation,0.30919364049205733,319,8.115732110321126,0.0,0,0.30919364049205733,319,0.0,0.0
ssvi_temporal_graph,4522,ctx_8,0.4794349164387595,400,11.496336998490218,0.11021314730117666,76,0.36922176913758287,324,0.0,0.0
ssvi_temporal_graph,4522,extrapolation,0.36922176913758287,324,9.178088871353445,0.0,0,0.36922176913758287,324,0.0,0.0
ssvi_temporal_graph,4523,ctx_8,0.4442603760297159,400,10.931611660614255,0.08418748693334523,88,0.3600728890963707,312,0.0,0.0
ssvi_temporal_graph,4523,extrapolation,0.3600728890963707,312,8.622418265286434,0.0,0,0.3600728890963707,312,0.0,0.0
ssvi_temporal_graph,4524,ctx_8,0.4354989842943769,400,10.19280668740793,0.05029376220686502,79,0.38520522208751184,321,0.0,0.0
ssvi_temporal_graph,4524,extrapolation,0.38520522208751184,321,8.670252970935728,0.0,0,0.38520522208751184,321,0.0,0.0
ssvi_temporal_graph,4525,ctx_8,0.5868037433471123,400,11.814987756885362,0.08477860841239906,94,0.5020251349347132,306,0.0,0.0
ssvi_temporal_graph,4525,extrapolation,0.5020251349347132,306,9.53000394940153,0.0,0,0.5020251349347132,306,0.0,0.0
ssvi_temporal_graph,4526,ctx_8,0.730686853481187,400,13.66711304125944,0.16933068789057573,84,0.5613561655906113,316,0.0,0.0
ssvi_temporal_graph,4526,extrapolation,0.5613561655906113,316,10.954629172170591,0.0,0,0.5613561655906113,316,0.0,0.0
ssvi_temporal_graph,4527,ctx_8,1.033090055799277,400,18.142185932638355,0.2263666766012902,93,0.8067233791979869,307,0.0,0.0
ssvi_temporal_graph,4527,extrapolation,0.8067233791979869,307,13.942355692574008,0.0,0,0.8067233791979869,307,0.0,0.0
ssvi_temporal_graph,4528,ctx_8,0.9509974344751201,400,14.593322538202273,0.1833230946643435,63,0.7676743398107766,337,0.0,0.0
ssvi_temporal_graph,4528,extrapolation,0.7676743398107766,337,12.007555530048897,0.0,0,0.7676743398107766,337,0.0,0.0
ssvi_temporal_graph,4529,ctx_8,0.4468313843997562,400,12.583955184858109,0.1348928740078847,86,0.3119385103918716,314,0.0,0.0
ssvi_temporal_graph,4529,extrapolation,0.3119385103918716,314,9.260556634309399,0.0,0,0.3119385103918716,314,0.0,0.0
ssvi_temporal_graph,4530,ctx_8,0.1608188195307853,400,6.103925929776863,0.029670825246806382,67,0.13114799428397894,333,0.0,0.0
ssvi_temporal_graph,4530,extrapolation,0.13114799428397894,333,5.0363871326432275,0.0,0,0.13114799428397894,333,0.0,0.0
ssvi_temporal_graph,4531,ctx_8,0.25102797541969835,400,7.467697016614556,0.044246685441368824,101,0.2067812899783295,299,0.0,0.0
ssvi_temporal_graph,4531,extrapolation,0.2067812899783295,299,5.915019274483381,0.0,0,0.2067812899783295,299,0.0,0.0
ssvi_temporal_graph,4532,ctx_8,0.2633166816372573,400,7.6943055886868335,0.04781002064894327,81,0.21550666098831403,319,0.0,0.0
ssvi_temporal_graph,4532,extrapolation,0.21550666098831403,319,6.231079230143448,0.0,0,0.21550666098831403,319,0.0,0.0
ssvi_temporal_graph,4533,ctx_8,0.33861695009625503,400,10.474363504447265,0.0885466410160761,90,0.2500703090801789,310,0.0,0.0
ssvi_temporal_graph,4533,extrapolation,0.2500703090801789,310,7.860337262827757,0.0,0,0.2500703090801789,310,0.0,0.0
ssvi_temporal_graph,4534,ctx_8,0.22169545202526467,400,7.529131055810478,0.03389127894041747,86,0.1878041730848472,314,0.0,0.0
ssvi_temporal_graph,4534,extrapolation,0.1878041730848472,314,6.069532641761702,0.0,0,0.1878041730848472,314,0.0,0.0
ssvi_temporal_graph,4535,ctx_8,0.3644752882232195,400,10.510526362516167,0.07479880228768365,87,0.28967648593553585,313,0.0,1.1764705882352942
ssvi_temporal_graph,4535,extrapolation,0.28967648593553585,313,8.124401058162272,0.0,0,0.28967648593553585,313,0.0,1.1764705882352942
ssvi_temporal_graph,4536,ctx_8,0.5050481815377986,400,12.666645618072016,0.11746944991136496,89,0.3875787316264337,311,0.0,0.0
ssvi_temporal_graph,4536,extrapolation,0.3875787316264337,311,9.718104695422902,0.0,0,0.3875787316264337,311,0.0,0.0
ssvi_temporal_graph,4537,ctx_8,1.0208880242043725,400,16.56324115349279,0.2248793926186732,79,0.7960086315856993,321,0.0,0.0
ssvi_temporal_graph,4537,extrapolation,0.7960086315856993,321,12.959906514657686,0.0,0,0.7960086315856993,321,0.0,0.0
ssvi_temporal_graph,4538,ctx_8,0.8765742062173703,400,15.331978561796213,0.18299694014214385,91,0.6935772660752262,309,0.0,0.0
ssvi_temporal_graph,4538,extrapolation,0.6935772660752262,309,11.98747042817466,0.0,0,0.6935772660752262,309,0.0,0.0
ssvi_temporal_graph,4539,ctx_8,1.6399255403607031,400,22.90665795231776,0.35188248868762334,97,1.2880430516730796,303,0.0,0.0
ssvi_temporal_graph,4539,extrapolation,1.2880430516730796,303,17.610572931592138,0.0,0,1.2880430516730796,303,0.0,0.0
kalman,4500,ctx_8,0.008287212824241212,400,1.3841499711320207,0.0016078989164105086,93,0.006679313907830704,307,0.0,0.07142857142857142
kalman,4500,extrapolation,0.006679313907830704,307,1.1019755567212945,0.0,0,0.006679313907830704,307,0.0,0.07142857142857142
kalman,4501,ctx_8,0.010539950743781567,400,1.4373504418025953,0.0022498025395924076,89,0.008290148204189161,311,0.0,0.0
kalman,4501,extrapolation,0.008290148204189161,311,1.113580108889594,0.0,0,0.008290148204189161,311,0.0,0.0
kalman,4502,ctx_8,0.00857407416539379,400,1.4411430278177275,0.0011012011052428136,76,0.007472873060150974,324,0.0,0.0
kalman,4502,extrapolation,0.007472873060150974,324,1.201862855143725,0.0,0,0.007472873060150974,324,0.0,0.0
kalman,4503,ctx_8,0.016641675142896193,400,2.0093071140744287,0.001501414314675554,86,0.01514026082822064,314,0.0,0.0
kalman,4503,extrapolation,0.01514026082822064,314,1.7074363519995193,0.0,0,0.01514026082822064,314,0.0,0.0
kalman,4504,ctx_8,0.008825918853773061,400,1.4217523510117602,0.0012443392703549428,102,0.007581579583418119,298,0.0,0.0
kalman,4504,extrapolation,0.007581579583418119,298,1.1628828592758644,0.0,0,0.007581579583418119,298,0.0,0.0
kalman,4505,ctx_8,0.019966624406385337,400,2.0297822432636896,0.002789557730616963,91,0.017177066675768377,309,0.0,0.0
kalman,4505,extrapolation,0.017177066675768377,309,1.6405073272927497,0.0,0,0.017177066675768377,309,0.0,0.0
kalman,4506,ctx_8,0.010013515223481612,400,1.1977284694649586,0.0005916687693348526,83,0.00942184645414676,317,0.0,0.0
kalman,4506,extrapolation,0.00942184645414676,317,1.0697024151949797,0.0,0,0.00942184645414676,317,0.0,0.0
kalman,4507,ctx_8,0.009336753097179747,400,1.4427134510606296,0.0012300596046079344,89,0.008106693492571811,311,0.0,0.0
kalman,4507,extrapolation,0.008106693492571811,311,1.1966492881043846,0.0,0,0.008106693492571811,311,0.0,0.0
kalman,4508,ctx_8,0.025737538836478557,400,2.074887503290079,0.004678433806835794,95,0.02105910502964277,305,0.0,0.22727272727272727
kalman,4508,extrapolation,0.02105910502964277,305,1.6104401187823814,0.0,0,0.02105910502964277,305,0.0,0.22727272727272727
kalman,4509,ctx_8,0.014106141959485074,400,1.871701328541541,0.0024792468209070733,78,0.011626895138578001,322,0.0,0.0
kalman,4509,extrapolation,0.011626895138578001,322,1.5266239573651395,0.0,0,0.011626895138578001,322,0.0,0.0
kalman,4510,ctx_8,0.06652675935676432,400,3.070797135324409,0.004037831370816361,87,0.06248892798594795,313,0.0,0.0
kalman,4510,extrapolation,0.06248892798594795,313,2.655460094296877,0.0,0,0.06248892798594795,313,0.0,0.0
kalman,4511,ctx_8,0.01606653249688859,400,1.5136472916392227,0.0008254909219863042,81,0.015241041574902286,319,0.5102040816326531,0.0
kalman,4511,extrapolation,0.015241041574902286,319,1.3271851776804344,0.0,0,0.015241041574902286,319,0.5102040816326531,0.0
kalman,4512,ctx_8,0.011309435595714035,400,1.4986533491401492,0.0009263747723071172,89,0.010383060823406919,311,0.0,0.0
kalman,4512,extrapolation,0.010383060823406919,311,1.2906934906041796,0.0,0,0.010383060823406919,311,0.0,0.0
kalman,4513,ctx_8,0.00784781943175394,400,1.2376254066229482,0.0007792299305576286,90,0.007068589501196311,310,0.0,0.0
kalman,4513,extrapolation,0.007068589501196311,310,1.0402432336664398,0.0,0,0.007068589501196311,310,0.0,0.0
kalman,4514,ctx_8,0.022155500426875478,400,2.1504446245660436,0.003038159356284003,86,0.019117341070591477,314,0.0,0.0
kalman,4514,extrapolation,0.019117341070591477,314,1.7540461938989593,0.0,0,0.019117341070591477,314,0.0,0.0
kalman,4515,ctx_8,0.015378371208774602,400,1.6705984113024357,0.0009720829662099184,101,0.014406288242564683,299,0.0,0.0
kalman,4515,extrapolation,0.014406288242564683,299,1.4185138226913052,0.0,0,0.014406288242564683,299,0.0,0.0
kalman,4516,ctx_8,0.014373833480577063,400,1.6499528437138564,0.0008090383153997409,77,0.013564795165177322,323,0.0,0.0
kalman,4516,extrapolation,0.013564795165177322,323,1.4595655489570993,0.0,0,0.013564795165177322,323,0.0,0.0
kalman,4517,ctx_8,0.0050822306933306,400,0.9043656065190592,0.0004098209233067147,96,0.0046724097700238856,304,0.0,0.0
kalman,4517,extrapolation,0.0046724097700238856,304,0.750272728043731,0.0,0,0.0046724097700238856,304,0.0,0.0
kalman,4518,ctx_8,0.010501947433812761,400,1.3048923467492957,0.001197824365935163,78,0.009304123067877599,322,0.0,0.0
kalman,4518,extrapolation,0.009304123067877599,322,1.122614213875901,0.0,0,0.009304123067877599,322,0.0,0.0
kalman,4519,ctx_8,0.023573012654530504,400,2.0776352290005695,0.003284348613800581,94,0.020288664040729924,306,0.0,0.0
kalman,4519,extrapolation,0.020288664040729924,306,1.664295998595054,0.0,0,0.020288664040729924,306,0.0,0.0
kalman,4520,ctx_8,0.016204582721513348,400,1.9265077728980449,0.001587201376232343,81,0.014617381345281006,319,0.0,0.0
kalman,4520,extrapolation,0.014617381345281006,319,1.6284700986672922,0.0,0,0.014617381345281006,319,0.0,0.0
kalman,4521,ctx_8,0.009615250112181962,400,1.320167470523482,0.0006150450766375845,81,0.009000205035544377,319,0.0,0.0
kalman,4521,extrapolation,0.009000205035544377,319,1.1511015553024402,0.0,0,0.009000205035544377,319,0.0,0.0
kalman,4522,ctx_8,0.01804682206822488,400,2.0161735577504727,0.0021475794209659445,76,0.015899242647258935,324,0.0,0.0
kalman,4522,extrapolation,0.015899242647258935,324,1.707837847541438,0.0,0,0.015899242647258935,324,0.0,0.0
kalman,4523,ctx_8,0.011043446836746166,400,1.3022805028534388,0.000465137473543326,88,0.010578309363202839,312,0.0,0.0
kalman,4523,extrapolation,0.010578309363202839,312,1.1458352200068636,0.0,0,0.010578309363202839,312,0.0,0.0
kalman,4524,ctx_8,0.013631515394745651,400,1.592904885742016,0.0006603366789509481,79,0.012971178715794703,321,0.0,0.0
kalman,4524,extrapolation,0.012971178715794703,321,1.4059797357422499,0.0,0,0.012971178715794703,321,0.0,0.0
kalman,4525,ctx_8,0.016078884861270744,400,1.790030119032099,0.002099865775495289,94,0.013979019085775455,306,0.5181347150259067,3.088235294117647
kalman,4525,extrapolation,0.013979019085775455,306,1.4574022113103653,0.0,0,0.013979019085775455,306,0.5181347150259067,3.088235294117647
kalman,4526,ctx_8,0.016741809041933495,400,2.1237655952185985,0.002768094441150892,84,0.013973714600782599,316,0.5194805194805194,0.546875
kalman,4526,extrapolation,0.013973714600782599,316,1.711855602893444,0.0,0,0.013973714600782599,316,0.5194805194805194,0.546875
kalman,4527,ctx_8,0.032029572834493966,400,2.726720442560789,0.005840969609303086,93,0.026188603225190874,307,0.7614213197969543,3.9393939393939394
kalman,4527,extrapolation,0.026188603225190874,307,2.1582095165391397,0.0,0,0.026188603225190874,307,0.7614213197969543,3.9393939393939394
kalman,4528,ctx_8,0.016407114889405217,400,1.9753448150388175,0.0021651279582893595,63,0.014241986931115854,337,0.0,0.0
kalman,4528,extrapolation,0.014241986931115854,337,1.6916833915615228,0.0,0,0.014241986931115854,337,0.0,0.0
kalman,4529,ctx_8,0.013332543133096939,400,1.5848243926619467,0.0025551468152244365,86,0.010777396317872504,314,0.0,0.0
kalman,4529,extrapolation,0.010777396317872504,314,1.223943081250972,0.0,0,0.010777396317872504,314,0.0,0.0
kalman,4530,ctx_8,0.011240586385517289,400,1.4584651150729557,0.002009645992002216,67,0.009230940393515071,333,0.5167958656330749,0.14705882352941177
kalman,4530,extrapolation,0.009230940393515071,333,1.2387021794477517,0.0,0,0.009230940393515071,333,0.5167958656330749,0.14705882352941177
kalman,4531,ctx_8,0.009181394630999682,400,1.5005703911293187,0.001139997746636922,101,0.00804139688436276,299,0.0,0.14285714285714285
kalman,4531,extrapolation,0.00804139688436276,299,1.224283838400948,0.0,0,0.00804139688436276,299,0.0,0.14285714285714285
kalman,4532,ctx_8,0.00698612763916546,400,1.166971499473028,0.0005261474532793989,81,0.0064599801858860615,319,0.0,0.0
kalman,4532,extrapolation,0.0064599801858860615,319,0.9899654718753456,0.0,0,0.0064599801858860615,319,0.0,0.0
kalman,4533,ctx_8,0.016716905974188144,400,1.9301478794284896,0.0017599771886338956,90,0.014956928785554248,310,0.0,0.0
kalman,4533,extrapolation,0.014956928785554248,310,1.6151509209793682,0.0,0,0.014956928785554248,310,0.0,0.0
kalman,4534,ctx_8,0.008605485220507518,400,1.2138082520238478,0.0007132378581928548,86,0.007892247362314662,314,0.0,0.0
kalman,4534,extrapolation,0.007892247362314662,314,1.026338471598197,0.0,0,0.007892247362314662,314,0.0,0.0
kalman,4535,ctx_8,0.01047168569551946,400,1.1875144335818777,0.0012718479934147146,87,0.009199837702104745,313,0.0,0.0
kalman,4535,extrapolation,0.009199837702104745,313,0.9796769234896847,0.0,0,0.009199837702104745,313,0.0,0.0
kalman,4536,ctx_8,0.01864689645030694,400,1.804982687855114,0.0032361038928411393,89,0.015410792557465802,311,0.0,0.0
kalman,4536,extrapolation,0.015410792557465802,311,1.4218464936308637,0.0,0,0.015410792557465802,311,0.0,0.0
kalman,4537,ctx_8,0.10909823589709292,400,4.5476737505463145,0.005840709659318121,79,0.10325752623777477,321,0.0,0.0
kalman,4537,extrapolation,0.10325752623777477,321,4.0188971598088274,0.0,0,0.10325752623777477,321,0.0,0.0
kalman,4538,ctx_8,0.026020191546913183,400,1.9694052492232985,0.0010595253099076973,91,0.024960666237005484,309,0.0,0.0
kalman,4538,extrapolation,0.024960666237005484,309,1.7119141136656064,0.0,0,0.024960666237005484,309,0.0,0.0
kalman,4539,ctx_8,0.025825874221778643,400,2.158798140037195,0.004278294873441288,97,0.021547579348337356,303,0.0,0.0
kalman,4539,extrapolation,0.021547579348337356,303,1.7365888063580797,0.0,0,0.021547579348337356,303,0.0,0.0
